commodity,1866,1867,1868,1869,1870,1871,1872,1873,1874,1875,1876,1877,1878,1879,1880,1881,1882,1883,1884,1885,1886,1887,1888,1889,1890,1891,1892,1893,1894,1895,1896,1897,1898,1899,1900,1901,1902,1903,1904,1905,1906,1907,1908,1909,1910,1911,1912,1913,1914,1915,1916,1917,1918,1919,1920,1921,1922,1923,1924,1925,1926,1927,1928,1929,1930,1931,1932,1933,1934,1935,1936,1937,1938,1939,1940,1941,1942,1943,1944,1945,1946,1947,1948,1949,1950,1951,1952,1953,1954,1955,1956,1957,1958,1959,1960,1961,1962,1963,1964,1965,1966,1967,1968,1969,1970,1971,1972,1973,1974,1975,1976,1977,1978,1979,1980,1981,1982,1983,1984,1985,1986,1987,1988,1989,1990,1991,1992,1993,1994,1995,1996,1997,1998,1999,2000,2001,2002,2003,2004,2005,2006,2007,2008,2009,2010,2011,2012,2013,2014,2015,2016,2017,2018,2019,2020,2021,2022,2023,2024,2025
capital_costs_land_ha_dollar_per_hectare,718.1773099,685.5328867,652.8884635,652.8884635,620.2440403,587.5996172,587.5996172,587.5996172,554.955194,538.6329824,522.3107708,522.3107708,473.3441361,457.0219245,473.3441361,473.3441361,473.3441361,457.0219245,440.6997129,440.6997129,440.6997129,440.6997129,440.6997129,440.6997129,440.6997129,440.6997129,440.6997129,440.6997129,424.3775013,408.0552897,408.0552897,408.0552897,408.0552897,408.0552897,408.0552897,408.0552897,424.3775013,440.6997129,440.6997129,440.6997129,440.6997129,457.0219245,440.6997129,440.6997129,457.0219245,457.0219245,473.3441361,484.7696842,491.2985688,496.1952323,533.7363189,628.4051461,737.7639638,850.3872237,982.5971376,874.8705411,821.0072429,835.6972333,840.5938968,860.1805507,868.3416565,852.0194449,842.2261179,842.2261179,819.3750217,745.9250696,669.2106751,634.9340308,656.1529058,672.4751174,680.6362232,705.1195406,690.4295502,682.2684444,687.1651079,721.4417522,801.420589,848.7550026,863.444993,883.0316469,956.4815991,1095.220398,1178.463677,1167.038129,1180.095898,1273.132504,1302.512485,1312.305812,1317.202475,1313.938033,1333.524687,1377.594658,1415.135745,1429.825735,1451.04461,1465.734601,1483.689033,1501.643466,1521.23012,1545.713437,1591.41563,1635.485601,1705.671111,1798.707717,1904.802092,1986.41315,2051.701997,2177.383026,2418.951757,2639.301614,2791.098182,2972.27473,3199.153471,3559.874347,4041.379589,4459.228206,4733.441361,4885.237928,5095.794458,5275.338785,5376.536497,5572.403036,5800.913998,6080.023817,6408.100269,6680.681203,6883.076627,7085.47205,7269.913041,7473.940686,7692.658321,7873.83487,7994.619236,8170.899121,8446.744497,8685.048786,8822.155363,9022.918566,9264.487297,9579.505981,9887.99578,10170.37004,10560.4709,10522.92981,10695.94525,11033.81503,11260.69377,11425.54811,11611.62132,11626.31131,11771.579,12022.94106,12316.74086,12540.35516,12693.78395,13291.1769,14353.75287,14944.61693,15386.94886,15791.73971
commodity_prices_alfalfa_hay_dollar_per_kilogram,0.014598846,0.013935262,0.013271678,0.013271678,0.012608094,0.01194451,0.01194451,0.01194451,0.011280926,0.010949134,0.010617342,0.010617342,0.009621966,0.009290175,0.009621966,0.009621966,0.009621966,0.009290175,0.008958383,0.008958383,0.008958383,0.008958383,0.008958383,0.008958383,0.008958383,0.008958383,0.008958383,0.008958383,0.008626591,0.008294799,0.008294799,0.008294799,0.008294799,0.008294799,0.008294799,0.008294799,0.008626591,0.008958383,0.008958383,0.008958383,0.008958383,0.009290175,0.008958383,0.008958383,0.009290175,0.009290175,0.009621966,0.009854221,0.009986938,0.010262515,0.014109581,0.022817838,0.022928069,0.025132691,0.017416514,0.011904959,0.014219812,0.014881198,0.015211892,0.014330043,0.01499143,0.013117501,0.015101661,0.015101661,0.013337963,0.01102311,0.007705154,0.009281459,0.015873278,0.009402713,0.013668656,0.011353803,0.008664164,0.012125421,0.011794728,0.014881198,0.017416514,0.023589455,0.024912228,0.024140611,0.027998699,0.02810893,0.02910101,0.02502246,0.025463384,0.02810893,0.028660086,0.02502246,0.025353153,0.024250842,0.024140611,0.020502985,0.020502985,0.023920149,0.023148531,0.023148531,0.023589455,0.025904308,0.026455464,0.026455464,0.027227082,0.026014539,0.025353153,0.026345233,0.027227082,0.029872628,0.030854473,0.032744524,0.03637735,0.039691076,0.041973865,0.044698484,0.048110395,0.053535088,0.060776193,0.06706,0.071183748,0.073466537,0.076632986,0.07933306,0.080854919,0.083800453,0.08723691,0.103396771,0.095460132,0.0822324,0.08620072,0.098436372,0.101522843,0.096121519,0.112215259,0.117947276,0.097113599,0.088405342,0.097995447,0.114640343,0.1102311,0.100089838,0.108687864,0.114640343,0.124561142,0.151016606,0.181881314,0.124561142,0.135584252,0.216052955,0.23258762,0.219359888,0.216052955,0.174165137,0.149914295,0.169755893,0.198415979,0.197313668,0.18849518,0.238099175,0.300930902,0.248019974,0.255360888,0.262078773
commodity_prices_alfalfa_silage_dollar_per_kilogram,0.003569629,0.003407373,0.003245117,0.003245117,0.003082862,0.002920606,0.002920606,0.002920606,0.00275835,0.002677222,0.002596094,0.002596094,0.00235271,0.002271582,0.00235271,0.00235271,0.00235271,0.002271582,0.002190454,0.002190454,0.002190454,0.002190454,0.002190454,0.002190454,0.002190454,0.002190454,0.002190454,0.002190454,0.002109326,0.002028198,0.002028198,0.002028198,0.002028198,0.002028198,0.002028198,0.002028198,0.002109326,0.002190454,0.002190454,0.002190454,0.002190454,0.002271582,0.002190454,0.002190454,0.002271582,0.002271582,0.00235271,0.0024095,0.002441951,0.002466289,0.002652883,0.003123425,0.003666983,0.004226765,0.004883902,0.004348457,0.004080735,0.00415375,0.004178089,0.004275442,0.004316006,0.004234878,0.004186201,0.004186201,0.004072622,0.003707547,0.003326245,0.003155877,0.003261343,0.003342471,0.003383035,0.003504727,0.003431712,0.003391148,0.003415486,0.003585855,0.003983382,0.004218653,0.004291668,0.004389021,0.004754097,0.005443684,0.005857437,0.005800647,0.00586555,0.006327979,0.006474009,0.006522686,0.006547024,0.006530799,0.006628152,0.006847198,0.007033792,0.007106807,0.007212273,0.007285289,0.007374529,0.00746377,0.007561124,0.007682815,0.007909974,0.008129019,0.008477869,0.008940298,0.00946763,0.00987327,0.010197781,0.010822467,0.01202316,0.013118387,0.013872877,0.014773397,0.015901075,0.017694003,0.020087277,0.022164152,0.023527101,0.024281591,0.025328141,0.026220549,0.026723542,0.027697077,0.028832868,0.030220156,0.031850827,0.033205664,0.03421165,0.035217636,0.036134382,0.037148481,0.038235596,0.039136116,0.039736462,0.040612644,0.041983706,0.043168174,0.043849649,0.044847522,0.046048216,0.047613985,0.049147303,0.050550816,0.052489774,0.05230318,0.053163136,0.054842484,0.055970162,0.056789554,0.057714413,0.057787428,0.058509467,0.059758837,0.06121914,0.062330592,0.063093195,0.083567078,0.091088146,0.063371749,0.065247431,0.066963922
commodity_prices_almond_hulls_dollar_per_kilogram,0.014634007,0.013968825,0.013303643,0.013303643,0.012638461,0.011973278,0.011973278,0.011973278,0.011308096,0.010975505,0.010642914,0.010642914,0.009645141,0.00931255,0.009645141,0.009645141,0.009645141,0.00931255,0.008979959,0.008979959,0.008979959,0.008979959,0.008979959,0.008979959,0.008979959,0.008979959,0.008979959,0.008979959,0.008647368,0.008314777,0.008314777,0.008314777,0.008314777,0.008314777,0.008314777,0.008314777,0.008647368,0.008979959,0.008979959,0.008979959,0.008979959,0.00931255,0.008979959,0.008979959,0.00931255,0.00931255,0.009645141,0.009877955,0.010010991,0.010110768,0.010875728,0.012804756,0.015033116,0.017327995,0.020021982,0.017826881,0.016729331,0.017028663,0.01712844,0.017527549,0.017693845,0.017361254,0.017161699,0.017161699,0.016696072,0.015199412,0.013636234,0.012937793,0.013370161,0.013702752,0.013869048,0.014367934,0.014068602,0.013902307,0.014002084,0.014700525,0.016330221,0.017294736,0.017594068,0.017993177,0.019489837,0.022316861,0.024013075,0.023780261,0.024046334,0.025942103,0.026540767,0.026740322,0.026840099,0.026773581,0.02717269,0.028070686,0.028835646,0.029134978,0.029567346,0.029866678,0.030232528,0.030598378,0.030997488,0.031496374,0.032427629,0.033325625,0.034755767,0.036651536,0.038813378,0.040476333,0.041806697,0.044367649,0.049289996,0.053779976,0.056873073,0.060564834,0.065187849,0.072538112,0.082349549,0.09086388,0.09645141,0.099544507,0.103834932,0.107493433,0.109555498,0.113546591,0.118202866,0.123890173,0.130575253,0.136129524,0.140253654,0.144377783,0.148136062,0.15229345,0.156750171,0.160441931,0.162903105,0.166495089,0.172115878,0.176971707,0.179765472,0.183856343,0.18877869,0.195197698,0.201483669,0.207237495,0.215186421,0.214421462,0.217946927,0.224831562,0.229454578,0.232813748,0.236605286,0.236904618,0.239864679,0.244986581,0.25097322,0.255529718,0.258656074,0.270828907,0.292480586,0.137513297,0.109955522,0.112848167
commodity_prices_barley_seed_dollar_per_square_meter,0.000189799,0.000181171,0.000172544,0.000172544,0.000163917,0.00015529,0.00015529,0.00015529,0.000146663,0.000142349,0.000138035,0.000138035,0.000125095,0.000120781,0.000125095,0.000125095,0.000125095,0.000120781,0.000116467,0.000116467,0.000116467,0.000116467,0.000116467,0.000116467,0.000116467,0.000116467,0.000116467,0.000116467,0.000112154,0.00010784,0.00010784,0.00010784,0.00010784,0.00010784,0.00010784,0.00010784,0.000112154,0.000116467,0.000116467,0.000116467,0.000116467,0.000120781,0.000116467,0.000116467,0.000120781,0.000120781,0.000125095,0.000128114,0.000129839,0.000131134,0.000141055,0.000166074,0.000194975,0.000224739,0.000259679,0.000231209,0.000216974,0.000220856,0.000222151,0.000227327,0.000229484,0.00022517,0.000222582,0.000222582,0.000216543,0.000197132,0.000176858,0.000167799,0.000173407,0.00017772,0.000179877,0.000186348,0.000182465,0.000180309,0.000181603,0.000190661,0.000211798,0.000224307,0.00022819,0.000233366,0.000252777,0.000289443,0.000311442,0.000308423,0.000311874,0.000336461,0.000344226,0.000346814,0.000348108,0.000347245,0.000352421,0.000364068,0.000373989,0.000377872,0.000383479,0.000387362,0.000392107,0.000396852,0.000402028,0.000408498,0.000420576,0.000432223,0.000450772,0.000475359,0.000503398,0.000524966,0.00054222,0.000575435,0.000639276,0.00069751,0.000737626,0.000785507,0.000845466,0.000940797,0.001068048,0.001178476,0.001250945,0.001291062,0.001346707,0.001394157,0.001420901,0.001472664,0.001533055,0.001606817,0.001693521,0.001765558,0.001819047,0.001872535,0.001921279,0.001975199,0.002033001,0.002080882,0.002112803,0.00215939,0.00223229,0.002295268,0.002331503,0.00238456,0.00229314,0.00232279,0.00227337,0.00255507,0.0035682,0.00348171,0.00312835,0.00416866,0.005036,0.0054462,0.0054289,0.00575261,0.00570319,0.0057452,0.00570813,0.00500141,0.00498411,0.00517438,0.00574272,0.00596512,0.006141676,0.006303248
commodity_prices_barley_silage_dollar_per_kilogram,0.00296512,0.002830342,0.002695564,0.002695564,0.002560785,0.002426007,0.002426007,0.002426007,0.002291229,0.00222384,0.002156451,0.002156451,0.001954284,0.001886894,0.001954284,0.001954284,0.001954284,0.001886894,0.001819505,0.001819505,0.001819505,0.001819505,0.001819505,0.001819505,0.001819505,0.001819505,0.001819505,0.001819505,0.001752116,0.001684727,0.001684727,0.001684727,0.001684727,0.001684727,0.001684727,0.001684727,0.001752116,0.001819505,0.001819505,0.001819505,0.001819505,0.001886894,0.001819505,0.001819505,0.001886894,0.001886894,0.001954284,0.002001456,0.002028412,0.002048628,0.002203623,0.00259448,0.003045987,0.003510972,0.004056823,0.003612055,0.003389671,0.003450321,0.003470538,0.003551405,0.0035851,0.00351771,0.003477277,0.003477277,0.003382932,0.003079681,0.002762953,0.002621436,0.002709041,0.00277643,0.002810125,0.002911209,0.002850558,0.002816864,0.002837081,0.002978598,0.003308804,0.003504233,0.003564883,0.00364575,0.003949001,0.004521808,0.004865492,0.00481832,0.004872231,0.005256349,0.005377649,0.005418083,0.005438299,0.005424822,0.005505689,0.005687639,0.005842634,0.005903284,0.00599089,0.00605154,0.006125668,0.006199796,0.006280663,0.006381747,0.006570436,0.006752387,0.00704216,0.007426278,0.007864307,0.008201252,0.008470808,0.008989704,0.009987063,0.010896816,0.011523534,0.012271553,0.013208261,0.01469756,0.016685538,0.018410699,0.019542836,0.020169554,0.021038874,0.021780154,0.022197966,0.023006635,0.023950082,0.025102436,0.026456956,0.027582354,0.028417979,0.029253603,0.0300151,0.030857464,0.031760478,0.032508496,0.033007176,0.033734978,0.034873853,0.035857734,0.036423803,0.037252688,0.038250047,0.039550656,0.04082431,0.041990141,0.04360074,0.043445746,0.04416007,0.045555024,0.046491732,0.047172362,0.047940598,0.048001248,0.048601011,0.049638803,0.050851806,0.051775037,0.052408494,0.069415279,0.075662627,0.052639869,0.054197908,0.055623715
commodity_prices_bedding_compost_bedded_pack_dollar_per_head,2.875696918,2.744983421,2.614269925,2.614269925,2.483556429,2.352842933,2.352842933,2.352842933,2.222129436,2.156772688,2.09141594,2.09141594,1.895345696,1.829988948,1.895345696,1.895345696,1.895345696,1.829988948,1.764632199,1.764632199,1.764632199,1.764632199,1.764632199,1.764632199,1.764632199,1.764632199,1.764632199,1.764632199,1.699275451,1.633918703,1.633918703,1.633918703,1.633918703,1.633918703,1.633918703,1.633918703,1.699275451,1.764632199,1.764632199,1.764632199,1.764632199,1.829988948,1.764632199,1.764632199,1.829988948,1.829988948,1.895345696,1.941095419,1.967238119,1.986845143,2.137165664,2.516234803,2.954125015,3.405086577,3.934476237,3.5031217,3.287444431,3.346265504,3.365872529,3.444300626,3.476979,3.411622252,3.372408203,3.372408203,3.280908756,2.986803389,2.679626673,2.542377502,2.627341275,2.692698023,2.725376397,2.823411519,2.764590446,2.731912072,2.751519096,2.888768267,3.209016333,3.398550903,3.457371976,3.535800074,3.82990544,4.385437799,4.718757215,4.673007491,4.72529289,5.097826354,5.215468501,5.254682549,5.274289574,5.261218224,5.339646322,5.516109542,5.666430063,5.725251136,5.810214909,5.869035982,5.940928405,6.012820828,6.091248925,6.189284048,6.372282942,6.548746162,6.829780179,7.202313644,7.627132506,7.953916247,8.21534324,8.7185902,9.685870072,10.56818617,11.17600393,11.90146383,12.80992263,14.25430677,16.18233084,17.85546359,18.95345696,19.56127471,20.40437677,21.12330099,21.52851283,22.31279381,23.22778828,24.34538868,25.65905931,26.75051701,27.56094069,28.37136436,29.10989562,29.92685497,30.80263539,31.5280953,32.01173523,32.71758811,33.82211716,34.77632568,35.32532236,36.12921036,37.09649024,38.35787548,39.59311802,40.72378976,42.28581604,42.13549552,42.82827705,44.18116173,45.08962053,45.74972369,46.49479062,46.55361169,47.13528675,48.14178067,49.31820214,50.21358959,50.82794302,53.22,57.4747243,59.84063859,61.61180646,63.23265381
commodity_prices_bedding_manure_solids_dollar_per_head,2.875696918,2.744983421,2.614269925,2.614269925,2.483556429,2.352842933,2.352842933,2.352842933,2.222129436,2.156772688,2.09141594,2.09141594,1.895345696,1.829988948,1.895345696,1.895345696,1.895345696,1.829988948,1.764632199,1.764632199,1.764632199,1.764632199,1.764632199,1.764632199,1.764632199,1.764632199,1.764632199,1.764632199,1.699275451,1.633918703,1.633918703,1.633918703,1.633918703,1.633918703,1.633918703,1.633918703,1.699275451,1.764632199,1.764632199,1.764632199,1.764632199,1.829988948,1.764632199,1.764632199,1.829988948,1.829988948,1.895345696,1.941095419,1.967238119,1.986845143,2.137165664,2.516234803,2.954125015,3.405086577,3.934476237,3.5031217,3.287444431,3.346265504,3.365872529,3.444300626,3.476979,3.411622252,3.372408203,3.372408203,3.280908756,2.986803389,2.679626673,2.542377502,2.627341275,2.692698023,2.725376397,2.823411519,2.764590446,2.731912072,2.751519096,2.888768267,3.209016333,3.398550903,3.457371976,3.535800074,3.82990544,4.385437799,4.718757215,4.673007491,4.72529289,5.097826354,5.215468501,5.254682549,5.274289574,5.261218224,5.339646322,5.516109542,5.666430063,5.725251136,5.810214909,5.869035982,5.940928405,6.012820828,6.091248925,6.189284048,6.372282942,6.548746162,6.829780179,7.202313644,7.627132506,7.953916247,8.21534324,8.7185902,9.685870072,10.56818617,11.17600393,11.90146383,12.80992263,14.25430677,16.18233084,17.85546359,18.95345696,19.56127471,20.40437677,21.12330099,21.52851283,22.31279381,23.22778828,24.34538868,25.65905931,26.75051701,27.56094069,28.37136436,29.10989562,29.92685497,30.80263539,31.5280953,32.01173523,32.71758811,33.82211716,34.77632568,35.32532236,36.12921036,37.09649024,38.35787548,39.59311802,40.72378976,42.28581604,42.13549552,42.82827705,44.18116173,45.08962053,45.74972369,46.49479062,46.55361169,47.13528675,48.14178067,49.31820214,50.21358959,50.82794302,53.22,57.4747243,59.84063859,61.61180646,63.23265381
commodity_prices_bedding_sand_dollar_per_head,2.875696918,2.744983421,2.614269925,2.614269925,2.483556429,2.352842933,2.352842933,2.352842933,2.222129436,2.156772688,2.09141594,2.09141594,1.895345696,1.829988948,1.895345696,1.895345696,1.895345696,1.829988948,1.764632199,1.764632199,1.764632199,1.764632199,1.764632199,1.764632199,1.764632199,1.764632199,1.764632199,1.764632199,1.699275451,1.633918703,1.633918703,1.633918703,1.633918703,1.633918703,1.633918703,1.633918703,1.699275451,1.764632199,1.764632199,1.764632199,1.764632199,1.829988948,1.764632199,1.764632199,1.829988948,1.829988948,1.895345696,1.941095419,1.967238119,1.986845143,2.137165664,2.516234803,2.954125015,3.405086577,3.934476237,3.5031217,3.287444431,3.346265504,3.365872529,3.444300626,3.476979,3.411622252,3.372408203,3.372408203,3.280908756,2.986803389,2.679626673,2.542377502,2.627341275,2.692698023,2.725376397,2.823411519,2.764590446,2.731912072,2.751519096,2.888768267,3.209016333,3.398550903,3.457371976,3.535800074,3.82990544,4.385437799,4.718757215,4.673007491,4.72529289,5.097826354,5.215468501,5.254682549,5.274289574,5.261218224,5.339646322,5.516109542,5.666430063,5.725251136,5.810214909,5.869035982,5.940928405,6.012820828,6.091248925,6.189284048,6.372282942,6.548746162,6.829780179,7.202313644,7.627132506,7.953916247,8.21534324,8.7185902,9.685870072,10.56818617,11.17600393,11.90146383,12.80992263,14.25430677,16.18233084,17.85546359,18.95345696,19.56127471,20.40437677,21.12330099,21.52851283,22.31279381,23.22778828,24.34538868,25.65905931,26.75051701,27.56094069,28.37136436,29.10989562,29.92685497,30.80263539,31.5280953,32.01173523,32.71758811,33.82211716,34.77632568,35.32532236,36.12921036,37.09649024,38.35787548,39.59311802,40.72378976,42.28581604,42.13549552,42.82827705,44.18116173,45.08962053,45.74972369,46.49479062,46.55361169,47.13528675,48.14178067,49.31820214,50.21358959,50.82794302,53.22,57.4747243,59.84063859,61.61180646,63.23265381
commodity_prices_bedding_sawdust_dollar_per_head,2.875696918,2.744983421,2.614269925,2.614269925,2.483556429,2.352842933,2.352842933,2.352842933,2.222129436,2.156772688,2.09141594,2.09141594,1.895345696,1.829988948,1.895345696,1.895345696,1.895345696,1.829988948,1.764632199,1.764632199,1.764632199,1.764632199,1.764632199,1.764632199,1.764632199,1.764632199,1.764632199,1.764632199,1.699275451,1.633918703,1.633918703,1.633918703,1.633918703,1.633918703,1.633918703,1.633918703,1.699275451,1.764632199,1.764632199,1.764632199,1.764632199,1.829988948,1.764632199,1.764632199,1.829988948,1.829988948,1.895345696,1.941095419,1.967238119,1.986845143,2.137165664,2.516234803,2.954125015,3.405086577,3.934476237,3.5031217,3.287444431,3.346265504,3.365872529,3.444300626,3.476979,3.411622252,3.372408203,3.372408203,3.280908756,2.986803389,2.679626673,2.542377502,2.627341275,2.692698023,2.725376397,2.823411519,2.764590446,2.731912072,2.751519096,2.888768267,3.209016333,3.398550903,3.457371976,3.535800074,3.82990544,4.385437799,4.718757215,4.673007491,4.72529289,5.097826354,5.215468501,5.254682549,5.274289574,5.261218224,5.339646322,5.516109542,5.666430063,5.725251136,5.810214909,5.869035982,5.940928405,6.012820828,6.091248925,6.189284048,6.372282942,6.548746162,6.829780179,7.202313644,7.627132506,7.953916247,8.21534324,8.7185902,9.685870072,10.56818617,11.17600393,11.90146383,12.80992263,14.25430677,16.18233084,17.85546359,18.95345696,19.56127471,20.40437677,21.12330099,21.52851283,22.31279381,23.22778828,24.34538868,25.65905931,26.75051701,27.56094069,28.37136436,29.10989562,29.92685497,30.80263539,31.5280953,32.01173523,32.71758811,33.82211716,34.77632568,35.32532236,36.12921036,37.09649024,38.35787548,39.59311802,40.72378976,42.28581604,42.13549552,42.82827705,44.18116173,45.08962053,45.74972369,46.49479062,46.55361169,47.13528675,48.14178067,49.31820214,50.21358959,50.82794302,53.22,57.4747243,59.84063859,61.61180646,63.23265381
commodity_prices_bedding_straw_dollar_per_head,2.875696918,2.744983421,2.614269925,2.614269925,2.483556429,2.352842933,2.352842933,2.352842933,2.222129436,2.156772688,2.09141594,2.09141594,1.895345696,1.829988948,1.895345696,1.895345696,1.895345696,1.829988948,1.764632199,1.764632199,1.764632199,1.764632199,1.764632199,1.764632199,1.764632199,1.764632199,1.764632199,1.764632199,1.699275451,1.633918703,1.633918703,1.633918703,1.633918703,1.633918703,1.633918703,1.633918703,1.699275451,1.764632199,1.764632199,1.764632199,1.764632199,1.829988948,1.764632199,1.764632199,1.829988948,1.829988948,1.895345696,1.941095419,1.967238119,1.986845143,2.137165664,2.516234803,2.954125015,3.405086577,3.934476237,3.5031217,3.287444431,3.346265504,3.365872529,3.444300626,3.476979,3.411622252,3.372408203,3.372408203,3.280908756,2.986803389,2.679626673,2.542377502,2.627341275,2.692698023,2.725376397,2.823411519,2.764590446,2.731912072,2.751519096,2.888768267,3.209016333,3.398550903,3.457371976,3.535800074,3.82990544,4.385437799,4.718757215,4.673007491,4.72529289,5.097826354,5.215468501,5.254682549,5.274289574,5.261218224,5.339646322,5.516109542,5.666430063,5.725251136,5.810214909,5.869035982,5.940928405,6.012820828,6.091248925,6.189284048,6.372282942,6.548746162,6.829780179,7.202313644,7.627132506,7.953916247,8.21534324,8.7185902,9.685870072,10.56818617,11.17600393,11.90146383,12.80992263,14.25430677,16.18233084,17.85546359,18.95345696,19.56127471,20.40437677,21.12330099,21.52851283,22.31279381,23.22778828,24.34538868,25.65905931,26.75051701,27.56094069,28.37136436,29.10989562,29.92685497,30.80263539,31.5280953,32.01173523,32.71758811,33.82211716,34.77632568,35.32532236,36.12921036,37.09649024,38.35787548,39.59311802,40.72378976,42.28581604,42.13549552,42.82827705,44.18116173,45.08962053,45.74972369,46.49479062,46.55361169,47.13528675,48.14178067,49.31820214,50.21358959,50.82794302,53.22,57.4747243,59.84063859,61.61180646,63.23265381
commodity_prices_calcium_phosphate_di_dollar_per_kilogram,0.36475215,0.348172507,0.331592864,0.331592864,0.315013221,0.298433577,0.298433577,0.298433577,0.281853934,0.273564113,0.265274291,0.265274291,0.240404826,0.232115005,0.240404826,0.240404826,0.240404826,0.232115005,0.223825183,0.223825183,0.223825183,0.223825183,0.223825183,0.223825183,0.223825183,0.223825183,0.223825183,0.223825183,0.215535361,0.20724554,0.20724554,0.20724554,0.20724554,0.20724554,0.20724554,0.20724554,0.215535361,0.223825183,0.223825183,0.223825183,0.223825183,0.232115005,0.223825183,0.223825183,0.232115005,0.232115005,0.240404826,0.246207701,0.24952363,0.252010576,0.271077166,0.319158131,0.374699936,0.431899705,0.49904726,0.444334437,0.416978026,0.424438866,0.426925812,0.436873598,0.441018509,0.432728687,0.427754794,0.427754794,0.416149044,0.378844847,0.339882685,0.32247406,0.333250828,0.34154065,0.34568556,0.358120293,0.350659453,0.346514543,0.349001489,0.366410114,0.40703024,0.431070723,0.438531562,0.448479348,0.485783545,0.556247029,0.598525119,0.592722244,0.599354101,0.646606084,0.661527763,0.666501656,0.668988602,0.667330638,0.677278424,0.699660942,0.718727532,0.726188371,0.73696514,0.744425979,0.753544783,0.762663586,0.772611372,0.785046105,0.808257605,0.830640124,0.866286356,0.913538339,0.96742218,1.008871288,1.042030574,1.1058622,1.22855156,1.340464151,1.417559492,1.509576512,1.624805032,1.808010089,2.052559826,2.264779259,2.404048262,2.481143603,2.588082301,2.679270339,2.730667232,2.830145092,2.946202594,3.087958543,3.254583957,3.393023978,3.495817765,3.598611553,3.692286537,3.795909307,3.906992916,3.999009936,4.060354616,4.149884689,4.289982674,4.411014069,4.480648571,4.582613376,4.705302736,4.865296292,5.021973921,5.165387834,5.36351457,5.344447981,5.432320089,5.603919396,5.719147916,5.802875115,5.897379081,5.90483992,5.978619332,6.106282585,6.255499374,6.369069929,6.446994252,6.750401723,7.290069108,7.59016065,7.814814815,8.02040239
commodity_prices_calf_ heifer_2_dollar_per_kilogram,0.124250122,0.118602389,0.112954657,0.112954657,0.107306924,0.101659191,0.101659191,0.101659191,0.096011458,0.093187592,0.090363725,0.090363725,0.081892126,0.07906826,0.081892126,0.081892126,0.081892126,0.07906826,0.076244393,0.076244393,0.076244393,0.076244393,0.076244393,0.076244393,0.076244393,0.076244393,0.076244393,0.076244393,0.073420527,0.07059666,0.07059666,0.07059666,0.07059666,0.07059666,0.07059666,0.07059666,0.073420527,0.076244393,0.076244393,0.076244393,0.076244393,0.07906826,0.076244393,0.076244393,0.07906826,0.07906826,0.081892126,0.083868832,0.084998379,0.085845539,0.092340432,0.108718857,0.127638762,0.14712344,0.169996758,0.15135924,0.142040481,0.14458196,0.14542912,0.14881776,0.150229693,0.147405827,0.145711507,0.145711507,0.141758094,0.129050695,0.115778523,0.109848403,0.11351943,0.116343296,0.117755229,0.121991029,0.119449549,0.118037616,0.118884776,0.124814895,0.138651841,0.146841053,0.149382533,0.152771173,0.165478572,0.189481436,0.203883155,0.201906449,0.204165542,0.22026158,0.22534454,0.22703886,0.22788602,0.227321246,0.230709886,0.238334325,0.244829218,0.247370698,0.251041724,0.253583204,0.256689457,0.25979571,0.26318435,0.267420149,0.275326975,0.282951415,0.29509404,0.311190079,0.32954521,0.343664542,0.354960008,0.37670378,0.418497002,0.456619199,0.482881157,0.514226074,0.553477817,0.615885265,0.699189324,0.771480304,0.81892126,0.845183217,0.881611094,0.912673625,0.930181597,0.964067993,1.003602123,1.051890239,1.108649954,1.155808523,1.190824466,1.22584041,1.2577501,1.293048431,1.330888241,1.362233158,1.383129769,1.413627526,1.461350869,1.502579318,1.526299796,1.561033353,1.602826576,1.657327198,1.710698273,1.759551162,1.827041569,1.820546677,1.850479661,1.908933695,1.948185439,1.976706489,2.008898566,2.011440046,2.036572457,2.08006,1.1142,0.636856,0.643218,0.513034,0.876338,1.8,7.86384,9.31564
commodity_prices_calf_bull_1_dollar_per_kilogram,0.142023948,0.135568314,0.12911268,0.12911268,0.122657046,0.116201412,0.116201412,0.116201412,0.109745778,0.106517961,0.103290144,0.103290144,0.093606693,0.090378876,0.093606693,0.093606693,0.093606693,0.090378876,0.087151059,0.087151059,0.087151059,0.087151059,0.087151059,0.087151059,0.087151059,0.087151059,0.087151059,0.087151059,0.083923242,0.080695425,0.080695425,0.080695425,0.080695425,0.080695425,0.080695425,0.080695425,0.083923242,0.087151059,0.087151059,0.087151059,0.087151059,0.090378876,0.087151059,0.087151059,0.090378876,0.090378876,0.093606693,0.095866165,0.097157292,0.098125637,0.105549616,0.124270954,0.145897328,0.168169266,0.194314583,0.173010991,0.162359195,0.16526423,0.166232575,0.170105956,0.171719864,0.168492047,0.166555357,0.166555357,0.162036413,0.147511237,0.132340497,0.125562081,0.129758243,0.13298606,0.134599969,0.139441694,0.136536659,0.13492275,0.135891096,0.142669511,0.158485815,0.167846484,0.170751519,0.1746249,0.189150076,0.21658652,0.233048387,0.230788915,0.233371169,0.251769726,0.257579796,0.259516487,0.260484832,0.259839268,0.263712649,0.272427755,0.279851734,0.282756769,0.286952931,0.289857966,0.293408565,0.296959164,0.300832544,0.30567427,0.314712157,0.323427263,0.337306876,0.355705433,0.376686244,0.392825329,0.405736597,0.430590787,0.478362479,0.521938008,0.551956706,0.587785475,0.632652131,0.703986887,0.799207488,0.881839604,0.936066929,0.966085627,1.007724466,1.043230453,1.063242919,1.101976723,1.147166161,1.202361831,1.267240953,1.321145497,1.361170428,1.401195358,1.43766969,1.478017403,1.521270151,1.557098919,1.580984765,1.615845189,1.670395296,1.717521424,1.744635087,1.784337236,1.832108928,1.894405796,1.955411537,2.011252771,2.088397597,2.080973618,2.115188478,2.18200429,2.226870946,2.259471898,2.296269012,2.299174047,2.327901618,2.37761,2.01718,1.74913,2.1327,2.74353,3.41298,6.47891,12.4277,14.3706
commodity_prices_calf_bull_2_dollar_per_kilogram,0.114355797,0.109157806,0.103959815,0.103959815,0.098761825,0.093563834,0.093563834,0.093563834,0.088365843,0.085766848,0.083167852,0.083167852,0.075370866,0.072771871,0.075370866,0.075370866,0.075370866,0.072771871,0.070172875,0.070172875,0.070172875,0.070172875,0.070172875,0.070172875,0.070172875,0.070172875,0.070172875,0.070172875,0.06757388,0.064974885,0.064974885,0.064974885,0.064974885,0.064974885,0.064974885,0.064974885,0.06757388,0.070172875,0.070172875,0.070172875,0.070172875,0.072771871,0.070172875,0.070172875,0.072771871,0.072771871,0.075370866,0.077190163,0.078229761,0.07900946,0.084987149,0.100061322,0.117474591,0.13540766,0.156459522,0.139306153,0.130729468,0.133068564,0.133848262,0.136967057,0.138266554,0.135667559,0.134108162,0.134108162,0.130469568,0.118774089,0.106558811,0.10110092,0.104479614,0.10707861,0.108378108,0.112276601,0.109937505,0.108638007,0.109417706,0.114875596,0.127610673,0.13514776,0.137486856,0.14060565,0.15230113,0.17439259,0.187647467,0.18582817,0.187907366,0.20272164,0.207399832,0.208959229,0.209738928,0.209219128,0.212337923,0.21935521,0.2253329,0.227671996,0.23105069,0.233389786,0.23624868,0.239107575,0.24222637,0.246124863,0.25340205,0.260419337,0.271595018,0.286409291,0.303302761,0.316297738,0.32669372,0.346705984,0.385171116,0.420257554,0.444428211,0.473277059,0.509403095,0.566840893,0.643511257,0.710045539,0.753708661,0.777879318,0.811406359,0.839995308,0.85610908,0.887297024,0.92368296,0.968125781,1.020365588,1.063768811,1.095996354,1.128223896,1.157592544,1.190079986,1.224906525,1.253755373,1.272987939,1.301057089,1.344980111,1.382925444,1.404757005,1.436724648,1.47518978,1.525350391,1.574471404,1.619434024,1.681550014,1.675572324,1.703121675,1.75692088,1.793046916,1.819296769,1.848925316,1.851264412,1.874395471,1.91442,1.61818,1.30113,1.65187,2.34682,2.98971,5.50607,10.9598,12.4517
commodity_prices_calf_heifer_1_dollar_per_kilogram,0.17553527,0.167556394,0.159577518,0.159577518,0.151598642,0.143619766,0.143619766,0.143619766,0.135640891,0.131651453,0.127662015,0.127662015,0.115693701,0.111704263,0.115693701,0.115693701,0.115693701,0.111704263,0.107714825,0.107714825,0.107714825,0.107714825,0.107714825,0.107714825,0.107714825,0.107714825,0.107714825,0.107714825,0.103725387,0.099735949,0.099735949,0.099735949,0.099735949,0.099735949,0.099735949,0.099735949,0.103725387,0.107714825,0.107714825,0.107714825,0.107714825,0.111704263,0.107714825,0.107714825,0.111704263,0.111704263,0.115693701,0.118486307,0.120082083,0.121278914,0.130454621,0.153593361,0.180322596,0.207849718,0.240164165,0.213833875,0.200668729,0.204259223,0.205456055,0.21024338,0.212238099,0.208248661,0.205854999,0.205854999,0.200269786,0.182317315,0.163566956,0.155189137,0.160375406,0.164364844,0.166359563,0.17234372,0.168753226,0.166758507,0.167955338,0.176333158,0.195881404,0.207450774,0.211041268,0.215828594,0.233781064,0.267691287,0.288037421,0.285244814,0.288436364,0.311176161,0.318357149,0.320750812,0.321947643,0.321149756,0.325937081,0.336708564,0.345884271,0.349474765,0.354661034,0.358251529,0.36263991,0.367028292,0.371815618,0.377799775,0.388970201,0.399741683,0.416896267,0.439636063,0.46556741,0.4855146,0.501472351,0.532191024,0.591234705,0.645092118,0.682193891,0.726476652,0.78192984,0.870096419,0.987784838,1.08991445,1.156937008,1.194038781,1.245502531,1.289386348,1.314120863,1.361994119,1.41784625,1.486065639,1.566253342,1.632876956,1.682345987,1.731815018,1.776895667,1.826763641,1.88022211,1.924504871,1.954026712,1.997112642,2.064534143,2.122779938,2.156291216,2.205361303,2.264404985,2.341401138,2.416801515,2.485818792,2.581166359,2.571990652,2.614278694,2.69686006,2.752313247,2.792606571,2.838086163,2.841676658,2.877182655,2.93862,1.58092,0.937086,0.854145,0.80478,1.38506,2.89926,11.0253,12.9687
commodity_prices_calf_starter_18cp_dollar_per_kilogram,0.219954355,0.209956429,0.199958504,0.199958504,0.189960579,0.179962654,0.179962654,0.179962654,0.169964729,0.164965766,0.159966803,0.159966803,0.144969915,0.139970953,0.144969915,0.144969915,0.144969915,0.139970953,0.13497199,0.13497199,0.13497199,0.13497199,0.13497199,0.13497199,0.13497199,0.13497199,0.13497199,0.13497199,0.129973028,0.124974065,0.124974065,0.124974065,0.124974065,0.124974065,0.124974065,0.124974065,0.129973028,0.13497199,0.13497199,0.13497199,0.13497199,0.139970953,0.13497199,0.13497199,0.139970953,0.139970953,0.144969915,0.148469189,0.150468774,0.151968463,0.163466077,0.19246006,0.22595311,0.260445952,0.300937549,0.267944396,0.251447819,0.255946885,0.257446574,0.263445329,0.26594481,0.260945848,0.25794647,0.25794647,0.250947923,0.228452591,0.204957467,0.194459645,0.200958297,0.205957259,0.208456741,0.215955184,0.211456118,0.208956637,0.210456326,0.220954147,0.245449064,0.259946055,0.264445122,0.270443877,0.292939209,0.335430391,0.3609251,0.357425826,0.361424996,0.389919083,0.398917216,0.401916593,0.403416282,0.40241649,0.408415245,0.421912444,0.433410058,0.437909124,0.444407775,0.448906842,0.454405701,0.459904559,0.465903315,0.473401759,0.487398854,0.500896053,0.522391592,0.550885679,0.583378936,0.608373749,0.628369599,0.666861611,0.740846258,0.808332253,0.854822605,0.91031109,0.97979667,1.090273744,1.237743141,1.365716583,1.449699155,1.496189507,1.560676125,1.615664713,1.646658281,1.706645833,1.776631309,1.86211357,1.962592718,2.046075393,2.10806253,2.170049666,2.226537943,2.289024976,2.356011075,2.41149956,2.448491883,2.502480679,2.586963147,2.659948001,2.701939287,2.763426527,2.837411174,2.933891152,3.028371545,3.114853598,3.234328804,3.22283119,3.275820194,3.37929872,3.4487843,3.499273822,3.556261996,3.560761062,3.605251829,3.682235853,3.77221718,3.840702968,3.887693216,4.070655248,4.396087713,4.577050159,4.712522046,4.836496319
commodity_prices_calves_all_dollar_per_kilogram,0.17898615,0.170850416,0.162714682,0.162714682,0.154578948,0.146443214,0.146443214,0.146443214,0.13830748,0.134239613,0.130171746,0.130171746,0.117968145,0.113900278,0.117968145,0.117968145,0.117968145,0.113900278,0.109832411,0.109832411,0.109832411,0.109832411,0.109832411,0.109832411,0.109832411,0.109832411,0.109832411,0.109832411,0.105764543,0.101696676,0.101696676,0.101696676,0.101696676,0.101696676,0.101696676,0.101696676,0.105764543,0.109832411,0.109832411,0.109832411,0.109832411,0.113900278,0.109832411,0.109832411,0.113900278,0.113900278,0.117968145,0.120815652,0.122442798,0.123663159,0.133019253,0.156612882,0.183867591,0.211935874,0.244885597,0.218037674,0.204613713,0.208274793,0.209495153,0.214376594,0.216410527,0.21234266,0.20990194,0.20990194,0.204206926,0.185901524,0.166782549,0.158240028,0.163528256,0.167596123,0.169630056,0.175731857,0.172070776,0.170036843,0.171257203,0.179799724,0.199732272,0.211529087,0.215190167,0.220071608,0.238377009,0.272953879,0.293700001,0.290852495,0.294106788,0.31729363,0.324615791,0.327056511,0.328276871,0.327463298,0.332344738,0.34332798,0.352684074,0.356345154,0.361633381,0.365294462,0.369769115,0.374243769,0.37912521,0.38522701,0.396617038,0.407600279,0.425092107,0.44827895,0.474720085,0.495059421,0.511330889,0.542653465,0.602857898,0.657774103,0.695605267,0.740758591,0.797301943,0.887201805,1.007203883,1.11134128,1.179681446,1.21751261,1.269988095,1.314734633,1.339955408,1.388769813,1.445719952,1.515280478,1.597044606,1.664977986,1.715419538,1.765861089,1.811827987,1.862676325,1.917185744,1.962339068,1.992441284,2.036374248,2.105121202,2.164512061,2.198682144,2.248716909,2.62350306,2.976242967,2.932150479,2.62350306,2.425086862,2.314855641,2.579410572,3.130566677,3.791954003,3.990370201,5.754069737,5.445422318,3.483306584,3.703769026,3.747861514,3.505352828,3.549445316,3.769907759,4.299017619,5.754069737,7.142983121,7.330896542
commodity_prices_carbon_credits_enteric_dollar_per_tonne_CO2e,3.733955659,3.564230402,3.394505145,3.394505145,3.224779888,3.05505463,3.05505463,3.05505463,2.885329373,2.800466744,2.715604116,2.715604116,2.46101623,2.376153601,2.46101623,2.46101623,2.46101623,2.376153601,2.291290973,2.291290973,2.291290973,2.291290973,2.291290973,2.291290973,2.291290973,2.291290973,2.291290973,2.291290973,2.206428344,2.121565715,2.121565715,2.121565715,2.121565715,2.121565715,2.121565715,2.121565715,2.206428344,2.291290973,2.291290973,2.291290973,2.291290973,2.376153601,2.291290973,2.291290973,2.376153601,2.376153601,2.46101623,2.52042007,2.554365121,2.57982391,2.775007956,3.267211202,3.835790814,4.421342951,5.108730243,4.548636894,4.26859022,4.344966585,4.370425374,4.472260528,4.514691843,4.429829214,4.378911637,4.378911637,4.260103957,3.878222128,3.479367773,3.301156253,3.411477671,3.496340299,3.538771613,3.666065556,3.589689191,3.547257876,3.572716665,3.750928185,4.166755065,4.412856688,4.489233054,4.591068208,4.972950037,5.69428238,6.127081786,6.067677946,6.135568049,6.619285032,6.772037764,6.822955341,6.84841413,6.831441604,6.933276758,7.162405856,7.357589901,7.433966267,7.544287684,7.62066405,7.714012942,7.807361833,7.909196987,8.03649093,8.27410629,8.503235388,8.868144691,9.351861674,9.90346876,10.3277819,10.66723242,11.32067466,12.57664156,13.72228705,14.51150949,15.45348467,16.63307521,18.5085393,21.01198685,23.18447014,24.6101623,25.39938475,26.49411266,27.42760157,27.95374987,28.97210141,30.16017821,31.61132916,33.317068,34.73427389,35.78657049,36.83886708,37.79781479,38.85859765,39.99575687,40.93773205,41.5657155,42.48223189,43.91641031,45.15540469,45.86825077,46.9120611,48.168028,49.80587674,51.40978042,52.87790389,54.90612072,54.71093667,55.61048053,57.36713695,58.54672748,59.40384003,60.371274,60.44765037,61.20292776,62.50981224,64.03733956,65.19995757,65.99766628,69.10363849,74.62819561,77.70022276,80,82.10459319
commodity_prices_carbon_credits_soil_dollar_per_tonne_CO2e,0.600909711,0.573595633,0.546281556,0.546281556,0.518967478,0.4916534,0.4916534,0.4916534,0.464339322,0.450682283,0.437025244,0.437025244,0.396054128,0.382397089,0.396054128,0.396054128,0.396054128,0.382397089,0.36874005,0.36874005,0.36874005,0.36874005,0.36874005,0.36874005,0.36874005,0.36874005,0.36874005,0.36874005,0.355083011,0.341425972,0.341425972,0.341425972,0.341425972,0.341425972,0.341425972,0.341425972,0.355083011,0.36874005,0.36874005,0.36874005,0.36874005,0.382397089,0.36874005,0.36874005,0.382397089,0.382397089,0.396054128,0.405614055,0.411076871,0.415173982,0.446585172,0.525795997,0.617298158,0.711531726,0.822153741,0.732017285,0.686949056,0.699240391,0.703337503,0.71972595,0.726554469,0.71289743,0.704703207,0.704703207,0.685583352,0.624126677,0.559938594,0.531258813,0.549012963,0.562670002,0.569498522,0.58998408,0.577692745,0.570864226,0.574961337,0.603641119,0.67056061,0.710166022,0.722457357,0.738845804,0.800302479,0.91638731,0.986038208,0.976478281,0.987403912,1.065249033,1.089831703,1.098025927,1.102123038,1.099391631,1.115780077,1.152654082,1.184065272,1.196356607,1.214110757,1.226402092,1.241424835,1.256447578,1.272836025,1.293321583,1.331561292,1.368435297,1.427160564,1.505005686,1.593776438,1.662061633,1.716689788,1.821848988,2.023973164,2.208343189,2.33535365,2.486946782,2.676779622,2.978600182,3.381482829,3.731103025,3.960541278,4.08755174,4.263727542,4.413954969,4.49862861,4.662513077,4.853711622,5.087246987,5.361753468,5.589826018,5.7591733,5.928520582,6.082845122,6.253558108,6.436562429,6.588155561,6.689217648,6.836713668,7.067517626,7.266910393,7.38162952,7.549611098,7.751735274,8.015316125,8.27343416,8.509700932,8.836104162,8.804692972,8.949457585,9.23215829,9.42199113,9.559927223,9.715617466,9.727908801,9.849456448,10.05977485,10.30560155,10.49270298,10.62107914,11.12092677,12.01,15.91,16.38090542,16.81184469
commodity_prices_corn_grain_dollar_per_kilogram,0.025865123,0.030746821,0.024290382,0.028542183,0.020511004,0.018266997,0.015078147,0.019014999,0.025235227,0.016495414,0.014212039,0.014054565,0.01232235,0.014330144,0.015353726,0.024723436,0.018936262,0.016456045,0.013739617,0.012676666,0.014054565,0.017085941,0.013030983,0.010826345,0.01952679,0.015668674,0.015471832,0.014212039,0.017755206,0.009920869,0.008424865,0.010235817,0.011220031,0.011731822,0.013778985,0.023621117,0.01578678,0.016495414,0.017164679,0.015983623,0.015393095,0.019881107,0.025589544,0.022676273,0.018700051,0.025550175,0.020117318,0.02594386,0.02649502,0.025628912,0.044486438,0.054722255,0.057084367,0.056690681,0.021259006,0.018266997,0.027085548,0.029920082,0.040155899,0.025747018,0.028148498,0.031652297,0.031416086,0.030077556,0.021652691,0.011574347,0.01149561,0.019448053,0.03157356,0.02488091,0.040549585,0.019290579,0.01846384,0.021337743,0.023660486,0.028975237,0.035195465,0.042518011,0.040549585,0.04842329,0.060233849,0.085036022,0.050391717,0.048816976,0.059840164,0.065351758,0.059840164,0.058265423,0.056296996,0.053147514,0.050785402,0.043699067,0.044092752,0.041336955,0.039368529,0.043305382,0.044092752,0.043699067,0.046061179,0.045667493,0.048816976,0.040549585,0.042518011,0.045667493,0.052360143,0.042518011,0.06180859,0.100389748,0.118892957,0.099996063,0.084642337,0.079524428,0.08857919,0.099208693,0.122436125,0.098421322,0.100389748,0.126372977,0.103539231,0.087791819,0.059052793,0.076374946,0.099996063,0.092909728,0.089760246,0.093303413,0.081492855,0.098421322,0.088972875,0.127554033,0.106688713,0.095665525,0.076374946,0.071650722,0.072831778,0.077556002,0.091334987,0.09527184,0.081099169,0.078737058,0.119680328,0.165347821,0.159836227,0.139758277,0.203928979,0.244872249,0.271249163,0.175583638,0.145663557,0.142120389,0.132278257,0.132278257,0.142120389,0.140151963,0.178339435,0.236211173,0.257470178,0.179126806,0.184428615,0.189280455
commodity_prices_corn_seed_dollar_per_square_meter,0.0006148,0.000586855,0.000558909,0.000558909,0.000530964,0.000503018,0.000503018,0.000503018,0.000475073,0.0004611,0.000447128,0.000447128,0.000405209,0.000391237,0.000405209,0.000405209,0.000405209,0.000391237,0.000377264,0.000377264,0.000377264,0.000377264,0.000377264,0.000377264,0.000377264,0.000377264,0.000377264,0.000377264,0.000363291,0.000349318,0.000349318,0.000349318,0.000349318,0.000349318,0.000349318,0.000349318,0.000363291,0.000377264,0.000377264,0.000377264,0.000377264,0.000391237,0.000377264,0.000377264,0.000391237,0.000391237,0.000405209,0.00041499,0.000420579,0.000424771,0.000456908,0.00053795,0.000631568,0.000727979,0.000841159,0.000748939,0.000702829,0.000715404,0.000719596,0.000736363,0.00074335,0.000729377,0.000720993,0.000720993,0.000701431,0.000638554,0.000572882,0.000543539,0.000561704,0.000575677,0.000582663,0.000603622,0.000591047,0.00058406,0.000588252,0.000617595,0.000686061,0.000726582,0.000739158,0.000755925,0.000818802,0.000937571,0.001008831,0.000999051,0.001010229,0.001089873,0.001115024,0.001123408,0.0011276,0.001124805,0.001141572,0.001179299,0.001211436,0.001224012,0.001242176,0.001254752,0.001270122,0.001285492,0.001302259,0.001323218,0.001362342,0.001400068,0.001460151,0.001539795,0.001630618,0.001700482,0.001756373,0.001863963,0.002070759,0.002259391,0.002389338,0.002544435,0.002738656,0.003047454,0.003459649,0.003817351,0.004052093,0.00418204,0.004362288,0.004515988,0.004602619,0.004770292,0.00496591,0.005204844,0.005485696,0.00571904,0.005892302,0.006065564,0.006223456,0.006398115,0.00658535,0.00709439,0.0074181,0.00748482,0.0074181,0.00799138,0.00786783,0.00860667,0.00909841,0.0100003,0.0107614,0.012118,0.0148313,0.0195015,0.0201588,0.0208483,0.0227436,0.024115,0.0249675,0.0251108,0.0243053,0.0239865,0.0231315,0.0224816,0.0226324,0.0241768,0.0272013,0.0285827,0.029428693,0.030202886
commodity_prices_corn_silage_dollar_per_kilogram,0.007966402,0.009469954,0.007481385,0.00879093,0.006317344,0.005626195,0.004644036,0.005856578,0.007772395,0.005080551,0.004377277,0.004328775,0.003795257,0.004413653,0.004728914,0.007614764,0.005832327,0.005068426,0.004231772,0.003904386,0.004328775,0.005262433,0.004013514,0.003334491,0.006014209,0.004825918,0.00476529,0.004377277,0.005468565,0.003055606,0.00259484,0.003152609,0.003455745,0.003613375,0.004243897,0.007275253,0.004862294,0.005080551,0.005286684,0.004922921,0.00474104,0.006123338,0.007881524,0.006984242,0.005759575,0.007869398,0.00619609,0.007990652,0.008160408,0.007893649,0.013701726,0.016854335,0.01758186,0.017460606,0.006547727,0.005626195,0.00834229,0.00921532,0.012367929,0.007930025,0.008669676,0.009748838,0.009676086,0.009263822,0.006668982,0.003564874,0.003540623,0.005989958,0.009724588,0.007663266,0.012489184,0.005941456,0.005686822,0.006571978,0.007287378,0.00892431,0.010840126,0.013095455,0.012489184,0.014914268,0.018551894,0.026190909,0.015520539,0.015035522,0.01843064,0.020128199,0.01843064,0.017945623,0.017339352,0.016369318,0.015641793,0.013459217,0.013580471,0.012731692,0.012125421,0.013337963,0.013580471,0.013459217,0.014186743,0.014065488,0.015035522,0.012489184,0.013095455,0.014065488,0.01612681,0.013095455,0.019036911,0.030919823,0.036618771,0.030798569,0.026069655,0.02449335,0.027282197,0.030556061,0.037710059,0.030313552,0.030919823,0.038922601,0.031889857,0.027039689,0.018188131,0.023523317,0.030798569,0.028615993,0.02764596,0.028737248,0.025099621,0.030313552,0.027403451,0.039286364,0.032859891,0.029464773,0.023523317,0.022068266,0.022432029,0.023887079,0.028130977,0.029343519,0.024978367,0.024250842,0.03686128,0.050926768,0.049229209,0.043045244,0.06280968,0.075420118,0.08354415,0.054079377,0.044864057,0.04377277,0.040741414,0.040741414,0.04377277,0.043166499,0.054928157,0.072752526,0.079300253,0.055170665,0.056803611,0.058297967
commodity_prices_cotton_seed_dollar_per_square_meter,0.000397355,0.000379294,0.000361232,0.000361232,0.000343171,0.000325109,0.000325109,0.000325109,0.000307047,0.000298017,0.000288986,0.000288986,0.000261893,0.000252863,0.000261893,0.000261893,0.000261893,0.000252863,0.000243832,0.000243832,0.000243832,0.000243832,0.000243832,0.000243832,0.000243832,0.000243832,0.000243832,0.000243832,0.000234801,0.00022577,0.00022577,0.00022577,0.00022577,0.00022577,0.00022577,0.00022577,0.000234801,0.000243832,0.000243832,0.000243832,0.000243832,0.000252863,0.000243832,0.000243832,0.000252863,0.000252863,0.000261893,0.000268215,0.000271827,0.000274536,0.000295307,0.000347686,0.000408192,0.000470505,0.000543654,0.000484051,0.000454249,0.000462377,0.000465086,0.000475923,0.000480439,0.000471408,0.00046599,0.00046599,0.000453346,0.000412708,0.000370263,0.000351298,0.000363038,0.000372069,0.000376585,0.000390131,0.000382003,0.000377488,0.000380197,0.000399162,0.000443412,0.000469602,0.00047773,0.000488567,0.000529205,0.000605967,0.000652024,0.000645703,0.000652927,0.000704403,0.000720658,0.000726077,0.000728786,0.00072698,0.000737817,0.0007622,0.000782971,0.000791098,0.000802839,0.000810966,0.0008209,0.000830834,0.000841671,0.000855217,0.000880503,0.000904887,0.000943719,0.000995195,0.001053895,0.001099049,0.001135172,0.001204709,0.001338365,0.001460281,0.001544268,0.001644509,0.001770038,0.001969618,0.002236027,0.002467216,0.002618933,0.00270292,0.002819417,0.002918756,0.002974747,0.003083117,0.003209548,0.003363975,0.003545494,0.003696308,0.00380829,0.003920272,0.00402232,0.004135205,0.004256218,0.00435646,0.00441577,0.00453438,0.00743787,0.00934552,0.0118586,0.00918984,0.0113446,0.0131929,0.0152439,0.0149103,0.0160075,0.0180807,0.0200106,0.0238728,0.0243646,0.0248934,0.0249131,0.0174036,0.017075,0.0168896,0.0165709,0.0208211,0.0203639,0.0211596,0.0236702,0.0253901,0.026141598,0.026829316
commodity_prices_cotton_seed_hulls_dollar_per_kilogram,0.011364257,0.0108477,0.010331143,0.010331143,0.009814586,0.009298029,0.009298029,0.009298029,0.008781472,0.008523193,0.008264914,0.008264914,0.007490079,0.0072318,0.007490079,0.007490079,0.007490079,0.0072318,0.006973522,0.006973522,0.006973522,0.006973522,0.006973522,0.006973522,0.006973522,0.006973522,0.006973522,0.006973522,0.006715243,0.006456964,0.006456964,0.006456964,0.006456964,0.006456964,0.006456964,0.006456964,0.006715243,0.006973522,0.006973522,0.006973522,0.006973522,0.0072318,0.006973522,0.006973522,0.0072318,0.0072318,0.007490079,0.007670874,0.007774185,0.007851669,0.008445709,0.009943725,0.011674192,0.013456314,0.01554837,0.013843732,0.012991412,0.013223863,0.013301347,0.013611281,0.01374042,0.013482142,0.013327175,0.013327175,0.012965585,0.011803331,0.010589422,0.010047037,0.010382799,0.010641077,0.010770217,0.011157635,0.010925184,0.010796045,0.010873528,0.011415913,0.012681478,0.013430486,0.013662937,0.013972871,0.015135125,0.017330493,0.018647713,0.018466918,0.018673541,0.020145729,0.02061063,0.020765598,0.020843081,0.020791425,0.02110136,0.021798712,0.022392753,0.022625203,0.022960966,0.023193416,0.023477523,0.023761629,0.024071563,0.024458981,0.025182161,0.025879513,0.026990111,0.028462299,0.03014111,0.031432503,0.032465617,0.034454362,0.038276885,0.041763646,0.044165637,0.047032529,0.050622601,0.056330558,0.063949776,0.070561707,0.074900787,0.077302778,0.080634572,0.083475636,0.085076963,0.088176306,0.091792206,0.09620877,0.101400169,0.105713422,0.108916076,0.11211873,0.115037278,0.118265761,0.121726693,0.124593586,0.126504847,0.129294256,0.133659164,0.137430031,0.139599571,0.142776398,0.14659892,0.151583697,0.156465162,0.160933381,0.167106239,0.166512199,0.169249952,0.174596318,0.17818639,0.180795004,0.18373938,0.183971831,0.18627051,0.190248,0.231492,0.23569481,0.23857849,0.418878,0.409663,0.431279,0.449836,0.440924
commodity_prices_cotton_seed_meal_dollar_per_kilogram,0.016151214,0.015417068,0.014682922,0.014682922,0.013948775,0.013214629,0.013214629,0.013214629,0.012480483,0.01211341,0.011746337,0.011746337,0.010645118,0.010278045,0.010645118,0.010645118,0.010645118,0.010278045,0.009910972,0.009910972,0.009910972,0.009910972,0.009910972,0.009910972,0.009910972,0.009910972,0.009910972,0.009910972,0.009543899,0.009176826,0.009176826,0.009176826,0.009176826,0.009176826,0.009176826,0.009176826,0.009543899,0.009910972,0.009910972,0.009910972,0.009910972,0.010278045,0.009910972,0.009910972,0.010278045,0.010278045,0.010645118,0.010902069,0.011048898,0.01115902,0.012003288,0.014132312,0.016591701,0.019124505,0.022097797,0.019675115,0.018463774,0.01879414,0.018904261,0.019344749,0.019528286,0.019161213,0.018940969,0.018940969,0.018427067,0.016775238,0.015049995,0.014279141,0.014756336,0.015123409,0.015306946,0.015857555,0.01552719,0.015343653,0.015453775,0.016224628,0.018023286,0.019087798,0.019418164,0.019858651,0.02151048,0.024630601,0.026502673,0.026245722,0.026539381,0.028631697,0.029292428,0.029512672,0.029622794,0.02954938,0.029989867,0.030980964,0.031825232,0.032155598,0.032632793,0.032963159,0.033366939,0.03377072,0.034211207,0.034761817,0.035789621,0.036780718,0.038359133,0.040451449,0.042837424,0.044672789,0.046141081,0.048967543,0.054400224,0.05935571,0.06276949,0.066844,0.071946316,0.08005863,0.090887284,0.100284354,0.106451181,0.10986496,0.114600203,0.118638006,0.120913859,0.125318735,0.130457758,0.136734707,0.144112875,0.150242995,0.1547947,0.159346406,0.163494331,0.168082744,0.173001523,0.177076034,0.179792374,0.183756763,0.189960297,0.195319564,0.198402977,0.202917976,0.208350657,0.215435166,0.222372847,0.22872321,0.237496256,0.236651988,0.240542962,0.248141374,0.253243689,0.256951127,0.261135759,0.261466125,0.264733075,0.270386,0.319347,0.283386,0.337925,0.422776,0.454729,0.447417,0.384192,0.324267
commodity_prices_cotton_seed_whole_dollar_per_kilogram,0.016823041,0.016058357,0.015293674,0.015293674,0.01452899,0.013764306,0.013764306,0.013764306,0.012999623,0.012617281,0.012234939,0.012234939,0.011087913,0.010705572,0.011087913,0.011087913,0.011087913,0.010705572,0.01032323,0.01032323,0.01032323,0.01032323,0.01032323,0.01032323,0.01032323,0.01032323,0.01032323,0.01032323,0.009940888,0.009558546,0.009558546,0.009558546,0.009558546,0.009558546,0.009558546,0.009558546,0.009940888,0.01032323,0.01032323,0.01032323,0.01032323,0.010705572,0.01032323,0.01032323,0.010705572,0.010705572,0.011087913,0.011355553,0.011508489,0.011623192,0.012502578,0.014720161,0.017281851,0.01992001,0.023016979,0.020493523,0.019231795,0.019575902,0.019690605,0.020149415,0.020340586,0.019958244,0.019728839,0.019728839,0.01919356,0.017473022,0.015676015,0.014873098,0.015370142,0.015752484,0.015943655,0.016517168,0.01617306,0.015981889,0.016096592,0.016899509,0.018772984,0.019881776,0.020225883,0.020684694,0.022405232,0.025655138,0.027605081,0.027337442,0.027643315,0.029822664,0.030510879,0.030740284,0.030854987,0.030778518,0.031237328,0.032269651,0.033149038,0.033493145,0.03399019,0.034334297,0.034754873,0.035175449,0.03563426,0.036207772,0.037278329,0.038310652,0.039954722,0.042134071,0.044619293,0.046531002,0.048060369,0.051004402,0.056663061,0.061824676,0.065380455,0.069624449,0.074939001,0.083388755,0.09466784,0.104455791,0.110879134,0.114434913,0.119367123,0.123572883,0.125943402,0.130531504,0.13588429,0.142422336,0.150107407,0.156492515,0.161233554,0.165974593,0.170295056,0.175074329,0.18019771,0.184441704,0.187271034,0.191400326,0.197861903,0.203444094,0.206655765,0.21135857,0.217017229,0.224396426,0.231622687,0.238237201,0.247375171,0.246495785,0.250548608,0.258463084,0.263777636,0.267639289,0.271997986,0.272342093,0.275744936,0.281633,0.299474,0.346428,0.343124,0.366089,0.548459,0.423343,0.435692,0.40974
commodity_prices_cow_dairy_bred_t3_dollar_per_animal,73.11550367,69.79207168,66.4686397,66.4686397,63.14520771,59.82177573,59.82177573,59.82177573,56.49834374,54.83662775,53.17491176,53.17491176,48.18976378,46.52804779,48.18976378,48.18976378,48.18976378,46.52804779,44.86633179,44.86633179,44.86633179,44.86633179,44.86633179,44.86633179,44.86633179,44.86633179,44.86633179,44.86633179,43.2046158,41.54289981,41.54289981,41.54289981,41.54289981,41.54289981,41.54289981,41.54289981,43.2046158,44.86633179,44.86633179,44.86633179,44.86633179,46.52804779,44.86633179,44.86633179,46.52804779,46.52804779,48.18976378,49.35296497,50.01765137,50.51616617,54.33811295,63.97606571,75.10956286,86.5754032,100.0353027,89.06797719,83.58431442,85.07985881,85.57837361,87.5724328,88.4032908,86.7415748,85.74454521,85.74454521,83.41814282,75.94042085,68.13035569,64.6407521,66.80098289,68.46269889,69.29355688,71.78613087,70.29058648,69.45972848,69.95824328,73.44784686,81.59025523,86.4092316,87.904776,89.89883519,97.37655715,111.5011431,119.9758947,118.8126935,120.1420663,129.6138474,132.6049362,133.6019658,134.1004806,133.7681374,135.7621966,140.2488298,144.0707765,145.5663209,147.7265517,149.2220961,151.0499837,152.8778713,154.8719305,157.3645045,162.0173093,166.5039424,173.6493212,183.1211024,193.9222563,202.2308363,208.8777002,221.6729134,246.2663101,268.699476,284.1534347,302.5984822,325.6963345,362.4202579,411.4408797,453.9808091,481.8976378,497.3515965,518.7877328,537.0666087,547.3692479,567.3098398,590.5738637,618.9892072,652.3896986,680.1403557,700.745634,721.3509123,740.128303,760.8997529,783.1667472,801.6117947,813.9084931,831.8550258,859.9380261,884.1990796,898.1574939,918.5966006,943.1899973,975.2611159,1006.667548,1035.415235,1075.130247,1071.3083,1088.92249,1123.320011,1146.417863,1163.201195,1182.144757,1183.640301,1198.429574,1224.02,1013.55,986.045,1026.73,1030.74,1302.51,1498.13,2189.16,2246.75114
commodity_prices_cow_dairy_fresh_dollar_per_animal,79.44311702,75.83206625,72.22101548,72.22101548,68.6099647,64.99891393,64.99891393,64.99891393,61.38786316,59.58233777,57.77681238,57.77681238,52.36023622,50.55471083,52.36023622,52.36023622,52.36023622,50.55471083,48.74918545,48.74918545,48.74918545,48.74918545,48.74918545,48.74918545,48.74918545,48.74918545,48.74918545,48.74918545,46.94366006,45.13813467,45.13813467,45.13813467,45.13813467,45.13813467,45.13813467,45.13813467,46.94366006,48.74918545,48.74918545,48.74918545,48.74918545,50.55471083,48.74918545,48.74918545,50.55471083,50.55471083,52.36023622,53.62410399,54.34631415,54.88797176,59.04068015,69.5127274,81.60974749,94.06787266,108.6926283,96.77616074,90.81792696,92.44289981,92.98455743,95.15118789,96.05395058,94.2484252,93.16510996,93.16510996,90.63737442,82.51251018,74.02654086,70.23493755,72.58212055,74.38764594,75.29040863,77.99869671,76.37372387,75.47096117,76.01261879,79.8042221,88.6512965,93.88732012,95.51229297,97.67892343,105.8037877,121.1507535,130.3589329,129.0950652,130.5394855,140.8309802,144.0809259,145.1642411,145.7058987,145.3447936,147.5114241,152.3863427,156.539051,158.1640239,160.5112069,162.1361797,164.1222577,166.1083356,168.2749661,170.9832541,176.0387252,180.9136438,188.6774029,198.9688976,210.7048127,219.7324396,226.9545411,240.8570866,267.5788623,291.9534551,308.7448412,328.786173,353.8829758,393.7850869,447.0480858,493.2695357,523.6023622,540.3937483,563.6850258,583.5458051,594.7400624,616.4063671,641.6837225,672.5582066,708.8492669,739.0015409,761.3900557,783.7785705,804.1810073,826.7500747,850.9441149,870.9854466,884.3463345,903.8460087,934.3593877,960.7200584,975.8864716,998.0944339,1024.81621,1059.66285,1093.787279,1125.022869,1168.174925,1164.022217,1183.160786,1220.535162,1245.631964,1263.867771,1284.45076,1286.075733,1302.144909,1329.95,1093.28,1061.69,1099.57,1096.22,1451.72,1641.07,2191.82,2249.481118
commodity_prices_cow_dairy_heifer_bred_t3_dollar_per_animal,74.88840619,71.48438773,68.08036926,68.08036926,64.6763508,61.27233234,61.27233234,61.27233234,57.86831387,56.16630464,54.46429541,54.46429541,49.35826772,47.65625848,49.35826772,49.35826772,49.35826772,47.65625848,45.95424925,45.95424925,45.95424925,45.95424925,45.95424925,45.95424925,45.95424925,45.95424925,45.95424925,45.95424925,44.25224002,42.55023079,42.55023079,42.55023079,42.55023079,42.55023079,42.55023079,42.55023079,44.25224002,45.95424925,45.95424925,45.95424925,45.95424925,47.65625848,45.95424925,45.95424925,47.65625848,47.65625848,49.35826772,50.54967418,51.23047787,51.74108064,55.65570187,65.52735542,76.93081727,88.67468097,102.4609557,91.22769481,85.61106435,87.14287266,87.65347543,89.69588651,90.54689112,88.84488189,87.82367635,87.82367635,85.44086343,77.78182188,69.7823785,66.20815911,68.42077111,70.12278034,70.97378496,73.52679881,71.9949905,71.14398588,71.65458865,75.22880804,83.56865327,88.50448004,90.03628835,92.07869943,99.73774097,114.2048194,122.8850665,121.6936601,123.0552674,132.7567201,135.8203367,136.8415422,137.352145,137.0117431,139.0541542,143.6495791,147.5642004,149.0960087,151.3086207,152.840429,154.7126392,156.5848493,158.6272604,161.1802742,165.9459001,170.541325,177.8599647,187.5614173,198.6244773,207.1345235,213.9425604,227.0480315,252.2377681,275.2148928,291.0435786,309.9358811,333.5938094,371.2082134,421.4174857,464.9889221,493.5826772,509.411363,531.3672821,550.0893837,560.6418409,581.0659517,604.8940809,633.9984388,668.2088243,696.6323785,717.737293,738.8422074,758.0749118,779.3500272,802.1569509,821.0492533,833.6441216,852.0258213,880.7897774,905.6391121,919.9359897,940.8707032,966.0604399,998.909218,1031.077193,1060.521952,1101.199973,1097.285352,1115.326649,1150.558241,1174.216169,1191.406462,1210.809367,1212.341176,1227.489058,1253.7,951.459,953.015,984.977,991.693,1265.96,1452.13,1936.87,1987.824043
commodity_prices_cow_dairy_heifer_open_dollar_per_animal,42.52415422,40.59123812,38.65832202,38.65832202,36.72540592,34.79248982,34.79248982,34.79248982,32.85957372,31.89311567,30.92665762,30.92665762,28.02728346,27.06082541,28.02728346,28.02728346,28.02728346,27.06082541,26.09436736,26.09436736,26.09436736,26.09436736,26.09436736,26.09436736,26.09436736,26.09436736,26.09436736,26.09436736,25.12790931,24.16145126,24.16145126,24.16145126,24.16145126,24.16145126,24.16145126,24.16145126,25.12790931,26.09436736,26.09436736,26.09436736,26.09436736,27.06082541,26.09436736,26.09436736,27.06082541,27.06082541,28.02728346,28.7038041,29.09038732,29.38032474,31.60317825,37.20863494,43.68390388,50.35246443,58.18077464,51.80215151,48.61283994,49.48265219,49.7725896,50.93233926,51.41556829,50.44911024,49.86923541,49.86923541,48.51619414,44.16713291,39.62478007,37.59521816,38.85161363,39.81807168,40.30130071,41.75098778,40.88117554,40.39794651,40.68788393,42.71744583,47.45309028,50.25581863,51.12563087,52.28538053,56.63444176,64.84933519,69.77827125,69.10175061,69.87491705,75.38372794,77.12335243,77.70322726,77.99316468,77.79987307,78.95962273,81.56905946,83.79191298,84.66172522,85.91812069,86.78793294,87.85103679,88.91414065,90.07389031,91.52357738,94.22965992,96.83909666,100.9948663,106.5036772,112.7856545,117.6179447,121.4837769,128.9255039,143.2290831,156.2762668,165.2643266,175.992011,189.4257779,210.7845008,239.2950133,264.0363394,280.2728346,289.2608945,301.7282034,312.3592419,318.3512818,329.9487784,343.4791911,360.0056238,379.4314306,395.5712801,407.5553599,419.5394397,430.4604157,442.5411413,455.4916792,466.2193636,473.3711531,483.8089001,500.1420411,514.2523287,522.3705763,534.2580103,548.5615895,567.2142298,585.480287,602.2000113,625.2983587,623.0755052,633.3199605,653.3256421,666.759409,676.5206354,687.5382571,688.4080694,697.009546,711.893,591.297,517.573,469.054,503.217,1050,1108.75,1076.14,1104.450461
commodity_prices_cows_all_dollar_per_kilogram,0.075279469,0.071857675,0.068435881,0.068435881,0.065014087,0.061592293,0.061592293,0.061592293,0.058170499,0.056459602,0.054748705,0.054748705,0.049616014,0.047905117,0.049616014,0.049616014,0.049616014,0.047905117,0.04619422,0.04619422,0.04619422,0.04619422,0.04619422,0.04619422,0.04619422,0.04619422,0.04619422,0.04619422,0.044483323,0.042772426,0.042772426,0.042772426,0.042772426,0.042772426,0.042772426,0.042772426,0.044483323,0.04619422,0.04619422,0.04619422,0.04619422,0.047905117,0.04619422,0.04619422,0.047905117,0.047905117,0.049616014,0.050813642,0.051498,0.05201127,0.055946333,0.065869536,0.077332546,0.089137735,0.102996001,0.091704081,0.08605812,0.087597928,0.088111197,0.090164273,0.091019722,0.089308825,0.088282287,0.088282287,0.085887031,0.078187994,0.070146778,0.066553894,0.06877806,0.070488957,0.071344406,0.073910752,0.072370944,0.071515496,0.072028765,0.075621649,0.084005044,0.088966645,0.090506453,0.092559529,0.100258566,0.11480119,0.123526765,0.122329137,0.123697855,0.133449968,0.136529583,0.137556121,0.13806939,0.137727211,0.139780287,0.144399709,0.148334772,0.14987458,0.152098746,0.153638553,0.15552054,0.157402526,0.159455603,0.162021948,0.16681246,0.171431882,0.178788739,0.188540852,0.199661683,0.208216168,0.215059756,0.228233663,0.253554939,0.276652049,0.292563392,0.311554349,0.335335817,0.373146641,0.423618104,0.467417068,0.496160138,0.51207148,0.534142052,0.552961919,0.563569481,0.584100245,0.608052803,0.637309142,0.671698173,0.700270153,0.721485276,0.742700399,0.762033536,0.783419748,0.806345769,0.825336726,0.837997364,0.856475051,0.885389211,0.910368308,0.924739843,0.945783876,1.108926083,1.139790825,1.02735498,1.056015097,1.115539957,0.98767174,1.208134182,1.569692587,1.801178151,1.814405898,2.35894813,2.270763153,1.638035944,1.523395474,1.399936507,1.366867141,1.415368878,1.547646343,1.84527064,2.248716909,2.843965502,2.918782882
commodity_prices_cows_ge_500_dollar_per_kilogram,0.139854865,0.133497825,0.127140786,0.127140786,0.120783747,0.114426707,0.114426707,0.114426707,0.108069668,0.104891148,0.101712629,0.101712629,0.09217707,0.08899855,0.09217707,0.09217707,0.09217707,0.08899855,0.085820031,0.085820031,0.085820031,0.085820031,0.085820031,0.085820031,0.085820031,0.085820031,0.085820031,0.085820031,0.082641511,0.079462991,0.079462991,0.079462991,0.079462991,0.079462991,0.079462991,0.079462991,0.082641511,0.085820031,0.085820031,0.085820031,0.085820031,0.08899855,0.085820031,0.085820031,0.08899855,0.08899855,0.09217707,0.094402034,0.095673441,0.096626997,0.103937593,0.122373007,0.143669088,0.165600874,0.191346883,0.170368653,0.159879538,0.162740206,0.163693762,0.167507986,0.169097245,0.165918726,0.164011614,0.164011614,0.159561686,0.145258348,0.130319306,0.123644414,0.12777649,0.13095501,0.132544269,0.137312049,0.134451381,0.132862121,0.133815677,0.140490569,0.156065315,0.165283022,0.16814369,0.171957913,0.186261252,0.213278669,0.229489119,0.227264155,0.229806971,0.247924533,0.253645868,0.25555298,0.256506536,0.255870832,0.259685055,0.268267059,0.275577654,0.278438321,0.282570397,0.285431065,0.288927436,0.292423808,0.296238031,0.301005811,0.309905666,0.318487669,0.332155303,0.350272866,0.370933243,0.386825841,0.39953992,0.424014521,0.471056612,0.513966628,0.54352686,0.578808428,0.622989852,0.693235136,0.787001466,0.868371569,0.921770699,0.951330931,0.992333835,1.027297551,1.047004373,1.085146609,1.129645884,1.18399857,1.247886815,1.300968093,1.340381737,1.37979538,1.415712652,1.455444148,1.498036311,1.533317879,1.556838925,1.591166937,1.644883919,1.691290306,1.717989871,1.757085663,1.891567753,1.977548105,1.922432494,1.981957354,1.964320358,1.770313409,2.032663715,2.491225595,2.667595548,2.755780525,3.351029119,3.240797898,2.62350306,2.645549304,2.535318083,2.557364327,2.403040618,2.667595548,3.130566677,3.814000247,4.122647666,4.231103868
commodity_prices_cows_milk_dollar_per_animal,89.30260949,85.24339997,81.18419045,81.18419045,77.12498092,73.0657714,73.0657714,73.0657714,69.00656188,66.97695712,64.94735236,64.94735236,58.85853807,56.82893331,58.85853807,58.85853807,58.85853807,56.82893331,54.79932855,54.79932855,54.79932855,54.79932855,54.79932855,54.79932855,54.79932855,54.79932855,54.79932855,54.79932855,52.76972379,50.74011903,50.74011903,50.74011903,50.74011903,50.74011903,50.74011903,50.74011903,52.76972379,54.79932855,54.79932855,54.79932855,54.79932855,56.82893331,54.79932855,54.79932855,56.82893331,56.82893331,58.85853807,60.27926141,61.09110331,61.69998474,66.36807569,78.13978331,91.73813521,105.7424081,122.1822066,108.7868152,102.0891195,103.9157638,104.5246452,106.9601709,107.9749733,105.9453685,104.7276057,104.7276057,101.886159,92.75293759,83.21379521,78.95162521,81.5901114,83.61971616,84.63451854,87.67892568,85.8522814,84.83747902,85.44636045,89.70853044,99.65359377,105.5394476,107.3660919,109.8016176,118.934839,136.1864795,146.5374638,145.1167404,146.7404242,158.3091714,161.9624599,163.1802228,163.7891042,163.3831833,165.818709,171.2986418,175.9667328,177.7933771,180.4318633,182.2585076,184.4910728,186.723638,189.1591637,192.2035709,197.8864642,203.3663971,212.0936975,223.6624447,236.8548756,247.0028994,255.1213185,270.7492751,300.7874256,328.1870899,347.0624142,369.591027,397.8025332,442.6567984,502.5301389,554.4880208,588.5853807,607.460705,633.6426064,655.9682588,668.5518083,692.9070655,721.3215321,756.0277735,796.8228292,830.7172288,855.8843278,881.0514268,903.9859606,929.3560201,956.5527239,979.0813368,994.100412,1016.020143,1050.320464,1079.952693,1097.001373,1121.965512,1152.003662,1191.175034,1229.534564,1264.646727,1313.15428,1308.48619,1330,1420,1430,1380,1830,1990,1760,1620,1360,1200,1300,1360,1590,1760,2240,2298.928609
commodity_prices_cows_steers_and_heifers_ge_500_dollar_per_kilogram,0.147751312,0.141035344,0.134319375,0.134319375,0.127603406,0.120887437,0.120887437,0.120887437,0.114171469,0.110813484,0.1074555,0.1074555,0.097381547,0.094023562,0.097381547,0.097381547,0.097381547,0.094023562,0.090665578,0.090665578,0.090665578,0.090665578,0.090665578,0.090665578,0.090665578,0.090665578,0.090665578,0.090665578,0.087307594,0.083949609,0.083949609,0.083949609,0.083949609,0.083949609,0.083949609,0.083949609,0.087307594,0.090665578,0.090665578,0.090665578,0.090665578,0.094023562,0.090665578,0.090665578,0.094023562,0.094023562,0.097381547,0.099732136,0.10107533,0.102082725,0.109806089,0.129282398,0.151780894,0.174950986,0.202150659,0.179987962,0.168906614,0.1719288,0.172936195,0.176965776,0.178644769,0.175286784,0.173271994,0.173271994,0.168570816,0.153459886,0.137677359,0.130625592,0.134990972,0.138348956,0.140027948,0.145064925,0.142042739,0.140363747,0.141371142,0.148422909,0.164877033,0.174615187,0.177637373,0.181666955,0.196777884,0.225320751,0.242446472,0.240095883,0.24278227,0.261922781,0.267967153,0.269981944,0.270989339,0.270317742,0.274347323,0.283413881,0.291137245,0.294159431,0.298524811,0.301546997,0.30524078,0.308934562,0.312964144,0.31800112,0.327403476,0.336470034,0.350909367,0.370049878,0.391876776,0.408666698,0.422098636,0.447955115,0.497653284,0.542986073,0.574215328,0.611488954,0.658164937,0.732376392,0.831436931,0.917401331,0.973815468,1.005044723,1.048362721,1.08530055,1.106120053,1.146415865,1.193427646,1.250849179,1.318344665,1.374423004,1.41606201,1.457701017,1.49564624,1.537621045,1.582618035,1.619891662,1.644740746,1.681006977,1.737756913,1.786783485,1.814990554,1.856293762,1.988571227,2.078960828,2.03486834,2.103211697,2.083370077,1.882749255,2.153918059,2.579410572,2.711688037,2.777826769,3.373075363,3.262844142,2.667595548,2.689641793,2.579410572,2.601456816,2.447133106,2.733734281,3.196705409,3.902185224,4.166740154,4.276356316
commodity_prices_diesel_dollar_per_liter,0.028151443,0.026871832,0.02559222,0.02559222,0.024312609,0.023032998,0.023032998,0.023032998,0.021753387,0.021113582,0.020473776,0.020473776,0.01855436,0.017914554,0.01855436,0.01855436,0.01855436,0.017914554,0.017274749,0.017274749,0.017274749,0.017274749,0.017274749,0.017274749,0.017274749,0.017274749,0.017274749,0.017274749,0.016634943,0.015995138,0.015995138,0.015995138,0.015995138,0.015995138,0.015995138,0.015995138,0.016634943,0.017274749,0.017274749,0.017274749,0.017274749,0.017914554,0.017274749,0.017274749,0.017914554,0.017914554,0.01855436,0.019002224,0.019258146,0.019450088,0.02092164,0.024632512,0.028919209,0.033333867,0.038516292,0.034293575,0.032182217,0.032758042,0.032949984,0.033717751,0.034037653,0.033397848,0.033013964,0.033013964,0.032118237,0.029239112,0.026232026,0.024888434,0.025720182,0.026359987,0.02667989,0.027639598,0.027063773,0.02674387,0.026935812,0.028279404,0.031414451,0.033269887,0.033845712,0.034613478,0.037492603,0.04293095,0.046193958,0.045746094,0.046257939,0.04990483,0.05105648,0.051440363,0.051632305,0.051504344,0.05227211,0.053999585,0.055471138,0.056046963,0.05687871,0.057454535,0.058158321,0.058862107,0.059629874,0.060589582,0.062381037,0.064108512,0.066859676,0.070506567,0.074665303,0.077864331,0.080423553,0.085350055,0.094819177,0.103456551,0.109406743,0.116508584,0.12540188,0.139541582,0.158415845,0.174794866,0.185543599,0.19149379,0.199747281,0.206785142,0.210751936,0.218429602,0.227386879,0.238327553,0.251187644,0.261872396,0.269805985,0.277739573,0.284969375,0.292966944,0.326252638,0.316478268,0.275795753,0.29613701,0.393880716,0.37010522,0.348443101,0.398635815,0.47815164,0.634541569,0.714585738,0.76213673,1.004646789,0.65171276,0.790403153,1.014421159,1.048235198,1.036083278,1.010458576,0.715114083,0.608652695,0.700056269,0.839539178,0.807310172,0.673903223,0.868333945,1.31795499,1.113221553,1.146170771,1.176323561
commodity_prices_digester_bedding_coproduct_dollars_per_kg_bedding,0,0,0,0,0,0,0,0,0,0,0,0,0,0,0,0,0,0,0,0,0,0,0,0,0,0,0,0,0,0,0,0,0,0,0,0,0,0,0,0,0,0,0,0,0,0,0,0,0,0,0,0,0,0,0,0,0,0,0,0,0,0,0,0,0,0,0,0,0,0,0,0,0,0,0,0,0,0,0,0,0,0,0,0,0,0,0,0,0,0,0,0,0,0,0,0,0,0,0,0,0,0,0,0,0,0,0,0,0,0,0,0,0,0,0,0,0,0,0,0,0,0,0,0,0,0,0,0,0,0,0,0,0,0,0,0,0,0,0,0,0,0,0,0,0,0,0,0,0,0,0,0,0,0,0,0,0,0,0,0
commodity_prices_digester_carbon_credits_dollar_per_tonne_CO2e,2.800466744,2.673172802,2.545878859,2.545878859,2.418584916,2.291290973,2.291290973,2.291290973,2.16399703,2.100350058,2.036703087,2.036703087,1.845762172,1.782115201,1.845762172,1.845762172,1.845762172,1.782115201,1.71846823,1.71846823,1.71846823,1.71846823,1.71846823,1.71846823,1.71846823,1.71846823,1.71846823,1.71846823,1.654821258,1.591174287,1.591174287,1.591174287,1.591174287,1.591174287,1.591174287,1.591174287,1.654821258,1.71846823,1.71846823,1.71846823,1.71846823,1.782115201,1.71846823,1.71846823,1.782115201,1.782115201,1.845762172,1.890315053,1.915773841,1.934867933,2.081255967,2.450408401,2.87684311,3.316007213,3.831547682,3.411477671,3.201442665,3.258724939,3.27781903,3.354195396,3.386018882,3.32237191,3.284183728,3.284183728,3.195077968,2.908666596,2.60952583,2.47586719,2.558608253,2.622255224,2.65407871,2.749549167,2.692266893,2.660443407,2.679537499,2.813196139,3.125066299,3.309642516,3.36692479,3.443301156,3.729712528,4.270711785,4.59531134,4.55075846,4.601676037,4.964463774,5.079028323,5.117216506,5.136310597,5.123581203,5.199957569,5.371804392,5.518192426,5.5754747,5.658215763,5.715498038,5.785509706,5.855521375,5.931897741,6.027368198,6.205579718,6.377426541,6.651108518,7.013896255,7.42760157,7.745836427,8.000424313,8.490505993,9.432481171,10.29171529,10.88363212,11.5901135,12.47480641,13.88140448,15.75899013,17.3883526,18.45762172,19.04953856,19.87058449,20.57070118,20.9653124,21.72907606,22.62013366,23.70849687,24.987801,26.05070542,26.83992787,27.62915031,28.34836109,29.14394823,29.99681765,30.70329903,31.17428662,31.86167392,32.93730773,33.86655352,34.40118808,35.18404583,36.126021,37.35440755,38.55733531,39.65842792,41.17959054,41.0332025,41.7078604,43.02535271,43.91004561,44.55288003,45.2784555,45.33573777,45.90219582,46.88235918,48.02800467,48.89996818,49.49824971,51.82772886,55.97114671,58.27516707,60,61.57844489
commodity_prices_distiller_grains_dried_10pct_dollar_per_kilogram,0.009127282,0.008712406,0.008297529,0.008297529,0.007882653,0.007467776,0.007467776,0.007467776,0.0070529,0.006845462,0.006638023,0.006638023,0.006015709,0.00580827,0.006015709,0.006015709,0.006015709,0.00580827,0.005600832,0.005600832,0.005600832,0.005600832,0.005600832,0.005600832,0.005600832,0.005600832,0.005600832,0.005600832,0.005393394,0.005185956,0.005185956,0.005185956,0.005185956,0.005185956,0.005185956,0.005185956,0.005393394,0.005600832,0.005600832,0.005600832,0.005600832,0.00580827,0.005600832,0.005600832,0.00580827,0.00580827,0.006015709,0.006160915,0.006243891,0.006306122,0.00678323,0.007986372,0.009376208,0.010807532,0.012487781,0.011118689,0.010434143,0.010620837,0.010683069,0.010931995,0.011035714,0.010828276,0.010703813,0.010703813,0.010413399,0.009479927,0.008504967,0.008069347,0.008339017,0.008546455,0.008650174,0.008961332,0.008774637,0.008670918,0.008733149,0.00916877,0.010185217,0.010786788,0.010973482,0.011222408,0.01215588,0.013919105,0.01497704,0.014831833,0.014997784,0.016180182,0.016553571,0.016678034,0.016740265,0.016698777,0.016947703,0.017507787,0.017984895,0.018171589,0.018441259,0.018627953,0.018856135,0.019084317,0.019333243,0.0196444,0.020225227,0.020785311,0.021677295,0.022859693,0.024208041,0.025245233,0.026074985,0.02767226,0.030742346,0.033542762,0.035471937,0.037774502,0.040657893,0.045242278,0.051361706,0.056672124,0.060157087,0.062086262,0.064762215,0.067044036,0.068330153,0.070819412,0.073723547,0.077270741,0.081440249,0.084904467,0.087476701,0.090048936,0.092392988,0.094985965,0.097765638,0.100068202,0.101603245,0.103843578,0.107349284,0.110377882,0.112120363,0.114671853,0.117741939,0.121745497,0.12566608,0.129254761,0.134212535,0.133735427,0.135934272,0.140228243,0.143111635,0.145206761,0.147571557,0.147758251,0.149604451,0.152799,0.177417,0.171344,0.187648,0.230727,0.28637,0.251039,0.181721,0.170946
commodity_prices_distiller_grains_modified_wet_50pct_dollar_per_kilogram,0.003681192,0.003513865,0.003346538,0.003346538,0.003179211,0.003011884,0.003011884,0.003011884,0.002844557,0.002760894,0.002677231,0.002677231,0.00242624,0.002342577,0.00242624,0.00242624,0.00242624,0.002342577,0.002258913,0.002258913,0.002258913,0.002258913,0.002258913,0.002258913,0.002258913,0.002258913,0.002258913,0.002258913,0.00217525,0.002091586,0.002091586,0.002091586,0.002091586,0.002091586,0.002091586,0.002091586,0.00217525,0.002258913,0.002258913,0.002258913,0.002258913,0.002342577,0.002258913,0.002258913,0.002342577,0.002342577,0.00242624,0.002484805,0.00251827,0.002543369,0.002735795,0.003221043,0.003781588,0.004358866,0.00503654,0.004484361,0.004208272,0.004283569,0.004308668,0.004409064,0.004450896,0.004367232,0.004317034,0.004317034,0.004199905,0.00382342,0.003430202,0.003254508,0.003363271,0.003446934,0.003488766,0.003614261,0.003538964,0.003497132,0.003522231,0.003697925,0.004107876,0.0043505,0.004425797,0.004526193,0.004902678,0.005613818,0.006040501,0.005981937,0.006048868,0.006525749,0.006676344,0.006726542,0.006751641,0.006734908,0.006835304,0.007061195,0.007253621,0.007328919,0.007437681,0.007512978,0.007605008,0.007697038,0.007797434,0.007922929,0.008157187,0.008383078,0.008742831,0.009219713,0.009763525,0.010181842,0.010516496,0.011160705,0.012398924,0.01352838,0.014306451,0.015235115,0.016398037,0.018246999,0.020715071,0.022856856,0.024262402,0.025040472,0.02611973,0.027040028,0.027558742,0.028562703,0.029733991,0.031164637,0.032846272,0.034243452,0.035280878,0.036318305,0.037263702,0.038309495,0.039430586,0.04035925,0.04097836,0.041881925,0.043295837,0.044517324,0.045220097,0.046249157,0.047487376,0.049102081,0.05068332,0.052130698,0.054130255,0.053937829,0.054824661,0.056556495,0.057719417,0.058564418,0.059518181,0.059593478,0.060338083,0.0616265,0.0751592,0.076337,0.0779986,0.108108,0.135124,0.126786,0.0863367,0.0822324
commodity_prices_distiller_grains_wet_65pct_dollar_per_kilogram,0.002619111,0.002500061,0.00238101,0.00238101,0.00226196,0.002142909,0.002142909,0.002142909,0.002023859,0.001964333,0.001904808,0.001904808,0.001726232,0.001666707,0.001726232,0.001726232,0.001726232,0.001666707,0.001607182,0.001607182,0.001607182,0.001607182,0.001607182,0.001607182,0.001607182,0.001607182,0.001607182,0.001607182,0.001547657,0.001488131,0.001488131,0.001488131,0.001488131,0.001488131,0.001488131,0.001488131,0.001547657,0.001607182,0.001607182,0.001607182,0.001607182,0.001666707,0.001607182,0.001607182,0.001666707,0.001666707,0.001726232,0.0017679,0.00179171,0.001809568,0.001946476,0.002291722,0.002690541,0.003101266,0.00358342,0.003190553,0.00299412,0.003047693,0.00306555,0.003136981,0.003166743,0.003107218,0.003071503,0.003071503,0.002988168,0.002720304,0.002440535,0.002315532,0.002392915,0.00245244,0.002482203,0.002571491,0.002517918,0.002488155,0.002506013,0.002631016,0.00292269,0.003095313,0.003148886,0.003220316,0.00348818,0.003994144,0.004297723,0.004256055,0.004303676,0.00464297,0.004750115,0.00478583,0.004803688,0.004791783,0.004863213,0.005023931,0.005160839,0.005214412,0.005291795,0.005345368,0.005410845,0.005476323,0.005547753,0.005637041,0.005803712,0.00596443,0.006220389,0.006559683,0.006946597,0.007244223,0.007482324,0.007940669,0.008821642,0.009625233,0.010178818,0.010839548,0.011666949,0.012982457,0.014738452,0.016262299,0.017262323,0.017815908,0.018583783,0.019238561,0.019607618,0.020321921,0.021155274,0.022173156,0.023369614,0.024363685,0.025101798,0.025839912,0.026512547,0.027256613,0.028054251,0.028714981,0.029155468,0.029798341,0.030804317,0.031673386,0.032173398,0.032905559,0.033786533,0.03493537,0.036060397,0.037090184,0.038512837,0.038375929,0.039006897,0.04023907,0.041066471,0.041667676,0.042346264,0.042399836,0.042929611,0.0438463,0.05238,0.0538509,0.0584675,0.077058,0.0951248,0.0920834,0.063201,0.0592272
commodity_prices_elec_commercial_dollar_per_kwh,0.006549145,0.006251456,0.005953768,0.005953768,0.00565608,0.005358391,0.005358391,0.005358391,0.005060703,0.004911859,0.004763014,0.004763014,0.004316482,0.004167638,0.004316482,0.004316482,0.004316482,0.004167638,0.004018793,0.004018793,0.004018793,0.004018793,0.004018793,0.004018793,0.004018793,0.004018793,0.004018793,0.004018793,0.003869949,0.003721105,0.003721105,0.003721105,0.003721105,0.003721105,0.003721105,0.003721105,0.003869949,0.004018793,0.004018793,0.004018793,0.004018793,0.004167638,0.004018793,0.004018793,0.004167638,0.004167638,0.004316482,0.004420673,0.00448021,0.004524864,0.004867205,0.005730502,0.006727758,0.007754783,0.008960421,0.007978049,0.007486863,0.007620823,0.007665476,0.007844089,0.007918512,0.007769667,0.007680361,0.007680361,0.007471979,0.00680218,0.006102612,0.005790039,0.005983537,0.006132381,0.006206803,0.00643007,0.00629611,0.006221688,0.006266341,0.006578914,0.00730825,0.007739899,0.007873858,0.008052471,0.00872227,0.009987446,0.010746551,0.01064236,0.010761436,0.011609848,0.011877767,0.011967074,0.012011727,0.011981958,0.012160571,0.012562451,0.012904792,0.013038752,0.01323225,0.013366209,0.013529938,0.013693667,0.01387228,0.014095546,0.01451231,0.014914189,0.015554219,0.016402631,0.017370118,0.018114339,0.018709716,0.019855817,0.022058711,0.024068107,0.025452359,0.027104529,0.029173464,0.032462921,0.036853824,0.040664236,0.043164819,0.04454907,0.04646916,0.048106446,0.04902928,0.050815411,0.052899229,0.055444465,0.058436234,0.060921932,0.0627676,0.064613268,0.066295208,0.06815576,0.070150273,0.071802443,0.07290389,0.074511408,0.077026875,0.0792,0.0789,0.0803,0.0817,0.0867,0.0946,0.0965,0.1026,0.1016,0.1019,0.1024,0.1009,0.1026,0.1074,0.1064,0.1043,0.1066,0.1067,0.1068,0.1059,0.1122,0.1241,0.1259,0.129626398,0.133036533
commodity_prices_elec_industrial_dollar_per_kwh,0.004175907,0.003986093,0.003796279,0.003796279,0.003606465,0.003416651,0.003416651,0.003416651,0.003226837,0.00313193,0.003037023,0.003037023,0.002752302,0.002657395,0.002752302,0.002752302,0.002752302,0.002657395,0.002562488,0.002562488,0.002562488,0.002562488,0.002562488,0.002562488,0.002562488,0.002562488,0.002562488,0.002562488,0.002467581,0.002372674,0.002372674,0.002372674,0.002372674,0.002372674,0.002372674,0.002372674,0.002467581,0.002562488,0.002562488,0.002562488,0.002562488,0.002657395,0.002562488,0.002562488,0.002657395,0.002657395,0.002752302,0.002818737,0.0028567,0.002885172,0.003103458,0.003653918,0.004289795,0.004944653,0.0057134,0.005087014,0.004773821,0.004859237,0.004887709,0.005001597,0.005049051,0.004954144,0.0048972,0.0048972,0.00476433,0.004337249,0.003891186,0.003691881,0.00381526,0.003910167,0.003957621,0.004099981,0.004014565,0.003967111,0.003995584,0.004194888,0.004659932,0.004935163,0.005020579,0.005134467,0.005561549,0.006368258,0.006852283,0.006785849,0.006861774,0.007402744,0.007573576,0.007630521,0.007658993,0.007640011,0.0077539,0.008010148,0.008228435,0.008313851,0.00843723,0.008522646,0.008627044,0.008731441,0.00884533,0.00898769,0.00925343,0.009509679,0.009917779,0.010458748,0.011075644,0.011550179,0.011929806,0.01266059,0.014065213,0.015346457,0.016229092,0.01728256,0.018601767,0.020699211,0.023498966,0.025928585,0.027523022,0.028405657,0.029629957,0.030673933,0.031262357,0.03240124,0.033729938,0.035352847,0.037260477,0.038845424,0.04002227,0.041199117,0.042271565,0.043457903,0.044729656,0.045783123,0.046485435,0.04751043,0.049114358,0.0505,0.0488,0.0511,0.0525,0.0573,0.0616,0.0639,0.0696,0.0683,0.0677,0.0682,0.0667,0.0689,0.071,0.0691,0.0676,0.0688,0.0692,0.0681,0.0667,0.0718,0.0832,0.0804,0.082779685,0.084957405
commodity_prices_elec_residential_dollar_per_kwh,0.007094907,0.006772411,0.006449915,0.006449915,0.00612742,0.005804924,0.005804924,0.005804924,0.005482428,0.00532118,0.005159932,0.005159932,0.004676189,0.004514941,0.004676189,0.004676189,0.004676189,0.004514941,0.004353693,0.004353693,0.004353693,0.004353693,0.004353693,0.004353693,0.004353693,0.004353693,0.004353693,0.004353693,0.004192445,0.004031197,0.004031197,0.004031197,0.004031197,0.004031197,0.004031197,0.004031197,0.004192445,0.004353693,0.004353693,0.004353693,0.004353693,0.004514941,0.004353693,0.004353693,0.004514941,0.004514941,0.004676189,0.004789062,0.004853561,0.004901936,0.005272806,0.006208044,0.007288404,0.008401015,0.009707123,0.008642887,0.008110769,0.008255892,0.008304266,0.008497764,0.008578388,0.00841714,0.008320391,0.008320391,0.008094644,0.007369028,0.006611163,0.006272543,0.006482165,0.006643413,0.006724037,0.006965909,0.006820786,0.006740162,0.006788536,0.007127157,0.007917271,0.00838489,0.008530013,0.008723511,0.009449126,0.010819733,0.011642097,0.011529224,0.011658222,0.012577335,0.012867581,0.01296433,0.013012704,0.012980455,0.013173952,0.013609322,0.013980192,0.014125315,0.014334937,0.01448006,0.014657433,0.014834805,0.015028303,0.015270175,0.015721669,0.016157038,0.016850404,0.017769517,0.018817628,0.019623868,0.020268859,0.021510468,0.023896937,0.026073783,0.027573388,0.02936324,0.031604586,0.035168164,0.039924977,0.044052922,0.046761887,0.048261492,0.05034159,0.052115317,0.053115054,0.055050028,0.057307499,0.060064837,0.06330592,0.06599876,0.067998233,0.069997707,0.071819808,0.073835407,0.075996129,0.07778598,0.078979214,0.080720692,0.083445781,0.0858,0.0844,0.0872,0.0895,0.0945,0.104,0.1065,0.1126,0.1151,0.1154,0.1172,0.1188,0.1213,0.1252,0.1265,0.1255,0.1289,0.1287,0.1301,0.1315,0.1366,0.1504,0.16,0.164735692,0.169069463
commodity_prices_gasoline_dollar_per_liter,0.034208127,0.032653212,0.031098298,0.031098298,0.029543383,0.027988468,0.027988468,0.027988468,0.026433553,0.025656096,0.024878638,0.024878638,0.022546266,0.021768808,0.022546266,0.022546266,0.022546266,0.021768808,0.020991351,0.020991351,0.020991351,0.020991351,0.020991351,0.020991351,0.020991351,0.020991351,0.020991351,0.020991351,0.020213893,0.019436436,0.019436436,0.019436436,0.019436436,0.019436436,0.019436436,0.019436436,0.020213893,0.020991351,0.020991351,0.020991351,0.020991351,0.021768808,0.020991351,0.020991351,0.021768808,0.021768808,0.022546266,0.023090486,0.023401469,0.023634706,0.025422858,0.029932111,0.035141076,0.040505533,0.046802938,0.041671719,0.039106109,0.039805821,0.040039058,0.040972007,0.041360736,0.040583278,0.040116804,0.040116804,0.039028364,0.035529805,0.031875755,0.030243094,0.031253789,0.032031247,0.032419975,0.033586161,0.03288645,0.032497721,0.032730958,0.034363619,0.03817316,0.040427787,0.041127499,0.042060448,0.045559006,0.052167394,0.056132427,0.055588207,0.056210173,0.06064168,0.062041104,0.062507578,0.062740815,0.062585324,0.063518273,0.065617408,0.06740556,0.068105272,0.069115966,0.069815678,0.070670881,0.071526085,0.072459033,0.07362522,0.0758021,0.077901236,0.081244303,0.08567581,0.090729283,0.09461657,0.0977264,0.103712823,0.115219193,0.125714868,0.132945222,0.141575,0.152381658,0.169563468,0.192498462,0.212401373,0.225462658,0.232693012,0.242722213,0.251274245,0.256094481,0.26542397,0.276308374,0.289602897,0.305229791,0.31821333,0.327853803,0.337494275,0.346279544,0.355997762,0.366415692,0.375045469,0.380798654,0.389195195,0.402334225,0.385691378,0.366142637,0.423468,0.500606275,0.611294417,0.691602759,0.751041499,0.871504011,0.635598258,0.748928121,0.944679704,0.972153611,0.944415532,0.907959772,0.665713886,0.594387398,0.667827263,0.743116334,0.710887328,0.596500775,0.818933748,1.072274866,0.960265863,0.988687887,1.014697709
commodity_prices_hay_all_dollar_per_kilogram,0.015961463,0.015763047,0.015322123,0.014065488,0.015928394,0.018265293,0.016920474,0.015873278,0.015267007,0.014054465,0.010802648,0.009612152,0.008068916,0.010615255,0.013029316,0.013481263,0.011012087,0.009667267,0.009909776,0.011100272,0.009612152,0.011122318,0.010185354,0.008531887,0.008939742,0.00953499,0.009678291,0.010449908,0.009898753,0.010615255,0.008377564,0.007947662,0.007187068,0.00903895,0.010780602,0.010890833,0.009975915,0.010119215,0.009722383,0.00935862,0.011464034,0.012786808,0.010008984,0.011243572,0.012566345,0.014660736,0.011684497,0.012456114,0.011464034,0.01102311,0.012456114,0.018739287,0.021825758,0.023148531,0.0180779,0.01201519,0.012786808,0.014219812,0.014219812,0.014219812,0.013889119,0.011353803,0.012566345,0.012566345,0.012125421,0.009479875,0.006613866,0.008487795,0.012897039,0.008377564,0.011574265,0.009920799,0.007716177,0.011353803,0.010780602,0.013558425,0.016093741,0.021935989,0.023589455,0.022376913,0.02502246,0.025242922,0.026786157,0.023258762,0.023258762,0.028329393,0.029652166,0.024140611,0.024140611,0.024801997,0.024471304,0.021274602,0.020723447,0.024581535,0.023920149,0.022817838,0.02403038,0.02711685,0.026345233,0.025573615,0.027557775,0.027006619,0.026014539,0.027227082,0.028770317,0.030974939,0.034502334,0.045856137,0.05610763,0.057430403,0.066359122,0.0591941,0.054895088,0.065477273,0.078264081,0.07418553,0.076390152,0.083555173,0.081571014,0.074516223,0.065918198,0.071650215,0.093916897,0.094137359,0.088846266,0.078484543,0.081901707,0.093365741,0.095570363,0.090609964,0.105601393,0.1102311,0.09325551,0.084767716,0.09325551,0.106373011,0.101853536,0.09424759,0.101412612,0.10824694,0.121254209,0.139993496,0.167551271,0.119049587,0.125663453,0.196211357,0.2105414,0.194006735,0.189597491,0.159835094,0.142198118,0.156528161,0.182983625,0.179676692,0.171960515,0.212746022,0.263452328,0.229280687,0.236066955,0.242277266
commodity_prices_hay_excluding_alfalfa_dollar_per_kilogram,0.010547376,0.01006795,0.009588523,0.009588523,0.009109097,0.008629671,0.008629671,0.008629671,0.008150245,0.007910532,0.007670819,0.007670819,0.006951679,0.006711966,0.006951679,0.006951679,0.006951679,0.006711966,0.006472253,0.006472253,0.006472253,0.006472253,0.006472253,0.006472253,0.006472253,0.006472253,0.006472253,0.006472253,0.00623254,0.005992827,0.005992827,0.005992827,0.005992827,0.005992827,0.005992827,0.005992827,0.00623254,0.006472253,0.006472253,0.006472253,0.006472253,0.006711966,0.006472253,0.006472253,0.006711966,0.006711966,0.006951679,0.007119479,0.007215364,0.007287278,0.007838618,0.009228954,0.010835031,0.012489052,0.014430728,0.012848621,0.012057568,0.01227331,0.012345224,0.01263288,0.012752736,0.012513023,0.012369195,0.012369195,0.012033597,0.010954888,0.009828236,0.009324839,0.009636466,0.009876179,0.009996036,0.010355605,0.010139863,0.010020007,0.009920799,0.011739612,0.01399935,0.019257373,0.016733081,0.016887404,0.021384833,0.019400674,0.028197115,0.020932886,0.019764436,0.03423778,0.029850582,0.018739287,0.023148531,0.027006619,0.025970447,0.025761008,0.02466972,0.026223979,0.025772031,0.019340046,0.02186985,0.022575329,0.020976978,0.022398959,0.022806814,0.024366585,0.021076186,0.02346269,0.025072064,0.026912923,0.030680989,0.03633217,0.04931372,0.050063291,0.049115304,0.053599872,0.045034916,0.046710428,0.054173074,0.064347404,0.054564394,0.052266076,0.054178585,0.054933668,0.053125878,0.052084195,0.059701163,0.07220137,0.071760446,0.066689815,0.068563744,0.074295761,0.074846917,0.072091139,0.084326791,0.083444942,0.079145929,0.073634374,0.07815385,0.080799396,0.081350551,0.07815385,0.0822324,0.089728115,0.112435721,0.121254209,0.130072697,0.10725486,0.106924167,0.145505051,0.158732783,0.153221228,0.143300429,0.13337963,0.130072697,0.132277319,0.153221228,0.148811984,0.145505051,0.168653582,0.195109046,0.189597491,0.195209212,0.200344662
commodity_prices_limestone_dollar_per_kilogram,0.19999218,0.190901626,0.181811072,0.181811072,0.172720519,0.163629965,0.163629965,0.163629965,0.154539412,0.149994135,0.145448858,0.145448858,0.131813028,0.127267751,0.131813028,0.131813028,0.131813028,0.127267751,0.122722474,0.122722474,0.122722474,0.122722474,0.122722474,0.122722474,0.122722474,0.122722474,0.122722474,0.122722474,0.118177197,0.11363192,0.11363192,0.11363192,0.11363192,0.11363192,0.11363192,0.11363192,0.118177197,0.122722474,0.122722474,0.122722474,0.122722474,0.127267751,0.122722474,0.122722474,0.127267751,0.127267751,0.131813028,0.134994721,0.136812832,0.138176415,0.148630552,0.174993157,0.205446512,0.236808922,0.273625664,0.243626837,0.228627424,0.232718173,0.234081756,0.239536088,0.241808726,0.23726345,0.234536284,0.234536284,0.228172896,0.20771915,0.186356349,0.176811268,0.182720128,0.187265405,0.189538043,0.196355958,0.192265209,0.189992571,0.191356154,0.200901235,0.223173091,0.236354394,0.240445143,0.245899476,0.266353221,0.304988074,0.328168986,0.324987292,0.328623514,0.354531591,0.36271309,0.365440256,0.366803839,0.365894783,0.371349116,0.383621363,0.3940755,0.398166249,0.404075109,0.408165858,0.413165662,0.418165467,0.423619799,0.430437714,0.443164489,0.455436737,0.474981427,0.500889505,0.530433804,0.553160188,0.571341295,0.606339927,0.673610024,0.734971261,0.777242335,0.827694908,0.890874255,0.991324873,1.125410539,1.241769625,1.318130276,1.36040135,1.419035421,1.469033466,1.497214182,1.551757504,1.615391379,1.693115613,1.784475677,1.860381799,1.916743232,1.973104664,2.024466292,2.081282252,2.142188962,2.192641534,2.226276583,2.275365572,2.35218075,2.418541792,2.456722117,2.512629022,2.579899119,2.667622961,2.753528693,2.832161982,2.940794098,2.930339961,2.978519895,3.072607125,3.135786473,3.181693769,3.233509924,3.237600673,3.278053637,3.3480509,3.429865883,3.492136175,3.534861777,3.701218908,3.997116429,4.161655449,4.284832451,4.397555316
commodity_prices_milk_all_dollar_per_kilogram,0.051126629,0.048802692,0.046478754,0.046478754,0.044154816,0.041830879,0.041830879,0.041830879,0.039506941,0.038344972,0.037183003,0.037183003,0.033697097,0.032535128,0.033697097,0.033697097,0.033697097,0.032535128,0.031373159,0.031373159,0.031373159,0.031373159,0.031373159,0.031373159,0.031373159,0.031373159,0.031373159,0.031373159,0.03021119,0.029049221,0.029049221,0.029049221,0.029049221,0.029049221,0.029049221,0.029049221,0.03021119,0.031373159,0.031373159,0.031373159,0.031373159,0.032535128,0.031373159,0.031373159,0.032535128,0.032535128,0.033697097,0.034510475,0.034975262,0.035323853,0.037996381,0.044735801,0.052520992,0.060538577,0.069950525,0.06228153,0.058447033,0.059492805,0.059841396,0.061235758,0.061816743,0.060654774,0.059957593,0.059957593,0.058330836,0.053101976,0.047640723,0.045200588,0.046711148,0.047873117,0.048454101,0.050197054,0.049151282,0.048570298,0.048918889,0.051359023,0.05705267,0.06042238,0.061468152,0.062862515,0.068091375,0.07796811,0.083894151,0.083080773,0.084010348,0.09063357,0.092725114,0.093422295,0.093770886,0.093538492,0.094932855,0.098070171,0.100742699,0.101788471,0.103299031,0.104344803,0.105622968,0.106901134,0.108295497,0.11003845,0.113291963,0.116429279,0.121425745,0.128048967,0.135601765,0.141411609,0.146059484,0.155006644,0.172203783,0.187890363,0.198696673,0.211594527,0.227745894,0.253425406,0.287703487,0.303576783,0.300049384,0.299387996,0.296742447,0.281310076,0.275798515,0.276459902,0.270286954,0.298947071,0.302915395,0.270507416,0.289908111,0.283073776,0.286821637,0.281751001,0.325182102,0.294537823,0.340834935,0.317024992,0.273373428,0.331575513,0.268523254,0.276680365,0.355605919,0.334882449,0.285719325,0.423508351,0.406753206,0.285057938,0.360456093,0.446215983,0.409178292,0.443349971,0.530653098,0.379415863,0.36023563,0.38999806,0.358912856,0.411162454,0.400359795,0.408737368,0.55975414,0.449302457,0.462600946,0.474770781
commodity_prices_milk_class_2_dollar_per_kilogram,0.02008726,0.019174203,0.018261146,0.018261146,0.017348089,0.016435031,0.016435031,0.016435031,0.015521974,0.015065445,0.014608917,0.014608917,0.013239331,0.012782802,0.013239331,0.013239331,0.013239331,0.012782802,0.012326273,0.012326273,0.012326273,0.012326273,0.012326273,0.012326273,0.012326273,0.012326273,0.012326273,0.012326273,0.011869745,0.011413216,0.011413216,0.011413216,0.011413216,0.011413216,0.011413216,0.011413216,0.011869745,0.012326273,0.012326273,0.012326273,0.012326273,0.012782802,0.012326273,0.012326273,0.012782802,0.012782802,0.013239331,0.013558901,0.013741512,0.013878471,0.014928487,0.017576353,0.020635095,0.023785142,0.027483024,0.024469935,0.022963391,0.023374267,0.023511225,0.02405906,0.024287324,0.023830795,0.023556878,0.023556878,0.022917738,0.020863359,0.018717674,0.017758964,0.018352452,0.01880898,0.019037245,0.019722037,0.019311162,0.019082897,0.019219856,0.020178566,0.022415556,0.02373949,0.024150365,0.0246982,0.026752579,0.030633072,0.032961368,0.032641798,0.033007021,0.035609234,0.036430986,0.036704903,0.036841862,0.036750556,0.03729839,0.038531018,0.039581034,0.039991909,0.040585397,0.040996272,0.041498454,0.042000635,0.04254847,0.043233263,0.044511543,0.04574417,0.047707243,0.050309457,0.053276893,0.055559536,0.057385651,0.060900921,0.067657545,0.073820682,0.078066398,0.083133866,0.089479614,0.099568898,0.113036493,0.124723626,0.132393307,0.136639023,0.142528243,0.147550058,0.150380536,0.155858879,0.16225028,0.17005692,0.179233146,0.186857174,0.19251813,0.198179085,0.203337859,0.209044467,0.21516195,0.220229418,0.22360773,0.22853824,0.236253574,0.242918892,0.246753733,0.252369035,0.259125659,0.267936662,0.276565053,0.284462999,0.295374033,0.294324018,0.299163221,0.308613364,0.314959112,0.319570052,0.324774478,0.325185354,0.329248459,0.336279,0.326376,0.369395,0.315114,0.36725,0.560342,0.443038,0.470504,0.475758
commodity_prices_milk_class_3_dollar_per_kilogram,0.021513885,0.020535982,0.019558078,0.019558078,0.018580174,0.01760227,0.01760227,0.01760227,0.016624366,0.016135414,0.015646462,0.015646462,0.014179606,0.013690654,0.014179606,0.014179606,0.014179606,0.013690654,0.013201702,0.013201702,0.013201702,0.013201702,0.013201702,0.013201702,0.013201702,0.013201702,0.013201702,0.013201702,0.01271275,0.012223799,0.012223799,0.012223799,0.012223799,0.012223799,0.012223799,0.012223799,0.01271275,0.013201702,0.013201702,0.013201702,0.013201702,0.013690654,0.013201702,0.013201702,0.013690654,0.013690654,0.014179606,0.014521873,0.014717453,0.014864139,0.015988728,0.01882465,0.022100628,0.025474396,0.029434907,0.026207824,0.024594283,0.025034339,0.025181025,0.025767767,0.026012243,0.025523291,0.02522992,0.02522992,0.024545387,0.022345104,0.02004703,0.019020231,0.019655868,0.02014482,0.020389296,0.021122724,0.020682667,0.020438191,0.020584877,0.021611676,0.02400754,0.025425501,0.025865558,0.0264523,0.028652584,0.032808675,0.03530233,0.034960064,0.035351225,0.038138251,0.039018365,0.039311736,0.039458422,0.039360631,0.039947374,0.041267544,0.042392133,0.04283219,0.043467828,0.043907884,0.044445731,0.044983579,0.045570321,0.046303749,0.047672814,0.048992985,0.051095478,0.053882504,0.057060692,0.059505451,0.061461259,0.065226189,0.072462678,0.079063529,0.083610782,0.089038149,0.095834581,0.106640418,0.121064501,0.13358167,0.141796063,0.146343316,0.152650796,0.158029267,0.161060769,0.166928193,0.17377352,0.182134598,0.191962532,0.20012803,0.206191034,0.212254038,0.217779195,0.223891094,0.23044305,0.235870417,0.239488661,0.244769342,0.25303263,0.260171328,0.264278524,0.270292633,0.277529122,0.286965894,0.296207086,0.304665955,0.316351906,0.315227317,0.320410207,0.330531512,0.337327944,0.342266359,0.347840411,0.348280468,0.35263214,0.360162,0.322187,0.369034,0.400213,0.376568,0.484025,0.375209,0.416527,0.448421
commodity_prices_milk_class_4_dollar_per_kilogram,0.018590329,0.017745314,0.016900299,0.016900299,0.016055284,0.015210269,0.015210269,0.015210269,0.014365254,0.013942746,0.013520239,0.013520239,0.012252717,0.011830209,0.012252717,0.012252717,0.012252717,0.011830209,0.011407702,0.011407702,0.011407702,0.011407702,0.011407702,0.011407702,0.011407702,0.011407702,0.011407702,0.011407702,0.010985194,0.010562687,0.010562687,0.010562687,0.010562687,0.010562687,0.010562687,0.010562687,0.010985194,0.011407702,0.011407702,0.011407702,0.011407702,0.011830209,0.011407702,0.011407702,0.011830209,0.011830209,0.012252717,0.012548472,0.012717475,0.012844227,0.013815994,0.016266537,0.019097337,0.022012639,0.025434949,0.0226464,0.021252126,0.021632382,0.021759135,0.022266143,0.022477397,0.02205489,0.021801385,0.021801385,0.021209875,0.019308591,0.017322806,0.01643554,0.0169848,0.017407308,0.017618561,0.018252323,0.017872066,0.017660812,0.017787564,0.01867483,0.020745117,0.021970388,0.022350645,0.022857654,0.024758938,0.028350251,0.030505039,0.030209284,0.03054729,0.032955582,0.033716096,0.0339696,0.034096353,0.034011851,0.03451886,0.03565963,0.036631397,0.037011654,0.037560914,0.037941171,0.038405929,0.038870687,0.039377696,0.040011457,0.041194478,0.042335248,0.04415203,0.046560323,0.049306621,0.051419159,0.053109189,0.056362496,0.062615607,0.068319457,0.072248777,0.07693861,0.082811463,0.092148878,0.104612849,0.11542904,0.122527165,0.126456485,0.131906831,0.136554413,0.13917396,0.144244049,0.150159154,0.157384031,0.165876431,0.172932306,0.178171399,0.183410491,0.188184826,0.193466169,0.199127769,0.203817602,0.206944157,0.211507238,0.218647614,0.224816223,0.228365286,0.233562128,0.239815238,0.247969632,0.255955023,0.263264403,0.273362331,0.272390564,0.276869143,0.285615048,0.291487901,0.295755227,0.300571812,0.300952069,0.304712385,0.311219,0.313681,0.358893,0.297367,0.354669,0.539435,0.421469,0.457386,0.457019
commodity_prices_milk_nonfat_dry_dollar_per_kilogram,0.100480206,0.095912924,0.091345642,0.091345642,0.08677836,0.082211078,0.082211078,0.082211078,0.077643796,0.075360155,0.073076514,0.073076514,0.066225591,0.063941949,0.066225591,0.066225591,0.066225591,0.063941949,0.061658308,0.061658308,0.061658308,0.061658308,0.061658308,0.061658308,0.061658308,0.061658308,0.061658308,0.061658308,0.059374667,0.057091026,0.057091026,0.057091026,0.057091026,0.057091026,0.057091026,0.057091026,0.059374667,0.061658308,0.061658308,0.061658308,0.061658308,0.063941949,0.061658308,0.061658308,0.063941949,0.063941949,0.066225591,0.067824139,0.068737596,0.069422688,0.074675062,0.087920181,0.103220576,0.118977699,0.137475191,0.12240316,0.114867145,0.116922422,0.117607514,0.120347884,0.121489704,0.119206063,0.117835878,0.117835878,0.114638781,0.104362396,0.093629283,0.088833637,0.09180237,0.094086011,0.095227832,0.098653294,0.096598017,0.095456196,0.096141288,0.100936935,0.112126776,0.118749335,0.120804612,0.123544981,0.133821366,0.153232315,0.164878884,0.163280335,0.165107248,0.178124002,0.182234556,0.183604741,0.184289833,0.183833105,0.186573474,0.192739305,0.197991679,0.200046956,0.20301569,0.205070967,0.207582972,0.210094977,0.212835346,0.216260808,0.222655003,0.228820834,0.23864049,0.251657244,0.266500911,0.277919116,0.28705368,0.304637717,0.338435604,0.369264758,0.39050262,0.415851036,0.447593646,0.498062114,0.565429525,0.623890736,0.662255906,0.683493767,0.712952737,0.738072788,0.752231363,0.779635056,0.81160603,0.850656292,0.896557478,0.934694283,0.963011432,0.991328581,1.017133725,1.045679238,1.076280029,1.101628444,1.118527388,1.143190711,1.181784245,1.215125405,1.234307989,1.262396774,1.296194662,1.340268934,1.38342975,1.42293674,1.477515762,1.472263387,1.496469982,1.543741352,1.575483963,1.598548737,1.624582245,1.626637522,1.646961928,1.68213,1.7515,2.26208,2.2965,2.79826,3.71494,2.61382,2.7382,3.0426
commodity_prices_milk_retail_dollar_per_liter,0.063046793,0.06018103,0.057315266,0.057315266,0.054449503,0.05158374,0.05158374,0.05158374,0.048717976,0.047285095,0.045852213,0.045852213,0.041553568,0.040120686,0.041553568,0.041553568,0.041553568,0.040120686,0.038687805,0.038687805,0.038687805,0.038687805,0.038687805,0.038687805,0.038687805,0.038687805,0.038687805,0.038687805,0.037254923,0.035822041,0.035822041,0.035822041,0.035822041,0.035822041,0.035822041,0.035822041,0.037254923,0.038687805,0.038687805,0.038687805,0.038687805,0.040120686,0.038687805,0.038687805,0.040120686,0.040120686,0.041553568,0.042556585,0.043129738,0.043559602,0.04685523,0.055165944,0.064766251,0.074653134,0.086259476,0.076802457,0.072073947,0.073363541,0.073793405,0.075512863,0.076229304,0.074796422,0.073936693,0.073936693,0.071930659,0.065482692,0.058748148,0.055739096,0.057601843,0.059034724,0.059751165,0.061900488,0.060610894,0.059894453,0.060324318,0.063333369,0.070354489,0.074509846,0.07579944,0.077518898,0.083966865,0.096146359,0.103454056,0.102451038,0.103597344,0.111764769,0.114343956,0.115203685,0.11563355,0.115346973,0.117066431,0.120935212,0.12423084,0.125520433,0.127383179,0.128672773,0.130248943,0.131825112,0.13354457,0.135693893,0.139705962,0.143574742,0.149736133,0.157903559,0.167217289,0.174381698,0.180113224,0.191146413,0.212353061,0.231696964,0.245022763,0.26092775,0.280844805,0.312511489,0.354781498,0.391463269,0.41553568,0.42886148,0.447345653,0.463107351,0.471991218,0.489185798,0.509246141,0.533748417,0.562549338,0.586478462,0.604246195,0.622013927,0.63820549,0.65611651,0.692968529,0.69054607,0.714255523,0.750975456,0.734575647,0.761938601,0.728388735,0.729400514,0.833706256,0.841871818,0.814001654,0.925461179,1.002620588,0.821311298,0.860805038,0.943512063,0.922621328,0.914542943,0.975764844,0.90313863,0.846473698,0.852087356,0.764997715,0.801939552,0.876634235,0.936358281,1.080728376,1.063932309,1.052440819,1.080127816
commodity_prices_natgas_commercial_dollar_per_megajoule,0.000301987,0.000288261,0.000274534,0.000274534,0.000260807,0.000247081,0.000247081,0.000247081,0.000233354,0.000226491,0.000219627,0.000219627,0.000199037,0.000192174,0.000199037,0.000199037,0.000199037,0.000192174,0.00018531,0.00018531,0.00018531,0.00018531,0.00018531,0.00018531,0.00018531,0.00018531,0.00018531,0.00018531,0.000178447,0.000171584,0.000171584,0.000171584,0.000171584,0.000171584,0.000171584,0.000171584,0.000178447,0.00018531,0.00018531,0.00018531,0.00018531,0.000192174,0.00018531,0.00018531,0.000192174,0.000192174,0.000199037,0.000203842,0.000206587,0.000208646,0.000224432,0.000264239,0.000310223,0.000357581,0.000413174,0.000367876,0.000345227,0.000351404,0.000353463,0.000361699,0.00036513,0.000358267,0.000354149,0.000354149,0.00034454,0.000313655,0.000281397,0.000266984,0.000275907,0.00028277,0.000286202,0.000296497,0.00029032,0.000286888,0.000288947,0.00030336,0.000336991,0.000356894,0.000363071,0.000371307,0.000402192,0.000460531,0.000495534,0.00049073,0.00049622,0.000535341,0.000547695,0.000551813,0.000553872,0.0005525,0.000560736,0.000579267,0.000595053,0.00060123,0.000610152,0.000616329,0.000623879,0.000631428,0.000639664,0.000649959,0.000669177,0.000687708,0.000678414,0.000687708,0.000715588,0.000762055,0.000817815,0.000873575,0.000994388,0.001254602,0.001524109,0.001895843,0.002072417,0.002537084,0.003150445,0.003717339,0.004479394,0.005194982,0.005157808,0.005111342,0.004721021,0.004432927,0.00430282,0.004405047,0.004488687,0.004470101,0.004535154,0.004851128,0.005055582,0.004693141,0.005018408,0.005390142,0.005092755,0.004953355,0.006124317,0.007834293,0.00616149,0.007806413,0.008763628,0.010538657,0.011152018,0.010538657,0.011365765,0.009349109,0.008800801,0.008280374,0.007527612,0.007509026,0.00827108,0.007351039,0.006765558,0.007323159,0.007239519,0.007072238,0.006951425,0.008168853,0.010520071,0.010148337,0.010448708,0.010723586
commodity_prices_natgas_industrial_dollar_per_megajoule,0.000304307,0.000290475,0.000276643,0.000276643,0.000262811,0.000248979,0.000248979,0.000248979,0.000235146,0.00022823,0.000221314,0.000221314,0.000200566,0.00019365,0.000200566,0.000200566,0.000200566,0.00019365,0.000186734,0.000186734,0.000186734,0.000186734,0.000186734,0.000186734,0.000186734,0.000186734,0.000186734,0.000186734,0.000179818,0.000172902,0.000172902,0.000172902,0.000172902,0.000172902,0.000172902,0.000172902,0.000179818,0.000186734,0.000186734,0.000186734,0.000186734,0.00019365,0.000186734,0.000186734,0.00019365,0.00019365,0.000200566,0.000205407,0.000208174,0.000210249,0.000226155,0.000266269,0.000312606,0.000360327,0.000416347,0.000370701,0.000347878,0.000354103,0.000356178,0.000364477,0.000367935,0.000361019,0.000356869,0.000356869,0.000347187,0.000316064,0.000283559,0.000269035,0.000278026,0.000284942,0.0002884,0.000298774,0.00029255,0.000289092,0.000291167,0.00030569,0.000339579,0.000359636,0.00036586,0.000374159,0.000405282,0.000464068,0.00049934,0.000494499,0.000500032,0.000539453,0.000551902,0.000556052,0.000558127,0.000556744,0.000565043,0.000583716,0.000599623,0.000605848,0.000614839,0.000621063,0.000628671,0.000636278,0.000644578,0.000654952,0.000674317,0.00069299,0.000722729,0.000762151,0.000807105,0.000841686,0.00086935,0.000922604,0.001024962,0.001118329,0.001182648,0.001259416,0.00135555,0.001508395,0.001712419,0.00188947,0.00200566,0.00206998,0.002159197,0.002235274,0.002278153,0.002361146,0.002457971,0.002576236,0.002715249,0.002830747,0.002916507,0.003002266,0.003080418,0.003166868,0.003259544,0.003336312,0.002918111,0.002899525,0.00413554,0.004869715,0.003735926,0.005473782,0.006068557,0.007955106,0.007313865,0.007137292,0.008968081,0.004953355,0.005102048,0.004767488,0.003605819,0.004312114,0.005222862,0.003652286,0.003261965,0.003791686,0.003893913,0.003624406,0.003085392,0.005055582,0.007118705,0.004265647,0.004391902,0.004507442
commodity_prices_natgas_residential_dollar_per_megajoule,0.000424415,0.000405123,0.000385832,0.000385832,0.00036654,0.000347248,0.000347248,0.000347248,0.000327957,0.000318311,0.000308665,0.000308665,0.000279728,0.000270082,0.000279728,0.000279728,0.000279728,0.000270082,0.000260436,0.000260436,0.000260436,0.000260436,0.000260436,0.000260436,0.000260436,0.000260436,0.000260436,0.000260436,0.000250791,0.000241145,0.000241145,0.000241145,0.000241145,0.000241145,0.000241145,0.000241145,0.000250791,0.000260436,0.000260436,0.000260436,0.000260436,0.000270082,0.000260436,0.000260436,0.000270082,0.000270082,0.000279728,0.00028648,0.000290338,0.000293232,0.000315417,0.000371363,0.00043599,0.000502546,0.000580677,0.000517014,0.000485183,0.000493864,0.000496758,0.000508333,0.000513156,0.00050351,0.000497723,0.000497723,0.000484219,0.000440813,0.000395477,0.000375221,0.000387761,0.000397407,0.000402229,0.000416698,0.000408017,0.000403194,0.000406088,0.000426344,0.000473608,0.000501581,0.000510262,0.000521837,0.000565243,0.000647233,0.000696426,0.000689674,0.000697391,0.000752372,0.000769734,0.000775522,0.000778415,0.000776486,0.000788061,0.000814105,0.00083629,0.000844971,0.000857511,0.000866192,0.000876802,0.000887413,0.000898988,0.000913456,0.000940465,0.000966508,0.000966508,0.000975802,0.001012975,0.001068735,0.001124495,0.001198842,0.001328949,0.001589163,0.001840083,0.002183937,0.002379097,0.002769418,0.003419952,0.003986847,0.004804661,0.005631769,0.005687529,0.005687529,0.005418022,0.005148515,0.005083462,0.005241449,0.005390142,0.005408729,0.005473782,0.005724703,0.005957036,0.005631769,0.005891983,0.006449584,0.006338064,0.00621725,0.007211639,0.008949495,0.007332452,0.008949495,0.00999035,0.011802553,0.012759768,0.0121557,0.012908461,0.011282125,0.010585124,0.010250564,0.009897416,0.009590736,0.010194803,0.009646496,0.009339815,0.010139043,0.009758016,0.009767309,0.01001823,0.011319299,0.013707689,0.01415377,0.014572694,0.014956064
commodity_prices_net_fertilizer_ammonium_nitrate_dollar_per_kilogram,0.044328029,0.042313119,0.040298208,0.040298208,0.038283298,0.036268388,0.036268388,0.036268388,0.034253477,0.033246022,0.032238567,0.032238567,0.029216201,0.028208746,0.029216201,0.029216201,0.029216201,0.028208746,0.027201291,0.027201291,0.027201291,0.027201291,0.027201291,0.027201291,0.027201291,0.027201291,0.027201291,0.027201291,0.026193836,0.02518638,0.02518638,0.02518638,0.02518638,0.02518638,0.02518638,0.02518638,0.026193836,0.027201291,0.027201291,0.027201291,0.027201291,0.028208746,0.027201291,0.027201291,0.028208746,0.028208746,0.029216201,0.02992142,0.030324402,0.030626638,0.032943785,0.038787026,0.045536976,0.052488417,0.060648804,0.053999599,0.050674997,0.051581707,0.051883943,0.05309289,0.053596617,0.052589162,0.051984689,0.051984689,0.050574252,0.046040703,0.041305664,0.039190008,0.0404997,0.041507155,0.042010882,0.043522065,0.042615355,0.042111628,0.042413864,0.04452952,0.049466051,0.052387671,0.053294381,0.054503327,0.059036875,0.067600245,0.072738266,0.072033048,0.072839012,0.078581507,0.080394926,0.080999399,0.081301636,0.081100145,0.082309091,0.08502922,0.087346367,0.088253077,0.089562768,0.090499733,0.089728115,0.088625804,0.087303031,0.086531413,0.083500058,0.08124032,0.073413912,0.06713074,0.0666347,0.070051864,0.07170533,0.081956822,0.170307049,0.18849518,0.149914295,0.157354895,0.152118917,0.158457206,0.184912669,0.209714667,0.211919289,0.203651956,0.217155266,0.206132156,0.184637092,0.17140936,0.185188247,0.203376379,0.198967135,0.202825223,0.196211357,0.205029845,0.217155266,0.245815352,0.256838462,0.250224596,0.212746022,0.19951829,0.213848333,0.286600859,0.214950644,0.267861572,0.289907792,0.321874811,0.403445824,0.4210828,0.561076296,0.482812216,0.438719776,0.528006967,0.632726511,0.599657181,0.617294157,0.534157862,0.433483799,0.414898835,0.447174501,0.456323683,0.418084514,0.609004779,1.002011718,1.043258959,1.074137419,1.102395198
commodity_prices_net_fertilizer_anhydrous_ammonia_dollar_per_kilogram,0.076653392,0.073169147,0.069684902,0.069684902,0.066200657,0.062716412,0.062716412,0.062716412,0.059232167,0.057490044,0.055747922,0.055747922,0.050521554,0.048779431,0.050521554,0.050521554,0.050521554,0.048779431,0.047037309,0.047037309,0.047037309,0.047037309,0.047037309,0.047037309,0.047037309,0.047037309,0.047037309,0.047037309,0.045295186,0.043553064,0.043553064,0.043553064,0.043553064,0.043553064,0.043553064,0.043553064,0.045295186,0.047037309,0.047037309,0.047037309,0.047037309,0.048779431,0.047037309,0.047037309,0.048779431,0.048779431,0.050521554,0.05174104,0.052437889,0.052960526,0.056967407,0.067071718,0.078743939,0.090764585,0.104875778,0.093377769,0.087628764,0.089196675,0.089719311,0.091809858,0.09268092,0.090938797,0.089893524,0.089893524,0.087454552,0.079615001,0.071427025,0.067768567,0.070033327,0.071775449,0.07264651,0.075259694,0.073691784,0.072820723,0.073343359,0.077001817,0.085538217,0.090590373,0.092158283,0.09424883,0.102088381,0.116896423,0.125781248,0.124561762,0.12595546,0.135885559,0.13902138,0.140066653,0.14058929,0.140240865,0.142331412,0.147035143,0.151042025,0.152609935,0.154874695,0.153772384,0.148260829,0.140544652,0.136686563,0.13337963,0.129521542,0.12235652,0.097554523,0.081791476,0.083665405,0.087413262,0.088625804,0.099263105,0.227076065,0.266759261,0.205581001,0.199242712,0.185188247,0.205581001,0.250224596,0.272270816,0.268963883,0.256838462,0.29376588,0.269239461,0.219911044,0.202274068,0.219911044,0.222666821,0.214950644,0.219359888,0.218808733,0.228178376,0.278333526,0.363762628,0.334000231,0.334000231,0.278884682,0.23258762,0.250224596,0.439822087,0.275577749,0.411162001,0.417775867,0.458561374,0.574304028,0.57650865,0.832244801,0.749571477,0.550053187,0.825630935,0.865314131,0.933657413,0.938066657,0.77421915,0.628284198,0.60135474,0.648136819,0.661408643,0.605973423,0.882686552,1.452316782,1.512100575,1.556855845,1.597812698
commodity_prices_net_fertilizer_diammonium_phosphate_dollar_per_kilogram,0.054222395,0.051757741,0.049293087,0.049293087,0.046828432,0.044363778,0.044363778,0.044363778,0.041899124,0.040666796,0.039434469,0.039434469,0.035737488,0.034505161,0.035737488,0.035737488,0.035737488,0.034505161,0.033272833,0.033272833,0.033272833,0.033272833,0.033272833,0.033272833,0.033272833,0.033272833,0.033272833,0.033272833,0.032040506,0.030808179,0.030808179,0.030808179,0.030808179,0.030808179,0.030808179,0.030808179,0.032040506,0.033272833,0.033272833,0.033272833,0.033272833,0.034505161,0.033272833,0.033272833,0.034505161,0.034505161,0.035737488,0.036600117,0.037093048,0.037462746,0.040297098,0.047444596,0.055701188,0.064204245,0.074186095,0.066052736,0.061986056,0.063095151,0.063464849,0.064943642,0.065559805,0.064327478,0.063588082,0.063588082,0.061862824,0.056317351,0.050525414,0.047937527,0.049539552,0.050771879,0.051388043,0.053236533,0.052127439,0.051511275,0.051880974,0.054468861,0.060507264,0.064081013,0.065190107,0.0666689,0.072214372,0.082689153,0.088974021,0.088111392,0.089097254,0.096121519,0.098339708,0.099079104,0.099448802,0.099202337,0.100681129,0.104008413,0.106842765,0.10795186,0.109553885,0.110662979,0.112018539,0.113374099,0.114852892,0.116701382,0.120151898,0.119049587,0.108136709,0.102570038,0.104443967,0.104940007,0.108081593,0.125663453,0.225422598,0.264003483,0.201722912,0.202549645,0.205305423,0.254082684,0.317741144,0.300379746,0.283293926,0.270341772,0.286049703,0.258216351,0.236445708,0.248571129,0.273924282,0.261247706,0.246366507,0.255184995,0.235894553,0.2155018,0.24967344,0.289907792,0.324079433,0.299828591,0.291010103,0.291010103,0.264554639,0.268963883,0.250224596,0.275577749,0.304237835,0.334000231,0.371478805,0.48722146,0.936964346,0.703274415,0.559973985,0.774924629,0.744059922,0.705479037,0.673512018,0.634853971,0.512618705,0.487662384,0.566466597,0.512839167,0.463334381,0.804213033,1.035235371,1.077850245,1.109752541,1.138947261
commodity_prices_net_fertilizer_nitrogen_dollar_per_kilogram,0.129001385,0.123137686,0.117273986,0.117273986,0.111410287,0.105546588,0.105546588,0.105546588,0.099682888,0.096751039,0.093819189,0.093819189,0.08502364,0.08209179,0.08502364,0.08502364,0.08502364,0.08209179,0.079159941,0.079159941,0.079159941,0.079159941,0.079159941,0.079159941,0.079159941,0.079159941,0.079159941,0.079159941,0.076228091,0.073296241,0.073296241,0.073296241,0.073296241,0.073296241,0.073296241,0.073296241,0.076228091,0.079159941,0.079159941,0.079159941,0.079159941,0.08209179,0.079159941,0.079159941,0.08209179,0.08209179,0.08502364,0.087075935,0.088248675,0.08912823,0.095871484,0.112876212,0.132519605,0.152749367,0.17649735,0.157147142,0.147472038,0.150110703,0.150990257,0.154508477,0.155974402,0.153042552,0.151283442,0.151283442,0.147178853,0.133985529,0.120205836,0.114048952,0.117860356,0.120792206,0.122258131,0.126655905,0.124017241,0.122551316,0.123430871,0.129587755,0.143953818,0.152456182,0.155094847,0.158613067,0.17180639,0.196727112,0.211679545,0.209627251,0.21197273,0.228684273,0.233961603,0.235720713,0.236600268,0.236013898,0.239532117,0.247448111,0.254191366,0.25683003,0.260641435,0.259197407,0.252285917,0.241163599,0.239190463,0.237481881,0.233182868,0.231992372,0.212723976,0.194337428,0.194535844,0.196905813,0.200025353,0.222071573,0.477631354,0.531258784,0.404118234,0.419219895,0.417412104,0.444077007,0.522660758,0.581799743,0.581017102,0.541113444,0.575108715,0.553205796,0.487276575,0.459355038,0.503888402,0.529616341,0.522010395,0.535822352,0.527543996,0.541069352,0.576166934,0.678902319,0.695657446,0.66635802,0.583486279,0.53390433,0.556391475,0.753495704,0.576872413,0.708741877,0.753672074,0.877990708,1.004491917,1.116144998,1.508633851,1.336915844,1.161923974,1.471673363,1.722967201,1.719792545,1.695023617,1.470251382,1.193130398,1.141972145,1.230829434,1.25601724,1.150757563,1.676240238,2.757993133,2.871524349,2.95651595,3.034294241
commodity_prices_net_fertilizer_nitrogen_solutions_30pct_dollar_per_kilogram,0.033229872,0.031719423,0.030208974,0.030208974,0.028698525,0.027188077,0.027188077,0.027188077,0.025677628,0.024922404,0.024167179,0.024167179,0.021901506,0.021146282,0.021901506,0.021901506,0.021901506,0.021146282,0.020391058,0.020391058,0.020391058,0.020391058,0.020391058,0.020391058,0.020391058,0.020391058,0.020391058,0.020391058,0.019635833,0.018880609,0.018880609,0.018880609,0.018880609,0.018880609,0.018880609,0.018880609,0.019635833,0.020391058,0.020391058,0.020391058,0.020391058,0.021146282,0.020391058,0.020391058,0.021146282,0.021146282,0.021901506,0.022430163,0.022732253,0.02295882,0.024695836,0.029076138,0.034136141,0.039347189,0.045464506,0.040480025,0.037987785,0.038667487,0.038894054,0.039800323,0.040177936,0.039422711,0.038969577,0.038969577,0.037912263,0.034513753,0.030964198,0.029378227,0.030360019,0.031115243,0.031492856,0.032625692,0.03194599,0.031568378,0.031794945,0.033380916,0.037081516,0.039271666,0.039951368,0.040857638,0.044256147,0.050675554,0.054527198,0.053998541,0.054602721,0.0589075,0.060266903,0.060720038,0.060946605,0.06079556,0.06170183,0.063740935,0.065477951,0.066157653,0.067139445,0.067819147,0.068649894,0.069480641,0.07038691,0.071519746,0.073634374,0.072532063,0.068067704,0.058422483,0.059083869,0.060957798,0.061288491,0.06564262,0.136135408,0.153772384,0.124009987,0.132277319,0.125939031,0.125939031,0.14440274,0.16286645,0.161488561,0.153221228,0.157354895,0.154323539,0.128970386,0.121805365,0.150465451,0.149914295,0.147158518,0.152670073,0.152118917,0.149914295,0.153772384,0.186290558,0.200620601,0.176369759,0.147709673,0.141095807,0.14440274,0.208336778,0.139993496,0.17747207,0.196211357,0.236996864,0.255736151,0.305340146,0.442026709,0.352739518,0.311954012,0.386911159,0.444231331,0.451947508,0.395729647,0.377243892,0.306144833,0.293016309,0.3158121,0.322282666,0.295265023,0.430099704,0.707661613,0.7367921,0.75859973,0.778556527
commodity_prices_net_fertilizer_phosphorus_dollar_per_kilogram,0.099834906,0.095296955,0.090759005,0.090759005,0.086221055,0.081683105,0.081683105,0.081683105,0.077145154,0.074876179,0.072607204,0.072607204,0.065800279,0.063531304,0.065800279,0.065800279,0.065800279,0.063531304,0.061262328,0.061262328,0.061262328,0.061262328,0.061262328,0.061262328,0.061262328,0.061262328,0.061262328,0.061262328,0.058993353,0.056724378,0.056724378,0.056724378,0.056724378,0.056724378,0.056724378,0.056724378,0.058993353,0.061262328,0.061262328,0.061262328,0.061262328,0.063531304,0.061262328,0.061262328,0.063531304,0.063531304,0.065800279,0.067388561,0.068296151,0.068976844,0.074195487,0.087355542,0.102557676,0.118213604,0.136592303,0.121617067,0.114129449,0.116171527,0.116852219,0.119574989,0.120709477,0.118440502,0.117079117,0.117079117,0.113902551,0.103692163,0.09302798,0.088263133,0.0912128,0.093481775,0.094616263,0.098019726,0.095977648,0.09484316,0.095523853,0.100288701,0.111406679,0.117986707,0.120028784,0.122751554,0.132961943,0.152248231,0.163820004,0.162231722,0.164046902,0.17698006,0.181064215,0.1824256,0.183106293,0.182652498,0.185375268,0.191501501,0.196720144,0.198762221,0.201711889,0.203640933,0.203740141,0.210023314,0.20937295,0.210651631,0.221487348,0.230768807,0.220307875,0.215612031,0.22223692,0.227505966,0.235288282,0.265965597,0.480839079,0.554760054,0.445091134,0.453986783,0.467578278,0.553856159,0.670921587,0.636816085,0.579220335,0.551971208,0.579760468,0.52440241,0.484818422,0.515142997,0.569034982,0.549127245,0.516421678,0.539482024,0.50136411,0.465726395,0.532879181,0.601718503,0.668253994,0.640674173,0.626189807,0.628636937,0.572937163,0.581402911,0.54265668,0.597165958,0.656492336,0.729255885,0.800608476,1.041551613,1.998269372,1.547071435,1.229638938,1.617597293,1.701637483,1.625401655,1.492672388,1.409767578,1.138323495,1.082899298,1.257913215,1.138819535,1.028897083,1.78584302,2.298858557,2.39348976,2.464332456,2.529162672
commodity_prices_net_fertilizer_potassium_chloride_dollar_per_kilogram,0.028069872,0.026793969,0.025518066,0.025518066,0.024242162,0.022966259,0.022966259,0.022966259,0.021690356,0.021052404,0.020414452,0.020414452,0.018500598,0.017862646,0.018500598,0.018500598,0.018500598,0.017862646,0.017224694,0.017224694,0.017224694,0.017224694,0.017224694,0.017224694,0.017224694,0.017224694,0.017224694,0.017224694,0.016586743,0.015948791,0.015948791,0.015948791,0.015948791,0.015948791,0.015948791,0.015948791,0.016586743,0.017224694,0.017224694,0.017224694,0.017224694,0.017862646,0.017224694,0.017224694,0.017862646,0.017862646,0.018500598,0.018947164,0.019202344,0.01939373,0.020861019,0.024561138,0.028835414,0.03323728,0.038404689,0.034194208,0.032088967,0.032663124,0.032854509,0.033620051,0.033939027,0.033301076,0.032918305,0.032918305,0.032025172,0.02915439,0.026156017,0.024816319,0.025645656,0.026283608,0.026602583,0.027559511,0.026985354,0.026666379,0.026857764,0.028197462,0.031323425,0.033173485,0.033747642,0.034513184,0.037383966,0.042806555,0.046060108,0.045613542,0.046123903,0.049760228,0.050908541,0.051291312,0.051482697,0.051355107,0.052120649,0.053843118,0.055310407,0.055884564,0.056713901,0.057981558,0.05869806,0.059304332,0.059083869,0.059028754,0.05969014,0.057540634,0.053792777,0.051257461,0.057816212,0.063878922,0.064760771,0.068949553,0.094964092,0.108191824,0.10477466,0.105050238,0.108302055,0.128143653,0.152394495,0.169480315,0.165071072,0.150189873,0.153772384,0.131726164,0.120151898,0.137788874,0.173062826,0.174165137,0.168102427,0.167551271,0.162590872,0.158732783,0.159835094,0.170858204,0.168653582,0.167551271,0.179676692,0.185188247,0.181881314,0.187392869,0.180779003,0.181881314,0.19951829,0.270066194,0.300930902,0.308647079,0.618396468,0.940271279,0.563280918,0.662488908,0.733036812,0.655875042,0.662488908,0.704729465,0.637190871,0.592602391,0.595082591,0.616213892,0.588226216,0.594840082,0.74841405,0.779222088,0.802285564,0.823391623
commodity_prices_net_fertilizer_potassium_dollar_per_kilogram,0.04678312,0.044656615,0.042530109,0.042530109,0.040403604,0.038277098,0.038277098,0.038277098,0.036150593,0.03508734,0.034024087,0.034024087,0.030834329,0.029771076,0.030834329,0.030834329,0.030834329,0.029771076,0.028707824,0.028707824,0.028707824,0.028707824,0.028707824,0.028707824,0.028707824,0.028707824,0.028707824,0.028707824,0.027644571,0.026581318,0.026581318,0.026581318,0.026581318,0.026581318,0.026581318,0.026581318,0.027644571,0.028707824,0.028707824,0.028707824,0.028707824,0.029771076,0.028707824,0.028707824,0.029771076,0.029771076,0.030834329,0.031578606,0.032003907,0.032322883,0.034768364,0.04093523,0.048059023,0.055395467,0.064007814,0.056990346,0.053481612,0.05443854,0.054757516,0.056033419,0.056565045,0.055501793,0.054863841,0.054863841,0.053375287,0.04859065,0.043593362,0.041360531,0.04274276,0.043806013,0.044337639,0.045932518,0.044975591,0.044443964,0.04476294,0.046995771,0.052205709,0.055289142,0.056246069,0.057521973,0.06230661,0.071344258,0.076766847,0.07602257,0.076873172,0.082933713,0.084847568,0.08548552,0.085804495,0.085591845,0.086867748,0.089738531,0.092184012,0.093140939,0.094523168,0.096639605,0.097830101,0.098844227,0.098469441,0.098381256,0.099483567,0.095901057,0.089650953,0.085429102,0.096364027,0.106461196,0.107938293,0.114915921,0.158269813,0.180316033,0.174628108,0.175080055,0.180503425,0.213572755,0.253994499,0.282467192,0.275114778,0.250312781,0.256287306,0.219547281,0.200256838,0.22964445,0.288441718,0.290271554,0.280174386,0.279248444,0.270981112,0.264554639,0.266395498,0.284759999,0.281089304,0.279248444,0.299464828,0.308647079,0.303135524,0.312317774,0.301294664,0.303135524,0.332534158,0.450106649,0.501551503,0.514415472,1.03066078,1.567122472,0.938805205,1.104151854,1.221724345,1.093128744,1.104151854,1.174545435,1.061977436,0.987670652,0.991804318,1.027023154,0.980373353,0.991396463,1.247364099,1.298711131,1.337150484,1.372327457
commodity_prices_net_fertilizer_sulfate_of_ammonium_dollar_per_kilogram,0.031561557,0.030126941,0.028692324,0.028692324,0.027257708,0.025823092,0.025823092,0.025823092,0.024388476,0.023671168,0.02295386,0.02295386,0.020801935,0.020084627,0.020801935,0.020801935,0.020801935,0.020084627,0.019367319,0.019367319,0.019367319,0.019367319,0.019367319,0.019367319,0.019367319,0.019367319,0.019367319,0.019367319,0.018650011,0.017932703,0.017932703,0.017932703,0.017932703,0.017932703,0.017932703,0.017932703,0.018650011,0.019367319,0.019367319,0.019367319,0.019367319,0.020084627,0.019367319,0.019367319,0.020084627,0.020084627,0.020801935,0.021304051,0.021590974,0.021806167,0.023455975,0.027616362,0.032422327,0.037371753,0.043181948,0.038447715,0.036080598,0.036726175,0.036941368,0.037802137,0.038160792,0.037443483,0.037013099,0.037013099,0.036008867,0.032780981,0.029409633,0.027903286,0.028835786,0.029553094,0.029911748,0.03098771,0.030342133,0.029983479,0.030198671,0.031705019,0.035219828,0.037300022,0.037945599,0.038806369,0.042034255,0.048131374,0.051789646,0.05128753,0.051861376,0.055950033,0.057241187,0.057671572,0.057886765,0.057743303,0.058604073,0.060540805,0.062190613,0.062836191,0.063768691,0.064319847,0.062721496,0.057320172,0.057981558,0.058642945,0.058146905,0.060406643,0.059138985,0.057926443,0.057595749,0.056713901,0.057926443,0.063217536,0.136135408,0.150465451,0.106373011,0.112435721,0.121805365,0.132828475,0.154323539,0.172236093,0.178298803,0.160937405,0.168102427,0.16892916,0.165346649,0.157079317,0.157630472,0.169755893,0.168653582,0.167551271,0.168102427,0.174716293,0.185188247,0.200620601,0.202825223,0.203927534,0.206132156,0.18849518,0.184085936,0.211643711,0.206132156,0.214950644,0.225973754,0.268963883,0.293214725,0.317465567,0.431003599,0.416673556,0.359353384,0.466277551,0.55446243,0.575406339,0.58753176,0.479902115,0.389446475,0.372757486,0.401759288,0.409982528,0.375623495,0.547143085,0.900235343,0.937293018,0.96503509,0.990422669
commodity_prices_net_fertilizer_super_phosphate_20pct_dollar_per_kilogram,0.020595484,0.019659326,0.018723168,0.018723168,0.017787009,0.016850851,0.016850851,0.016850851,0.015914692,0.015446613,0.014978534,0.014978534,0.013574297,0.013106217,0.013574297,0.013574297,0.013574297,0.013106217,0.012638138,0.012638138,0.012638138,0.012638138,0.012638138,0.012638138,0.012638138,0.012638138,0.012638138,0.012638138,0.012170059,0.01170198,0.01170198,0.01170198,0.01170198,0.01170198,0.01170198,0.01170198,0.012170059,0.012638138,0.012638138,0.012638138,0.012638138,0.013106217,0.012638138,0.012638138,0.013106217,0.013106217,0.013574297,0.013901952,0.014089184,0.014229607,0.01530619,0.018021049,0.021157179,0.024386926,0.028178367,0.025089045,0.023544383,0.023965655,0.024106078,0.024667773,0.024901813,0.024433734,0.024152886,0.024152886,0.023497575,0.021391219,0.019191247,0.018208281,0.018816783,0.019284863,0.019518902,0.020221021,0.01979975,0.01956571,0.019706134,0.0206891,0.022982688,0.024340118,0.024761389,0.025323084,0.027429441,0.031408114,0.033795318,0.033467662,0.033842125,0.036510177,0.037352719,0.037633567,0.037773991,0.037680375,0.03824207,0.039505884,0.040582466,0.041003737,0.04161224,0.042163396,0.042328742,0.044423133,0.044312902,0.044919173,0.045525444,0.046407293,0.047564719,0.04866703,0.050871652,0.053351852,0.055721821,0.060461758,0.107695784,0.121805365,0.104884891,0.111939682,0.116569388,0.129245964,0.144127163,0.151016606,0.160303133,0.165443888,0.172574614,0.178655077,0.182082248,0.188715481,0.196454253,0.20590661,0.217017275,0.226248525,0.233102866,0.239957206,0.246203501,0.253113119,0.260520229,0.26665597,0.270746463,0.276716373,0.286058176,0.29412861,0.298771873,0.305570937,0.313751924,0.324420374,0.334867716,0.344430627,0.357641817,0.356370447,0.362229803,0.37367213,0.381355625,0.386938596,0.393240167,0.39373766,0.398657308,0.407169957,0.417119806,0.424692748,0.42988878,0.450120141,0.48610543,0.506115684,0.521095735,0.534804417
commodity_prices_net_fertilizer_super_phosphate_44to46pct_dollar_per_kilogram,0.043509666,0.041531954,0.039554242,0.039554242,0.037576529,0.035598817,0.035598817,0.035598817,0.033621105,0.032632249,0.031643393,0.031643393,0.028676825,0.027687969,0.028676825,0.028676825,0.028676825,0.027687969,0.026699113,0.026699113,0.026699113,0.026699113,0.026699113,0.026699113,0.026699113,0.026699113,0.026699113,0.026699113,0.025710257,0.024721401,0.024721401,0.024721401,0.024721401,0.024721401,0.024721401,0.024721401,0.025710257,0.026699113,0.026699113,0.026699113,0.026699113,0.027687969,0.026699113,0.026699113,0.027687969,0.027687969,0.028676825,0.029369024,0.029764567,0.030061224,0.032335592,0.038070957,0.044696293,0.0515194,0.059529134,0.053002684,0.049739459,0.050629429,0.050926086,0.052112713,0.052607141,0.051618285,0.051024972,0.051024972,0.049640573,0.045190721,0.040543098,0.0384665,0.039752013,0.040740869,0.041235297,0.042718581,0.04182861,0.041334182,0.041630839,0.043707437,0.048552832,0.051420514,0.052310484,0.053497112,0.057946964,0.06635224,0.071395406,0.070703207,0.071494292,0.077130771,0.078910712,0.079504026,0.079800682,0.079602911,0.080789538,0.08345945,0.085733819,0.086623789,0.087909302,0.088405342,0.088129764,0.089066728,0.088736035,0.088515573,0.089838346,0.090665079,0.084602369,0.08124032,0.083389827,0.084437022,0.086531413,0.100089838,0.186290558,0.216604111,0.167551271,0.16286645,0.168102427,0.208336778,0.270617349,0.262901172,0.244161885,0.232312042,0.241957263,0.219359888,0.205029845,0.220462199,0.244161885,0.23865033,0.223769132,0.235894553,0.220462199,0.208336778,0.235343397,0.257940773,0.284396237,0.283293926,0.278884682,0.281089304,0.256838462,0.260145395,0.24361073,0.267861572,0.293214725,0.329590988,0.357148762,0.460765996,0.881848796,0.704376726,0.558871674,0.69776286,0.803584715,0.772720007,0.684535128,0.647739987,0.523013498,0.497550114,0.577963701,0.523244983,0.472737093,0.820527235,1.056245419,1.099725159,1.13227491,1.162062136
commodity_prices_net_fertilizer_urea_dollar_per_kilogram,0.063832362,0.060930891,0.05802942,0.05802942,0.055127949,0.052226478,0.052226478,0.052226478,0.049325007,0.047874272,0.046423536,0.046423536,0.04207133,0.040620594,0.04207133,0.04207133,0.04207133,0.040620594,0.039169859,0.039169859,0.039169859,0.039169859,0.039169859,0.039169859,0.039169859,0.039169859,0.039169859,0.039169859,0.037719123,0.036268388,0.036268388,0.036268388,0.036268388,0.036268388,0.036268388,0.036268388,0.037719123,0.039169859,0.039169859,0.039169859,0.039169859,0.040620594,0.039169859,0.039169859,0.040620594,0.040620594,0.04207133,0.043086845,0.043667139,0.044102359,0.047439051,0.055853317,0.065573245,0.07558332,0.087334277,0.077759423,0.072971996,0.074277658,0.074712879,0.076453761,0.077179129,0.075728393,0.074857952,0.074857952,0.072826922,0.066298613,0.059480156,0.056433611,0.058319567,0.059770303,0.060495671,0.062671774,0.061366112,0.060640744,0.061075965,0.064122509,0.071231113,0.075438246,0.076743908,0.078484791,0.085013101,0.097344352,0.104743103,0.103727589,0.104888177,0.113157369,0.115768693,0.116639135,0.117074355,0.116784208,0.118525091,0.122442077,0.125778768,0.12708443,0.128970386,0.124561142,0.119600743,0.116844965,0.115742654,0.114089188,0.110782255,0.109073673,0.099097758,0.09176739,0.091546928,0.089397422,0.090444617,0.1027905,0.228729531,0.246366507,0.184085936,0.186290558,0.186290558,0.203100801,0.246642085,0.268688305,0.254909418,0.232312042,0.249122285,0.230658576,0.183534781,0.176369759,0.20447869,0.211643711,0.211092556,0.228729531,0.218808733,0.22156451,0.228729531,0.293214725,0.306442457,0.283293926,0.214950644,0.194006735,0.220462199,0.308647079,0.2105414,0.28770317,0.304237835,0.36596725,0.39903658,0.499346881,0.608475669,0.535723144,0.493835326,0.579815583,0.709888281,0.652568109,0.629419578,0.581976113,0.472274123,0.452035693,0.487199414,0.497175328,0.455507972,0.663514057,1.091706763,1.13664625,1.170288794,1.201076067
commodity_prices_oat_seed_dollar_per_square_meter,0.000159134,0.000151901,0.000144667,0.000144667,0.000137434,0.000130201,0.000130201,0.000130201,0.000122967,0.00011935,0.000115734,0.000115734,0.000104884,0.000101267,0.000104884,0.000104884,0.000104884,0.000101267,9.77E-05,9.77E-05,9.77E-05,9.77E-05,9.77E-05,9.77E-05,9.77E-05,9.77E-05,9.77E-05,9.77E-05,9.40E-05,9.04E-05,9.04E-05,9.04E-05,9.04E-05,9.04E-05,9.04E-05,9.04E-05,9.40E-05,9.77E-05,9.77E-05,9.77E-05,9.77E-05,0.000101267,9.77E-05,9.77E-05,0.000101267,0.000101267,0.000104884,0.000107415,0.000108862,0.000109947,0.000118265,0.000139242,0.000163474,0.000188429,0.000217724,0.000193854,0.000181919,0.000185174,0.000186259,0.000190599,0.000192407,0.000188791,0.000186621,0.000186621,0.000181557,0.000165282,0.000148284,0.000140689,0.000145391,0.000149007,0.000150816,0.000156241,0.000152986,0.000151177,0.000152262,0.000159857,0.000177579,0.000188067,0.000191322,0.000195662,0.000211937,0.000242679,0.000261124,0.000258593,0.000261486,0.000282101,0.000288611,0.000290781,0.000291866,0.000291143,0.000295483,0.000305248,0.000313566,0.000316821,0.000321523,0.000324778,0.000328756,0.000332735,0.000337075,0.0003425,0.000352626,0.000362391,0.000377943,0.000398558,0.000422067,0.00044015,0.000454617,0.000482465,0.000535992,0.000584817,0.000618452,0.000658598,0.000708869,0.000788798,0.00089549,0.000988077,0.001048837,0.001082473,0.001129128,0.001168911,0.001191335,0.001234735,0.001285368,0.001347214,0.001419909,0.001480307,0.001525154,0.001570001,0.00161087,0.001656078,0.001704542,0.001744687,0.00177145,0.00181051,0.001871632,0.001924436,0.001954816,0.001999301,0.002052828,0.00212263,0.00274534,0.00246611,0.00308634,0.0030987,0.00295785,0.00313576,0.00389438,0.00382272,0.00402287,0.00510272,0.00482843,0.00483338,0.0046011,0.00451708,0.00449979,0.00468511,0.00505577,0.00553021,0.005693894,0.005843685
commodity_prices_peanut_seed_dollar_per_square_meter,0.0017305,0.001651841,0.001573182,0.001573182,0.001494523,0.001415864,0.001415864,0.001415864,0.001337205,0.001297875,0.001258546,0.001258546,0.001140557,0.001101227,0.001140557,0.001140557,0.001140557,0.001101227,0.001061898,0.001061898,0.001061898,0.001061898,0.001061898,0.001061898,0.001061898,0.001061898,0.001061898,0.001061898,0.001022568,0.000983239,0.000983239,0.000983239,0.000983239,0.000983239,0.000983239,0.000983239,0.001022568,0.001061898,0.001061898,0.001061898,0.001061898,0.001101227,0.001061898,0.001061898,0.001101227,0.001101227,0.001140557,0.001168088,0.001183819,0.001195618,0.001286076,0.001514188,0.001777696,0.002049069,0.002367639,0.002108064,0.001978276,0.002013673,0.002025472,0.002072667,0.002092332,0.002053002,0.002029405,0.002029405,0.001974343,0.00179736,0.001612511,0.001529919,0.001581048,0.001620377,0.001640042,0.001699036,0.00166364,0.001643975,0.001655774,0.001738366,0.001931081,0.002045136,0.002080533,0.002127729,0.002304712,0.002639013,0.002839593,0.002812063,0.002843526,0.003067705,0.003138498,0.003162096,0.003173895,0.003166029,0.003213224,0.003319414,0.003409872,0.003445268,0.003496397,0.003531793,0.003575056,0.003618318,0.003665514,0.003724508,0.003834631,0.003940821,0.004109938,0.004334116,0.004589758,0.004786406,0.004943724,0.005246562,0.005828639,0.006359588,0.006725353,0.007161911,0.007708591,0.008577774,0.009737996,0.010744832,0.011405569,0.011771334,0.012278685,0.01271131,0.012955153,0.013427108,0.013977721,0.014650257,0.015440781,0.016097584,0.01658527,0.017072957,0.017517381,0.018009,0.0184835,0.0183574,0.0186515,0.0180115,0.017967,0.0182166,0.0181795,0.0185971,0.0166623,0.0164399,0.0168946,0.0177743,0.024241,0.0223136,0.022064,0.0267244,0.0279649,0.0276486,0.0288619,0.0314515,0.0302457,0.0300826,0.0292251,0.0284517,0.0284665,0.029623,0.0332949,0.0348319,0.035862857,0.036806316
commodity_prices_propane_residential_dollar_per_liter,0.046892975,0.044761476,0.042629977,0.042629977,0.040498479,0.03836698,0.03836698,0.03836698,0.036235481,0.035169731,0.034103982,0.034103982,0.030906734,0.029840984,0.030906734,0.030906734,0.030906734,0.029840984,0.028775235,0.028775235,0.028775235,0.028775235,0.028775235,0.028775235,0.028775235,0.028775235,0.028775235,0.028775235,0.027709485,0.026643736,0.026643736,0.026643736,0.026643736,0.026643736,0.026643736,0.026643736,0.027709485,0.028775235,0.028775235,0.028775235,0.028775235,0.029840984,0.028775235,0.028775235,0.029840984,0.029840984,0.030906734,0.031652758,0.032079058,0.032398783,0.034850007,0.041031353,0.048171874,0.055525546,0.064158116,0.05712417,0.053607197,0.054566371,0.054886096,0.056164995,0.05669787,0.05563212,0.054992671,0.054992671,0.053500622,0.048704749,0.043695727,0.041457653,0.042843127,0.043908877,0.044441751,0.046040376,0.045081201,0.044548326,0.044868051,0.047106125,0.052328297,0.055418971,0.056378145,0.057657044,0.062452917,0.071511787,0.076947109,0.076201085,0.077053684,0.083128456,0.085046805,0.085686255,0.086005979,0.085792829,0.087071729,0.089949252,0.092400476,0.09335965,0.094745125,0.095704299,0.096876624,0.098048948,0.099327847,0.100926471,0.10391057,0.106788093,0.111370816,0.117445588,0.124372959,0.129701706,0.133964704,0.142170975,0.157944066,0.172331684,0.182243153,0.194072972,0.208886889,0.232439952,0.26387956,0.291162745,0.309067336,0.318978806,0.332726973,0.344450217,0.351057864,0.363846857,0.378767349,0.396991664,0.418413228,0.436211243,0.449426536,0.462641829,0.474684798,0.488006666,0.502287708,0.514117527,0.522004073,0.533514167,0.551525332,0.567085274,0.576037569,0.589146287,0.604919379,0.625488343,0.645631007,0.664068473,0.689539884,0.68708866,0.698385604,0.720446618,0.735260535,0.746024604,0.758174148,0.568190236,0.542697621,0.632604394,0.656071601,0.576159518,0.504788913,0.655543257,0.730216014,0.675928631,0.680595497,0.698500205
commodity_prices_propane_wholesale_dollar_per_liter,0.009417901,0.008989814,0.008561728,0.008561728,0.008133642,0.007705555,0.007705555,0.007705555,0.007277469,0.007063426,0.006849382,0.006849382,0.006207253,0.00599321,0.006207253,0.006207253,0.006207253,0.00599321,0.005779166,0.005779166,0.005779166,0.005779166,0.005779166,0.005779166,0.005779166,0.005779166,0.005779166,0.005779166,0.005565123,0.00535108,0.00535108,0.00535108,0.00535108,0.00535108,0.00535108,0.00535108,0.005565123,0.005779166,0.005779166,0.005779166,0.005779166,0.00599321,0.005779166,0.005779166,0.00599321,0.00599321,0.006207253,0.006357083,0.0064427,0.006506913,0.006999213,0.008240663,0.009674753,0.011151651,0.012885401,0.011472715,0.010766373,0.010959012,0.011023225,0.011280077,0.011387098,0.011173055,0.011044629,0.011044629,0.010744969,0.009781774,0.008775771,0.00832628,0.008604537,0.00881858,0.008925601,0.009246666,0.009054027,0.008947006,0.009011219,0.009460709,0.010509521,0.011130246,0.011322885,0.011579737,0.012542931,0.014362299,0.015453919,0.015304089,0.015475323,0.016695369,0.017080647,0.017209073,0.017273286,0.017230477,0.017487329,0.018065246,0.018557545,0.018750184,0.01902844,0.019221079,0.019456527,0.019691974,0.019948826,0.020269891,0.020869212,0.021447129,0.022367514,0.02358756,0.024978841,0.026049057,0.02690523,0.028553363,0.031721202,0.034610785,0.036601387,0.038977266,0.041952467,0.046682822,0.052997096,0.058476602,0.062072528,0.064063129,0.066824287,0.069178762,0.07050583,0.073074348,0.076070953,0.079731091,0.08403336,0.087607881,0.090262017,0.092916153,0.095334841,0.098010381,0.10087856,0.103254439,0.104838359,0.107150025,0.110767355,0.113892386,0.115690349,0.11832308,0.12149092,0.125621953,0.12966737,0.133370317,0.13848595,0.13799365,0.140262508,0.144693202,0.147668403,0.149830239,0.152270332,0.15246297,0.154367955,0.248900912,0.256315432,0.204574934,0.167546184,0.333822228,0.334787513,0.248342188,0.255692639,0.262419251
commodity_prices_rice_seed_dollar_per_square_meter,0.000489741,0.00046748,0.000445219,0.000445219,0.000422958,0.000400697,0.000400697,0.000400697,0.000378436,0.000367306,0.000356175,0.000356175,0.000322784,0.000311653,0.000322784,0.000322784,0.000322784,0.000311653,0.000300523,0.000300523,0.000300523,0.000300523,0.000300523,0.000300523,0.000300523,0.000300523,0.000300523,0.000300523,0.000289392,0.000278262,0.000278262,0.000278262,0.000278262,0.000278262,0.000278262,0.000278262,0.000289392,0.000300523,0.000300523,0.000300523,0.000300523,0.000311653,0.000300523,0.000300523,0.000311653,0.000311653,0.000322784,0.000330575,0.000335027,0.000338366,0.000363966,0.000428523,0.000503097,0.000579898,0.000670055,0.000596593,0.000559863,0.00056988,0.000573219,0.000586576,0.000592141,0.000581011,0.000574332,0.000574332,0.00055875,0.000508663,0.000456349,0.000432975,0.000447445,0.000458576,0.000464141,0.000480836,0.000470819,0.000465254,0.000468593,0.000491967,0.000546506,0.000578785,0.000588802,0.000602159,0.000652246,0.000746855,0.00080362,0.000795829,0.000804733,0.000868177,0.000888212,0.00089489,0.000898229,0.000896003,0.00090936,0.000939412,0.000965012,0.000975029,0.000989499,0.000999517,0.00101176,0.001024004,0.00103736,0.001054056,0.001085221,0.001115273,0.001163134,0.001226578,0.001298926,0.001354579,0.001399101,0.001484805,0.001649536,0.001799798,0.001903311,0.002026859,0.002181573,0.002427556,0.002755905,0.003040845,0.003227837,0.003331351,0.003474934,0.003597369,0.003666378,0.003799944,0.00395577,0.004146101,0.004369824,0.004555703,0.004693721,0.004831739,0.004957513,0.005096644,0.005245792,0.00536934,0.005451706,0.005571915,0.00576002,0.0052411,0.00502118,0.00470982,0.00667431,0.00681022,0.00908111,0.0100695,0.011142,0.0161804,0.0162225,0.0166549,0.0168723,0.0208532,0.0244412,0.0251479,0.0244708,0.0260721,0.0259189,0.0243226,0.0219306,0.0256718,0.0292103,0.0300653,0.030955175,0.031769526
commodity_prices_rye_grain_dollar_per_kilogram,0.050785402,0.057871737,0.05511594,0.037400102,0.032675879,0.029132711,0.032282194,0.03425062,0.029526397,0.037400102,0.031101138,0.025589544,0.024408488,0.025589544,0.028739026,0.03425062,0.02755797,0.022636904,0.02007795,0.025786386,0.02007795,0.019487422,0.020471635,0.018109523,0.023030589,0.028542183,0.019487422,0.012597929,0.014566356,0.010629503,0.008661076,0.01417267,0.01417267,0.019093736,0.018896894,0.019881107,0.020668478,0.020471635,0.026180072,0.022833747,0.021849533,0.02755797,0.028148498,0.028266604,0.028542183,0.031731034,0.024920279,0.023384906,0.031967245,0.03291209,0.044092752,0.068107555,0.058659108,0.057084367,0.057478052,0.032833353,0.024684068,0.022833747,0.03720326,0.03051061,0.032479036,0.032439668,0.032124719,0.033227038,0.017046573,0.013345931,0.010590134,0.024526593,0.028345341,0.015078147,0.031809771,0.026455651,0.012676666,0.016770993,0.015708043,0.020471635,0.022951852,0.038463053,0.042911696,0.053541199,0.076374946,0.089760246,0.056296996,0.047242235,0.051572773,0.059840164,0.06771387,0.050785402,0.04763592,0.041730641,0.045273808,0.042124326,0.040155899,0.03932916,0.034723042,0.039762214,0.037281997,0.042518011,0.040549585,0.038463053,0.041730641,0.042124326,0.040155899,0.039762214,0.038974844,0.035352939,0.037911893,0.07519389,0.098815007,0.092909728,0.097240266,0.081099169,0.078343372,0.081492855,0.103539231,0.118105586,0.094484469,0.085429707,0.078737058,0.079918113,0.058265423,0.063777017,0.099208693,0.081099169,0.082280225,0.086610763,0.093697099,0.100389748,0.106295028,0.114168734,0.145663557,0.147631983,0.098421322,0.08936656,0.102358175,0.112593992,0.130703516,0.115349789,0.126766663,0.129916145,0.130703516,0.197236329,0.249990158,0.199204756,0.203928979,0.30746821,0.302743986,0.312979804,0.304712413,0.255895437,0.201566867,0.185032085,0.246840676,0.236211173,0.210621629,0.266131255,0.282272351,0.260225975,0.267928164,0.274976661
commodity_prices_semen_beef_dollar_per_straw,0.750511713,0.716397544,0.682283375,0.682283375,0.648169206,0.614055038,0.614055038,0.614055038,0.579940869,0.562883784,0.5458267,0.5458267,0.494655447,0.477598363,0.494655447,0.494655447,0.494655447,0.477598363,0.460541278,0.460541278,0.460541278,0.460541278,0.460541278,0.460541278,0.460541278,0.460541278,0.460541278,0.460541278,0.443484194,0.426427109,0.426427109,0.426427109,0.426427109,0.426427109,0.426427109,0.426427109,0.443484194,0.460541278,0.460541278,0.460541278,0.460541278,0.477598363,0.460541278,0.460541278,0.477598363,0.477598363,0.494655447,0.506595406,0.51341824,0.518535365,0.557766659,0.656697748,0.770980214,0.888674096,1.026836479,0.914259723,0.857971344,0.87332272,0.878439845,0.898908347,0.907436889,0.890379804,0.880145554,0.880145554,0.856265636,0.779508756,0.699340459,0.663520582,0.685694792,0.702751876,0.711280418,0.736866045,0.721514669,0.712986127,0.718103252,0.753923129,0.837502843,0.886968388,0.902319763,0.922788265,0.999545144,1.144530362,1.231521492,1.219581533,1.2332272,1.330452581,1.361155333,1.371389584,1.376506709,1.373095292,1.393563793,1.439617921,1.478849215,1.494200591,1.516374801,1.531726177,1.55048897,1.569251763,1.589720264,1.61530589,1.663065727,1.709119854,1.782465317,1.879690698,1.990561747,2.075847169,2.144075506,2.275415056,2.527859904,2.758130544,2.916761428,3.106095065,3.343188538,3.720150102,4.223334091,4.659995451,4.946554469,5.105185354,5.325221742,5.51284967,5.618603593,5.823288606,6.062087787,6.35376393,6.696611326,6.981464635,7.192972481,7.404480327,7.597225381,7.810438936,8.039003866,8.228337503,8.354559927,8.538776438,8.827041164,9.076074596,9.219354105,9.429156243,9.681601092,10.01080282,10.33318171,10.62826927,11.03593359,10.9967023,11.17750739,11.53058904,11.76768251,11.93995906,12.13440982,12.1497612,12.30156925,12.56424835,12.87127587,13.10495793,13.26529452,13.88958381,15,15.61746645,16.07971344,16.50272913
commodity_prices_semen_conventional_dollar_per_straw,0.750511713,0.716397544,0.682283375,0.682283375,0.648169206,0.614055038,0.614055038,0.614055038,0.579940869,0.562883784,0.5458267,0.5458267,0.494655447,0.477598363,0.494655447,0.494655447,0.494655447,0.477598363,0.460541278,0.460541278,0.460541278,0.460541278,0.460541278,0.460541278,0.460541278,0.460541278,0.460541278,0.460541278,0.443484194,0.426427109,0.426427109,0.426427109,0.426427109,0.426427109,0.426427109,0.426427109,0.443484194,0.460541278,0.460541278,0.460541278,0.460541278,0.477598363,0.460541278,0.460541278,0.477598363,0.477598363,0.494655447,0.506595406,0.51341824,0.518535365,0.557766659,0.656697748,0.770980214,0.888674096,1.026836479,0.914259723,0.857971344,0.87332272,0.878439845,0.898908347,0.907436889,0.890379804,0.880145554,0.880145554,0.856265636,0.779508756,0.699340459,0.663520582,0.685694792,0.702751876,0.711280418,0.736866045,0.721514669,0.712986127,0.718103252,0.753923129,0.837502843,0.886968388,0.902319763,0.922788265,0.999545144,1.144530362,1.231521492,1.219581533,1.2332272,1.330452581,1.361155333,1.371389584,1.376506709,1.373095292,1.393563793,1.439617921,1.478849215,1.494200591,1.516374801,1.531726177,1.55048897,1.569251763,1.589720264,1.61530589,1.663065727,1.709119854,1.782465317,1.879690698,1.990561747,2.075847169,2.144075506,2.275415056,2.527859904,2.758130544,2.916761428,3.106095065,3.343188538,3.720150102,4.223334091,4.659995451,4.946554469,5.105185354,5.325221742,5.51284967,5.618603593,5.823288606,6.062087787,6.35376393,6.696611326,6.981464635,7.192972481,7.404480327,7.597225381,7.810438936,8.039003866,8.228337503,8.354559927,8.538776438,8.827041164,9.076074596,9.219354105,9.429156243,9.681601092,10.01080282,10.33318171,10.62826927,11.03593359,10.9967023,11.17750739,11.53058904,11.76768251,11.93995906,12.13440982,12.1497612,12.30156925,12.56424835,12.87127587,13.10495793,13.26529452,13.88958381,15,15.61746645,16.07971344,16.50272913
commodity_prices_semen_sexed_dollar_per_straw,1.751193996,1.671594269,1.591994542,1.591994542,1.512394815,1.432795088,1.432795088,1.432795088,1.35319536,1.313395497,1.273595633,1.273595633,1.154196043,1.114396179,1.154196043,1.154196043,1.154196043,1.114396179,1.074596316,1.074596316,1.074596316,1.074596316,1.074596316,1.074596316,1.074596316,1.074596316,1.074596316,1.074596316,1.034796452,0.994996589,0.994996589,0.994996589,0.994996589,0.994996589,0.994996589,0.994996589,1.034796452,1.074596316,1.074596316,1.074596316,1.074596316,1.114396179,1.074596316,1.074596316,1.114396179,1.114396179,1.154196043,1.182055947,1.197975893,1.209915852,1.301455538,1.532294746,1.798953832,2.073572891,2.395951785,2.133272686,2.001933136,2.037753013,2.049692972,2.097452809,2.117352741,2.077552877,2.053672959,2.053672959,1.99795315,1.818853764,1.631794405,1.548214692,1.599954514,1.639754378,1.65965431,1.719354105,1.683534228,1.663634296,1.675574255,1.759153969,1.9541733,2.069592904,2.105412781,2.153172618,2.332272004,2.670570844,2.873550148,2.845690243,2.877530134,3.104389356,3.176029111,3.199909029,3.211848988,3.203889015,3.251648851,3.359108483,3.450648169,3.486468046,3.538207869,3.574027746,3.617807596,3.661587446,3.709347282,3.769047078,3.880486695,3.987946327,4.15908574,4.385944962,4.644644076,4.843643393,5.002842847,5.309301797,5.898339777,6.435637935,6.805776666,7.247555151,7.800773254,8.680350239,9.854446213,10.87332272,11.54196043,11.91209916,12.4255174,12.8633159,13.11007505,13.58767341,14.1448715,14.82544917,15.62542643,16.29008415,16.78360246,17.27712076,17.72685922,18.22435752,18.75767569,19.19945417,19.49397316,19.92381169,20.59642938,21.17750739,21.51182625,22.00136457,22.59040255,23.35853991,24.11075733,24.79929497,25.75051171,25.65897203,26.08085058,26.90470776,27.45792586,27.85990448,28.31362292,28.3494428,28.70366159,29.31657949,30.03297703,30.57823516,30.95235388,32.40902888,35,36.44075506,37.51933136,38.50636798
commodity_prices_sorghum_seed_dollar_per_square_meter,0.000128695,0.000122846,0.000116996,0.000116996,0.000111146,0.000105296,0.000105296,0.000105296,9.94E-05,9.65E-05,9.36E-05,9.36E-05,8.48E-05,8.19E-05,8.48E-05,8.48E-05,8.48E-05,8.19E-05,7.90E-05,7.90E-05,7.90E-05,7.90E-05,7.90E-05,7.90E-05,7.90E-05,7.90E-05,7.90E-05,7.90E-05,7.60E-05,7.31E-05,7.31E-05,7.31E-05,7.31E-05,7.31E-05,7.31E-05,7.31E-05,7.60E-05,7.90E-05,7.90E-05,7.90E-05,7.90E-05,8.19E-05,7.90E-05,7.90E-05,8.19E-05,8.19E-05,8.48E-05,8.69E-05,8.80E-05,8.89E-05,9.56E-05,0.000112609,0.000132205,0.000152387,0.000176079,0.000156774,0.000147122,0.000149755,0.000150632,0.000154142,0.000155604,0.00015268,0.000150925,0.000150925,0.00014683,0.000133668,0.000119921,0.000113778,0.000117581,0.000120506,0.000121968,0.000126356,0.000123723,0.000122261,0.000123138,0.00012928,0.000143612,0.000152095,0.000154727,0.000158237,0.000171399,0.000196261,0.000211178,0.00020913,0.00021147,0.000228142,0.000233407,0.000235162,0.000236039,0.000235454,0.000238964,0.000246861,0.000253589,0.000256221,0.000260023,0.000262656,0.000265873,0.00026909,0.0002726,0.000276988,0.000285177,0.000293075,0.000305652,0.000322324,0.000341335,0.00035596,0.000367659,0.000390181,0.00043347,0.000472956,0.000500157,0.000532624,0.00057328,0.00063792,0.000724204,0.000799082,0.00084822,0.000875421,0.000913153,0.000945326,0.000963461,0.00099856,0.001039508,0.001089524,0.001148314,0.00119716,0.001233429,0.001269697,0.001302749,0.00133931,0.00148263,0.00162348,0.00150734,0.00166055,0.00156418,0.00156912,0.00163831,0.00115151,0.00120587,0.00131213,0.00132943,0.00138873,0.00163831,0.00184588,0.00187306,0.0026119,0.00337793,0.003457,0.00350889,0.00351136,0.0036794,0.00364727,0.00357561,0.00334827,0.0033804,0.0034916,0.00370905,0.00407476,0.004195365,0.004305734
commodity_prices_soybean_grain_dollar_per_kilogram,0.097439027,0.093009981,0.088580934,0.088580934,0.084151887,0.079722841,0.079722841,0.079722841,0.075293794,0.073079271,0.070864747,0.070864747,0.064221177,0.062006654,0.064221177,0.064221177,0.064221177,0.062006654,0.05979213,0.05979213,0.05979213,0.05979213,0.05979213,0.05979213,0.05979213,0.05979213,0.05979213,0.05979213,0.057577607,0.055363084,0.055363084,0.055363084,0.055363084,0.055363084,0.055363084,0.055363084,0.057577607,0.05979213,0.05979213,0.05979213,0.05979213,0.062006654,0.05979213,0.05979213,0.062006654,0.062006654,0.064221177,0.065771344,0.081203726,0.0789991,0.08046885,0.116477742,0.117212618,0.129705499,0.098105859,0.079366537,0.073854972,0.08377579,0.091859418,0.085980416,0.073487535,0.066138781,0.068343407,0.068343407,0.049236648,0.017673752,0.019437453,0.033694035,0.035384248,0.02623505,0.045929709,0.030754533,0.024397862,0.029468501,0.03277544,0.056952839,0.058790028,0.066506219,0.075324723,0.076427036,0.094431482,0.122356745,0.083408352,0.079366537,0.090757105,0.100310485,0.099943047,0.099943047,0.090389668,0.081571163,0.080101413,0.076059598,0.073487535,0.072017784,0.078264224,0.08377579,0.085980416,0.092226856,0.09626867,0.093329169,0.10104536,0.091491981,0.089287355,0.086347853,0.104719737,0.111333615,0.160570263,0.208704598,0.243978615,0.180779335,0.250225056,0.216053352,0.24471349,0.231118297,0.279252632,0.223034668,0.209806912,0.287703698,0.214583601,0.185556025,0.175635208,0.216053352,0.272638754,0.209072036,0.210909225,0.205030222,0.204295346,0.235160111,0.201355845,0.246918117,0.27006669,0.237732175,0.181146773,0.170123643,0.166816704,0.160937701,0.203193033,0.269699252,0.210909225,0.207969723,0.236262424,0.37111205,0.36633536,0.352372729,0.415204571,0.459297092,0.52911025,0.477668975,0.37111205,0.328856718,0.347963477,0.342819349,0.311587147,0.314894086,0.396832687,0.488692106,0.521761496,0.455622715,0.469108272,0.481449297
commodity_prices_soybean_hulls_dollar_per_kilogram,0.007227206,0.006898697,0.006570187,0.006570187,0.006241678,0.005913169,0.005913169,0.005913169,0.005584659,0.005420405,0.00525615,0.00525615,0.004763386,0.004599131,0.004763386,0.004763386,0.004763386,0.004599131,0.004434876,0.004434876,0.004434876,0.004434876,0.004434876,0.004434876,0.004434876,0.004434876,0.004434876,0.004434876,0.004270622,0.004106367,0.004106367,0.004106367,0.004106367,0.004106367,0.004106367,0.004106367,0.004270622,0.004434876,0.004434876,0.004434876,0.004434876,0.004599131,0.004434876,0.004434876,0.004599131,0.004599131,0.004763386,0.004878364,0.004944066,0.004993342,0.005371128,0.006323805,0.007424312,0.008557669,0.009888132,0.008804051,0.008262011,0.00840984,0.008459116,0.008656222,0.008738349,0.008574094,0.008475542,0.008475542,0.008245585,0.007506439,0.006734442,0.006389507,0.006603038,0.006767293,0.00684942,0.007095802,0.006947973,0.006865846,0.006915122,0.007260057,0.008064905,0.008541244,0.008689073,0.008886178,0.009625324,0.011021489,0.011859188,0.01174421,0.011875614,0.012811865,0.013107524,0.013206077,0.013255353,0.013222502,0.013419608,0.013863095,0.014240881,0.01438871,0.014602241,0.014750071,0.014930751,0.015111431,0.015308537,0.015554919,0.016014832,0.016458319,0.017164614,0.018100866,0.019168522,0.019989795,0.020646814,0.021911575,0.024342544,0.026559982,0.028087551,0.029910778,0.032193918,0.035823947,0.04066946,0.04487438,0.047633858,0.049161427,0.051280312,0.053087114,0.054105493,0.056076549,0.058376115,0.06118487,0.064486389,0.067229442,0.0692662,0.071302958,0.073159036,0.07521222,0.077413232,0.079236459,0.080451944,0.082225895,0.085001799,0.087399917,0.088779657,0.090799989,0.093230958,0.096401074,0.099505487,0.102347093,0.10627278,0.105894995,0.107636094,0.111036166,0.113319306,0.114978279,0.116850782,0.116998611,0.118460478,0.12099,0.135434,0.139022,0.148417,0.180407,0.227495,0.193953,0.136762,0.140027
commodity_prices_soybean_meal_dollar_per_kilogram,0.016057634,0.015327742,0.014597849,0.014597849,0.013867957,0.013138065,0.013138065,0.013138065,0.012408172,0.012043226,0.01167828,0.01167828,0.010583441,0.010218495,0.010583441,0.010583441,0.010583441,0.010218495,0.009853548,0.009853548,0.009853548,0.009853548,0.009853548,0.009853548,0.009853548,0.009853548,0.009853548,0.009853548,0.009488602,0.009123656,0.009123656,0.009123656,0.009123656,0.009123656,0.009123656,0.009123656,0.009488602,0.009853548,0.009853548,0.009853548,0.009853548,0.010218495,0.009853548,0.009853548,0.010218495,0.010218495,0.010583441,0.010838903,0.010984882,0.011094366,0.011933742,0.01405043,0.01649557,0.019013699,0.021969763,0.019561118,0.018356796,0.018685247,0.018794731,0.019232667,0.01941514,0.019050194,0.018831226,0.018831226,0.018320301,0.016678043,0.014962796,0.014196409,0.014670839,0.015035785,0.015218258,0.015765677,0.015437226,0.015254753,0.015364237,0.016130624,0.01791886,0.018977204,0.019305656,0.019743591,0.021385849,0.024487892,0.026349118,0.026093656,0.026385613,0.028465806,0.02912271,0.029341677,0.029451161,0.029378172,0.029816108,0.030801462,0.031640839,0.03196929,0.03244372,0.032772172,0.033173613,0.033575054,0.034012989,0.034560409,0.035582258,0.036567613,0.038136882,0.040217075,0.042589226,0.044413957,0.045873742,0.048683828,0.054085032,0.059011806,0.062405806,0.06645671,0.071529462,0.079594774,0.090360688,0.099703312,0.105834409,0.109228409,0.113936215,0.117950624,0.12021329,0.124592645,0.129701892,0.135942473,0.143277892,0.149372495,0.153897828,0.158423161,0.162547054,0.167108882,0.171999161,0.176050065,0.178750667,0.182692086,0.188859677,0.194187892,0.197253441,0.20174228,0.207143484,0.214186946,0.22108443,0.227398,0.329003,0.337773,0.303152,0.330106,0.445305,0.442683,0.387732,0.32026,0.319079,0.316148,0.338912,0.303891,0.319633,0.382786,0.443352,0.438291,0.335356,0.344178349
commodity_prices_soybean_seed_dollar_per_square_meter,0.000444461,0.000424258,0.000404056,0.000404056,0.000383853,0.00036365,0.00036365,0.00036365,0.000343447,0.000333346,0.000323244,0.000323244,0.00029294,0.000282839,0.00029294,0.00029294,0.00029294,0.000282839,0.000272738,0.000272738,0.000272738,0.000272738,0.000272738,0.000272738,0.000272738,0.000272738,0.000272738,0.000272738,0.000262636,0.000252535,0.000252535,0.000252535,0.000252535,0.000252535,0.000252535,0.000252535,0.000262636,0.000272738,0.000272738,0.000272738,0.000272738,0.000282839,0.000272738,0.000272738,0.000282839,0.000282839,0.00029294,0.000300011,0.000304052,0.000307082,0.000330315,0.000388903,0.000456583,0.000526282,0.000608104,0.000541434,0.0005081,0.000517191,0.000520222,0.000532343,0.000537394,0.000527293,0.000521232,0.000521232,0.00050709,0.000461633,0.000414157,0.000392944,0.000406076,0.000416177,0.000421228,0.00043638,0.000427289,0.000422238,0.000425268,0.000446481,0.000495978,0.000525272,0.000534363,0.000546485,0.000591941,0.000677803,0.00072932,0.000722249,0.00073033,0.000787908,0.000806091,0.000812152,0.000815182,0.000813162,0.000825283,0.000852557,0.00087579,0.000884882,0.000898013,0.000907105,0.000918216,0.000929328,0.000941449,0.000956602,0.000984885,0.001012159,0.001055595,0.001113173,0.001178832,0.001229339,0.001269745,0.001347525,0.001497026,0.001633395,0.001727338,0.001839463,0.001979872,0.002203113,0.002501104,0.002759699,0.002929403,0.003023346,0.003153654,0.003264769,0.003327398,0.003448614,0.003590034,0.003762767,0.003965805,0.004134498,0.004259756,0.004385013,0.004499159,0.004625426,0.004760785,0.00487291,0.00505577,0.00475677,0.00473948,0.00558211,0.00628883,0.00677562,0.00734149,0.00806057,0.0079815,0.00982737,0.0109591,0.013655,0.0146286,0.0137267,0.0136699,0.0143766,0.0145248,0.0146311,0.0145273,0.0143494,0.0154169,0.0150561,0.0150709,0.0156195,0.0175667,0.0184859,0.019033047,0.019533757
commodity_prices_steer_holstein_300_dollar_per_kilogram,0.14216492,0.135702878,0.129240836,0.129240836,0.122778794,0.116316753,0.116316753,0.116316753,0.109854711,0.10662369,0.103392669,0.103392669,0.093699606,0.090468585,0.093699606,0.093699606,0.093699606,0.090468585,0.087237564,0.087237564,0.087237564,0.087237564,0.087237564,0.087237564,0.087237564,0.087237564,0.087237564,0.087237564,0.084006544,0.080775523,0.080775523,0.080775523,0.080775523,0.080775523,0.080775523,0.080775523,0.084006544,0.087237564,0.087237564,0.087237564,0.087237564,0.090468585,0.087237564,0.087237564,0.090468585,0.090468585,0.093699606,0.095961321,0.097253729,0.098223036,0.105654384,0.124394305,0.146042145,0.168336189,0.194507459,0.173182721,0.162520352,0.16542827,0.166397577,0.170274802,0.171890312,0.168659291,0.166720679,0.166720679,0.16219725,0.147657655,0.132471857,0.125686713,0.12988704,0.133118061,0.134733572,0.139580103,0.136672184,0.135056674,0.13602598,0.142811124,0.158643127,0.168013087,0.170921006,0.174798231,0.189337825,0.216801503,0.233279709,0.231017995,0.233602812,0.252019631,0.257835468,0.259774081,0.260743387,0.260097183,0.263974408,0.272698165,0.280129513,0.283037431,0.287237759,0.290145677,0.2936998,0.297253923,0.301131149,0.30597768,0.315024538,0.323748295,0.337641685,0.356058504,0.37706014,0.393215244,0.406139328,0.431018189,0.478837298,0.522456081,0.552504575,0.588368907,0.633280098,0.70468566,0.800000777,0.882714912,0.936996063,0.967044557,1.008724727,1.044265957,1.064298287,1.103070538,1.14830483,1.203555288,1.268498808,1.322456857,1.362521516,1.402586176,1.439096712,1.479484473,1.522780153,1.558644485,1.58255404,1.617449066,1.672053319,1.719226225,1.7463668,1.786108357,1.833927467,1.89628617,1.957352465,2.013249127,2.090470527,2.083039179,2.117288,2.184170133,2.229081324,2.261714635,2.298548273,2.301456192,2.330212278,2.37997,2.22456,2.13873,2.13709,2.43396,2.86248,4.16285,5.73829,6.06911
commodity_prices_steer_holstein_500_dollar_per_kilogram,0.121761607,0.116226989,0.11069237,0.11069237,0.105157752,0.099623133,0.099623133,0.099623133,0.094088515,0.091321206,0.088553896,0.088553896,0.080251969,0.077484659,0.080251969,0.080251969,0.080251969,0.077484659,0.07471735,0.07471735,0.07471735,0.07471735,0.07471735,0.07471735,0.07471735,0.07471735,0.07471735,0.07471735,0.071950041,0.069182731,0.069182731,0.069182731,0.069182731,0.069182731,0.069182731,0.069182731,0.071950041,0.07471735,0.07471735,0.07471735,0.07471735,0.077484659,0.07471735,0.07471735,0.077484659,0.077484659,0.080251969,0.082189085,0.083296009,0.084126201,0.090491013,0.106541406,0.125082378,0.144176812,0.166592017,0.148327776,0.139195656,0.141686234,0.142516427,0.145837198,0.147220853,0.144453543,0.142793158,0.142793158,0.138918925,0.126466033,0.11345968,0.10764833,0.111245832,0.114013141,0.115396796,0.11954776,0.117057182,0.115673527,0.11650372,0.122315069,0.135874885,0.143900081,0.14639066,0.149711431,0.162164323,0.185686451,0.199799728,0.197862612,0.200076459,0.215850122,0.220831279,0.222491664,0.223321857,0.222768395,0.226089166,0.233560901,0.239925713,0.242416291,0.246013793,0.248504371,0.251548412,0.254592452,0.257913223,0.262064187,0.269812653,0.277284388,0.289183818,0.30495748,0.32294499,0.336781537,0.347850774,0.369159055,0.410115232,0.447473907,0.473209883,0.503927016,0.542392615,0.603550149,0.685185772,0.756028889,0.802519685,0.828255661,0.863953951,0.894394352,0.91155167,0.944759381,0.983501711,1.030822699,1.086445615,1.13265968,1.166974314,1.201288949,1.232559544,1.26715091,1.304232854,1.334949986,1.355428075,1.385315015,1.432082541,1.472485257,1.495730654,1.529768558,1.570724735,1.624133804,1.676435949,1.724310399,1.79044909,1.784084279,1.813417757,1.870701059,1.909166658,1.937116481,1.968663807,1.971154385,1.995783437,2.0384,1.94514,1.81525,1.93028,2.15871,2.65001,3.46916,4.62007,5.17425
commodity_prices_steer_holstein_700_dollar_per_kilogram,0.120620092,0.115137361,0.109654629,0.109654629,0.104171898,0.098689166,0.098689166,0.098689166,0.093206435,0.090465069,0.087723704,0.087723704,0.079499606,0.076758241,0.079499606,0.079499606,0.079499606,0.076758241,0.074016875,0.074016875,0.074016875,0.074016875,0.074016875,0.074016875,0.074016875,0.074016875,0.074016875,0.074016875,0.071275509,0.068534143,0.068534143,0.068534143,0.068534143,0.068534143,0.068534143,0.068534143,0.071275509,0.074016875,0.074016875,0.074016875,0.074016875,0.076758241,0.074016875,0.074016875,0.076758241,0.076758241,0.079499606,0.081418562,0.082515109,0.083337518,0.08964266,0.105542581,0.123909731,0.142825155,0.165030217,0.146937203,0.137890696,0.140357926,0.141180335,0.144469974,0.145840657,0.143099291,0.141454472,0.141454472,0.13761656,0.125280414,0.112395995,0.106639127,0.110202903,0.112944268,0.114314951,0.118427,0.115959771,0.114589088,0.115411497,0.121168365,0.134601058,0.142551018,0.145018247,0.148307886,0.160644032,0.183945641,0.197926606,0.19600765,0.198200743,0.213826527,0.218760986,0.220405805,0.221228215,0.220679942,0.223969581,0.231371268,0.237676409,0.240143638,0.243707414,0.246174643,0.249190145,0.252205648,0.255495286,0.259607335,0.267283159,0.274684847,0.286472719,0.302098504,0.319917381,0.33362421,0.344589673,0.365698189,0.406270402,0.443278839,0.468773541,0.4992027,0.537307684,0.597891867,0.678762156,0.748941119,0.794996063,0.820490764,0.855854382,0.886009405,0.903005873,0.935902262,0.974281382,1.021158736,1.076260187,1.122040995,1.15603393,1.190026865,1.221004298,1.25527137,1.292005671,1.32243483,1.342720937,1.372327687,1.418656768,1.458680707,1.481708179,1.515426978,1.555999191,1.60890755,1.660719362,1.708144989,1.77366363,1.767358489,1.796416966,1.853163236,1.89126822,1.918956014,1.950207583,1.952674813,1.977072968,2.01929,1.88435,1.81735,1.83436,2.05326,2.53131,3.25987,4.0121,4.59025
commodity_prices_sundan_silage_dollar_per_kilogram,0.003985,0.003803863,0.003622727,0.003622727,0.003441591,0.003260454,0.003260454,0.003260454,0.003079318,0.00298875,0.002898182,0.002898182,0.002626477,0.002535909,0.002626477,0.002626477,0.002626477,0.002535909,0.002445341,0.002445341,0.002445341,0.002445341,0.002445341,0.002445341,0.002445341,0.002445341,0.002445341,0.002445341,0.002354772,0.002264204,0.002264204,0.002264204,0.002264204,0.002264204,0.002264204,0.002264204,0.002354772,0.002445341,0.002445341,0.002445341,0.002445341,0.002535909,0.002445341,0.002445341,0.002535909,0.002535909,0.002626477,0.002689875,0.002726102,0.002753272,0.002961579,0.003486875,0.004093681,0.004718602,0.005452204,0.004854454,0.004555579,0.00463709,0.004664261,0.004772943,0.004818227,0.004727659,0.004673318,0.004673318,0.004546522,0.004138965,0.003713295,0.003523102,0.003640841,0.003731409,0.003776693,0.003912545,0.003831034,0.00378575,0.00381292,0.004003113,0.004446897,0.004709545,0.004791056,0.004899738,0.005307295,0.006077124,0.006539022,0.006475624,0.006548079,0.007064317,0.00722734,0.007281681,0.007308852,0.007290738,0.00739942,0.007643954,0.007852261,0.007933772,0.008051511,0.008133022,0.008232647,0.008332272,0.008440954,0.008576806,0.008830397,0.009074931,0.009464374,0.009980613,0.010569306,0.011022147,0.011384419,0.012081794,0.013422203,0.014644874,0.015487158,0.016492464,0.017751362,0.019752918,0.02242468,0.024743225,0.02626477,0.027107054,0.028275383,0.029271633,0.029833156,0.030919974,0.032187929,0.033736644,0.035557065,0.037069553,0.038192598,0.039315644,0.040339064,0.041471166,0.04268478,0.043690086,0.044360291,0.045338427,0.046869029,0.048191325,0.048952097,0.050066086,0.051406495,0.05315446,0.054866199,0.056433028,0.058597608,0.058389301,0.059349323,0.061224085,0.062482982,0.063397721,0.064430198,0.064511709,0.065317766,0.066712516,0.068342743,0.069583527,0.070434868,0.073749663,0.079645651,0.082924219,0.085378616,0.087624707
commodity_prices_water_irrigation_dollar_per_cubic_meter,0.001679105,0.001602782,0.001526459,0.001526459,0.001450136,0.001373813,0.001373813,0.001373813,0.00129749,0.001259329,0.001221168,0.001221168,0.001106683,0.001068522,0.001106683,0.001106683,0.001106683,0.001068522,0.00103036,0.00103036,0.00103036,0.00103036,0.00103036,0.00103036,0.00103036,0.00103036,0.00103036,0.00103036,0.000992199,0.000954037,0.000954037,0.000954037,0.000954037,0.000954037,0.000954037,0.000954037,0.000992199,0.00103036,0.00103036,0.00103036,0.00103036,0.001068522,0.00103036,0.00103036,0.001068522,0.001068522,0.001106683,0.001133396,0.001148661,0.001160109,0.001247881,0.001469217,0.001724899,0.001988213,0.002297321,0.002045456,0.001919523,0.001953868,0.001965316,0.00201111,0.002030191,0.00199203,0.001969133,0.001969133,0.001915707,0.00174398,0.001564621,0.001484482,0.001534092,0.001572253,0.001591334,0.001648576,0.001614231,0.00159515,0.001606599,0.001686738,0.001873729,0.001984397,0.002018743,0.002064536,0.002236263,0.002560636,0.002755259,0.002728546,0.002759075,0.002976596,0.003045287,0.003068183,0.003079632,0.003072,0.003117793,0.003220829,0.003308601,0.003342946,0.003392556,0.003426901,0.003468879,0.003510857,0.00355665,0.003613893,0.003720745,0.003823781,0.003987875,0.004205396,0.004453445,0.004644253,0.004796899,0.005090742,0.005655532,0.006170712,0.006525614,0.006949206,0.007479651,0.00832302,0.009448784,0.010425718,0.011066831,0.011421732,0.011914016,0.012333792,0.012570393,0.013028331,0.013562592,0.014215153,0.014982199,0.015619496,0.016092698,0.016565901,0.016997125,0.017474144,0.017985508,0.0184091,0.018691495,0.019103639,0.019748569,0.020305726,0.020626283,0.021095669,0.021660459,0.022396976,0.023118228,0.023778421,0.024690481,0.024602709,0.025007221,0.025797164,0.026327609,0.02671304,0.02714808,0.027182426,0.027522063,0.02810975,0.034349969,0.034973604,0.035401499,0.037067559,0.040030961,0.043956935,0.045257976,0.046448596
commodity_prices_water_municipal_dollar_per_cubic_meter,0.050770624,0.048462868,0.046155113,0.046155113,0.043847357,0.041539601,0.041539601,0.041539601,0.039231846,0.038077968,0.03692409,0.03692409,0.033462457,0.032308579,0.033462457,0.033462457,0.033462457,0.032308579,0.031154701,0.031154701,0.031154701,0.031154701,0.031154701,0.031154701,0.031154701,0.031154701,0.031154701,0.031154701,0.030000823,0.028846945,0.028846945,0.028846945,0.028846945,0.028846945,0.028846945,0.028846945,0.030000823,0.031154701,0.031154701,0.031154701,0.031154701,0.032308579,0.031154701,0.031154701,0.032308579,0.032308579,0.033462457,0.034270171,0.034731722,0.035077886,0.037731805,0.044424296,0.052155277,0.060117034,0.069463444,0.061847851,0.058040054,0.059078544,0.059424707,0.060809361,0.0613863,0.060232422,0.059540095,0.059540095,0.057924666,0.052732216,0.04730899,0.044885847,0.046385888,0.047539766,0.048116705,0.049847522,0.048809032,0.048232093,0.048578256,0.051001399,0.056655401,0.060001646,0.061040136,0.06242479,0.06761724,0.077425201,0.083309978,0.082502264,0.083425366,0.09000247,0.09207945,0.092771776,0.09311794,0.092887164,0.094271817,0.097387288,0.100041207,0.101079697,0.102579738,0.103618228,0.104887493,0.106156759,0.107541412,0.109272229,0.112503087,0.115618557,0.120580232,0.127157335,0.134657541,0.14042693,0.145042441,0.1539273,0.171004692,0.186582043,0.197313106,0.21012115,0.226160052,0.251660751,0.285700147,0.315239419,0.334624566,0.34535563,0.360240654,0.37293331,0.380087352,0.393933886,0.410088175,0.429819486,0.45301243,0.472282189,0.486590274,0.500898359,0.513937179,0.528360651,0.543822614,0.556630658,0.565169353,0.577631234,0.597131769,0.613978385,0.623670959,0.637863656,0.654941047,0.677210889,0.69901918,0.718981266,0.746558946,0.76612908,0.786672903,0.808253629,0.830939954,0.854806652,0.879935261,0.906414842,0.934342855,0.963826142,0.994982051,1.027939712,1.062841489,1.099844643,1.139123222,1.180870235,1.215821724,1.247806851
commodity_prices_wheat_seed_dollar_per_square_meter,0.000168927,0.000161249,0.00015357,0.00015357,0.000145892,0.000138213,0.000138213,0.000138213,0.000130535,0.000126696,0.000122856,0.000122856,0.000111339,0.000107499,0.000111339,0.000111339,0.000111339,0.000107499,0.00010366,0.00010366,0.00010366,0.00010366,0.00010366,0.00010366,0.00010366,0.00010366,0.00010366,0.00010366,9.98E-05,9.60E-05,9.60E-05,9.60E-05,9.60E-05,9.60E-05,9.60E-05,9.60E-05,9.98E-05,0.00010366,0.00010366,0.00010366,0.00010366,0.000107499,0.00010366,0.00010366,0.000107499,0.000107499,0.000111339,0.000114026,0.000115562,0.000116714,0.000125544,0.000147812,0.000173535,0.000200025,0.000231124,0.000205784,0.000193115,0.00019657,0.000197722,0.000202329,0.000204249,0.000200409,0.000198106,0.000198106,0.000192731,0.000175454,0.00015741,0.000149347,0.000154338,0.000158178,0.000160097,0.000165856,0.000162401,0.000160481,0.000161633,0.000169695,0.000188508,0.000199642,0.000203097,0.000207704,0.000224981,0.000257614,0.000277195,0.000274507,0.000277579,0.000299462,0.000306373,0.000308677,0.000309828,0.000309061,0.000313668,0.000324034,0.000332864,0.000336319,0.00034131,0.000344766,0.000348989,0.000353212,0.000357819,0.000363578,0.000374328,0.000384694,0.000401203,0.000423087,0.000448042,0.000467238,0.000482595,0.000512157,0.000568978,0.000620808,0.000656514,0.000699129,0.000752495,0.000837343,0.000950601,0.001048886,0.001113386,0.001149091,0.001198617,0.001240849,0.001264653,0.001310724,0.001364473,0.001430125,0.001507294,0.001571409,0.001619016,0.001666623,0.001710007,0.001757998,0.001809444,0.001852059,0.00188047,0.00157653,0.00151723,0.00156665,0.00164325,0.001878,0.00194966,0.00199167,0.00209051,0.00241422,0.00395862,0.003457,0.00273545,0.00330874,0.00378812,0.00396851,0.0039092,0.00398334,0.00377082,0.00348665,0.00366457,0.00366457,0.00349901,0.00373376,0.00446766,0.00487538,0.005019682,0.005151737
commodity_prices_whey_dry_dollar_per_kilogram,0.045727445,0.043648925,0.041570405,0.041570405,0.039491884,0.037413364,0.037413364,0.037413364,0.035334844,0.034295584,0.033256324,0.033256324,0.030138543,0.029099283,0.030138543,0.030138543,0.030138543,0.029099283,0.028060023,0.028060023,0.028060023,0.028060023,0.028060023,0.028060023,0.028060023,0.028060023,0.028060023,0.028060023,0.027020763,0.025981503,0.025981503,0.025981503,0.025981503,0.025981503,0.025981503,0.025981503,0.027020763,0.028060023,0.028060023,0.028060023,0.028060023,0.029099283,0.028060023,0.028060023,0.029099283,0.029099283,0.030138543,0.030866025,0.031281729,0.031593507,0.033983806,0.040011514,0.046974557,0.054145452,0.062563459,0.055704342,0.052274784,0.053210118,0.053521896,0.054769008,0.055288638,0.054249378,0.053625822,0.053625822,0.052170858,0.047494187,0.042609665,0.040427218,0.041778257,0.042817517,0.043337147,0.044896037,0.043960703,0.043441073,0.043752851,0.045935297,0.051027672,0.054041526,0.05497686,0.056223972,0.060900643,0.069734354,0.07503458,0.074307098,0.075138506,0.081062289,0.082932957,0.083556513,0.083868291,0.083660439,0.084907551,0.087713554,0.090103852,0.091039186,0.092390224,0.093325558,0.094468744,0.09561193,0.096859043,0.098417933,0.101327861,0.104133863,0.108602682,0.114526465,0.121281655,0.126477956,0.130634996,0.138637299,0.154018349,0.16804836,0.17771348,0.189249267,0.203694982,0.226662631,0.257320804,0.283925863,0.301385433,0.311050552,0.324457008,0.335888869,0.342332282,0.354803403,0.369353045,0.387124392,0.408013521,0.425369165,0.43825599,0.451142816,0.462886455,0.475877206,0.489803292,0.501339079,0.509029604,0.520253613,0.537817109,0.552990307,0.561720092,0.574502991,0.589884041,0.609941761,0.629583777,0.647562977,0.672401294,0.670010996,0.681027153,0.702539837,0.716985553,0.72748208,0.739329645,0.740264979,0.749514394,0.765519,0.754386,0.853671,0.798221,1.26639,1.33543,0.797707,1.08313,1.5913
commodity_prices_winter_wheat_grain_dollar_per_kilogram,0.077842352,0.074304063,0.070765774,0.070765774,0.067227485,0.063689197,0.063689197,0.063689197,0.060150908,0.058381764,0.056612619,0.056612619,0.051305186,0.049536042,0.051305186,0.051305186,0.051305186,0.049536042,0.047766898,0.047766898,0.047766898,0.047766898,0.047766898,0.047766898,0.047766898,0.047766898,0.047766898,0.047766898,0.045997753,0.044228609,0.044228609,0.044228609,0.044228609,0.044228609,0.044228609,0.044228609,0.045997753,0.047766898,0.047766898,0.047766898,0.047766898,0.049536042,0.047766898,0.047766898,0.039315831,0.034539141,0.034906579,0.041153019,0.045194834,0.047032022,0.041153019,0.081938601,0.077529349,0.077161911,0.054380776,0.03472286,0.038213518,0.03472286,0.048501773,0.054380776,0.044459958,0.04262277,0.03784608,0.038213518,0.025500175,0.014036119,0.014366813,0.028549907,0.03101174,0.030387096,0.037478643,0.035898661,0.021090922,0.025500175,0.025353199,0.035163785,0.040785582,0.051073837,0.052543587,0.055115651,0.06944572,0.082306039,0.073487535,0.068343407,0.073854972,0.078631662,0.076794474,0.074589848,0.077529349,0.072017784,0.072017784,0.070548033,0.063566717,0.063934155,0.063934155,0.065771344,0.073487535,0.067241094,0.049604086,0.048869211,0.059892341,0.049971524,0.044092521,0.044459958,0.047766898,0.049604086,0.062831842,0.136686814,0.143300693,0.123826496,0.100310485,0.08377579,0.11059874,0.139258878,0.140728629,0.134114751,0.125663684,0.125663684,0.121989308,0.109496427,0.085612978,0.091491981,0.134114751,0.138891441,0.09626867,0.107291801,0.119049806,0.111333615,0.123826496,0.162040014,0.159100513,0.118682369,0.092594294,0.084143227,0.092226856,0.099943047,0.125296247,0.120152119,0.121989308,0.121989308,0.15322151,0.225239294,0.241406551,0.173063144,0.197314031,0.250225056,0.277415443,0.253164557,0.217523103,0.176370083,0.131175249,0.158733075,0.186658338,0.166449266,0.182983961,0.256838934,0.315261524,0.245815803,0.253091479,0.259749661
crops_milk-price-received_dollar-per-CWT,2.319063005,2.21365105,2.108239095,2.108239095,2.002827141,1.897415186,1.897415186,1.897415186,1.792003231,1.739297254,1.686591276,1.686591276,1.528473344,1.475767367,1.528473344,1.528473344,1.528473344,1.475767367,1.423061389,1.423061389,1.423061389,1.423061389,1.423061389,1.423061389,1.423061389,1.423061389,1.423061389,1.423061389,1.370355412,1.317649435,1.317649435,1.317649435,1.317649435,1.317649435,1.317649435,1.317649435,1.370355412,1.423061389,1.423061389,1.423061389,1.423061389,1.475767367,1.423061389,1.423061389,1.475767367,1.475767367,1.528473344,1.565367528,1.586449919,1.602261712,1.72348546,2.029180129,2.382310178,2.745981422,3.172899838,2.825040388,2.651110662,2.698546042,2.714357835,2.777605008,2.803957997,2.751252019,2.719628433,2.719628433,2.645840065,2.408663166,2.160945073,2.05026252,2.118780291,2.171486268,2.197839257,2.276898223,2.229462843,2.203109855,2.218921648,2.3296042,2.587863489,2.740710824,2.788146204,2.851393376,3.088570275,3.536571082,3.805371567,3.768477383,3.810642165,4.111066236,4.205936995,4.237560582,4.253372375,4.242831179,4.306078352,4.448384491,4.569608239,4.617043619,4.685561389,4.732996769,4.790973344,4.848949919,4.912197092,4.991256058,5.138832795,5.281138934,5.507774637,5.808198708,6.150787561,6.414317447,6.625141357,7.030977383,7.811025848,8.522556543,9.012722132,9.597758481,10.33037157,11.49517367,13.05,13.77,13.61,13.58,13.46,12.76,12.51,12.54,12.26,13.56,13.74,12.27,13.15,12.84,13.01,12.78,14.75,13.36,15.46,14.38,12.4,15.04,12.18,12.55,16.13,15.19,12.96,19.21,18.45,12.93,16.35,20.24,18.56,20.11,24.07,17.21,16.34,17.69,16.28,18.65,18.16,18.54,25.39,20.38,20.98320882,21.5352228
farm_services_grain_transportation_dollars_per_tonne_km,0.006768333,0.006460682,0.00615303,0.00615303,0.005845379,0.005537727,0.005537727,0.005537727,0.005230076,0.00507625,0.004922424,0.004922424,0.004460947,0.004307121,0.004460947,0.004460947,0.004460947,0.004307121,0.004153295,0.004153295,0.004153295,0.004153295,0.004153295,0.004153295,0.004153295,0.004153295,0.004153295,0.004153295,0.00399947,0.003845644,0.003845644,0.003845644,0.003845644,0.003845644,0.003845644,0.003845644,0.00399947,0.004153295,0.004153295,0.004153295,0.004153295,0.004307121,0.004153295,0.004153295,0.004307121,0.004307121,0.004460947,0.004568625,0.004630155,0.004676303,0.005030102,0.005922292,0.006952924,0.008014322,0.009260311,0.008245061,0.007737436,0.007875879,0.007922026,0.008106617,0.00818353,0.008029705,0.007937409,0.007937409,0.007722053,0.007029837,0.006306856,0.005983822,0.006183795,0.006337621,0.006414534,0.006645273,0.00650683,0.006429917,0.006476064,0.006799098,0.007552845,0.007998939,0.008137383,0.008321973,0.009014189,0.010321708,0.01110622,0.010998542,0.011121602,0.011998409,0.012275295,0.012367591,0.012413739,0.012382973,0.012567564,0.012982894,0.013336693,0.013475136,0.01367511,0.013813553,0.013982761,0.01415197,0.014336561,0.014567299,0.014998011,0.015413341,0.016074792,0.016951598,0.017951466,0.018720595,0.019335898,0.020520356,0.022796977,0.024873625,0.026304204,0.02801167,0.030149848,0.033549398,0.038087257,0.042025197,0.044609469,0.046040049,0.048024401,0.049716485,0.050670204,0.052516113,0.054669674,0.057300094,0.060391992,0.062960882,0.064868322,0.066775761,0.068513992,0.070436814,0.072498079,0.074205545,0.075343856,0.077005174,0.079604829,0.081850685,0.083142822,0.085034878,0.0873115,0.090280337,0.093187644,0.095848829,0.099525265,0.099171465,0.100802018,0.103986212,0.10612439,0.10767803,0.109431643,0.109570087,0.110939136,0.113308053,0.116076916,0.118184329,0.119630291,0.125260314,0.135274371,0.140842863,0.145814982,0.149650997
farm_services_labor_hours_animal_manure_hours_per_head_per_year,0.116990176,0.111672441,0.106354705,0.106354705,0.10103697,0.095719235,0.095719235,0.095719235,0.0904015,0.087742632,0.085083764,0.085083764,0.077107161,0.074448294,0.077107161,0.077107161,0.077107161,0.074448294,0.071789426,0.071789426,0.071789426,0.071789426,0.071789426,0.071789426,0.071789426,0.071789426,0.071789426,0.071789426,0.069130558,0.066471691,0.066471691,0.066471691,0.066471691,0.066471691,0.066471691,0.066471691,0.069130558,0.071789426,0.071789426,0.071789426,0.071789426,0.074448294,0.071789426,0.071789426,0.074448294,0.074448294,0.077107161,0.078968369,0.080031916,0.080829576,0.086944972,0.102366404,0.120180817,0.138527004,0.160063831,0.142515305,0.133741042,0.136134023,0.136931683,0.140122324,0.141451758,0.13879289,0.13719757,0.13719757,0.133475155,0.121510251,0.109013573,0.103429951,0.106886479,0.109545346,0.11087478,0.114863082,0.112470101,0.111140667,0.111938327,0.117521949,0.130550401,0.138261117,0.140654098,0.143844739,0.155809643,0.178410018,0.191970243,0.190109036,0.19223613,0.207391675,0.212177637,0.213772958,0.214570618,0.214038844,0.217229486,0.224408428,0.230523824,0.232916805,0.236373333,0.238766313,0.241691068,0.244615822,0.247806463,0.251794765,0.259239594,0.266418537,0.277851668,0.293007213,0.310289853,0.323584191,0.334219661,0.354692942,0.394044183,0.429938896,0.454666365,0.484179796,0.521138056,0.579899031,0.658335626,0.726402637,0.771071614,0.795799083,0.830098475,0.859346019,0.875830998,0.90773741,0.944961557,0.990428193,1.043871433,1.088274522,1.121244481,1.154214439,1.184259644,1.217495489,1.253124315,1.282637746,1.302313367,1.331029137,1.375964,1.429444,1.628084,1.593322,1.561998,1.561616,1.58148,1.6235,1.568492,1.52991,1.64451,1.50699,1.539078,1.529528,1.56047,1.64069,1.638016,1.716326,1.557796,1.492856,1.561998,1.477958,1.476812,1.48025,1.52036,1.560356741
farm_services_labor_hours_animal_nonmanure_hours_per_head_per_year,2.945579872,2.811689878,2.677799884,2.677799884,2.54390989,2.410019896,2.410019896,2.410019896,2.276129901,2.209184904,2.142239907,2.142239907,1.941404916,1.874459919,1.941404916,1.941404916,1.941404916,1.874459919,1.807514922,1.807514922,1.807514922,1.807514922,1.807514922,1.807514922,1.807514922,1.807514922,1.807514922,1.807514922,1.740569925,1.673624928,1.673624928,1.673624928,1.673624928,1.673624928,1.673624928,1.673624928,1.740569925,1.807514922,1.807514922,1.807514922,1.807514922,1.874459919,1.807514922,1.807514922,1.874459919,1.874459919,1.941404916,1.988266414,2.015044413,2.035127912,2.189101405,2.577382388,3.025913869,3.487834349,4.030088826,3.588251845,3.367333354,3.427583852,3.447667351,3.528001347,3.561473846,3.494528849,3.45436185,3.45436185,3.360638854,3.059386368,2.744744881,2.604160387,2.691188883,2.758133881,2.791606379,2.892023875,2.831773377,2.798300879,2.818384378,2.958968872,3.286999358,3.481139849,3.541390347,3.621724343,3.92297683,4.492009306,4.833428791,4.786567293,4.84012329,5.221709774,5.342210769,5.382377767,5.402461266,5.389072267,5.469406263,5.650157755,5.804131249,5.864381746,5.951410242,6.01166074,6.085300237,6.158939733,6.23927373,6.339691226,6.527137217,6.70788871,6.995752197,7.377338681,7.812481162,8.147206147,8.414986136,8.930462613,9.92124857,10.82500603,11.4475945,12.19068397,13.12121943,14.60070387,16.57558128,18.28937321,19.41404916,20.03663763,20.9002281,21.63662306,22.05168205,22.85502201,23.79225197,24.93701142,26.28260586,27.40058731,28.23070528,29.06082324,29.81730171,30.65411417,31.55117713,32.2942666,32.78965958,33.51266555,34.644036,35.990556,40.991916,40.116678,39.328002,39.318384,39.81852,40.8765,39.491508,38.52009,41.40549,37.94301,38.750922,38.510472,39.28953,41.30931,41.241984,43.213674,39.222204,37.587144,39.328002,37.212042,37.183188,37.26975,38.27964,39.28667837
farm_services_labor_hours_animal_total_hours_per_head_per_year,3.062570048,2.923362319,2.784154589,2.784154589,2.64494686,2.50573913,2.50573913,2.50573913,2.366531401,2.296927536,2.227323671,2.227323671,2.018512077,1.948908213,2.018512077,2.018512077,2.018512077,1.948908213,1.879304348,1.879304348,1.879304348,1.879304348,1.879304348,1.879304348,1.879304348,1.879304348,1.879304348,1.879304348,1.809700483,1.740096618,1.740096618,1.740096618,1.740096618,1.740096618,1.740096618,1.740096618,1.809700483,1.879304348,1.879304348,1.879304348,1.879304348,1.948908213,1.879304348,1.879304348,1.948908213,1.948908213,2.018512077,2.067234783,2.095076329,2.115957488,2.276046377,2.679748792,3.146094686,3.626361353,4.190152657,3.73076715,3.501074396,3.563717874,3.584599034,3.668123671,3.702925604,3.633321739,3.59155942,3.59155942,3.49411401,3.180896618,2.853758454,2.707590338,2.798075362,2.867679227,2.902481159,3.006886957,2.944243478,2.909441546,2.930322705,3.076490821,3.417549758,3.619400966,3.682044444,3.765569082,4.078786473,4.670419324,5.025399034,4.976676329,5.03235942,5.429101449,5.554388406,5.596150725,5.617031884,5.603111111,5.686635749,5.874566184,6.034655072,6.097298551,6.187783575,6.250427053,6.326991304,6.403555556,6.487080193,6.59148599,6.786376812,6.974307246,7.273603865,7.670345894,8.122771014,8.470790338,8.749205797,9.285155556,10.31529275,11.25494493,11.90226087,12.67486377,13.64235749,15.1806029,17.23391691,19.01577585,20.18512077,20.83243671,21.73032657,22.49596908,22.92751304,23.76275942,24.73721353,25.92743961,27.32647729,28.48886184,29.35194976,30.21503768,31.00156135,31.87160966,32.80430145,33.57690435,34.09197295,34.84369469,36.02,37.42,42.62,41.71,40.89,40.88,41.4,42.5,41.06,40.05,43.05,39.45,40.29,40.04,40.85,42.95,42.88,44.93,40.78,39.08,40.89,38.69,38.66,38.75,39.8,40.84703511
farm_services_labor_hours_crop_hours_per_ha_per_year,0.51694686,0.493449275,0.469951691,0.469951691,0.446454106,0.422956522,0.422956522,0.422956522,0.399458937,0.387710145,0.375961353,0.375961353,0.340714976,0.328966184,0.340714976,0.340714976,0.340714976,0.328966184,0.317217391,0.317217391,0.317217391,0.317217391,0.317217391,0.317217391,0.317217391,0.317217391,0.317217391,0.317217391,0.305468599,0.293719807,0.293719807,0.293719807,0.293719807,0.293719807,0.293719807,0.293719807,0.305468599,0.317217391,0.317217391,0.317217391,0.317217391,0.328966184,0.317217391,0.317217391,0.328966184,0.328966184,0.340714976,0.34893913,0.353638647,0.357163285,0.384185507,0.452328502,0.531045411,0.612112077,0.707277295,0.629735266,0.590964251,0.601538164,0.605062802,0.619161353,0.625035749,0.613286957,0.606237681,0.606237681,0.589789372,0.536919807,0.481700483,0.457028019,0.472301449,0.484050242,0.489924638,0.507547826,0.496973913,0.491099517,0.494624155,0.519296618,0.5768657,0.610937198,0.621511111,0.635609662,0.688479227,0.788343961,0.848262802,0.840038647,0.849437681,0.916405797,0.937553623,0.944602899,0.948127536,0.945777778,0.959876329,0.991598068,1.01862029,1.029194203,1.044467633,1.055041546,1.067965217,1.080888889,1.09498744,1.112610628,1.145507246,1.177228986,1.227748792,1.294716908,1.371084058,1.429828019,1.476823188,1.567288889,1.741171014,1.89977971,2.009043478,2.139455072,2.302763285,2.562411594,2.909000966,3.209770048,3.407149758,3.516413527,3.667972947,3.797209662,3.870052174,4.011037681,4.175520773,4.376425121,4.612575845,4.808780676,4.9544657,5.100150725,5.232912077,5.379771981,5.537205797,5.667617391,5.754558454,5.881445411,6.08,6.23,6.72,6.42,6.35,6.18,6.15,5.98,6.18,6.47,6.94,6.65,6.42,6.72,6.75,6.7,6.38,6.52,6.3,6.3,6.45,6.42,6.89,6.47,6.5,6.670998197
farm_services_labor_hours_dollar_per_hour,0.633127517,0.604348993,0.57557047,0.57557047,0.546791946,0.518013423,0.518013423,0.518013423,0.489234899,0.474845638,0.460456376,0.460456376,0.417288591,0.402899329,0.417288591,0.417288591,0.417288591,0.402899329,0.388510067,0.388510067,0.388510067,0.388510067,0.388510067,0.388510067,0.388510067,0.388510067,0.388510067,0.388510067,0.374120805,0.359731544,0.359731544,0.359731544,0.359731544,0.359731544,0.359731544,0.359731544,0.374120805,0.388510067,0.388510067,0.388510067,0.388510067,0.402899329,0.388510067,0.388510067,0.402899329,0.402899329,0.417288591,0.427361074,0.433116779,0.437433557,0.470528859,0.553986577,0.650394631,0.749680537,0.866233557,0.77126443,0.723779866,0.736730201,0.74104698,0.758314094,0.765508725,0.751119463,0.742485906,0.742485906,0.72234094,0.657589262,0.589959732,0.559742282,0.578448322,0.592837584,0.600032215,0.621616107,0.608665772,0.601471141,0.605787919,0.636005369,0.706512752,0.748241611,0.761191946,0.77845906,0.843210738,0.965519463,1.038904698,1.028832215,1.040343624,1.122362416,1.148263087,1.156896644,1.161213423,1.15833557,1.175602685,1.214453691,1.247548993,1.260499329,1.279205369,1.292155705,1.307983893,1.323812081,1.341079195,1.362663087,1.40295302,1.441804027,1.503677852,1.585696644,1.679226846,1.751173154,1.808730201,1.919527517,2.132488591,2.326743624,2.460563758,2.620284564,2.820295302,3.138297987,3.562781208,3.931146309,4.172885906,4.30670604,4.492327517,4.650609396,4.739822819,4.91249396,5.113943624,5.36,5.52,5.79,6.06,6.25,6.39,6.54,6.78,7.35,7.47,7.77,8.1,8.45,8.81,9.08,9.23,9.5,9.87,10.23,10.6,10.83,10.95,11.07,11.51,11.87,12.07,12.54,12.98,13.32,14.17,14.91,15.49,16.38,17.56,18.53,19.1,19.60247162
farm_services_land_ha_rent_dollar_per_hectare,10.74670391,10.25821737,9.769730826,9.769730826,9.281244284,8.792757743,8.792757743,8.792757743,8.304271202,8.060027931,7.815784661,7.815784661,7.083054849,6.838811578,7.083054849,7.083054849,7.083054849,6.838811578,6.594568307,6.594568307,6.594568307,6.594568307,6.594568307,6.594568307,6.594568307,6.594568307,6.594568307,6.594568307,6.350325037,6.106081766,6.106081766,6.106081766,6.106081766,6.106081766,6.106081766,6.106081766,6.350325037,6.594568307,6.594568307,6.594568307,6.594568307,6.838811578,6.594568307,6.594568307,6.838811578,6.838811578,7.083054849,7.254025138,7.351722446,7.424995428,7.98675495,9.40336592,11.03979583,12.7250744,14.70344489,13.09143931,12.28543651,12.50525546,12.57852844,12.87162036,12.993742,12.74949873,12.60295277,12.60295277,12.26101219,11.16191747,10.0139741,9.501063228,9.81857948,10.06282275,10.18494439,10.55130929,10.33149035,10.20936871,10.28264169,10.79555256,11.99234459,12.70065007,12.92046902,13.21356094,14.31265566,16.38872346,17.63436414,17.46339385,17.65878847,19.05097511,19.490613,19.63715896,19.71043194,19.66158329,19.95467521,20.61413204,21.17589156,21.39571051,21.71322676,21.9330457,22.2017133,22.4703809,22.76347282,23.12983773,23.81371889,24.47317572,25.52342178,26.91560842,28.50318968,29.72440604,30.70137912,32.5820523,36.19685271,39.49413686,41.76559928,44.47669958,47.87168105,53.26945733,60.47463381,66.72726154,70.83054849,73.1020109,76.25274909,78.93942507,80.45373335,83.3846526,86.80405839,90.98061831,95.88990805,99.96877067,102.9973872,106.0260038,108.7859527,111.8389936,115.1118535,117.8229538,119.630354,122.2681813,126.3958926,129.9618443,132.0134878,135.01768,138.6324804,143.3463755,147.9625734,152.1879819,158.0253961,157.4636366,160.0526153,165.108451,168.5034324,170.9702894,173.7546627,173.9744817,176.1482468,179.9095932,184.305972,187.6521048,189.9479916,198.8872953,214.7875322,223.6291386,230.2481312,236.3053643
farm_services_tractor_large_dollar_per_hour,13.48232205,12.86948923,12.25665641,12.25665641,11.64382359,11.03099076,11.03099076,11.03099076,10.41815794,10.11174153,9.805325124,9.805325124,8.886075894,8.579659484,8.886075894,8.886075894,8.886075894,8.579659484,8.273243074,8.273243074,8.273243074,8.273243074,8.273243074,8.273243074,8.273243074,8.273243074,8.273243074,8.273243074,7.966826663,7.660410253,7.660410253,7.660410253,7.660410253,7.660410253,7.660410253,7.660410253,7.966826663,8.273243074,8.273243074,8.273243074,8.273243074,8.579659484,8.273243074,8.273243074,8.579659484,8.579659484,8.886075894,9.100567381,9.223133945,9.315058868,10.01981661,11.79703179,13.85002174,15.96429497,18.44626789,16.42391958,15.41274543,15.6885202,15.78044512,16.14814481,16.30135302,15.99493661,15.81108676,15.81108676,15.38210379,14.00322994,12.56307282,11.91959835,12.31793969,12.6243561,12.7775643,13.23718892,12.96141415,12.80820594,12.90013087,13.54360533,15.04504574,15.93365333,16.2094281,16.57712779,17.95600163,20.56054112,22.12326481,21.90877332,22.15390645,23.90047999,24.45202953,24.63587937,24.7278043,24.66652102,25.03422071,25.86154502,26.56630276,26.84207753,27.24041886,27.51619363,27.85325168,28.19030973,28.55800942,29.01763404,29.87559999,30.7029243,32.02051486,33.7670884,35.75879506,37.29087711,38.51654275,40.87594911,45.41091198,49.54753352,52.39720613,55.79842829,60.05761639,66.82941905,75.86870315,83.71296325,88.86075894,91.71043155,95.66320324,99.03378376,100.9335655,104.6105624,108.9003922,114.1401128,120.2990826,125.4162367,129.2158002,133.0153636,136.4778691,140.3080742,146.9274516,148.0219118,144.9865081,148.8893777,161.2564247,160.8994946,160.9113006,168.4395616,180.9859943,204.8776557,217.0471384,226.2448587,258.5500077,224.9170962,243.2221349,272.0525195,279.1963761,279.8439665,280.3530496,250.2494679,240.5964467,252.4009492,271.1592873,273.4878048,262.2864839,292.3327672,370.667549,360.8161178,371.4955813,381.2686697
farm_services_tractor_medium_dollar_per_hour,7.393276523,7.057218499,6.721160475,6.721160475,6.385102451,6.049044428,6.049044428,6.049044428,5.712986404,5.544957392,5.37692838,5.37692838,4.872841345,4.704812333,4.872841345,4.872841345,4.872841345,4.704812333,4.536783321,4.536783321,4.536783321,4.536783321,4.536783321,4.536783321,4.536783321,4.536783321,4.536783321,4.536783321,4.368754309,4.200725297,4.200725297,4.200725297,4.200725297,4.200725297,4.200725297,4.200725297,4.368754309,4.536783321,4.536783321,4.536783321,4.536783321,4.704812333,4.536783321,4.536783321,4.704812333,4.704812333,4.872841345,4.990461653,5.057673258,5.108081961,5.494548688,6.469116957,7.594911337,8.754311519,10.11534652,9.006355037,8.451859298,8.603085408,8.653494112,8.855128926,8.939143432,8.77111442,8.670297013,8.670297013,8.435056396,7.678925843,6.889189487,6.536328562,6.754766278,6.922795289,7.006809795,7.258853313,7.107627203,7.023612697,7.0740214,7.426882325,8.250224483,8.737508618,8.888734728,9.090369543,9.846500096,11.2747467,12.13169466,12.01407435,12.14849756,13.10626293,13.40871515,13.50953256,13.55994126,13.52633546,13.72797027,14.1816486,14.56811533,14.71934144,14.93777916,15.08900527,15.27383718,15.45866909,15.66030391,15.91234743,16.38282866,16.83650699,17.55903174,18.51679711,19.60898569,20.44913075,21.12124679,22.41507018,24.90189956,27.17029122,28.73296103,30.59808306,32.93368633,36.64712749,41.60398334,45.90552605,48.72841345,50.29108326,52.45865751,54.30697664,55.34875651,57.36510466,59.71751082,62.59080693,65.96819006,68.77427456,70.85783431,72.94139406,74.84012189,76.94048454,80.23602955,81.27501555,80.26872001,82.27781041,87.82752818,88.16618902,88.68278401,92.2386242,98.08278799,109.1271157,114.8597394,119.431736,133.8876349,120.6901214,128.8179162,141.4993197,145.176592,145.9008894,146.6784441,134.6764261,131.1503026,136.4890271,145.2124361,147.3699011,143.4645789,157.6563492,194.9876452,193.1281324,198.8443539,204.0754348
farm_services_tractor_small_dollar_per_hour,4.609712857,4.400180454,4.190648052,4.190648052,3.981115649,3.771583246,3.771583246,3.771583246,3.562050844,3.457284643,3.352518441,3.352518441,3.038219837,2.933453636,3.038219837,3.038219837,3.038219837,2.933453636,2.828687435,2.828687435,2.828687435,2.828687435,2.828687435,2.828687435,2.828687435,2.828687435,2.828687435,2.828687435,2.723921234,2.619155032,2.619155032,2.619155032,2.619155032,2.619155032,2.619155032,2.619155032,2.723921234,2.828687435,2.828687435,2.828687435,2.828687435,2.933453636,2.828687435,2.828687435,2.933453636,2.933453636,3.038219837,3.111556178,3.153462659,3.184892519,3.425854782,4.03349875,4.735432298,5.458319087,6.306925318,5.615468389,5.269739925,5.364029506,5.395459366,5.521178808,5.573561909,5.468795707,5.405935986,5.405935986,5.259263305,4.787815399,4.295414253,4.07540523,4.211601292,4.316367493,4.368750594,4.525899896,4.431610315,4.379227214,4.410657074,4.630666097,5.144020483,5.447842467,5.542132048,5.66785149,6.139299396,7.029812106,7.564119733,7.490783392,7.574596353,8.171763701,8.360342863,8.423202584,8.454632444,8.433679204,8.559398645,8.842267389,9.083229652,9.177519233,9.313715295,9.408004876,9.523247697,9.638490519,9.76420996,9.921359262,10.21470463,10.49757337,10.94806803,11.54523538,12.22621569,12.7500467,13.1691115,13.97581125,15.52635103,16.94069475,17.91502042,19.07792525,20.53417545,22.8495085,25.94011144,28.62212619,30.38219837,31.35652405,32.70800804,33.86043626,34.5099867,35.76718112,37.23390794,39.02540998,41.13121063,42.88080619,44.17990708,45.47900798,46.66286605,47.97244357,49.74852234,50.76214868,50.68344546,51.82680823,54.26003263,54.91667788,55.66403354,57.40390996,60.18417941,65.35544032,68.14549984,70.60287995,76.89912163,73.04350432,76.51884475,81.81785692,83.91040504,84.66976841,85.57005298,81.84303552,81.11777965,83.50071984,87.63673275,89.71600224,89.14599376,96.08998672,114.676832,116.4707677,119.9180785,123.0728132