fips,2000,2001,2002,2003,2004,2005,2006,2007,2008,2009,2010,2011,2012,2013,2014,2015,2016,2017,2018,2019,2020,2021,2022,2023,2024
01,6.08,6.23,6.72,6.42,6.35,6.18,6.15,5.98,6.18,6.47,6.94,6.65,6.42,6.72,6.75,6.7,6.38,6.52,6.3,6.3,6.45,6.42,6.89,6.47,6.5
01001,6.08,6.23,6.72,6.42,6.35,6.18,6.15,5.98,6.18,6.47,6.94,6.65,6.42,6.72,6.75,6.7,6.38,6.52,6.3,6.3,6.45,6.42,6.89,6.47,6.5
01003,6.08,6.23,6.72,6.42,6.35,6.18,6.15,5.98,6.18,6.47,6.94,6.65,6.42,6.72,6.75,6.7,6.38,6.52,6.3,6.3,6.45,6.42,6.89,6.47,6.5
01005,6.08,6.23,6.72,6.42,6.35,6.18,6.15,5.98,6.18,6.47,6.94,6.65,6.42,6.72,6.75,6.7,6.38,6.52,6.3,6.3,6.45,6.42,6.89,6.47,6.5
01007,6.08,6.23,6.72,6.42,6.35,6.18,6.15,5.98,6.18,6.47,6.94,6.65,6.42,6.72,6.75,6.7,6.38,6.52,6.3,6.3,6.45,6.42,6.89,6.47,6.5
01009,6.08,6.23,6.72,6.42,6.35,6.18,6.15,5.98,6.18,6.47,6.94,6.65,6.42,6.72,6.75,6.7,6.38,6.52,6.3,6.3,6.45,6.42,6.89,6.47,6.5
01011,6.08,6.23,6.72,6.42,6.35,6.18,6.15,5.98,6.18,6.47,6.94,6.65,6.42,6.72,6.75,6.7,6.38,6.52,6.3,6.3,6.45,6.42,6.89,6.47,6.5
01013,6.08,6.23,6.72,6.42,6.35,6.18,6.15,5.98,6.18,6.47,6.94,6.65,6.42,6.72,6.75,6.7,6.38,6.52,6.3,6.3,6.45,6.42,6.89,6.47,6.5
01015,6.08,6.23,6.72,6.42,6.35,6.18,6.15,5.98,6.18,6.47,6.94,6.65,6.42,6.72,6.75,6.7,6.38,6.52,6.3,6.3,6.45,6.42,6.89,6.47,6.5
01017,6.08,6.23,6.72,6.42,6.35,6.18,6.15,5.98,6.18,6.47,6.94,6.65,6.42,6.72,6.75,6.7,6.38,6.52,6.3,6.3,6.45,6.42,6.89,6.47,6.5
01019,6.08,6.23,6.72,6.42,6.35,6.18,6.15,5.98,6.18,6.47,6.94,6.65,6.42,6.72,6.75,6.7,6.38,6.52,6.3,6.3,6.45,6.42,6.89,6.47,6.5
01021,6.08,6.23,6.72,6.42,6.35,6.18,6.15,5.98,6.18,6.47,6.94,6.65,6.42,6.72,6.75,6.7,6.38,6.52,6.3,6.3,6.45,6.42,6.89,6.47,6.5
01023,6.08,6.23,6.72,6.42,6.35,6.18,6.15,5.98,6.18,6.47,6.94,6.65,6.42,6.72,6.75,6.7,6.38,6.52,6.3,6.3,6.45,6.42,6.89,6.47,6.5
01025,6.08,6.23,6.72,6.42,6.35,6.18,6.15,5.98,6.18,6.47,6.94,6.65,6.42,6.72,6.75,6.7,6.38,6.52,6.3,6.3,6.45,6.42,6.89,6.47,6.5
01027,6.08,6.23,6.72,6.42,6.35,6.18,6.15,5.98,6.18,6.47,6.94,6.65,6.42,6.72,6.75,6.7,6.38,6.52,6.3,6.3,6.45,6.42,6.89,6.47,6.5
01029,6.08,6.23,6.72,6.42,6.35,6.18,6.15,5.98,6.18,6.47,6.94,6.65,6.42,6.72,6.75,6.7,6.38,6.52,6.3,6.3,6.45,6.42,6.89,6.47,6.5
01031,6.08,6.23,6.72,6.42,6.35,6.18,6.15,5.98,6.18,6.47,6.94,6.65,6.42,6.72,6.75,6.7,6.38,6.52,6.3,6.3,6.45,6.42,6.89,6.47,6.5
01033,6.08,6.23,6.72,6.42,6.35,6.18,6.15,5.98,6.18,6.47,6.94,6.65,6.42,6.72,6.75,6.7,6.38,6.52,6.3,6.3,6.45,6.42,6.89,6.47,6.5
01035,6.08,6.23,6.72,6.42,6.35,6.18,6.15,5.98,6.18,6.47,6.94,6.65,6.42,6.72,6.75,6.7,6.38,6.52,6.3,6.3,6.45,6.42,6.89,6.47,6.5
01037,6.08,6.23,6.72,6.42,6.35,6.18,6.15,5.98,6.18,6.47,6.94,6.65,6.42,6.72,6.75,6.7,6.38,6.52,6.3,6.3,6.45,6.42,6.89,6.47,6.5
01039,6.08,6.23,6.72,6.42,6.35,6.18,6.15,5.98,6.18,6.47,6.94,6.65,6.42,6.72,6.75,6.7,6.38,6.52,6.3,6.3,6.45,6.42,6.89,6.47,6.5
01041,6.08,6.23,6.72,6.42,6.35,6.18,6.15,5.98,6.18,6.47,6.94,6.65,6.42,6.72,6.75,6.7,6.38,6.52,6.3,6.3,6.45,6.42,6.89,6.47,6.5
01043,6.08,6.23,6.72,6.42,6.35,6.18,6.15,5.98,6.18,6.47,6.94,6.65,6.42,6.72,6.75,6.7,6.38,6.52,6.3,6.3,6.45,6.42,6.89,6.47,6.5
01045,6.08,6.23,6.72,6.42,6.35,6.18,6.15,5.98,6.18,6.47,6.94,6.65,6.42,6.72,6.75,6.7,6.38,6.52,6.3,6.3,6.45,6.42,6.89,6.47,6.5
01047,6.08,6.23,6.72,6.42,6.35,6.18,6.15,5.98,6.18,6.47,6.94,6.65,6.42,6.72,6.75,6.7,6.38,6.52,6.3,6.3,6.45,6.42,6.89,6.47,6.5
01049,6.08,6.23,6.72,6.42,6.35,6.18,6.15,5.98,6.18,6.47,6.94,6.65,6.42,6.72,6.75,6.7,6.38,6.52,6.3,6.3,6.45,6.42,6.89,6.47,6.5
01051,6.08,6.23,6.72,6.42,6.35,6.18,6.15,5.98,6.18,6.47,6.94,6.65,6.42,6.72,6.75,6.7,6.38,6.52,6.3,6.3,6.45,6.42,6.89,6.47,6.5
01053,6.08,6.23,6.72,6.42,6.35,6.18,6.15,5.98,6.18,6.47,6.94,6.65,6.42,6.72,6.75,6.7,6.38,6.52,6.3,6.3,6.45,6.42,6.89,6.47,6.5
01055,6.08,6.23,6.72,6.42,6.35,6.18,6.15,5.98,6.18,6.47,6.94,6.65,6.42,6.72,6.75,6.7,6.38,6.52,6.3,6.3,6.45,6.42,6.89,6.47,6.5
01057,6.08,6.23,6.72,6.42,6.35,6.18,6.15,5.98,6.18,6.47,6.94,6.65,6.42,6.72,6.75,6.7,6.38,6.52,6.3,6.3,6.45,6.42,6.89,6.47,6.5
01059,6.08,6.23,6.72,6.42,6.35,6.18,6.15,5.98,6.18,6.47,6.94,6.65,6.42,6.72,6.75,6.7,6.38,6.52,6.3,6.3,6.45,6.42,6.89,6.47,6.5
01061,6.08,6.23,6.72,6.42,6.35,6.18,6.15,5.98,6.18,6.47,6.94,6.65,6.42,6.72,6.75,6.7,6.38,6.52,6.3,6.3,6.45,6.42,6.89,6.47,6.5
01063,6.08,6.23,6.72,6.42,6.35,6.18,6.15,5.98,6.18,6.47,6.94,6.65,6.42,6.72,6.75,6.7,6.38,6.52,6.3,6.3,6.45,6.42,6.89,6.47,6.5
01065,6.08,6.23,6.72,6.42,6.35,6.18,6.15,5.98,6.18,6.47,6.94,6.65,6.42,6.72,6.75,6.7,6.38,6.52,6.3,6.3,6.45,6.42,6.89,6.47,6.5
01067,6.08,6.23,6.72,6.42,6.35,6.18,6.15,5.98,6.18,6.47,6.94,6.65,6.42,6.72,6.75,6.7,6.38,6.52,6.3,6.3,6.45,6.42,6.89,6.47,6.5
01069,6.08,6.23,6.72,6.42,6.35,6.18,6.15,5.98,6.18,6.47,6.94,6.65,6.42,6.72,6.75,6.7,6.38,6.52,6.3,6.3,6.45,6.42,6.89,6.47,6.5
01071,6.08,6.23,6.72,6.42,6.35,6.18,6.15,5.98,6.18,6.47,6.94,6.65,6.42,6.72,6.75,6.7,6.38,6.52,6.3,6.3,6.45,6.42,6.89,6.47,6.5
01073,6.08,6.23,6.72,6.42,6.35,6.18,6.15,5.98,6.18,6.47,6.94,6.65,6.42,6.72,6.75,6.7,6.38,6.52,6.3,6.3,6.45,6.42,6.89,6.47,6.5
01075,6.08,6.23,6.72,6.42,6.35,6.18,6.15,5.98,6.18,6.47,6.94,6.65,6.42,6.72,6.75,6.7,6.38,6.52,6.3,6.3,6.45,6.42,6.89,6.47,6.5
01077,6.08,6.23,6.72,6.42,6.35,6.18,6.15,5.98,6.18,6.47,6.94,6.65,6.42,6.72,6.75,6.7,6.38,6.52,6.3,6.3,6.45,6.42,6.89,6.47,6.5
01079,6.08,6.23,6.72,6.42,6.35,6.18,6.15,5.98,6.18,6.47,6.94,6.65,6.42,6.72,6.75,6.7,6.38,6.52,6.3,6.3,6.45,6.42,6.89,6.47,6.5
01081,6.08,6.23,6.72,6.42,6.35,6.18,6.15,5.98,6.18,6.47,6.94,6.65,6.42,6.72,6.75,6.7,6.38,6.52,6.3,6.3,6.45,6.42,6.89,6.47,6.5
01083,6.08,6.23,6.72,6.42,6.35,6.18,6.15,5.98,6.18,6.47,6.94,6.65,6.42,6.72,6.75,6.7,6.38,6.52,6.3,6.3,6.45,6.42,6.89,6.47,6.5
01085,6.08,6.23,6.72,6.42,6.35,6.18,6.15,5.98,6.18,6.47,6.94,6.65,6.42,6.72,6.75,6.7,6.38,6.52,6.3,6.3,6.45,6.42,6.89,6.47,6.5
01087,6.08,6.23,6.72,6.42,6.35,6.18,6.15,5.98,6.18,6.47,6.94,6.65,6.42,6.72,6.75,6.7,6.38,6.52,6.3,6.3,6.45,6.42,6.89,6.47,6.5
01089,6.08,6.23,6.72,6.42,6.35,6.18,6.15,5.98,6.18,6.47,6.94,6.65,6.42,6.72,6.75,6.7,6.38,6.52,6.3,6.3,6.45,6.42,6.89,6.47,6.5
01091,6.08,6.23,6.72,6.42,6.35,6.18,6.15,5.98,6.18,6.47,6.94,6.65,6.42,6.72,6.75,6.7,6.38,6.52,6.3,6.3,6.45,6.42,6.89,6.47,6.5
01093,6.08,6.23,6.72,6.42,6.35,6.18,6.15,5.98,6.18,6.47,6.94,6.65,6.42,6.72,6.75,6.7,6.38,6.52,6.3,6.3,6.45,6.42,6.89,6.47,6.5
01095,6.08,6.23,6.72,6.42,6.35,6.18,6.15,5.98,6.18,6.47,6.94,6.65,6.42,6.72,6.75,6.7,6.38,6.52,6.3,6.3,6.45,6.42,6.89,6.47,6.5
01097,6.08,6.23,6.72,6.42,6.35,6.18,6.15,5.98,6.18,6.47,6.94,6.65,6.42,6.72,6.75,6.7,6.38,6.52,6.3,6.3,6.45,6.42,6.89,6.47,6.5
01099,6.08,6.23,6.72,6.42,6.35,6.18,6.15,5.98,6.18,6.47,6.94,6.65,6.42,6.72,6.75,6.7,6.38,6.52,6.3,6.3,6.45,6.42,6.89,6.47,6.5
01101,6.08,6.23,6.72,6.42,6.35,6.18,6.15,5.98,6.18,6.47,6.94,6.65,6.42,6.72,6.75,6.7,6.38,6.52,6.3,6.3,6.45,6.42,6.89,6.47,6.5
01103,6.08,6.23,6.72,6.42,6.35,6.18,6.15,5.98,6.18,6.47,6.94,6.65,6.42,6.72,6.75,6.7,6.38,6.52,6.3,6.3,6.45,6.42,6.89,6.47,6.5
01105,6.08,6.23,6.72,6.42,6.35,6.18,6.15,5.98,6.18,6.47,6.94,6.65,6.42,6.72,6.75,6.7,6.38,6.52,6.3,6.3,6.45,6.42,6.89,6.47,6.5
01107,6.08,6.23,6.72,6.42,6.35,6.18,6.15,5.98,6.18,6.47,6.94,6.65,6.42,6.72,6.75,6.7,6.38,6.52,6.3,6.3,6.45,6.42,6.89,6.47,6.5
01109,6.08,6.23,6.72,6.42,6.35,6.18,6.15,5.98,6.18,6.47,6.94,6.65,6.42,6.72,6.75,6.7,6.38,6.52,6.3,6.3,6.45,6.42,6.89,6.47,6.5
01111,6.08,6.23,6.72,6.42,6.35,6.18,6.15,5.98,6.18,6.47,6.94,6.65,6.42,6.72,6.75,6.7,6.38,6.52,6.3,6.3,6.45,6.42,6.89,6.47,6.5
01113,6.08,6.23,6.72,6.42,6.35,6.18,6.15,5.98,6.18,6.47,6.94,6.65,6.42,6.72,6.75,6.7,6.38,6.52,6.3,6.3,6.45,6.42,6.89,6.47,6.5
01115,6.08,6.23,6.72,6.42,6.35,6.18,6.15,5.98,6.18,6.47,6.94,6.65,6.42,6.72,6.75,6.7,6.38,6.52,6.3,6.3,6.45,6.42,6.89,6.47,6.5
01117,6.08,6.23,6.72,6.42,6.35,6.18,6.15,5.98,6.18,6.47,6.94,6.65,6.42,6.72,6.75,6.7,6.38,6.52,6.3,6.3,6.45,6.42,6.89,6.47,6.5
01119,6.08,6.23,6.72,6.42,6.35,6.18,6.15,5.98,6.18,6.47,6.94,6.65,6.42,6.72,6.75,6.7,6.38,6.52,6.3,6.3,6.45,6.42,6.89,6.47,6.5
01121,6.08,6.23,6.72,6.42,6.35,6.18,6.15,5.98,6.18,6.47,6.94,6.65,6.42,6.72,6.75,6.7,6.38,6.52,6.3,6.3,6.45,6.42,6.89,6.47,6.5
01123,6.08,6.23,6.72,6.42,6.35,6.18,6.15,5.98,6.18,6.47,6.94,6.65,6.42,6.72,6.75,6.7,6.38,6.52,6.3,6.3,6.45,6.42,6.89,6.47,6.5
01125,6.08,6.23,6.72,6.42,6.35,6.18,6.15,5.98,6.18,6.47,6.94,6.65,6.42,6.72,6.75,6.7,6.38,6.52,6.3,6.3,6.45,6.42,6.89,6.47,6.5
01127,6.08,6.23,6.72,6.42,6.35,6.18,6.15,5.98,6.18,6.47,6.94,6.65,6.42,6.72,6.75,6.7,6.38,6.52,6.3,6.3,6.45,6.42,6.89,6.47,6.5
01129,6.08,6.23,6.72,6.42,6.35,6.18,6.15,5.98,6.18,6.47,6.94,6.65,6.42,6.72,6.75,6.7,6.38,6.52,6.3,6.3,6.45,6.42,6.89,6.47,6.5
01131,6.08,6.23,6.72,6.42,6.35,6.18,6.15,5.98,6.18,6.47,6.94,6.65,6.42,6.72,6.75,6.7,6.38,6.52,6.3,6.3,6.45,6.42,6.89,6.47,6.5
01133,6.08,6.23,6.72,6.42,6.35,6.18,6.15,5.98,6.18,6.47,6.94,6.65,6.42,6.72,6.75,6.7,6.38,6.52,6.3,6.3,6.45,6.42,6.89,6.47,6.5
04001,6.08,6.23,6.72,6.42,6.35,6.18,6.15,5.98,6.18,6.47,6.94,6.65,6.42,6.72,6.75,6.7,6.38,6.52,6.3,6.3,6.45,6.42,6.89,6.47,6.5
04003,6.08,6.23,6.72,6.42,6.35,6.18,6.15,5.98,6.18,6.47,6.94,6.65,6.42,6.72,6.75,6.7,6.38,6.52,6.3,6.3,6.45,6.42,6.89,6.47,6.5
04005,6.08,6.23,6.72,6.42,6.35,6.18,6.15,5.98,6.18,6.47,6.94,6.65,6.42,6.72,6.75,6.7,6.38,6.52,6.3,6.3,6.45,6.42,6.89,6.47,6.5
04007,6.08,6.23,6.72,6.42,6.35,6.18,6.15,5.98,6.18,6.47,6.94,6.65,6.42,6.72,6.75,6.7,6.38,6.52,6.3,6.3,6.45,6.42,6.89,6.47,6.5
04009,6.08,6.23,6.72,6.42,6.35,6.18,6.15,5.98,6.18,6.47,6.94,6.65,6.42,6.72,6.75,6.7,6.38,6.52,6.3,6.3,6.45,6.42,6.89,6.47,6.5
04011,6.08,6.23,6.72,6.42,6.35,6.18,6.15,5.98,6.18,6.47,6.94,6.65,6.42,6.72,6.75,6.7,6.38,6.52,6.3,6.3,6.45,6.42,6.89,6.47,6.5
04012,6.08,6.23,6.72,6.42,6.35,6.18,6.15,5.98,6.18,6.47,6.94,6.65,6.42,6.72,6.75,6.7,6.38,6.52,6.3,6.3,6.45,6.42,6.89,6.47,6.5
04013,6.08,6.23,6.72,6.42,6.35,6.18,6.15,5.98,6.18,6.47,6.94,6.65,6.42,6.72,6.75,6.7,6.38,6.52,6.3,6.3,6.45,6.42,6.89,6.47,6.5
04015,6.08,6.23,6.72,6.42,6.35,6.18,6.15,5.98,6.18,6.47,6.94,6.65,6.42,6.72,6.75,6.7,6.38,6.52,6.3,6.3,6.45,6.42,6.89,6.47,6.5
04017,6.08,6.23,6.72,6.42,6.35,6.18,6.15,5.98,6.18,6.47,6.94,6.65,6.42,6.72,6.75,6.7,6.38,6.52,6.3,6.3,6.45,6.42,6.89,6.47,6.5
04019,6.08,6.23,6.72,6.42,6.35,6.18,6.15,5.98,6.18,6.47,6.94,6.65,6.42,6.72,6.75,6.7,6.38,6.52,6.3,6.3,6.45,6.42,6.89,6.47,6.5
04021,6.08,6.23,6.72,6.42,6.35,6.18,6.15,5.98,6.18,6.47,6.94,6.65,6.42,6.72,6.75,6.7,6.38,6.52,6.3,6.3,6.45,6.42,6.89,6.47,6.5
04023,6.08,6.23,6.72,6.42,6.35,6.18,6.15,5.98,6.18,6.47,6.94,6.65,6.42,6.72,6.75,6.7,6.38,6.52,6.3,6.3,6.45,6.42,6.89,6.47,6.5
04025,6.08,6.23,6.72,6.42,6.35,6.18,6.15,5.98,6.18,6.47,6.94,6.65,6.42,6.72,6.75,6.7,6.38,6.52,6.3,6.3,6.45,6.42,6.89,6.47,6.5
04027,6.08,6.23,6.72,6.42,6.35,6.18,6.15,5.98,6.18,6.47,6.94,6.65,6.42,6.72,6.75,6.7,6.38,6.52,6.3,6.3,6.45,6.42,6.89,6.47,6.5
05001,6.08,6.23,6.72,6.42,6.35,6.18,6.15,5.98,6.18,6.47,6.94,6.65,6.42,6.72,6.75,6.7,6.38,6.52,6.3,6.3,6.45,6.42,6.89,6.47,6.5
05003,6.08,6.23,6.72,6.42,6.35,6.18,6.15,5.98,6.18,6.47,6.94,6.65,6.42,6.72,6.75,6.7,6.38,6.52,6.3,6.3,6.45,6.42,6.89,6.47,6.5
05005,6.08,6.23,6.72,6.42,6.35,6.18,6.15,5.98,6.18,6.47,6.94,6.65,6.42,6.72,6.75,6.7,6.38,6.52,6.3,6.3,6.45,6.42,6.89,6.47,6.5
05007,6.08,6.23,6.72,6.42,6.35,6.18,6.15,5.98,6.18,6.47,6.94,6.65,6.42,6.72,6.75,6.7,6.38,6.52,6.3,6.3,6.45,6.42,6.89,6.47,6.5
05009,6.08,6.23,6.72,6.42,6.35,6.18,6.15,5.98,6.18,6.47,6.94,6.65,6.42,6.72,6.75,6.7,6.38,6.52,6.3,6.3,6.45,6.42,6.89,6.47,6.5
05011,6.08,6.23,6.72,6.42,6.35,6.18,6.15,5.98,6.18,6.47,6.94,6.65,6.42,6.72,6.75,6.7,6.38,6.52,6.3,6.3,6.45,6.42,6.89,6.47,6.5
05013,6.08,6.23,6.72,6.42,6.35,6.18,6.15,5.98,6.18,6.47,6.94,6.65,6.42,6.72,6.75,6.7,6.38,6.52,6.3,6.3,6.45,6.42,6.89,6.47,6.5
05015,6.08,6.23,6.72,6.42,6.35,6.18,6.15,5.98,6.18,6.47,6.94,6.65,6.42,6.72,6.75,6.7,6.38,6.52,6.3,6.3,6.45,6.42,6.89,6.47,6.5
05017,6.08,6.23,6.72,6.42,6.35,6.18,6.15,5.98,6.18,6.47,6.94,6.65,6.42,6.72,6.75,6.7,6.38,6.52,6.3,6.3,6.45,6.42,6.89,6.47,6.5
05019,6.08,6.23,6.72,6.42,6.35,6.18,6.15,5.98,6.18,6.47,6.94,6.65,6.42,6.72,6.75,6.7,6.38,6.52,6.3,6.3,6.45,6.42,6.89,6.47,6.5
05021,6.08,6.23,6.72,6.42,6.35,6.18,6.15,5.98,6.18,6.47,6.94,6.65,6.42,6.72,6.75,6.7,6.38,6.52,6.3,6.3,6.45,6.42,6.89,6.47,6.5
05023,6.08,6.23,6.72,6.42,6.35,6.18,6.15,5.98,6.18,6.47,6.94,6.65,6.42,6.72,6.75,6.7,6.38,6.52,6.3,6.3,6.45,6.42,6.89,6.47,6.5
05025,6.08,6.23,6.72,6.42,6.35,6.18,6.15,5.98,6.18,6.47,6.94,6.65,6.42,6.72,6.75,6.7,6.38,6.52,6.3,6.3,6.45,6.42,6.89,6.47,6.5
05027,6.08,6.23,6.72,6.42,6.35,6.18,6.15,5.98,6.18,6.47,6.94,6.65,6.42,6.72,6.75,6.7,6.38,6.52,6.3,6.3,6.45,6.42,6.89,6.47,6.5
05029,6.08,6.23,6.72,6.42,6.35,6.18,6.15,5.98,6.18,6.47,6.94,6.65,6.42,6.72,6.75,6.7,6.38,6.52,6.3,6.3,6.45,6.42,6.89,6.47,6.5
05031,6.08,6.23,6.72,6.42,6.35,6.18,6.15,5.98,6.18,6.47,6.94,6.65,6.42,6.72,6.75,6.7,6.38,6.52,6.3,6.3,6.45,6.42,6.89,6.47,6.5
05033,6.08,6.23,6.72,6.42,6.35,6.18,6.15,5.98,6.18,6.47,6.94,6.65,6.42,6.72,6.75,6.7,6.38,6.52,6.3,6.3,6.45,6.42,6.89,6.47,6.5
05035,6.08,6.23,6.72,6.42,6.35,6.18,6.15,5.98,6.18,6.47,6.94,6.65,6.42,6.72,6.75,6.7,6.38,6.52,6.3,6.3,6.45,6.42,6.89,6.47,6.5
05037,6.08,6.23,6.72,6.42,6.35,6.18,6.15,5.98,6.18,6.47,6.94,6.65,6.42,6.72,6.75,6.7,6.38,6.52,6.3,6.3,6.45,6.42,6.89,6.47,6.5
05039,6.08,6.23,6.72,6.42,6.35,6.18,6.15,5.98,6.18,6.47,6.94,6.65,6.42,6.72,6.75,6.7,6.38,6.52,6.3,6.3,6.45,6.42,6.89,6.47,6.5
05041,6.08,6.23,6.72,6.42,6.35,6.18,6.15,5.98,6.18,6.47,6.94,6.65,6.42,6.72,6.75,6.7,6.38,6.52,6.3,6.3,6.45,6.42,6.89,6.47,6.5
05043,6.08,6.23,6.72,6.42,6.35,6.18,6.15,5.98,6.18,6.47,6.94,6.65,6.42,6.72,6.75,6.7,6.38,6.52,6.3,6.3,6.45,6.42,6.89,6.47,6.5
05045,6.08,6.23,6.72,6.42,6.35,6.18,6.15,5.98,6.18,6.47,6.94,6.65,6.42,6.72,6.75,6.7,6.38,6.52,6.3,6.3,6.45,6.42,6.89,6.47,6.5
05047,6.08,6.23,6.72,6.42,6.35,6.18,6.15,5.98,6.18,6.47,6.94,6.65,6.42,6.72,6.75,6.7,6.38,6.52,6.3,6.3,6.45,6.42,6.89,6.47,6.5
05049,6.08,6.23,6.72,6.42,6.35,6.18,6.15,5.98,6.18,6.47,6.94,6.65,6.42,6.72,6.75,6.7,6.38,6.52,6.3,6.3,6.45,6.42,6.89,6.47,6.5
05051,6.08,6.23,6.72,6.42,6.35,6.18,6.15,5.98,6.18,6.47,6.94,6.65,6.42,6.72,6.75,6.7,6.38,6.52,6.3,6.3,6.45,6.42,6.89,6.47,6.5
05053,6.08,6.23,6.72,6.42,6.35,6.18,6.15,5.98,6.18,6.47,6.94,6.65,6.42,6.72,6.75,6.7,6.38,6.52,6.3,6.3,6.45,6.42,6.89,6.47,6.5
05055,6.08,6.23,6.72,6.42,6.35,6.18,6.15,5.98,6.18,6.47,6.94,6.65,6.42,6.72,6.75,6.7,6.38,6.52,6.3,6.3,6.45,6.42,6.89,6.47,6.5
05057,6.08,6.23,6.72,6.42,6.35,6.18,6.15,5.98,6.18,6.47,6.94,6.65,6.42,6.72,6.75,6.7,6.38,6.52,6.3,6.3,6.45,6.42,6.89,6.47,6.5
05059,6.08,6.23,6.72,6.42,6.35,6.18,6.15,5.98,6.18,6.47,6.94,6.65,6.42,6.72,6.75,6.7,6.38,6.52,6.3,6.3,6.45,6.42,6.89,6.47,6.5
05061,6.08,6.23,6.72,6.42,6.35,6.18,6.15,5.98,6.18,6.47,6.94,6.65,6.42,6.72,6.75,6.7,6.38,6.52,6.3,6.3,6.45,6.42,6.89,6.47,6.5
05063,6.08,6.23,6.72,6.42,6.35,6.18,6.15,5.98,6.18,6.47,6.94,6.65,6.42,6.72,6.75,6.7,6.38,6.52,6.3,6.3,6.45,6.42,6.89,6.47,6.5
05065,6.08,6.23,6.72,6.42,6.35,6.18,6.15,5.98,6.18,6.47,6.94,6.65,6.42,6.72,6.75,6.7,6.38,6.52,6.3,6.3,6.45,6.42,6.89,6.47,6.5
05067,6.08,6.23,6.72,6.42,6.35,6.18,6.15,5.98,6.18,6.47,6.94,6.65,6.42,6.72,6.75,6.7,6.38,6.52,6.3,6.3,6.45,6.42,6.89,6.47,6.5
05069,6.08,6.23,6.72,6.42,6.35,6.18,6.15,5.98,6.18,6.47,6.94,6.65,6.42,6.72,6.75,6.7,6.38,6.52,6.3,6.3,6.45,6.42,6.89,6.47,6.5
05071,6.08,6.23,6.72,6.42,6.35,6.18,6.15,5.98,6.18,6.47,6.94,6.65,6.42,6.72,6.75,6.7,6.38,6.52,6.3,6.3,6.45,6.42,6.89,6.47,6.5
05073,6.08,6.23,6.72,6.42,6.35,6.18,6.15,5.98,6.18,6.47,6.94,6.65,6.42,6.72,6.75,6.7,6.38,6.52,6.3,6.3,6.45,6.42,6.89,6.47,6.5
05075,6.08,6.23,6.72,6.42,6.35,6.18,6.15,5.98,6.18,6.47,6.94,6.65,6.42,6.72,6.75,6.7,6.38,6.52,6.3,6.3,6.45,6.42,6.89,6.47,6.5
05077,6.08,6.23,6.72,6.42,6.35,6.18,6.15,5.98,6.18,6.47,6.94,6.65,6.42,6.72,6.75,6.7,6.38,6.52,6.3,6.3,6.45,6.42,6.89,6.47,6.5
05079,6.08,6.23,6.72,6.42,6.35,6.18,6.15,5.98,6.18,6.47,6.94,6.65,6.42,6.72,6.75,6.7,6.38,6.52,6.3,6.3,6.45,6.42,6.89,6.47,6.5
05081,6.08,6.23,6.72,6.42,6.35,6.18,6.15,5.98,6.18,6.47,6.94,6.65,6.42,6.72,6.75,6.7,6.38,6.52,6.3,6.3,6.45,6.42,6.89,6.47,6.5
05083,6.08,6.23,6.72,6.42,6.35,6.18,6.15,5.98,6.18,6.47,6.94,6.65,6.42,6.72,6.75,6.7,6.38,6.52,6.3,6.3,6.45,6.42,6.89,6.47,6.5
05085,6.08,6.23,6.72,6.42,6.35,6.18,6.15,5.98,6.18,6.47,6.94,6.65,6.42,6.72,6.75,6.7,6.38,6.52,6.3,6.3,6.45,6.42,6.89,6.47,6.5
05087,6.08,6.23,6.72,6.42,6.35,6.18,6.15,5.98,6.18,6.47,6.94,6.65,6.42,6.72,6.75,6.7,6.38,6.52,6.3,6.3,6.45,6.42,6.89,6.47,6.5
05089,6.08,6.23,6.72,6.42,6.35,6.18,6.15,5.98,6.18,6.47,6.94,6.65,6.42,6.72,6.75,6.7,6.38,6.52,6.3,6.3,6.45,6.42,6.89,6.47,6.5
05091,6.08,6.23,6.72,6.42,6.35,6.18,6.15,5.98,6.18,6.47,6.94,6.65,6.42,6.72,6.75,6.7,6.38,6.52,6.3,6.3,6.45,6.42,6.89,6.47,6.5
05093,6.08,6.23,6.72,6.42,6.35,6.18,6.15,5.98,6.18,6.47,6.94,6.65,6.42,6.72,6.75,6.7,6.38,6.52,6.3,6.3,6.45,6.42,6.89,6.47,6.5
05095,6.08,6.23,6.72,6.42,6.35,6.18,6.15,5.98,6.18,6.47,6.94,6.65,6.42,6.72,6.75,6.7,6.38,6.52,6.3,6.3,6.45,6.42,6.89,6.47,6.5
05097,6.08,6.23,6.72,6.42,6.35,6.18,6.15,5.98,6.18,6.47,6.94,6.65,6.42,6.72,6.75,6.7,6.38,6.52,6.3,6.3,6.45,6.42,6.89,6.47,6.5
05099,6.08,6.23,6.72,6.42,6.35,6.18,6.15,5.98,6.18,6.47,6.94,6.65,6.42,6.72,6.75,6.7,6.38,6.52,6.3,6.3,6.45,6.42,6.89,6.47,6.5
05101,6.08,6.23,6.72,6.42,6.35,6.18,6.15,5.98,6.18,6.47,6.94,6.65,6.42,6.72,6.75,6.7,6.38,6.52,6.3,6.3,6.45,6.42,6.89,6.47,6.5
05103,6.08,6.23,6.72,6.42,6.35,6.18,6.15,5.98,6.18,6.47,6.94,6.65,6.42,6.72,6.75,6.7,6.38,6.52,6.3,6.3,6.45,6.42,6.89,6.47,6.5
05105,6.08,6.23,6.72,6.42,6.35,6.18,6.15,5.98,6.18,6.47,6.94,6.65,6.42,6.72,6.75,6.7,6.38,6.52,6.3,6.3,6.45,6.42,6.89,6.47,6.5
05107,6.08,6.23,6.72,6.42,6.35,6.18,6.15,5.98,6.18,6.47,6.94,6.65,6.42,6.72,6.75,6.7,6.38,6.52,6.3,6.3,6.45,6.42,6.89,6.47,6.5
05109,6.08,6.23,6.72,6.42,6.35,6.18,6.15,5.98,6.18,6.47,6.94,6.65,6.42,6.72,6.75,6.7,6.38,6.52,6.3,6.3,6.45,6.42,6.89,6.47,6.5
05111,6.08,6.23,6.72,6.42,6.35,6.18,6.15,5.98,6.18,6.47,6.94,6.65,6.42,6.72,6.75,6.7,6.38,6.52,6.3,6.3,6.45,6.42,6.89,6.47,6.5
05113,6.08,6.23,6.72,6.42,6.35,6.18,6.15,5.98,6.18,6.47,6.94,6.65,6.42,6.72,6.75,6.7,6.38,6.52,6.3,6.3,6.45,6.42,6.89,6.47,6.5
05115,6.08,6.23,6.72,6.42,6.35,6.18,6.15,5.98,6.18,6.47,6.94,6.65,6.42,6.72,6.75,6.7,6.38,6.52,6.3,6.3,6.45,6.42,6.89,6.47,6.5
05117,6.08,6.23,6.72,6.42,6.35,6.18,6.15,5.98,6.18,6.47,6.94,6.65,6.42,6.72,6.75,6.7,6.38,6.52,6.3,6.3,6.45,6.42,6.89,6.47,6.5
05119,6.08,6.23,6.72,6.42,6.35,6.18,6.15,5.98,6.18,6.47,6.94,6.65,6.42,6.72,6.75,6.7,6.38,6.52,6.3,6.3,6.45,6.42,6.89,6.47,6.5
05121,6.08,6.23,6.72,6.42,6.35,6.18,6.15,5.98,6.18,6.47,6.94,6.65,6.42,6.72,6.75,6.7,6.38,6.52,6.3,6.3,6.45,6.42,6.89,6.47,6.5
05123,6.08,6.23,6.72,6.42,6.35,6.18,6.15,5.98,6.18,6.47,6.94,6.65,6.42,6.72,6.75,6.7,6.38,6.52,6.3,6.3,6.45,6.42,6.89,6.47,6.5
05125,6.08,6.23,6.72,6.42,6.35,6.18,6.15,5.98,6.18,6.47,6.94,6.65,6.42,6.72,6.75,6.7,6.38,6.52,6.3,6.3,6.45,6.42,6.89,6.47,6.5
05127,6.08,6.23,6.72,6.42,6.35,6.18,6.15,5.98,6.18,6.47,6.94,6.65,6.42,6.72,6.75,6.7,6.38,6.52,6.3,6.3,6.45,6.42,6.89,6.47,6.5
05129,6.08,6.23,6.72,6.42,6.35,6.18,6.15,5.98,6.18,6.47,6.94,6.65,6.42,6.72,6.75,6.7,6.38,6.52,6.3,6.3,6.45,6.42,6.89,6.47,6.5
05131,6.08,6.23,6.72,6.42,6.35,6.18,6.15,5.98,6.18,6.47,6.94,6.65,6.42,6.72,6.75,6.7,6.38,6.52,6.3,6.3,6.45,6.42,6.89,6.47,6.5
05133,6.08,6.23,6.72,6.42,6.35,6.18,6.15,5.98,6.18,6.47,6.94,6.65,6.42,6.72,6.75,6.7,6.38,6.52,6.3,6.3,6.45,6.42,6.89,6.47,6.5
05135,6.08,6.23,6.72,6.42,6.35,6.18,6.15,5.98,6.18,6.47,6.94,6.65,6.42,6.72,6.75,6.7,6.38,6.52,6.3,6.3,6.45,6.42,6.89,6.47,6.5
05137,6.08,6.23,6.72,6.42,6.35,6.18,6.15,5.98,6.18,6.47,6.94,6.65,6.42,6.72,6.75,6.7,6.38,6.52,6.3,6.3,6.45,6.42,6.89,6.47,6.5
05139,6.08,6.23,6.72,6.42,6.35,6.18,6.15,5.98,6.18,6.47,6.94,6.65,6.42,6.72,6.75,6.7,6.38,6.52,6.3,6.3,6.45,6.42,6.89,6.47,6.5
05141,6.08,6.23,6.72,6.42,6.35,6.18,6.15,5.98,6.18,6.47,6.94,6.65,6.42,6.72,6.75,6.7,6.38,6.52,6.3,6.3,6.45,6.42,6.89,6.47,6.5
05143,6.08,6.23,6.72,6.42,6.35,6.18,6.15,5.98,6.18,6.47,6.94,6.65,6.42,6.72,6.75,6.7,6.38,6.52,6.3,6.3,6.45,6.42,6.89,6.47,6.5
05145,6.08,6.23,6.72,6.42,6.35,6.18,6.15,5.98,6.18,6.47,6.94,6.65,6.42,6.72,6.75,6.7,6.38,6.52,6.3,6.3,6.45,6.42,6.89,6.47,6.5
05147,6.08,6.23,6.72,6.42,6.35,6.18,6.15,5.98,6.18,6.47,6.94,6.65,6.42,6.72,6.75,6.7,6.38,6.52,6.3,6.3,6.45,6.42,6.89,6.47,6.5
05149,6.08,6.23,6.72,6.42,6.35,6.18,6.15,5.98,6.18,6.47,6.94,6.65,6.42,6.72,6.75,6.7,6.38,6.52,6.3,6.3,6.45,6.42,6.89,6.47,6.5
06001,6.08,6.23,6.72,6.42,6.35,6.18,6.15,5.98,6.18,6.47,6.94,6.65,6.42,6.72,6.75,6.7,6.38,6.52,6.3,6.3,6.45,6.42,6.89,6.47,6.5
06003,6.08,6.23,6.72,6.42,6.35,6.18,6.15,5.98,6.18,6.47,6.94,6.65,6.42,6.72,6.75,6.7,6.38,6.52,6.3,6.3,6.45,6.42,6.89,6.47,6.5
06005,6.08,6.23,6.72,6.42,6.35,6.18,6.15,5.98,6.18,6.47,6.94,6.65,6.42,6.72,6.75,6.7,6.38,6.52,6.3,6.3,6.45,6.42,6.89,6.47,6.5
06007,6.08,6.23,6.72,6.42,6.35,6.18,6.15,5.98,6.18,6.47,6.94,6.65,6.42,6.72,6.75,6.7,6.38,6.52,6.3,6.3,6.45,6.42,6.89,6.47,6.5
06009,6.08,6.23,6.72,6.42,6.35,6.18,6.15,5.98,6.18,6.47,6.94,6.65,6.42,6.72,6.75,6.7,6.38,6.52,6.3,6.3,6.45,6.42,6.89,6.47,6.5
06011,6.08,6.23,6.72,6.42,6.35,6.18,6.15,5.98,6.18,6.47,6.94,6.65,6.42,6.72,6.75,6.7,6.38,6.52,6.3,6.3,6.45,6.42,6.89,6.47,6.5
06013,6.08,6.23,6.72,6.42,6.35,6.18,6.15,5.98,6.18,6.47,6.94,6.65,6.42,6.72,6.75,6.7,6.38,6.52,6.3,6.3,6.45,6.42,6.89,6.47,6.5
06015,6.08,6.23,6.72,6.42,6.35,6.18,6.15,5.98,6.18,6.47,6.94,6.65,6.42,6.72,6.75,6.7,6.38,6.52,6.3,6.3,6.45,6.42,6.89,6.47,6.5
06017,6.08,6.23,6.72,6.42,6.35,6.18,6.15,5.98,6.18,6.47,6.94,6.65,6.42,6.72,6.75,6.7,6.38,6.52,6.3,6.3,6.45,6.42,6.89,6.47,6.5
06019,6.08,6.23,6.72,6.42,6.35,6.18,6.15,5.98,6.18,6.47,6.94,6.65,6.42,6.72,6.75,6.7,6.38,6.52,6.3,6.3,6.45,6.42,6.89,6.47,6.5
06021,6.08,6.23,6.72,6.42,6.35,6.18,6.15,5.98,6.18,6.47,6.94,6.65,6.42,6.72,6.75,6.7,6.38,6.52,6.3,6.3,6.45,6.42,6.89,6.47,6.5
06023,6.08,6.23,6.72,6.42,6.35,6.18,6.15,5.98,6.18,6.47,6.94,6.65,6.42,6.72,6.75,6.7,6.38,6.52,6.3,6.3,6.45,6.42,6.89,6.47,6.5
06025,6.08,6.23,6.72,6.42,6.35,6.18,6.15,5.98,6.18,6.47,6.94,6.65,6.42,6.72,6.75,6.7,6.38,6.52,6.3,6.3,6.45,6.42,6.89,6.47,6.5
06027,6.08,6.23,6.72,6.42,6.35,6.18,6.15,5.98,6.18,6.47,6.94,6.65,6.42,6.72,6.75,6.7,6.38,6.52,6.3,6.3,6.45,6.42,6.89,6.47,6.5
06029,6.08,6.23,6.72,6.42,6.35,6.18,6.15,5.98,6.18,6.47,6.94,6.65,6.42,6.72,6.75,6.7,6.38,6.52,6.3,6.3,6.45,6.42,6.89,6.47,6.5
06031,6.08,6.23,6.72,6.42,6.35,6.18,6.15,5.98,6.18,6.47,6.94,6.65,6.42,6.72,6.75,6.7,6.38,6.52,6.3,6.3,6.45,6.42,6.89,6.47,6.5
06033,6.08,6.23,6.72,6.42,6.35,6.18,6.15,5.98,6.18,6.47,6.94,6.65,6.42,6.72,6.75,6.7,6.38,6.52,6.3,6.3,6.45,6.42,6.89,6.47,6.5
06035,6.08,6.23,6.72,6.42,6.35,6.18,6.15,5.98,6.18,6.47,6.94,6.65,6.42,6.72,6.75,6.7,6.38,6.52,6.3,6.3,6.45,6.42,6.89,6.47,6.5
06037,6.08,6.23,6.72,6.42,6.35,6.18,6.15,5.98,6.18,6.47,6.94,6.65,6.42,6.72,6.75,6.7,6.38,6.52,6.3,6.3,6.45,6.42,6.89,6.47,6.5
06039,6.08,6.23,6.72,6.42,6.35,6.18,6.15,5.98,6.18,6.47,6.94,6.65,6.42,6.72,6.75,6.7,6.38,6.52,6.3,6.3,6.45,6.42,6.89,6.47,6.5
06041,6.08,6.23,6.72,6.42,6.35,6.18,6.15,5.98,6.18,6.47,6.94,6.65,6.42,6.72,6.75,6.7,6.38,6.52,6.3,6.3,6.45,6.42,6.89,6.47,6.5
06043,6.08,6.23,6.72,6.42,6.35,6.18,6.15,5.98,6.18,6.47,6.94,6.65,6.42,6.72,6.75,6.7,6.38,6.52,6.3,6.3,6.45,6.42,6.89,6.47,6.5
06045,6.08,6.23,6.72,6.42,6.35,6.18,6.15,5.98,6.18,6.47,6.94,6.65,6.42,6.72,6.75,6.7,6.38,6.52,6.3,6.3,6.45,6.42,6.89,6.47,6.5
06047,6.08,6.23,6.72,6.42,6.35,6.18,6.15,5.98,6.18,6.47,6.94,6.65,6.42,6.72,6.75,6.7,6.38,6.52,6.3,6.3,6.45,6.42,6.89,6.47,6.5
06049,6.08,6.23,6.72,6.42,6.35,6.18,6.15,5.98,6.18,6.47,6.94,6.65,6.42,6.72,6.75,6.7,6.38,6.52,6.3,6.3,6.45,6.42,6.89,6.47,6.5
06051,6.08,6.23,6.72,6.42,6.35,6.18,6.15,5.98,6.18,6.47,6.94,6.65,6.42,6.72,6.75,6.7,6.38,6.52,6.3,6.3,6.45,6.42,6.89,6.47,6.5
06053,6.08,6.23,6.72,6.42,6.35,6.18,6.15,5.98,6.18,6.47,6.94,6.65,6.42,6.72,6.75,6.7,6.38,6.52,6.3,6.3,6.45,6.42,6.89,6.47,6.5
06055,6.08,6.23,6.72,6.42,6.35,6.18,6.15,5.98,6.18,6.47,6.94,6.65,6.42,6.72,6.75,6.7,6.38,6.52,6.3,6.3,6.45,6.42,6.89,6.47,6.5
06057,6.08,6.23,6.72,6.42,6.35,6.18,6.15,5.98,6.18,6.47,6.94,6.65,6.42,6.72,6.75,6.7,6.38,6.52,6.3,6.3,6.45,6.42,6.89,6.47,6.5
06059,6.08,6.23,6.72,6.42,6.35,6.18,6.15,5.98,6.18,6.47,6.94,6.65,6.42,6.72,6.75,6.7,6.38,6.52,6.3,6.3,6.45,6.42,6.89,6.47,6.5
06061,6.08,6.23,6.72,6.42,6.35,6.18,6.15,5.98,6.18,6.47,6.94,6.65,6.42,6.72,6.75,6.7,6.38,6.52,6.3,6.3,6.45,6.42,6.89,6.47,6.5
06063,6.08,6.23,6.72,6.42,6.35,6.18,6.15,5.98,6.18,6.47,6.94,6.65,6.42,6.72,6.75,6.7,6.38,6.52,6.3,6.3,6.45,6.42,6.89,6.47,6.5
06065,6.08,6.23,6.72,6.42,6.35,6.18,6.15,5.98,6.18,6.47,6.94,6.65,6.42,6.72,6.75,6.7,6.38,6.52,6.3,6.3,6.45,6.42,6.89,6.47,6.5
06067,6.08,6.23,6.72,6.42,6.35,6.18,6.15,5.98,6.18,6.47,6.94,6.65,6.42,6.72,6.75,6.7,6.38,6.52,6.3,6.3,6.45,6.42,6.89,6.47,6.5
06069,6.08,6.23,6.72,6.42,6.35,6.18,6.15,5.98,6.18,6.47,6.94,6.65,6.42,6.72,6.75,6.7,6.38,6.52,6.3,6.3,6.45,6.42,6.89,6.47,6.5
06071,6.08,6.23,6.72,6.42,6.35,6.18,6.15,5.98,6.18,6.47,6.94,6.65,6.42,6.72,6.75,6.7,6.38,6.52,6.3,6.3,6.45,6.42,6.89,6.47,6.5
06073,6.08,6.23,6.72,6.42,6.35,6.18,6.15,5.98,6.18,6.47,6.94,6.65,6.42,6.72,6.75,6.7,6.38,6.52,6.3,6.3,6.45,6.42,6.89,6.47,6.5
06075,6.08,6.23,6.72,6.42,6.35,6.18,6.15,5.98,6.18,6.47,6.94,6.65,6.42,6.72,6.75,6.7,6.38,6.52,6.3,6.3,6.45,6.42,6.89,6.47,6.5
06077,6.08,6.23,6.72,6.42,6.35,6.18,6.15,5.98,6.18,6.47,6.94,6.65,6.42,6.72,6.75,6.7,6.38,6.52,6.3,6.3,6.45,6.42,6.89,6.47,6.5
06079,6.08,6.23,6.72,6.42,6.35,6.18,6.15,5.98,6.18,6.47,6.94,6.65,6.42,6.72,6.75,6.7,6.38,6.52,6.3,6.3,6.45,6.42,6.89,6.47,6.5
06081,6.08,6.23,6.72,6.42,6.35,6.18,6.15,5.98,6.18,6.47,6.94,6.65,6.42,6.72,6.75,6.7,6.38,6.52,6.3,6.3,6.45,6.42,6.89,6.47,6.5
06083,6.08,6.23,6.72,6.42,6.35,6.18,6.15,5.98,6.18,6.47,6.94,6.65,6.42,6.72,6.75,6.7,6.38,6.52,6.3,6.3,6.45,6.42,6.89,6.47,6.5
06085,6.08,6.23,6.72,6.42,6.35,6.18,6.15,5.98,6.18,6.47,6.94,6.65,6.42,6.72,6.75,6.7,6.38,6.52,6.3,6.3,6.45,6.42,6.89,6.47,6.5
06087,6.08,6.23,6.72,6.42,6.35,6.18,6.15,5.98,6.18,6.47,6.94,6.65,6.42,6.72,6.75,6.7,6.38,6.52,6.3,6.3,6.45,6.42,6.89,6.47,6.5
06089,6.08,6.23,6.72,6.42,6.35,6.18,6.15,5.98,6.18,6.47,6.94,6.65,6.42,6.72,6.75,6.7,6.38,6.52,6.3,6.3,6.45,6.42,6.89,6.47,6.5
06091,6.08,6.23,6.72,6.42,6.35,6.18,6.15,5.98,6.18,6.47,6.94,6.65,6.42,6.72,6.75,6.7,6.38,6.52,6.3,6.3,6.45,6.42,6.89,6.47,6.5
06093,6.08,6.23,6.72,6.42,6.35,6.18,6.15,5.98,6.18,6.47,6.94,6.65,6.42,6.72,6.75,6.7,6.38,6.52,6.3,6.3,6.45,6.42,6.89,6.47,6.5
06095,6.08,6.23,6.72,6.42,6.35,6.18,6.15,5.98,6.18,6.47,6.94,6.65,6.42,6.72,6.75,6.7,6.38,6.52,6.3,6.3,6.45,6.42,6.89,6.47,6.5
06097,6.08,6.23,6.72,6.42,6.35,6.18,6.15,5.98,6.18,6.47,6.94,6.65,6.42,6.72,6.75,6.7,6.38,6.52,6.3,6.3,6.45,6.42,6.89,6.47,6.5
06099,6.08,6.23,6.72,6.42,6.35,6.18,6.15,5.98,6.18,6.47,6.94,6.65,6.42,6.72,6.75,6.7,6.38,6.52,6.3,6.3,6.45,6.42,6.89,6.47,6.5
06101,6.08,6.23,6.72,6.42,6.35,6.18,6.15,5.98,6.18,6.47,6.94,6.65,6.42,6.72,6.75,6.7,6.38,6.52,6.3,6.3,6.45,6.42,6.89,6.47,6.5
06103,6.08,6.23,6.72,6.42,6.35,6.18,6.15,5.98,6.18,6.47,6.94,6.65,6.42,6.72,6.75,6.7,6.38,6.52,6.3,6.3,6.45,6.42,6.89,6.47,6.5
06105,6.08,6.23,6.72,6.42,6.35,6.18,6.15,5.98,6.18,6.47,6.94,6.65,6.42,6.72,6.75,6.7,6.38,6.52,6.3,6.3,6.45,6.42,6.89,6.47,6.5
06107,6.08,6.23,6.72,6.42,6.35,6.18,6.15,5.98,6.18,6.47,6.94,6.65,6.42,6.72,6.75,6.7,6.38,6.52,6.3,6.3,6.45,6.42,6.89,6.47,6.5
06109,6.08,6.23,6.72,6.42,6.35,6.18,6.15,5.98,6.18,6.47,6.94,6.65,6.42,6.72,6.75,6.7,6.38,6.52,6.3,6.3,6.45,6.42,6.89,6.47,6.5
06111,6.08,6.23,6.72,6.42,6.35,6.18,6.15,5.98,6.18,6.47,6.94,6.65,6.42,6.72,6.75,6.7,6.38,6.52,6.3,6.3,6.45,6.42,6.89,6.47,6.5
06113,6.08,6.23,6.72,6.42,6.35,6.18,6.15,5.98,6.18,6.47,6.94,6.65,6.42,6.72,6.75,6.7,6.38,6.52,6.3,6.3,6.45,6.42,6.89,6.47,6.5
06115,6.08,6.23,6.72,6.42,6.35,6.18,6.15,5.98,6.18,6.47,6.94,6.65,6.42,6.72,6.75,6.7,6.38,6.52,6.3,6.3,6.45,6.42,6.89,6.47,6.5
08001,6.08,6.23,6.72,6.42,6.35,6.18,6.15,5.98,6.18,6.47,6.94,6.65,6.42,6.72,6.75,6.7,6.38,6.52,6.3,6.3,6.45,6.42,6.89,6.47,6.5
08003,6.08,6.23,6.72,6.42,6.35,6.18,6.15,5.98,6.18,6.47,6.94,6.65,6.42,6.72,6.75,6.7,6.38,6.52,6.3,6.3,6.45,6.42,6.89,6.47,6.5
08005,6.08,6.23,6.72,6.42,6.35,6.18,6.15,5.98,6.18,6.47,6.94,6.65,6.42,6.72,6.75,6.7,6.38,6.52,6.3,6.3,6.45,6.42,6.89,6.47,6.5
08007,6.08,6.23,6.72,6.42,6.35,6.18,6.15,5.98,6.18,6.47,6.94,6.65,6.42,6.72,6.75,6.7,6.38,6.52,6.3,6.3,6.45,6.42,6.89,6.47,6.5
08009,6.08,6.23,6.72,6.42,6.35,6.18,6.15,5.98,6.18,6.47,6.94,6.65,6.42,6.72,6.75,6.7,6.38,6.52,6.3,6.3,6.45,6.42,6.89,6.47,6.5
08011,6.08,6.23,6.72,6.42,6.35,6.18,6.15,5.98,6.18,6.47,6.94,6.65,6.42,6.72,6.75,6.7,6.38,6.52,6.3,6.3,6.45,6.42,6.89,6.47,6.5
08013,6.08,6.23,6.72,6.42,6.35,6.18,6.15,5.98,6.18,6.47,6.94,6.65,6.42,6.72,6.75,6.7,6.38,6.52,6.3,6.3,6.45,6.42,6.89,6.47,6.5
08014,6.08,6.23,6.72,6.42,6.35,6.18,6.15,5.98,6.18,6.47,6.94,6.65,6.42,6.72,6.75,6.7,6.38,6.52,6.3,6.3,6.45,6.42,6.89,6.47,6.5
08015,6.08,6.23,6.72,6.42,6.35,6.18,6.15,5.98,6.18,6.47,6.94,6.65,6.42,6.72,6.75,6.7,6.38,6.52,6.3,6.3,6.45,6.42,6.89,6.47,6.5
08017,6.08,6.23,6.72,6.42,6.35,6.18,6.15,5.98,6.18,6.47,6.94,6.65,6.42,6.72,6.75,6.7,6.38,6.52,6.3,6.3,6.45,6.42,6.89,6.47,6.5
08019,6.08,6.23,6.72,6.42,6.35,6.18,6.15,5.98,6.18,6.47,6.94,6.65,6.42,6.72,6.75,6.7,6.38,6.52,6.3,6.3,6.45,6.42,6.89,6.47,6.5
08021,6.08,6.23,6.72,6.42,6.35,6.18,6.15,5.98,6.18,6.47,6.94,6.65,6.42,6.72,6.75,6.7,6.38,6.52,6.3,6.3,6.45,6.42,6.89,6.47,6.5
08023,6.08,6.23,6.72,6.42,6.35,6.18,6.15,5.98,6.18,6.47,6.94,6.65,6.42,6.72,6.75,6.7,6.38,6.52,6.3,6.3,6.45,6.42,6.89,6.47,6.5
08025,6.08,6.23,6.72,6.42,6.35,6.18,6.15,5.98,6.18,6.47,6.94,6.65,6.42,6.72,6.75,6.7,6.38,6.52,6.3,6.3,6.45,6.42,6.89,6.47,6.5
08027,6.08,6.23,6.72,6.42,6.35,6.18,6.15,5.98,6.18,6.47,6.94,6.65,6.42,6.72,6.75,6.7,6.38,6.52,6.3,6.3,6.45,6.42,6.89,6.47,6.5
08029,6.08,6.23,6.72,6.42,6.35,6.18,6.15,5.98,6.18,6.47,6.94,6.65,6.42,6.72,6.75,6.7,6.38,6.52,6.3,6.3,6.45,6.42,6.89,6.47,6.5
08031,6.08,6.23,6.72,6.42,6.35,6.18,6.15,5.98,6.18,6.47,6.94,6.65,6.42,6.72,6.75,6.7,6.38,6.52,6.3,6.3,6.45,6.42,6.89,6.47,6.5
08033,6.08,6.23,6.72,6.42,6.35,6.18,6.15,5.98,6.18,6.47,6.94,6.65,6.42,6.72,6.75,6.7,6.38,6.52,6.3,6.3,6.45,6.42,6.89,6.47,6.5
08035,6.08,6.23,6.72,6.42,6.35,6.18,6.15,5.98,6.18,6.47,6.94,6.65,6.42,6.72,6.75,6.7,6.38,6.52,6.3,6.3,6.45,6.42,6.89,6.47,6.5
08037,6.08,6.23,6.72,6.42,6.35,6.18,6.15,5.98,6.18,6.47,6.94,6.65,6.42,6.72,6.75,6.7,6.38,6.52,6.3,6.3,6.45,6.42,6.89,6.47,6.5
08039,6.08,6.23,6.72,6.42,6.35,6.18,6.15,5.98,6.18,6.47,6.94,6.65,6.42,6.72,6.75,6.7,6.38,6.52,6.3,6.3,6.45,6.42,6.89,6.47,6.5
08041,6.08,6.23,6.72,6.42,6.35,6.18,6.15,5.98,6.18,6.47,6.94,6.65,6.42,6.72,6.75,6.7,6.38,6.52,6.3,6.3,6.45,6.42,6.89,6.47,6.5
08043,6.08,6.23,6.72,6.42,6.35,6.18,6.15,5.98,6.18,6.47,6.94,6.65,6.42,6.72,6.75,6.7,6.38,6.52,6.3,6.3,6.45,6.42,6.89,6.47,6.5
08045,6.08,6.23,6.72,6.42,6.35,6.18,6.15,5.98,6.18,6.47,6.94,6.65,6.42,6.72,6.75,6.7,6.38,6.52,6.3,6.3,6.45,6.42,6.89,6.47,6.5
08047,6.08,6.23,6.72,6.42,6.35,6.18,6.15,5.98,6.18,6.47,6.94,6.65,6.42,6.72,6.75,6.7,6.38,6.52,6.3,6.3,6.45,6.42,6.89,6.47,6.5
08049,6.08,6.23,6.72,6.42,6.35,6.18,6.15,5.98,6.18,6.47,6.94,6.65,6.42,6.72,6.75,6.7,6.38,6.52,6.3,6.3,6.45,6.42,6.89,6.47,6.5
08051,6.08,6.23,6.72,6.42,6.35,6.18,6.15,5.98,6.18,6.47,6.94,6.65,6.42,6.72,6.75,6.7,6.38,6.52,6.3,6.3,6.45,6.42,6.89,6.47,6.5
08053,6.08,6.23,6.72,6.42,6.35,6.18,6.15,5.98,6.18,6.47,6.94,6.65,6.42,6.72,6.75,6.7,6.38,6.52,6.3,6.3,6.45,6.42,6.89,6.47,6.5
08055,6.08,6.23,6.72,6.42,6.35,6.18,6.15,5.98,6.18,6.47,6.94,6.65,6.42,6.72,6.75,6.7,6.38,6.52,6.3,6.3,6.45,6.42,6.89,6.47,6.5
08057,6.08,6.23,6.72,6.42,6.35,6.18,6.15,5.98,6.18,6.47,6.94,6.65,6.42,6.72,6.75,6.7,6.38,6.52,6.3,6.3,6.45,6.42,6.89,6.47,6.5
08059,6.08,6.23,6.72,6.42,6.35,6.18,6.15,5.98,6.18,6.47,6.94,6.65,6.42,6.72,6.75,6.7,6.38,6.52,6.3,6.3,6.45,6.42,6.89,6.47,6.5
08061,6.08,6.23,6.72,6.42,6.35,6.18,6.15,5.98,6.18,6.47,6.94,6.65,6.42,6.72,6.75,6.7,6.38,6.52,6.3,6.3,6.45,6.42,6.89,6.47,6.5
08063,6.08,6.23,6.72,6.42,6.35,6.18,6.15,5.98,6.18,6.47,6.94,6.65,6.42,6.72,6.75,6.7,6.38,6.52,6.3,6.3,6.45,6.42,6.89,6.47,6.5
08065,6.08,6.23,6.72,6.42,6.35,6.18,6.15,5.98,6.18,6.47,6.94,6.65,6.42,6.72,6.75,6.7,6.38,6.52,6.3,6.3,6.45,6.42,6.89,6.47,6.5
08067,6.08,6.23,6.72,6.42,6.35,6.18,6.15,5.98,6.18,6.47,6.94,6.65,6.42,6.72,6.75,6.7,6.38,6.52,6.3,6.3,6.45,6.42,6.89,6.47,6.5
08069,6.08,6.23,6.72,6.42,6.35,6.18,6.15,5.98,6.18,6.47,6.94,6.65,6.42,6.72,6.75,6.7,6.38,6.52,6.3,6.3,6.45,6.42,6.89,6.47,6.5
08071,6.08,6.23,6.72,6.42,6.35,6.18,6.15,5.98,6.18,6.47,6.94,6.65,6.42,6.72,6.75,6.7,6.38,6.52,6.3,6.3,6.45,6.42,6.89,6.47,6.5
08073,6.08,6.23,6.72,6.42,6.35,6.18,6.15,5.98,6.18,6.47,6.94,6.65,6.42,6.72,6.75,6.7,6.38,6.52,6.3,6.3,6.45,6.42,6.89,6.47,6.5
08075,6.08,6.23,6.72,6.42,6.35,6.18,6.15,5.98,6.18,6.47,6.94,6.65,6.42,6.72,6.75,6.7,6.38,6.52,6.3,6.3,6.45,6.42,6.89,6.47,6.5
08077,6.08,6.23,6.72,6.42,6.35,6.18,6.15,5.98,6.18,6.47,6.94,6.65,6.42,6.72,6.75,6.7,6.38,6.52,6.3,6.3,6.45,6.42,6.89,6.47,6.5
08079,6.08,6.23,6.72,6.42,6.35,6.18,6.15,5.98,6.18,6.47,6.94,6.65,6.42,6.72,6.75,6.7,6.38,6.52,6.3,6.3,6.45,6.42,6.89,6.47,6.5
08081,6.08,6.23,6.72,6.42,6.35,6.18,6.15,5.98,6.18,6.47,6.94,6.65,6.42,6.72,6.75,6.7,6.38,6.52,6.3,6.3,6.45,6.42,6.89,6.47,6.5
08083,6.08,6.23,6.72,6.42,6.35,6.18,6.15,5.98,6.18,6.47,6.94,6.65,6.42,6.72,6.75,6.7,6.38,6.52,6.3,6.3,6.45,6.42,6.89,6.47,6.5
08085,6.08,6.23,6.72,6.42,6.35,6.18,6.15,5.98,6.18,6.47,6.94,6.65,6.42,6.72,6.75,6.7,6.38,6.52,6.3,6.3,6.45,6.42,6.89,6.47,6.5
08087,6.08,6.23,6.72,6.42,6.35,6.18,6.15,5.98,6.18,6.47,6.94,6.65,6.42,6.72,6.75,6.7,6.38,6.52,6.3,6.3,6.45,6.42,6.89,6.47,6.5
08089,6.08,6.23,6.72,6.42,6.35,6.18,6.15,5.98,6.18,6.47,6.94,6.65,6.42,6.72,6.75,6.7,6.38,6.52,6.3,6.3,6.45,6.42,6.89,6.47,6.5
08091,6.08,6.23,6.72,6.42,6.35,6.18,6.15,5.98,6.18,6.47,6.94,6.65,6.42,6.72,6.75,6.7,6.38,6.52,6.3,6.3,6.45,6.42,6.89,6.47,6.5
08093,6.08,6.23,6.72,6.42,6.35,6.18,6.15,5.98,6.18,6.47,6.94,6.65,6.42,6.72,6.75,6.7,6.38,6.52,6.3,6.3,6.45,6.42,6.89,6.47,6.5
08095,6.08,6.23,6.72,6.42,6.35,6.18,6.15,5.98,6.18,6.47,6.94,6.65,6.42,6.72,6.75,6.7,6.38,6.52,6.3,6.3,6.45,6.42,6.89,6.47,6.5
08097,6.08,6.23,6.72,6.42,6.35,6.18,6.15,5.98,6.18,6.47,6.94,6.65,6.42,6.72,6.75,6.7,6.38,6.52,6.3,6.3,6.45,6.42,6.89,6.47,6.5
08099,6.08,6.23,6.72,6.42,6.35,6.18,6.15,5.98,6.18,6.47,6.94,6.65,6.42,6.72,6.75,6.7,6.38,6.52,6.3,6.3,6.45,6.42,6.89,6.47,6.5
08101,6.08,6.23,6.72,6.42,6.35,6.18,6.15,5.98,6.18,6.47,6.94,6.65,6.42,6.72,6.75,6.7,6.38,6.52,6.3,6.3,6.45,6.42,6.89,6.47,6.5
08103,6.08,6.23,6.72,6.42,6.35,6.18,6.15,5.98,6.18,6.47,6.94,6.65,6.42,6.72,6.75,6.7,6.38,6.52,6.3,6.3,6.45,6.42,6.89,6.47,6.5
08105,6.08,6.23,6.72,6.42,6.35,6.18,6.15,5.98,6.18,6.47,6.94,6.65,6.42,6.72,6.75,6.7,6.38,6.52,6.3,6.3,6.45,6.42,6.89,6.47,6.5
08107,6.08,6.23,6.72,6.42,6.35,6.18,6.15,5.98,6.18,6.47,6.94,6.65,6.42,6.72,6.75,6.7,6.38,6.52,6.3,6.3,6.45,6.42,6.89,6.47,6.5
08109,6.08,6.23,6.72,6.42,6.35,6.18,6.15,5.98,6.18,6.47,6.94,6.65,6.42,6.72,6.75,6.7,6.38,6.52,6.3,6.3,6.45,6.42,6.89,6.47,6.5
08111,6.08,6.23,6.72,6.42,6.35,6.18,6.15,5.98,6.18,6.47,6.94,6.65,6.42,6.72,6.75,6.7,6.38,6.52,6.3,6.3,6.45,6.42,6.89,6.47,6.5
08113,6.08,6.23,6.72,6.42,6.35,6.18,6.15,5.98,6.18,6.47,6.94,6.65,6.42,6.72,6.75,6.7,6.38,6.52,6.3,6.3,6.45,6.42,6.89,6.47,6.5
08115,6.08,6.23,6.72,6.42,6.35,6.18,6.15,5.98,6.18,6.47,6.94,6.65,6.42,6.72,6.75,6.7,6.38,6.52,6.3,6.3,6.45,6.42,6.89,6.47,6.5
08117,6.08,6.23,6.72,6.42,6.35,6.18,6.15,5.98,6.18,6.47,6.94,6.65,6.42,6.72,6.75,6.7,6.38,6.52,6.3,6.3,6.45,6.42,6.89,6.47,6.5
08119,6.08,6.23,6.72,6.42,6.35,6.18,6.15,5.98,6.18,6.47,6.94,6.65,6.42,6.72,6.75,6.7,6.38,6.52,6.3,6.3,6.45,6.42,6.89,6.47,6.5
08121,6.08,6.23,6.72,6.42,6.35,6.18,6.15,5.98,6.18,6.47,6.94,6.65,6.42,6.72,6.75,6.7,6.38,6.52,6.3,6.3,6.45,6.42,6.89,6.47,6.5
08123,6.08,6.23,6.72,6.42,6.35,6.18,6.15,5.98,6.18,6.47,6.94,6.65,6.42,6.72,6.75,6.7,6.38,6.52,6.3,6.3,6.45,6.42,6.89,6.47,6.5
08125,6.08,6.23,6.72,6.42,6.35,6.18,6.15,5.98,6.18,6.47,6.94,6.65,6.42,6.72,6.75,6.7,6.38,6.52,6.3,6.3,6.45,6.42,6.89,6.47,6.5
09001,6.08,6.23,6.72,6.42,6.35,6.18,6.15,5.98,6.18,6.47,6.94,6.65,6.42,6.72,6.75,6.7,6.38,6.52,6.3,6.3,6.45,6.42,6.89,6.47,6.5
09003,6.08,6.23,6.72,6.42,6.35,6.18,6.15,5.98,6.18,6.47,6.94,6.65,6.42,6.72,6.75,6.7,6.38,6.52,6.3,6.3,6.45,6.42,6.89,6.47,6.5
09005,6.08,6.23,6.72,6.42,6.35,6.18,6.15,5.98,6.18,6.47,6.94,6.65,6.42,6.72,6.75,6.7,6.38,6.52,6.3,6.3,6.45,6.42,6.89,6.47,6.5
09007,6.08,6.23,6.72,6.42,6.35,6.18,6.15,5.98,6.18,6.47,6.94,6.65,6.42,6.72,6.75,6.7,6.38,6.52,6.3,6.3,6.45,6.42,6.89,6.47,6.5
09009,6.08,6.23,6.72,6.42,6.35,6.18,6.15,5.98,6.18,6.47,6.94,6.65,6.42,6.72,6.75,6.7,6.38,6.52,6.3,6.3,6.45,6.42,6.89,6.47,6.5
09011,6.08,6.23,6.72,6.42,6.35,6.18,6.15,5.98,6.18,6.47,6.94,6.65,6.42,6.72,6.75,6.7,6.38,6.52,6.3,6.3,6.45,6.42,6.89,6.47,6.5
09013,6.08,6.23,6.72,6.42,6.35,6.18,6.15,5.98,6.18,6.47,6.94,6.65,6.42,6.72,6.75,6.7,6.38,6.52,6.3,6.3,6.45,6.42,6.89,6.47,6.5
09015,6.08,6.23,6.72,6.42,6.35,6.18,6.15,5.98,6.18,6.47,6.94,6.65,6.42,6.72,6.75,6.7,6.38,6.52,6.3,6.3,6.45,6.42,6.89,6.47,6.5
10001,6.08,6.23,6.72,6.42,6.35,6.18,6.15,5.98,6.18,6.47,6.94,6.65,6.42,6.72,6.75,6.7,6.38,6.52,6.3,6.3,6.45,6.42,6.89,6.47,6.5
10003,6.08,6.23,6.72,6.42,6.35,6.18,6.15,5.98,6.18,6.47,6.94,6.65,6.42,6.72,6.75,6.7,6.38,6.52,6.3,6.3,6.45,6.42,6.89,6.47,6.5
10005,6.08,6.23,6.72,6.42,6.35,6.18,6.15,5.98,6.18,6.47,6.94,6.65,6.42,6.72,6.75,6.7,6.38,6.52,6.3,6.3,6.45,6.42,6.89,6.47,6.5
11001,6.08,6.23,6.72,6.42,6.35,6.18,6.15,5.98,6.18,6.47,6.94,6.65,6.42,6.72,6.75,6.7,6.38,6.52,6.3,6.3,6.45,6.42,6.89,6.47,6.5
12001,6.08,6.23,6.72,6.42,6.35,6.18,6.15,5.98,6.18,6.47,6.94,6.65,6.42,6.72,6.75,6.7,6.38,6.52,6.3,6.3,6.45,6.42,6.89,6.47,6.5
12003,6.08,6.23,6.72,6.42,6.35,6.18,6.15,5.98,6.18,6.47,6.94,6.65,6.42,6.72,6.75,6.7,6.38,6.52,6.3,6.3,6.45,6.42,6.89,6.47,6.5
12005,6.08,6.23,6.72,6.42,6.35,6.18,6.15,5.98,6.18,6.47,6.94,6.65,6.42,6.72,6.75,6.7,6.38,6.52,6.3,6.3,6.45,6.42,6.89,6.47,6.5
12007,6.08,6.23,6.72,6.42,6.35,6.18,6.15,5.98,6.18,6.47,6.94,6.65,6.42,6.72,6.75,6.7,6.38,6.52,6.3,6.3,6.45,6.42,6.89,6.47,6.5
12009,6.08,6.23,6.72,6.42,6.35,6.18,6.15,5.98,6.18,6.47,6.94,6.65,6.42,6.72,6.75,6.7,6.38,6.52,6.3,6.3,6.45,6.42,6.89,6.47,6.5
12011,6.08,6.23,6.72,6.42,6.35,6.18,6.15,5.98,6.18,6.47,6.94,6.65,6.42,6.72,6.75,6.7,6.38,6.52,6.3,6.3,6.45,6.42,6.89,6.47,6.5
12013,6.08,6.23,6.72,6.42,6.35,6.18,6.15,5.98,6.18,6.47,6.94,6.65,6.42,6.72,6.75,6.7,6.38,6.52,6.3,6.3,6.45,6.42,6.89,6.47,6.5
12015,6.08,6.23,6.72,6.42,6.35,6.18,6.15,5.98,6.18,6.47,6.94,6.65,6.42,6.72,6.75,6.7,6.38,6.52,6.3,6.3,6.45,6.42,6.89,6.47,6.5
12017,6.08,6.23,6.72,6.42,6.35,6.18,6.15,5.98,6.18,6.47,6.94,6.65,6.42,6.72,6.75,6.7,6.38,6.52,6.3,6.3,6.45,6.42,6.89,6.47,6.5
12019,6.08,6.23,6.72,6.42,6.35,6.18,6.15,5.98,6.18,6.47,6.94,6.65,6.42,6.72,6.75,6.7,6.38,6.52,6.3,6.3,6.45,6.42,6.89,6.47,6.5
12021,6.08,6.23,6.72,6.42,6.35,6.18,6.15,5.98,6.18,6.47,6.94,6.65,6.42,6.72,6.75,6.7,6.38,6.52,6.3,6.3,6.45,6.42,6.89,6.47,6.5
12023,6.08,6.23,6.72,6.42,6.35,6.18,6.15,5.98,6.18,6.47,6.94,6.65,6.42,6.72,6.75,6.7,6.38,6.52,6.3,6.3,6.45,6.42,6.89,6.47,6.5
12027,6.08,6.23,6.72,6.42,6.35,6.18,6.15,5.98,6.18,6.47,6.94,6.65,6.42,6.72,6.75,6.7,6.38,6.52,6.3,6.3,6.45,6.42,6.89,6.47,6.5
12029,6.08,6.23,6.72,6.42,6.35,6.18,6.15,5.98,6.18,6.47,6.94,6.65,6.42,6.72,6.75,6.7,6.38,6.52,6.3,6.3,6.45,6.42,6.89,6.47,6.5
12031,6.08,6.23,6.72,6.42,6.35,6.18,6.15,5.98,6.18,6.47,6.94,6.65,6.42,6.72,6.75,6.7,6.38,6.52,6.3,6.3,6.45,6.42,6.89,6.47,6.5
12033,6.08,6.23,6.72,6.42,6.35,6.18,6.15,5.98,6.18,6.47,6.94,6.65,6.42,6.72,6.75,6.7,6.38,6.52,6.3,6.3,6.45,6.42,6.89,6.47,6.5
12035,6.08,6.23,6.72,6.42,6.35,6.18,6.15,5.98,6.18,6.47,6.94,6.65,6.42,6.72,6.75,6.7,6.38,6.52,6.3,6.3,6.45,6.42,6.89,6.47,6.5
12037,6.08,6.23,6.72,6.42,6.35,6.18,6.15,5.98,6.18,6.47,6.94,6.65,6.42,6.72,6.75,6.7,6.38,6.52,6.3,6.3,6.45,6.42,6.89,6.47,6.5
12039,6.08,6.23,6.72,6.42,6.35,6.18,6.15,5.98,6.18,6.47,6.94,6.65,6.42,6.72,6.75,6.7,6.38,6.52,6.3,6.3,6.45,6.42,6.89,6.47,6.5
12041,6.08,6.23,6.72,6.42,6.35,6.18,6.15,5.98,6.18,6.47,6.94,6.65,6.42,6.72,6.75,6.7,6.38,6.52,6.3,6.3,6.45,6.42,6.89,6.47,6.5
12043,6.08,6.23,6.72,6.42,6.35,6.18,6.15,5.98,6.18,6.47,6.94,6.65,6.42,6.72,6.75,6.7,6.38,6.52,6.3,6.3,6.45,6.42,6.89,6.47,6.5
12045,6.08,6.23,6.72,6.42,6.35,6.18,6.15,5.98,6.18,6.47,6.94,6.65,6.42,6.72,6.75,6.7,6.38,6.52,6.3,6.3,6.45,6.42,6.89,6.47,6.5
12047,6.08,6.23,6.72,6.42,6.35,6.18,6.15,5.98,6.18,6.47,6.94,6.65,6.42,6.72,6.75,6.7,6.38,6.52,6.3,6.3,6.45,6.42,6.89,6.47,6.5
12049,6.08,6.23,6.72,6.42,6.35,6.18,6.15,5.98,6.18,6.47,6.94,6.65,6.42,6.72,6.75,6.7,6.38,6.52,6.3,6.3,6.45,6.42,6.89,6.47,6.5
12051,6.08,6.23,6.72,6.42,6.35,6.18,6.15,5.98,6.18,6.47,6.94,6.65,6.42,6.72,6.75,6.7,6.38,6.52,6.3,6.3,6.45,6.42,6.89,6.47,6.5
12053,6.08,6.23,6.72,6.42,6.35,6.18,6.15,5.98,6.18,6.47,6.94,6.65,6.42,6.72,6.75,6.7,6.38,6.52,6.3,6.3,6.45,6.42,6.89,6.47,6.5
12055,6.08,6.23,6.72,6.42,6.35,6.18,6.15,5.98,6.18,6.47,6.94,6.65,6.42,6.72,6.75,6.7,6.38,6.52,6.3,6.3,6.45,6.42,6.89,6.47,6.5
12057,6.08,6.23,6.72,6.42,6.35,6.18,6.15,5.98,6.18,6.47,6.94,6.65,6.42,6.72,6.75,6.7,6.38,6.52,6.3,6.3,6.45,6.42,6.89,6.47,6.5
12059,6.08,6.23,6.72,6.42,6.35,6.18,6.15,5.98,6.18,6.47,6.94,6.65,6.42,6.72,6.75,6.7,6.38,6.52,6.3,6.3,6.45,6.42,6.89,6.47,6.5
12061,6.08,6.23,6.72,6.42,6.35,6.18,6.15,5.98,6.18,6.47,6.94,6.65,6.42,6.72,6.75,6.7,6.38,6.52,6.3,6.3,6.45,6.42,6.89,6.47,6.5
12063,6.08,6.23,6.72,6.42,6.35,6.18,6.15,5.98,6.18,6.47,6.94,6.65,6.42,6.72,6.75,6.7,6.38,6.52,6.3,6.3,6.45,6.42,6.89,6.47,6.5
12065,6.08,6.23,6.72,6.42,6.35,6.18,6.15,5.98,6.18,6.47,6.94,6.65,6.42,6.72,6.75,6.7,6.38,6.52,6.3,6.3,6.45,6.42,6.89,6.47,6.5
12067,6.08,6.23,6.72,6.42,6.35,6.18,6.15,5.98,6.18,6.47,6.94,6.65,6.42,6.72,6.75,6.7,6.38,6.52,6.3,6.3,6.45,6.42,6.89,6.47,6.5
12069,6.08,6.23,6.72,6.42,6.35,6.18,6.15,5.98,6.18,6.47,6.94,6.65,6.42,6.72,6.75,6.7,6.38,6.52,6.3,6.3,6.45,6.42,6.89,6.47,6.5
12071,6.08,6.23,6.72,6.42,6.35,6.18,6.15,5.98,6.18,6.47,6.94,6.65,6.42,6.72,6.75,6.7,6.38,6.52,6.3,6.3,6.45,6.42,6.89,6.47,6.5
12073,6.08,6.23,6.72,6.42,6.35,6.18,6.15,5.98,6.18,6.47,6.94,6.65,6.42,6.72,6.75,6.7,6.38,6.52,6.3,6.3,6.45,6.42,6.89,6.47,6.5
12075,6.08,6.23,6.72,6.42,6.35,6.18,6.15,5.98,6.18,6.47,6.94,6.65,6.42,6.72,6.75,6.7,6.38,6.52,6.3,6.3,6.45,6.42,6.89,6.47,6.5
12077,6.08,6.23,6.72,6.42,6.35,6.18,6.15,5.98,6.18,6.47,6.94,6.65,6.42,6.72,6.75,6.7,6.38,6.52,6.3,6.3,6.45,6.42,6.89,6.47,6.5
12079,6.08,6.23,6.72,6.42,6.35,6.18,6.15,5.98,6.18,6.47,6.94,6.65,6.42,6.72,6.75,6.7,6.38,6.52,6.3,6.3,6.45,6.42,6.89,6.47,6.5
12081,6.08,6.23,6.72,6.42,6.35,6.18,6.15,5.98,6.18,6.47,6.94,6.65,6.42,6.72,6.75,6.7,6.38,6.52,6.3,6.3,6.45,6.42,6.89,6.47,6.5
12083,6.08,6.23,6.72,6.42,6.35,6.18,6.15,5.98,6.18,6.47,6.94,6.65,6.42,6.72,6.75,6.7,6.38,6.52,6.3,6.3,6.45,6.42,6.89,6.47,6.5
12085,6.08,6.23,6.72,6.42,6.35,6.18,6.15,5.98,6.18,6.47,6.94,6.65,6.42,6.72,6.75,6.7,6.38,6.52,6.3,6.3,6.45,6.42,6.89,6.47,6.5
12086,6.08,6.23,6.72,6.42,6.35,6.18,6.15,5.98,6.18,6.47,6.94,6.65,6.42,6.72,6.75,6.7,6.38,6.52,6.3,6.3,6.45,6.42,6.89,6.47,6.5
12087,6.08,6.23,6.72,6.42,6.35,6.18,6.15,5.98,6.18,6.47,6.94,6.65,6.42,6.72,6.75,6.7,6.38,6.52,6.3,6.3,6.45,6.42,6.89,6.47,6.5
12089,6.08,6.23,6.72,6.42,6.35,6.18,6.15,5.98,6.18,6.47,6.94,6.65,6.42,6.72,6.75,6.7,6.38,6.52,6.3,6.3,6.45,6.42,6.89,6.47,6.5
12091,6.08,6.23,6.72,6.42,6.35,6.18,6.15,5.98,6.18,6.47,6.94,6.65,6.42,6.72,6.75,6.7,6.38,6.52,6.3,6.3,6.45,6.42,6.89,6.47,6.5
12093,6.08,6.23,6.72,6.42,6.35,6.18,6.15,5.98,6.18,6.47,6.94,6.65,6.42,6.72,6.75,6.7,6.38,6.52,6.3,6.3,6.45,6.42,6.89,6.47,6.5
12095,6.08,6.23,6.72,6.42,6.35,6.18,6.15,5.98,6.18,6.47,6.94,6.65,6.42,6.72,6.75,6.7,6.38,6.52,6.3,6.3,6.45,6.42,6.89,6.47,6.5
12097,6.08,6.23,6.72,6.42,6.35,6.18,6.15,5.98,6.18,6.47,6.94,6.65,6.42,6.72,6.75,6.7,6.38,6.52,6.3,6.3,6.45,6.42,6.89,6.47,6.5
12099,6.08,6.23,6.72,6.42,6.35,6.18,6.15,5.98,6.18,6.47,6.94,6.65,6.42,6.72,6.75,6.7,6.38,6.52,6.3,6.3,6.45,6.42,6.89,6.47,6.5
12101,6.08,6.23,6.72,6.42,6.35,6.18,6.15,5.98,6.18,6.47,6.94,6.65,6.42,6.72,6.75,6.7,6.38,6.52,6.3,6.3,6.45,6.42,6.89,6.47,6.5
12103,6.08,6.23,6.72,6.42,6.35,6.18,6.15,5.98,6.18,6.47,6.94,6.65,6.42,6.72,6.75,6.7,6.38,6.52,6.3,6.3,6.45,6.42,6.89,6.47,6.5
12105,6.08,6.23,6.72,6.42,6.35,6.18,6.15,5.98,6.18,6.47,6.94,6.65,6.42,6.72,6.75,6.7,6.38,6.52,6.3,6.3,6.45,6.42,6.89,6.47,6.5
12107,6.08,6.23,6.72,6.42,6.35,6.18,6.15,5.98,6.18,6.47,6.94,6.65,6.42,6.72,6.75,6.7,6.38,6.52,6.3,6.3,6.45,6.42,6.89,6.47,6.5
12109,6.08,6.23,6.72,6.42,6.35,6.18,6.15,5.98,6.18,6.47,6.94,6.65,6.42,6.72,6.75,6.7,6.38,6.52,6.3,6.3,6.45,6.42,6.89,6.47,6.5
12111,6.08,6.23,6.72,6.42,6.35,6.18,6.15,5.98,6.18,6.47,6.94,6.65,6.42,6.72,6.75,6.7,6.38,6.52,6.3,6.3,6.45,6.42,6.89,6.47,6.5
12113,6.08,6.23,6.72,6.42,6.35,6.18,6.15,5.98,6.18,6.47,6.94,6.65,6.42,6.72,6.75,6.7,6.38,6.52,6.3,6.3,6.45,6.42,6.89,6.47,6.5
12115,6.08,6.23,6.72,6.42,6.35,6.18,6.15,5.98,6.18,6.47,6.94,6.65,6.42,6.72,6.75,6.7,6.38,6.52,6.3,6.3,6.45,6.42,6.89,6.47,6.5
12117,6.08,6.23,6.72,6.42,6.35,6.18,6.15,5.98,6.18,6.47,6.94,6.65,6.42,6.72,6.75,6.7,6.38,6.52,6.3,6.3,6.45,6.42,6.89,6.47,6.5
12119,6.08,6.23,6.72,6.42,6.35,6.18,6.15,5.98,6.18,6.47,6.94,6.65,6.42,6.72,6.75,6.7,6.38,6.52,6.3,6.3,6.45,6.42,6.89,6.47,6.5
12121,6.08,6.23,6.72,6.42,6.35,6.18,6.15,5.98,6.18,6.47,6.94,6.65,6.42,6.72,6.75,6.7,6.38,6.52,6.3,6.3,6.45,6.42,6.89,6.47,6.5
12123,6.08,6.23,6.72,6.42,6.35,6.18,6.15,5.98,6.18,6.47,6.94,6.65,6.42,6.72,6.75,6.7,6.38,6.52,6.3,6.3,6.45,6.42,6.89,6.47,6.5
12125,6.08,6.23,6.72,6.42,6.35,6.18,6.15,5.98,6.18,6.47,6.94,6.65,6.42,6.72,6.75,6.7,6.38,6.52,6.3,6.3,6.45,6.42,6.89,6.47,6.5
12127,6.08,6.23,6.72,6.42,6.35,6.18,6.15,5.98,6.18,6.47,6.94,6.65,6.42,6.72,6.75,6.7,6.38,6.52,6.3,6.3,6.45,6.42,6.89,6.47,6.5
12129,6.08,6.23,6.72,6.42,6.35,6.18,6.15,5.98,6.18,6.47,6.94,6.65,6.42,6.72,6.75,6.7,6.38,6.52,6.3,6.3,6.45,6.42,6.89,6.47,6.5
12131,6.08,6.23,6.72,6.42,6.35,6.18,6.15,5.98,6.18,6.47,6.94,6.65,6.42,6.72,6.75,6.7,6.38,6.52,6.3,6.3,6.45,6.42,6.89,6.47,6.5
12133,6.08,6.23,6.72,6.42,6.35,6.18,6.15,5.98,6.18,6.47,6.94,6.65,6.42,6.72,6.75,6.7,6.38,6.52,6.3,6.3,6.45,6.42,6.89,6.47,6.5
13001,6.08,6.23,6.72,6.42,6.35,6.18,6.15,5.98,6.18,6.47,6.94,6.65,6.42,6.72,6.75,6.7,6.38,6.52,6.3,6.3,6.45,6.42,6.89,6.47,6.5
13003,6.08,6.23,6.72,6.42,6.35,6.18,6.15,5.98,6.18,6.47,6.94,6.65,6.42,6.72,6.75,6.7,6.38,6.52,6.3,6.3,6.45,6.42,6.89,6.47,6.5
13005,6.08,6.23,6.72,6.42,6.35,6.18,6.15,5.98,6.18,6.47,6.94,6.65,6.42,6.72,6.75,6.7,6.38,6.52,6.3,6.3,6.45,6.42,6.89,6.47,6.5
13007,6.08,6.23,6.72,6.42,6.35,6.18,6.15,5.98,6.18,6.47,6.94,6.65,6.42,6.72,6.75,6.7,6.38,6.52,6.3,6.3,6.45,6.42,6.89,6.47,6.5
13009,6.08,6.23,6.72,6.42,6.35,6.18,6.15,5.98,6.18,6.47,6.94,6.65,6.42,6.72,6.75,6.7,6.38,6.52,6.3,6.3,6.45,6.42,6.89,6.47,6.5
13011,6.08,6.23,6.72,6.42,6.35,6.18,6.15,5.98,6.18,6.47,6.94,6.65,6.42,6.72,6.75,6.7,6.38,6.52,6.3,6.3,6.45,6.42,6.89,6.47,6.5
13013,6.08,6.23,6.72,6.42,6.35,6.18,6.15,5.98,6.18,6.47,6.94,6.65,6.42,6.72,6.75,6.7,6.38,6.52,6.3,6.3,6.45,6.42,6.89,6.47,6.5
13015,6.08,6.23,6.72,6.42,6.35,6.18,6.15,5.98,6.18,6.47,6.94,6.65,6.42,6.72,6.75,6.7,6.38,6.52,6.3,6.3,6.45,6.42,6.89,6.47,6.5
13017,6.08,6.23,6.72,6.42,6.35,6.18,6.15,5.98,6.18,6.47,6.94,6.65,6.42,6.72,6.75,6.7,6.38,6.52,6.3,6.3,6.45,6.42,6.89,6.47,6.5
13019,6.08,6.23,6.72,6.42,6.35,6.18,6.15,5.98,6.18,6.47,6.94,6.65,6.42,6.72,6.75,6.7,6.38,6.52,6.3,6.3,6.45,6.42,6.89,6.47,6.5
13021,6.08,6.23,6.72,6.42,6.35,6.18,6.15,5.98,6.18,6.47,6.94,6.65,6.42,6.72,6.75,6.7,6.38,6.52,6.3,6.3,6.45,6.42,6.89,6.47,6.5
13023,6.08,6.23,6.72,6.42,6.35,6.18,6.15,5.98,6.18,6.47,6.94,6.65,6.42,6.72,6.75,6.7,6.38,6.52,6.3,6.3,6.45,6.42,6.89,6.47,6.5
13025,6.08,6.23,6.72,6.42,6.35,6.18,6.15,5.98,6.18,6.47,6.94,6.65,6.42,6.72,6.75,6.7,6.38,6.52,6.3,6.3,6.45,6.42,6.89,6.47,6.5
13027,6.08,6.23,6.72,6.42,6.35,6.18,6.15,5.98,6.18,6.47,6.94,6.65,6.42,6.72,6.75,6.7,6.38,6.52,6.3,6.3,6.45,6.42,6.89,6.47,6.5
13029,6.08,6.23,6.72,6.42,6.35,6.18,6.15,5.98,6.18,6.47,6.94,6.65,6.42,6.72,6.75,6.7,6.38,6.52,6.3,6.3,6.45,6.42,6.89,6.47,6.5
13031,6.08,6.23,6.72,6.42,6.35,6.18,6.15,5.98,6.18,6.47,6.94,6.65,6.42,6.72,6.75,6.7,6.38,6.52,6.3,6.3,6.45,6.42,6.89,6.47,6.5
13033,6.08,6.23,6.72,6.42,6.35,6.18,6.15,5.98,6.18,6.47,6.94,6.65,6.42,6.72,6.75,6.7,6.38,6.52,6.3,6.3,6.45,6.42,6.89,6.47,6.5
13035,6.08,6.23,6.72,6.42,6.35,6.18,6.15,5.98,6.18,6.47,6.94,6.65,6.42,6.72,6.75,6.7,6.38,6.52,6.3,6.3,6.45,6.42,6.89,6.47,6.5
13037,6.08,6.23,6.72,6.42,6.35,6.18,6.15,5.98,6.18,6.47,6.94,6.65,6.42,6.72,6.75,6.7,6.38,6.52,6.3,6.3,6.45,6.42,6.89,6.47,6.5
13039,6.08,6.23,6.72,6.42,6.35,6.18,6.15,5.98,6.18,6.47,6.94,6.65,6.42,6.72,6.75,6.7,6.38,6.52,6.3,6.3,6.45,6.42,6.89,6.47,6.5
13043,6.08,6.23,6.72,6.42,6.35,6.18,6.15,5.98,6.18,6.47,6.94,6.65,6.42,6.72,6.75,6.7,6.38,6.52,6.3,6.3,6.45,6.42,6.89,6.47,6.5
13045,6.08,6.23,6.72,6.42,6.35,6.18,6.15,5.98,6.18,6.47,6.94,6.65,6.42,6.72,6.75,6.7,6.38,6.52,6.3,6.3,6.45,6.42,6.89,6.47,6.5
13047,6.08,6.23,6.72,6.42,6.35,6.18,6.15,5.98,6.18,6.47,6.94,6.65,6.42,6.72,6.75,6.7,6.38,6.52,6.3,6.3,6.45,6.42,6.89,6.47,6.5
13049,6.08,6.23,6.72,6.42,6.35,6.18,6.15,5.98,6.18,6.47,6.94,6.65,6.42,6.72,6.75,6.7,6.38,6.52,6.3,6.3,6.45,6.42,6.89,6.47,6.5
13051,6.08,6.23,6.72,6.42,6.35,6.18,6.15,5.98,6.18,6.47,6.94,6.65,6.42,6.72,6.75,6.7,6.38,6.52,6.3,6.3,6.45,6.42,6.89,6.47,6.5
13053,6.08,6.23,6.72,6.42,6.35,6.18,6.15,5.98,6.18,6.47,6.94,6.65,6.42,6.72,6.75,6.7,6.38,6.52,6.3,6.3,6.45,6.42,6.89,6.47,6.5
13055,6.08,6.23,6.72,6.42,6.35,6.18,6.15,5.98,6.18,6.47,6.94,6.65,6.42,6.72,6.75,6.7,6.38,6.52,6.3,6.3,6.45,6.42,6.89,6.47,6.5
13057,6.08,6.23,6.72,6.42,6.35,6.18,6.15,5.98,6.18,6.47,6.94,6.65,6.42,6.72,6.75,6.7,6.38,6.52,6.3,6.3,6.45,6.42,6.89,6.47,6.5
13059,6.08,6.23,6.72,6.42,6.35,6.18,6.15,5.98,6.18,6.47,6.94,6.65,6.42,6.72,6.75,6.7,6.38,6.52,6.3,6.3,6.45,6.42,6.89,6.47,6.5
13061,6.08,6.23,6.72,6.42,6.35,6.18,6.15,5.98,6.18,6.47,6.94,6.65,6.42,6.72,6.75,6.7,6.38,6.52,6.3,6.3,6.45,6.42,6.89,6.47,6.5
13063,6.08,6.23,6.72,6.42,6.35,6.18,6.15,5.98,6.18,6.47,6.94,6.65,6.42,6.72,6.75,6.7,6.38,6.52,6.3,6.3,6.45,6.42,6.89,6.47,6.5
13065,6.08,6.23,6.72,6.42,6.35,6.18,6.15,5.98,6.18,6.47,6.94,6.65,6.42,6.72,6.75,6.7,6.38,6.52,6.3,6.3,6.45,6.42,6.89,6.47,6.5
13067,6.08,6.23,6.72,6.42,6.35,6.18,6.15,5.98,6.18,6.47,6.94,6.65,6.42,6.72,6.75,6.7,6.38,6.52,6.3,6.3,6.45,6.42,6.89,6.47,6.5
13069,6.08,6.23,6.72,6.42,6.35,6.18,6.15,5.98,6.18,6.47,6.94,6.65,6.42,6.72,6.75,6.7,6.38,6.52,6.3,6.3,6.45,6.42,6.89,6.47,6.5
13071,6.08,6.23,6.72,6.42,6.35,6.18,6.15,5.98,6.18,6.47,6.94,6.65,6.42,6.72,6.75,6.7,6.38,6.52,6.3,6.3,6.45,6.42,6.89,6.47,6.5
13073,6.08,6.23,6.72,6.42,6.35,6.18,6.15,5.98,6.18,6.47,6.94,6.65,6.42,6.72,6.75,6.7,6.38,6.52,6.3,6.3,6.45,6.42,6.89,6.47,6.5
13075,6.08,6.23,6.72,6.42,6.35,6.18,6.15,5.98,6.18,6.47,6.94,6.65,6.42,6.72,6.75,6.7,6.38,6.52,6.3,6.3,6.45,6.42,6.89,6.47,6.5
13077,6.08,6.23,6.72,6.42,6.35,6.18,6.15,5.98,6.18,6.47,6.94,6.65,6.42,6.72,6.75,6.7,6.38,6.52,6.3,6.3,6.45,6.42,6.89,6.47,6.5
13079,6.08,6.23,6.72,6.42,6.35,6.18,6.15,5.98,6.18,6.47,6.94,6.65,6.42,6.72,6.75,6.7,6.38,6.52,6.3,6.3,6.45,6.42,6.89,6.47,6.5
13081,6.08,6.23,6.72,6.42,6.35,6.18,6.15,5.98,6.18,6.47,6.94,6.65,6.42,6.72,6.75,6.7,6.38,6.52,6.3,6.3,6.45,6.42,6.89,6.47,6.5
13083,6.08,6.23,6.72,6.42,6.35,6.18,6.15,5.98,6.18,6.47,6.94,6.65,6.42,6.72,6.75,6.7,6.38,6.52,6.3,6.3,6.45,6.42,6.89,6.47,6.5
13085,6.08,6.23,6.72,6.42,6.35,6.18,6.15,5.98,6.18,6.47,6.94,6.65,6.42,6.72,6.75,6.7,6.38,6.52,6.3,6.3,6.45,6.42,6.89,6.47,6.5
13087,6.08,6.23,6.72,6.42,6.35,6.18,6.15,5.98,6.18,6.47,6.94,6.65,6.42,6.72,6.75,6.7,6.38,6.52,6.3,6.3,6.45,6.42,6.89,6.47,6.5
13089,6.08,6.23,6.72,6.42,6.35,6.18,6.15,5.98,6.18,6.47,6.94,6.65,6.42,6.72,6.75,6.7,6.38,6.52,6.3,6.3,6.45,6.42,6.89,6.47,6.5
13091,6.08,6.23,6.72,6.42,6.35,6.18,6.15,5.98,6.18,6.47,6.94,6.65,6.42,6.72,6.75,6.7,6.38,6.52,6.3,6.3,6.45,6.42,6.89,6.47,6.5
13093,6.08,6.23,6.72,6.42,6.35,6.18,6.15,5.98,6.18,6.47,6.94,6.65,6.42,6.72,6.75,6.7,6.38,6.52,6.3,6.3,6.45,6.42,6.89,6.47,6.5
13095,6.08,6.23,6.72,6.42,6.35,6.18,6.15,5.98,6.18,6.47,6.94,6.65,6.42,6.72,6.75,6.7,6.38,6.52,6.3,6.3,6.45,6.42,6.89,6.47,6.5
13097,6.08,6.23,6.72,6.42,6.35,6.18,6.15,5.98,6.18,6.47,6.94,6.65,6.42,6.72,6.75,6.7,6.38,6.52,6.3,6.3,6.45,6.42,6.89,6.47,6.5
13099,6.08,6.23,6.72,6.42,6.35,6.18,6.15,5.98,6.18,6.47,6.94,6.65,6.42,6.72,6.75,6.7,6.38,6.52,6.3,6.3,6.45,6.42,6.89,6.47,6.5
13101,6.08,6.23,6.72,6.42,6.35,6.18,6.15,5.98,6.18,6.47,6.94,6.65,6.42,6.72,6.75,6.7,6.38,6.52,6.3,6.3,6.45,6.42,6.89,6.47,6.5
13103,6.08,6.23,6.72,6.42,6.35,6.18,6.15,5.98,6.18,6.47,6.94,6.65,6.42,6.72,6.75,6.7,6.38,6.52,6.3,6.3,6.45,6.42,6.89,6.47,6.5
13105,6.08,6.23,6.72,6.42,6.35,6.18,6.15,5.98,6.18,6.47,6.94,6.65,6.42,6.72,6.75,6.7,6.38,6.52,6.3,6.3,6.45,6.42,6.89,6.47,6.5
13107,6.08,6.23,6.72,6.42,6.35,6.18,6.15,5.98,6.18,6.47,6.94,6.65,6.42,6.72,6.75,6.7,6.38,6.52,6.3,6.3,6.45,6.42,6.89,6.47,6.5
13109,6.08,6.23,6.72,6.42,6.35,6.18,6.15,5.98,6.18,6.47,6.94,6.65,6.42,6.72,6.75,6.7,6.38,6.52,6.3,6.3,6.45,6.42,6.89,6.47,6.5
13111,6.08,6.23,6.72,6.42,6.35,6.18,6.15,5.98,6.18,6.47,6.94,6.65,6.42,6.72,6.75,6.7,6.38,6.52,6.3,6.3,6.45,6.42,6.89,6.47,6.5
13113,6.08,6.23,6.72,6.42,6.35,6.18,6.15,5.98,6.18,6.47,6.94,6.65,6.42,6.72,6.75,6.7,6.38,6.52,6.3,6.3,6.45,6.42,6.89,6.47,6.5
13115,6.08,6.23,6.72,6.42,6.35,6.18,6.15,5.98,6.18,6.47,6.94,6.65,6.42,6.72,6.75,6.7,6.38,6.52,6.3,6.3,6.45,6.42,6.89,6.47,6.5
13117,6.08,6.23,6.72,6.42,6.35,6.18,6.15,5.98,6.18,6.47,6.94,6.65,6.42,6.72,6.75,6.7,6.38,6.52,6.3,6.3,6.45,6.42,6.89,6.47,6.5
13119,6.08,6.23,6.72,6.42,6.35,6.18,6.15,5.98,6.18,6.47,6.94,6.65,6.42,6.72,6.75,6.7,6.38,6.52,6.3,6.3,6.45,6.42,6.89,6.47,6.5
13121,6.08,6.23,6.72,6.42,6.35,6.18,6.15,5.98,6.18,6.47,6.94,6.65,6.42,6.72,6.75,6.7,6.38,6.52,6.3,6.3,6.45,6.42,6.89,6.47,6.5
13123,6.08,6.23,6.72,6.42,6.35,6.18,6.15,5.98,6.18,6.47,6.94,6.65,6.42,6.72,6.75,6.7,6.38,6.52,6.3,6.3,6.45,6.42,6.89,6.47,6.5
13125,6.08,6.23,6.72,6.42,6.35,6.18,6.15,5.98,6.18,6.47,6.94,6.65,6.42,6.72,6.75,6.7,6.38,6.52,6.3,6.3,6.45,6.42,6.89,6.47,6.5
13127,6.08,6.23,6.72,6.42,6.35,6.18,6.15,5.98,6.18,6.47,6.94,6.65,6.42,6.72,6.75,6.7,6.38,6.52,6.3,6.3,6.45,6.42,6.89,6.47,6.5
13129,6.08,6.23,6.72,6.42,6.35,6.18,6.15,5.98,6.18,6.47,6.94,6.65,6.42,6.72,6.75,6.7,6.38,6.52,6.3,6.3,6.45,6.42,6.89,6.47,6.5
13131,6.08,6.23,6.72,6.42,6.35,6.18,6.15,5.98,6.18,6.47,6.94,6.65,6.42,6.72,6.75,6.7,6.38,6.52,6.3,6.3,6.45,6.42,6.89,6.47,6.5
13133,6.08,6.23,6.72,6.42,6.35,6.18,6.15,5.98,6.18,6.47,6.94,6.65,6.42,6.72,6.75,6.7,6.38,6.52,6.3,6.3,6.45,6.42,6.89,6.47,6.5
13135,6.08,6.23,6.72,6.42,6.35,6.18,6.15,5.98,6.18,6.47,6.94,6.65,6.42,6.72,6.75,6.7,6.38,6.52,6.3,6.3,6.45,6.42,6.89,6.47,6.5
13137,6.08,6.23,6.72,6.42,6.35,6.18,6.15,5.98,6.18,6.47,6.94,6.65,6.42,6.72,6.75,6.7,6.38,6.52,6.3,6.3,6.45,6.42,6.89,6.47,6.5
13139,6.08,6.23,6.72,6.42,6.35,6.18,6.15,5.98,6.18,6.47,6.94,6.65,6.42,6.72,6.75,6.7,6.38,6.52,6.3,6.3,6.45,6.42,6.89,6.47,6.5
13141,6.08,6.23,6.72,6.42,6.35,6.18,6.15,5.98,6.18,6.47,6.94,6.65,6.42,6.72,6.75,6.7,6.38,6.52,6.3,6.3,6.45,6.42,6.89,6.47,6.5
13143,6.08,6.23,6.72,6.42,6.35,6.18,6.15,5.98,6.18,6.47,6.94,6.65,6.42,6.72,6.75,6.7,6.38,6.52,6.3,6.3,6.45,6.42,6.89,6.47,6.5
13145,6.08,6.23,6.72,6.42,6.35,6.18,6.15,5.98,6.18,6.47,6.94,6.65,6.42,6.72,6.75,6.7,6.38,6.52,6.3,6.3,6.45,6.42,6.89,6.47,6.5
13147,6.08,6.23,6.72,6.42,6.35,6.18,6.15,5.98,6.18,6.47,6.94,6.65,6.42,6.72,6.75,6.7,6.38,6.52,6.3,6.3,6.45,6.42,6.89,6.47,6.5
13149,6.08,6.23,6.72,6.42,6.35,6.18,6.15,5.98,6.18,6.47,6.94,6.65,6.42,6.72,6.75,6.7,6.38,6.52,6.3,6.3,6.45,6.42,6.89,6.47,6.5
13151,6.08,6.23,6.72,6.42,6.35,6.18,6.15,5.98,6.18,6.47,6.94,6.65,6.42,6.72,6.75,6.7,6.38,6.52,6.3,6.3,6.45,6.42,6.89,6.47,6.5
13153,6.08,6.23,6.72,6.42,6.35,6.18,6.15,5.98,6.18,6.47,6.94,6.65,6.42,6.72,6.75,6.7,6.38,6.52,6.3,6.3,6.45,6.42,6.89,6.47,6.5
13155,6.08,6.23,6.72,6.42,6.35,6.18,6.15,5.98,6.18,6.47,6.94,6.65,6.42,6.72,6.75,6.7,6.38,6.52,6.3,6.3,6.45,6.42,6.89,6.47,6.5
13157,6.08,6.23,6.72,6.42,6.35,6.18,6.15,5.98,6.18,6.47,6.94,6.65,6.42,6.72,6.75,6.7,6.38,6.52,6.3,6.3,6.45,6.42,6.89,6.47,6.5
13159,6.08,6.23,6.72,6.42,6.35,6.18,6.15,5.98,6.18,6.47,6.94,6.65,6.42,6.72,6.75,6.7,6.38,6.52,6.3,6.3,6.45,6.42,6.89,6.47,6.5
13161,6.08,6.23,6.72,6.42,6.35,6.18,6.15,5.98,6.18,6.47,6.94,6.65,6.42,6.72,6.75,6.7,6.38,6.52,6.3,6.3,6.45,6.42,6.89,6.47,6.5
13163,6.08,6.23,6.72,6.42,6.35,6.18,6.15,5.98,6.18,6.47,6.94,6.65,6.42,6.72,6.75,6.7,6.38,6.52,6.3,6.3,6.45,6.42,6.89,6.47,6.5
13165,6.08,6.23,6.72,6.42,6.35,6.18,6.15,5.98,6.18,6.47,6.94,6.65,6.42,6.72,6.75,6.7,6.38,6.52,6.3,6.3,6.45,6.42,6.89,6.47,6.5
13167,6.08,6.23,6.72,6.42,6.35,6.18,6.15,5.98,6.18,6.47,6.94,6.65,6.42,6.72,6.75,6.7,6.38,6.52,6.3,6.3,6.45,6.42,6.89,6.47,6.5
13169,6.08,6.23,6.72,6.42,6.35,6.18,6.15,5.98,6.18,6.47,6.94,6.65,6.42,6.72,6.75,6.7,6.38,6.52,6.3,6.3,6.45,6.42,6.89,6.47,6.5
13171,6.08,6.23,6.72,6.42,6.35,6.18,6.15,5.98,6.18,6.47,6.94,6.65,6.42,6.72,6.75,6.7,6.38,6.52,6.3,6.3,6.45,6.42,6.89,6.47,6.5
13173,6.08,6.23,6.72,6.42,6.35,6.18,6.15,5.98,6.18,6.47,6.94,6.65,6.42,6.72,6.75,6.7,6.38,6.52,6.3,6.3,6.45,6.42,6.89,6.47,6.5
13175,6.08,6.23,6.72,6.42,6.35,6.18,6.15,5.98,6.18,6.47,6.94,6.65,6.42,6.72,6.75,6.7,6.38,6.52,6.3,6.3,6.45,6.42,6.89,6.47,6.5
13177,6.08,6.23,6.72,6.42,6.35,6.18,6.15,5.98,6.18,6.47,6.94,6.65,6.42,6.72,6.75,6.7,6.38,6.52,6.3,6.3,6.45,6.42,6.89,6.47,6.5
13179,6.08,6.23,6.72,6.42,6.35,6.18,6.15,5.98,6.18,6.47,6.94,6.65,6.42,6.72,6.75,6.7,6.38,6.52,6.3,6.3,6.45,6.42,6.89,6.47,6.5
13181,6.08,6.23,6.72,6.42,6.35,6.18,6.15,5.98,6.18,6.47,6.94,6.65,6.42,6.72,6.75,6.7,6.38,6.52,6.3,6.3,6.45,6.42,6.89,6.47,6.5
13183,6.08,6.23,6.72,6.42,6.35,6.18,6.15,5.98,6.18,6.47,6.94,6.65,6.42,6.72,6.75,6.7,6.38,6.52,6.3,6.3,6.45,6.42,6.89,6.47,6.5
13185,6.08,6.23,6.72,6.42,6.35,6.18,6.15,5.98,6.18,6.47,6.94,6.65,6.42,6.72,6.75,6.7,6.38,6.52,6.3,6.3,6.45,6.42,6.89,6.47,6.5
13187,6.08,6.23,6.72,6.42,6.35,6.18,6.15,5.98,6.18,6.47,6.94,6.65,6.42,6.72,6.75,6.7,6.38,6.52,6.3,6.3,6.45,6.42,6.89,6.47,6.5
13189,6.08,6.23,6.72,6.42,6.35,6.18,6.15,5.98,6.18,6.47,6.94,6.65,6.42,6.72,6.75,6.7,6.38,6.52,6.3,6.3,6.45,6.42,6.89,6.47,6.5
13191,6.08,6.23,6.72,6.42,6.35,6.18,6.15,5.98,6.18,6.47,6.94,6.65,6.42,6.72,6.75,6.7,6.38,6.52,6.3,6.3,6.45,6.42,6.89,6.47,6.5
13193,6.08,6.23,6.72,6.42,6.35,6.18,6.15,5.98,6.18,6.47,6.94,6.65,6.42,6.72,6.75,6.7,6.38,6.52,6.3,6.3,6.45,6.42,6.89,6.47,6.5
13195,6.08,6.23,6.72,6.42,6.35,6.18,6.15,5.98,6.18,6.47,6.94,6.65,6.42,6.72,6.75,6.7,6.38,6.52,6.3,6.3,6.45,6.42,6.89,6.47,6.5
13197,6.08,6.23,6.72,6.42,6.35,6.18,6.15,5.98,6.18,6.47,6.94,6.65,6.42,6.72,6.75,6.7,6.38,6.52,6.3,6.3,6.45,6.42,6.89,6.47,6.5
13199,6.08,6.23,6.72,6.42,6.35,6.18,6.15,5.98,6.18,6.47,6.94,6.65,6.42,6.72,6.75,6.7,6.38,6.52,6.3,6.3,6.45,6.42,6.89,6.47,6.5
13201,6.08,6.23,6.72,6.42,6.35,6.18,6.15,5.98,6.18,6.47,6.94,6.65,6.42,6.72,6.75,6.7,6.38,6.52,6.3,6.3,6.45,6.42,6.89,6.47,6.5
13205,6.08,6.23,6.72,6.42,6.35,6.18,6.15,5.98,6.18,6.47,6.94,6.65,6.42,6.72,6.75,6.7,6.38,6.52,6.3,6.3,6.45,6.42,6.89,6.47,6.5
13207,6.08,6.23,6.72,6.42,6.35,6.18,6.15,5.98,6.18,6.47,6.94,6.65,6.42,6.72,6.75,6.7,6.38,6.52,6.3,6.3,6.45,6.42,6.89,6.47,6.5
13209,6.08,6.23,6.72,6.42,6.35,6.18,6.15,5.98,6.18,6.47,6.94,6.65,6.42,6.72,6.75,6.7,6.38,6.52,6.3,6.3,6.45,6.42,6.89,6.47,6.5
13211,6.08,6.23,6.72,6.42,6.35,6.18,6.15,5.98,6.18,6.47,6.94,6.65,6.42,6.72,6.75,6.7,6.38,6.52,6.3,6.3,6.45,6.42,6.89,6.47,6.5
13213,6.08,6.23,6.72,6.42,6.35,6.18,6.15,5.98,6.18,6.47,6.94,6.65,6.42,6.72,6.75,6.7,6.38,6.52,6.3,6.3,6.45,6.42,6.89,6.47,6.5
13215,6.08,6.23,6.72,6.42,6.35,6.18,6.15,5.98,6.18,6.47,6.94,6.65,6.42,6.72,6.75,6.7,6.38,6.52,6.3,6.3,6.45,6.42,6.89,6.47,6.5
13217,6.08,6.23,6.72,6.42,6.35,6.18,6.15,5.98,6.18,6.47,6.94,6.65,6.42,6.72,6.75,6.7,6.38,6.52,6.3,6.3,6.45,6.42,6.89,6.47,6.5
13219,6.08,6.23,6.72,6.42,6.35,6.18,6.15,5.98,6.18,6.47,6.94,6.65,6.42,6.72,6.75,6.7,6.38,6.52,6.3,6.3,6.45,6.42,6.89,6.47,6.5
13221,6.08,6.23,6.72,6.42,6.35,6.18,6.15,5.98,6.18,6.47,6.94,6.65,6.42,6.72,6.75,6.7,6.38,6.52,6.3,6.3,6.45,6.42,6.89,6.47,6.5
13223,6.08,6.23,6.72,6.42,6.35,6.18,6.15,5.98,6.18,6.47,6.94,6.65,6.42,6.72,6.75,6.7,6.38,6.52,6.3,6.3,6.45,6.42,6.89,6.47,6.5
13225,6.08,6.23,6.72,6.42,6.35,6.18,6.15,5.98,6.18,6.47,6.94,6.65,6.42,6.72,6.75,6.7,6.38,6.52,6.3,6.3,6.45,6.42,6.89,6.47,6.5
13227,6.08,6.23,6.72,6.42,6.35,6.18,6.15,5.98,6.18,6.47,6.94,6.65,6.42,6.72,6.75,6.7,6.38,6.52,6.3,6.3,6.45,6.42,6.89,6.47,6.5
13229,6.08,6.23,6.72,6.42,6.35,6.18,6.15,5.98,6.18,6.47,6.94,6.65,6.42,6.72,6.75,6.7,6.38,6.52,6.3,6.3,6.45,6.42,6.89,6.47,6.5
13231,6.08,6.23,6.72,6.42,6.35,6.18,6.15,5.98,6.18,6.47,6.94,6.65,6.42,6.72,6.75,6.7,6.38,6.52,6.3,6.3,6.45,6.42,6.89,6.47,6.5
13233,6.08,6.23,6.72,6.42,6.35,6.18,6.15,5.98,6.18,6.47,6.94,6.65,6.42,6.72,6.75,6.7,6.38,6.52,6.3,6.3,6.45,6.42,6.89,6.47,6.5
13235,6.08,6.23,6.72,6.42,6.35,6.18,6.15,5.98,6.18,6.47,6.94,6.65,6.42,6.72,6.75,6.7,6.38,6.52,6.3,6.3,6.45,6.42,6.89,6.47,6.5
13237,6.08,6.23,6.72,6.42,6.35,6.18,6.15,5.98,6.18,6.47,6.94,6.65,6.42,6.72,6.75,6.7,6.38,6.52,6.3,6.3,6.45,6.42,6.89,6.47,6.5
13239,6.08,6.23,6.72,6.42,6.35,6.18,6.15,5.98,6.18,6.47,6.94,6.65,6.42,6.72,6.75,6.7,6.38,6.52,6.3,6.3,6.45,6.42,6.89,6.47,6.5
13241,6.08,6.23,6.72,6.42,6.35,6.18,6.15,5.98,6.18,6.47,6.94,6.65,6.42,6.72,6.75,6.7,6.38,6.52,6.3,6.3,6.45,6.42,6.89,6.47,6.5
13243,6.08,6.23,6.72,6.42,6.35,6.18,6.15,5.98,6.18,6.47,6.94,6.65,6.42,6.72,6.75,6.7,6.38,6.52,6.3,6.3,6.45,6.42,6.89,6.47,6.5
13245,6.08,6.23,6.72,6.42,6.35,6.18,6.15,5.98,6.18,6.47,6.94,6.65,6.42,6.72,6.75,6.7,6.38,6.52,6.3,6.3,6.45,6.42,6.89,6.47,6.5
13247,6.08,6.23,6.72,6.42,6.35,6.18,6.15,5.98,6.18,6.47,6.94,6.65,6.42,6.72,6.75,6.7,6.38,6.52,6.3,6.3,6.45,6.42,6.89,6.47,6.5
13249,6.08,6.23,6.72,6.42,6.35,6.18,6.15,5.98,6.18,6.47,6.94,6.65,6.42,6.72,6.75,6.7,6.38,6.52,6.3,6.3,6.45,6.42,6.89,6.47,6.5
13251,6.08,6.23,6.72,6.42,6.35,6.18,6.15,5.98,6.18,6.47,6.94,6.65,6.42,6.72,6.75,6.7,6.38,6.52,6.3,6.3,6.45,6.42,6.89,6.47,6.5
13253,6.08,6.23,6.72,6.42,6.35,6.18,6.15,5.98,6.18,6.47,6.94,6.65,6.42,6.72,6.75,6.7,6.38,6.52,6.3,6.3,6.45,6.42,6.89,6.47,6.5
13255,6.08,6.23,6.72,6.42,6.35,6.18,6.15,5.98,6.18,6.47,6.94,6.65,6.42,6.72,6.75,6.7,6.38,6.52,6.3,6.3,6.45,6.42,6.89,6.47,6.5
13257,6.08,6.23,6.72,6.42,6.35,6.18,6.15,5.98,6.18,6.47,6.94,6.65,6.42,6.72,6.75,6.7,6.38,6.52,6.3,6.3,6.45,6.42,6.89,6.47,6.5
13259,6.08,6.23,6.72,6.42,6.35,6.18,6.15,5.98,6.18,6.47,6.94,6.65,6.42,6.72,6.75,6.7,6.38,6.52,6.3,6.3,6.45,6.42,6.89,6.47,6.5
13261,6.08,6.23,6.72,6.42,6.35,6.18,6.15,5.98,6.18,6.47,6.94,6.65,6.42,6.72,6.75,6.7,6.38,6.52,6.3,6.3,6.45,6.42,6.89,6.47,6.5
13263,6.08,6.23,6.72,6.42,6.35,6.18,6.15,5.98,6.18,6.47,6.94,6.65,6.42,6.72,6.75,6.7,6.38,6.52,6.3,6.3,6.45,6.42,6.89,6.47,6.5
13265,6.08,6.23,6.72,6.42,6.35,6.18,6.15,5.98,6.18,6.47,6.94,6.65,6.42,6.72,6.75,6.7,6.38,6.52,6.3,6.3,6.45,6.42,6.89,6.47,6.5
13267,6.08,6.23,6.72,6.42,6.35,6.18,6.15,5.98,6.18,6.47,6.94,6.65,6.42,6.72,6.75,6.7,6.38,6.52,6.3,6.3,6.45,6.42,6.89,6.47,6.5
13269,6.08,6.23,6.72,6.42,6.35,6.18,6.15,5.98,6.18,6.47,6.94,6.65,6.42,6.72,6.75,6.7,6.38,6.52,6.3,6.3,6.45,6.42,6.89,6.47,6.5
13271,6.08,6.23,6.72,6.42,6.35,6.18,6.15,5.98,6.18,6.47,6.94,6.65,6.42,6.72,6.75,6.7,6.38,6.52,6.3,6.3,6.45,6.42,6.89,6.47,6.5
13273,6.08,6.23,6.72,6.42,6.35,6.18,6.15,5.98,6.18,6.47,6.94,6.65,6.42,6.72,6.75,6.7,6.38,6.52,6.3,6.3,6.45,6.42,6.89,6.47,6.5
13275,6.08,6.23,6.72,6.42,6.35,6.18,6.15,5.98,6.18,6.47,6.94,6.65,6.42,6.72,6.75,6.7,6.38,6.52,6.3,6.3,6.45,6.42,6.89,6.47,6.5
13277,6.08,6.23,6.72,6.42,6.35,6.18,6.15,5.98,6.18,6.47,6.94,6.65,6.42,6.72,6.75,6.7,6.38,6.52,6.3,6.3,6.45,6.42,6.89,6.47,6.5
13279,6.08,6.23,6.72,6.42,6.35,6.18,6.15,5.98,6.18,6.47,6.94,6.65,6.42,6.72,6.75,6.7,6.38,6.52,6.3,6.3,6.45,6.42,6.89,6.47,6.5
13281,6.08,6.23,6.72,6.42,6.35,6.18,6.15,5.98,6.18,6.47,6.94,6.65,6.42,6.72,6.75,6.7,6.38,6.52,6.3,6.3,6.45,6.42,6.89,6.47,6.5
13283,6.08,6.23,6.72,6.42,6.35,6.18,6.15,5.98,6.18,6.47,6.94,6.65,6.42,6.72,6.75,6.7,6.38,6.52,6.3,6.3,6.45,6.42,6.89,6.47,6.5
13285,6.08,6.23,6.72,6.42,6.35,6.18,6.15,5.98,6.18,6.47,6.94,6.65,6.42,6.72,6.75,6.7,6.38,6.52,6.3,6.3,6.45,6.42,6.89,6.47,6.5
13287,6.08,6.23,6.72,6.42,6.35,6.18,6.15,5.98,6.18,6.47,6.94,6.65,6.42,6.72,6.75,6.7,6.38,6.52,6.3,6.3,6.45,6.42,6.89,6.47,6.5
13289,6.08,6.23,6.72,6.42,6.35,6.18,6.15,5.98,6.18,6.47,6.94,6.65,6.42,6.72,6.75,6.7,6.38,6.52,6.3,6.3,6.45,6.42,6.89,6.47,6.5
13291,6.08,6.23,6.72,6.42,6.35,6.18,6.15,5.98,6.18,6.47,6.94,6.65,6.42,6.72,6.75,6.7,6.38,6.52,6.3,6.3,6.45,6.42,6.89,6.47,6.5
13293,6.08,6.23,6.72,6.42,6.35,6.18,6.15,5.98,6.18,6.47,6.94,6.65,6.42,6.72,6.75,6.7,6.38,6.52,6.3,6.3,6.45,6.42,6.89,6.47,6.5
13295,6.08,6.23,6.72,6.42,6.35,6.18,6.15,5.98,6.18,6.47,6.94,6.65,6.42,6.72,6.75,6.7,6.38,6.52,6.3,6.3,6.45,6.42,6.89,6.47,6.5
13297,6.08,6.23,6.72,6.42,6.35,6.18,6.15,5.98,6.18,6.47,6.94,6.65,6.42,6.72,6.75,6.7,6.38,6.52,6.3,6.3,6.45,6.42,6.89,6.47,6.5
13299,6.08,6.23,6.72,6.42,6.35,6.18,6.15,5.98,6.18,6.47,6.94,6.65,6.42,6.72,6.75,6.7,6.38,6.52,6.3,6.3,6.45,6.42,6.89,6.47,6.5
13301,6.08,6.23,6.72,6.42,6.35,6.18,6.15,5.98,6.18,6.47,6.94,6.65,6.42,6.72,6.75,6.7,6.38,6.52,6.3,6.3,6.45,6.42,6.89,6.47,6.5
13303,6.08,6.23,6.72,6.42,6.35,6.18,6.15,5.98,6.18,6.47,6.94,6.65,6.42,6.72,6.75,6.7,6.38,6.52,6.3,6.3,6.45,6.42,6.89,6.47,6.5
13305,6.08,6.23,6.72,6.42,6.35,6.18,6.15,5.98,6.18,6.47,6.94,6.65,6.42,6.72,6.75,6.7,6.38,6.52,6.3,6.3,6.45,6.42,6.89,6.47,6.5
13307,6.08,6.23,6.72,6.42,6.35,6.18,6.15,5.98,6.18,6.47,6.94,6.65,6.42,6.72,6.75,6.7,6.38,6.52,6.3,6.3,6.45,6.42,6.89,6.47,6.5
13309,6.08,6.23,6.72,6.42,6.35,6.18,6.15,5.98,6.18,6.47,6.94,6.65,6.42,6.72,6.75,6.7,6.38,6.52,6.3,6.3,6.45,6.42,6.89,6.47,6.5
13311,6.08,6.23,6.72,6.42,6.35,6.18,6.15,5.98,6.18,6.47,6.94,6.65,6.42,6.72,6.75,6.7,6.38,6.52,6.3,6.3,6.45,6.42,6.89,6.47,6.5
13313,6.08,6.23,6.72,6.42,6.35,6.18,6.15,5.98,6.18,6.47,6.94,6.65,6.42,6.72,6.75,6.7,6.38,6.52,6.3,6.3,6.45,6.42,6.89,6.47,6.5
13315,6.08,6.23,6.72,6.42,6.35,6.18,6.15,5.98,6.18,6.47,6.94,6.65,6.42,6.72,6.75,6.7,6.38,6.52,6.3,6.3,6.45,6.42,6.89,6.47,6.5
13317,6.08,6.23,6.72,6.42,6.35,6.18,6.15,5.98,6.18,6.47,6.94,6.65,6.42,6.72,6.75,6.7,6.38,6.52,6.3,6.3,6.45,6.42,6.89,6.47,6.5
13319,6.08,6.23,6.72,6.42,6.35,6.18,6.15,5.98,6.18,6.47,6.94,6.65,6.42,6.72,6.75,6.7,6.38,6.52,6.3,6.3,6.45,6.42,6.89,6.47,6.5
13321,6.08,6.23,6.72,6.42,6.35,6.18,6.15,5.98,6.18,6.47,6.94,6.65,6.42,6.72,6.75,6.7,6.38,6.52,6.3,6.3,6.45,6.42,6.89,6.47,6.5
16001,6.08,6.23,6.72,6.42,6.35,6.18,6.15,5.98,6.18,6.47,6.94,6.65,6.42,6.72,6.75,6.7,6.38,6.52,6.3,6.3,6.45,6.42,6.89,6.47,6.5
16003,6.08,6.23,6.72,6.42,6.35,6.18,6.15,5.98,6.18,6.47,6.94,6.65,6.42,6.72,6.75,6.7,6.38,6.52,6.3,6.3,6.45,6.42,6.89,6.47,6.5
16005,6.08,6.23,6.72,6.42,6.35,6.18,6.15,5.98,6.18,6.47,6.94,6.65,6.42,6.72,6.75,6.7,6.38,6.52,6.3,6.3,6.45,6.42,6.89,6.47,6.5
16007,6.08,6.23,6.72,6.42,6.35,6.18,6.15,5.98,6.18,6.47,6.94,6.65,6.42,6.72,6.75,6.7,6.38,6.52,6.3,6.3,6.45,6.42,6.89,6.47,6.5
16009,6.08,6.23,6.72,6.42,6.35,6.18,6.15,5.98,6.18,6.47,6.94,6.65,6.42,6.72,6.75,6.7,6.38,6.52,6.3,6.3,6.45,6.42,6.89,6.47,6.5
16011,6.08,6.23,6.72,6.42,6.35,6.18,6.15,5.98,6.18,6.47,6.94,6.65,6.42,6.72,6.75,6.7,6.38,6.52,6.3,6.3,6.45,6.42,6.89,6.47,6.5
16013,6.08,6.23,6.72,6.42,6.35,6.18,6.15,5.98,6.18,6.47,6.94,6.65,6.42,6.72,6.75,6.7,6.38,6.52,6.3,6.3,6.45,6.42,6.89,6.47,6.5
16015,6.08,6.23,6.72,6.42,6.35,6.18,6.15,5.98,6.18,6.47,6.94,6.65,6.42,6.72,6.75,6.7,6.38,6.52,6.3,6.3,6.45,6.42,6.89,6.47,6.5
16017,6.08,6.23,6.72,6.42,6.35,6.18,6.15,5.98,6.18,6.47,6.94,6.65,6.42,6.72,6.75,6.7,6.38,6.52,6.3,6.3,6.45,6.42,6.89,6.47,6.5
16019,6.08,6.23,6.72,6.42,6.35,6.18,6.15,5.98,6.18,6.47,6.94,6.65,6.42,6.72,6.75,6.7,6.38,6.52,6.3,6.3,6.45,6.42,6.89,6.47,6.5
16021,6.08,6.23,6.72,6.42,6.35,6.18,6.15,5.98,6.18,6.47,6.94,6.65,6.42,6.72,6.75,6.7,6.38,6.52,6.3,6.3,6.45,6.42,6.89,6.47,6.5
16023,6.08,6.23,6.72,6.42,6.35,6.18,6.15,5.98,6.18,6.47,6.94,6.65,6.42,6.72,6.75,6.7,6.38,6.52,6.3,6.3,6.45,6.42,6.89,6.47,6.5
16025,6.08,6.23,6.72,6.42,6.35,6.18,6.15,5.98,6.18,6.47,6.94,6.65,6.42,6.72,6.75,6.7,6.38,6.52,6.3,6.3,6.45,6.42,6.89,6.47,6.5
16027,6.08,6.23,6.72,6.42,6.35,6.18,6.15,5.98,6.18,6.47,6.94,6.65,6.42,6.72,6.75,6.7,6.38,6.52,6.3,6.3,6.45,6.42,6.89,6.47,6.5
16029,6.08,6.23,6.72,6.42,6.35,6.18,6.15,5.98,6.18,6.47,6.94,6.65,6.42,6.72,6.75,6.7,6.38,6.52,6.3,6.3,6.45,6.42,6.89,6.47,6.5
16031,6.08,6.23,6.72,6.42,6.35,6.18,6.15,5.98,6.18,6.47,6.94,6.65,6.42,6.72,6.75,6.7,6.38,6.52,6.3,6.3,6.45,6.42,6.89,6.47,6.5
16033,6.08,6.23,6.72,6.42,6.35,6.18,6.15,5.98,6.18,6.47,6.94,6.65,6.42,6.72,6.75,6.7,6.38,6.52,6.3,6.3,6.45,6.42,6.89,6.47,6.5
16035,6.08,6.23,6.72,6.42,6.35,6.18,6.15,5.98,6.18,6.47,6.94,6.65,6.42,6.72,6.75,6.7,6.38,6.52,6.3,6.3,6.45,6.42,6.89,6.47,6.5
16037,6.08,6.23,6.72,6.42,6.35,6.18,6.15,5.98,6.18,6.47,6.94,6.65,6.42,6.72,6.75,6.7,6.38,6.52,6.3,6.3,6.45,6.42,6.89,6.47,6.5
16039,6.08,6.23,6.72,6.42,6.35,6.18,6.15,5.98,6.18,6.47,6.94,6.65,6.42,6.72,6.75,6.7,6.38,6.52,6.3,6.3,6.45,6.42,6.89,6.47,6.5
16041,6.08,6.23,6.72,6.42,6.35,6.18,6.15,5.98,6.18,6.47,6.94,6.65,6.42,6.72,6.75,6.7,6.38,6.52,6.3,6.3,6.45,6.42,6.89,6.47,6.5
16043,6.08,6.23,6.72,6.42,6.35,6.18,6.15,5.98,6.18,6.47,6.94,6.65,6.42,6.72,6.75,6.7,6.38,6.52,6.3,6.3,6.45,6.42,6.89,6.47,6.5
16045,6.08,6.23,6.72,6.42,6.35,6.18,6.15,5.98,6.18,6.47,6.94,6.65,6.42,6.72,6.75,6.7,6.38,6.52,6.3,6.3,6.45,6.42,6.89,6.47,6.5
16047,6.08,6.23,6.72,6.42,6.35,6.18,6.15,5.98,6.18,6.47,6.94,6.65,6.42,6.72,6.75,6.7,6.38,6.52,6.3,6.3,6.45,6.42,6.89,6.47,6.5
16049,6.08,6.23,6.72,6.42,6.35,6.18,6.15,5.98,6.18,6.47,6.94,6.65,6.42,6.72,6.75,6.7,6.38,6.52,6.3,6.3,6.45,6.42,6.89,6.47,6.5
16051,6.08,6.23,6.72,6.42,6.35,6.18,6.15,5.98,6.18,6.47,6.94,6.65,6.42,6.72,6.75,6.7,6.38,6.52,6.3,6.3,6.45,6.42,6.89,6.47,6.5
16053,6.08,6.23,6.72,6.42,6.35,6.18,6.15,5.98,6.18,6.47,6.94,6.65,6.42,6.72,6.75,6.7,6.38,6.52,6.3,6.3,6.45,6.42,6.89,6.47,6.5
16055,6.08,6.23,6.72,6.42,6.35,6.18,6.15,5.98,6.18,6.47,6.94,6.65,6.42,6.72,6.75,6.7,6.38,6.52,6.3,6.3,6.45,6.42,6.89,6.47,6.5
16057,6.08,6.23,6.72,6.42,6.35,6.18,6.15,5.98,6.18,6.47,6.94,6.65,6.42,6.72,6.75,6.7,6.38,6.52,6.3,6.3,6.45,6.42,6.89,6.47,6.5
16059,6.08,6.23,6.72,6.42,6.35,6.18,6.15,5.98,6.18,6.47,6.94,6.65,6.42,6.72,6.75,6.7,6.38,6.52,6.3,6.3,6.45,6.42,6.89,6.47,6.5
16061,6.08,6.23,6.72,6.42,6.35,6.18,6.15,5.98,6.18,6.47,6.94,6.65,6.42,6.72,6.75,6.7,6.38,6.52,6.3,6.3,6.45,6.42,6.89,6.47,6.5
16063,6.08,6.23,6.72,6.42,6.35,6.18,6.15,5.98,6.18,6.47,6.94,6.65,6.42,6.72,6.75,6.7,6.38,6.52,6.3,6.3,6.45,6.42,6.89,6.47,6.5
16065,6.08,6.23,6.72,6.42,6.35,6.18,6.15,5.98,6.18,6.47,6.94,6.65,6.42,6.72,6.75,6.7,6.38,6.52,6.3,6.3,6.45,6.42,6.89,6.47,6.5
16067,6.08,6.23,6.72,6.42,6.35,6.18,6.15,5.98,6.18,6.47,6.94,6.65,6.42,6.72,6.75,6.7,6.38,6.52,6.3,6.3,6.45,6.42,6.89,6.47,6.5
16069,6.08,6.23,6.72,6.42,6.35,6.18,6.15,5.98,6.18,6.47,6.94,6.65,6.42,6.72,6.75,6.7,6.38,6.52,6.3,6.3,6.45,6.42,6.89,6.47,6.5
16071,6.08,6.23,6.72,6.42,6.35,6.18,6.15,5.98,6.18,6.47,6.94,6.65,6.42,6.72,6.75,6.7,6.38,6.52,6.3,6.3,6.45,6.42,6.89,6.47,6.5
16073,6.08,6.23,6.72,6.42,6.35,6.18,6.15,5.98,6.18,6.47,6.94,6.65,6.42,6.72,6.75,6.7,6.38,6.52,6.3,6.3,6.45,6.42,6.89,6.47,6.5
16075,6.08,6.23,6.72,6.42,6.35,6.18,6.15,5.98,6.18,6.47,6.94,6.65,6.42,6.72,6.75,6.7,6.38,6.52,6.3,6.3,6.45,6.42,6.89,6.47,6.5
16077,6.08,6.23,6.72,6.42,6.35,6.18,6.15,5.98,6.18,6.47,6.94,6.65,6.42,6.72,6.75,6.7,6.38,6.52,6.3,6.3,6.45,6.42,6.89,6.47,6.5
16079,6.08,6.23,6.72,6.42,6.35,6.18,6.15,5.98,6.18,6.47,6.94,6.65,6.42,6.72,6.75,6.7,6.38,6.52,6.3,6.3,6.45,6.42,6.89,6.47,6.5
16081,6.08,6.23,6.72,6.42,6.35,6.18,6.15,5.98,6.18,6.47,6.94,6.65,6.42,6.72,6.75,6.7,6.38,6.52,6.3,6.3,6.45,6.42,6.89,6.47,6.5
16083,6.08,6.23,6.72,6.42,6.35,6.18,6.15,5.98,6.18,6.47,6.94,6.65,6.42,6.72,6.75,6.7,6.38,6.52,6.3,6.3,6.45,6.42,6.89,6.47,6.5
16085,6.08,6.23,6.72,6.42,6.35,6.18,6.15,5.98,6.18,6.47,6.94,6.65,6.42,6.72,6.75,6.7,6.38,6.52,6.3,6.3,6.45,6.42,6.89,6.47,6.5
16087,6.08,6.23,6.72,6.42,6.35,6.18,6.15,5.98,6.18,6.47,6.94,6.65,6.42,6.72,6.75,6.7,6.38,6.52,6.3,6.3,6.45,6.42,6.89,6.47,6.5
17001,6.08,6.23,6.72,6.42,6.35,6.18,6.15,5.98,6.18,6.47,6.94,6.65,6.42,6.72,6.75,6.7,6.38,6.52,6.3,6.3,6.45,6.42,6.89,6.47,6.5
17003,6.08,6.23,6.72,6.42,6.35,6.18,6.15,5.98,6.18,6.47,6.94,6.65,6.42,6.72,6.75,6.7,6.38,6.52,6.3,6.3,6.45,6.42,6.89,6.47,6.5
17005,6.08,6.23,6.72,6.42,6.35,6.18,6.15,5.98,6.18,6.47,6.94,6.65,6.42,6.72,6.75,6.7,6.38,6.52,6.3,6.3,6.45,6.42,6.89,6.47,6.5
17007,6.08,6.23,6.72,6.42,6.35,6.18,6.15,5.98,6.18,6.47,6.94,6.65,6.42,6.72,6.75,6.7,6.38,6.52,6.3,6.3,6.45,6.42,6.89,6.47,6.5
17009,6.08,6.23,6.72,6.42,6.35,6.18,6.15,5.98,6.18,6.47,6.94,6.65,6.42,6.72,6.75,6.7,6.38,6.52,6.3,6.3,6.45,6.42,6.89,6.47,6.5
17011,6.08,6.23,6.72,6.42,6.35,6.18,6.15,5.98,6.18,6.47,6.94,6.65,6.42,6.72,6.75,6.7,6.38,6.52,6.3,6.3,6.45,6.42,6.89,6.47,6.5
17013,6.08,6.23,6.72,6.42,6.35,6.18,6.15,5.98,6.18,6.47,6.94,6.65,6.42,6.72,6.75,6.7,6.38,6.52,6.3,6.3,6.45,6.42,6.89,6.47,6.5
17015,6.08,6.23,6.72,6.42,6.35,6.18,6.15,5.98,6.18,6.47,6.94,6.65,6.42,6.72,6.75,6.7,6.38,6.52,6.3,6.3,6.45,6.42,6.89,6.47,6.5
17017,6.08,6.23,6.72,6.42,6.35,6.18,6.15,5.98,6.18,6.47,6.94,6.65,6.42,6.72,6.75,6.7,6.38,6.52,6.3,6.3,6.45,6.42,6.89,6.47,6.5
17019,6.08,6.23,6.72,6.42,6.35,6.18,6.15,5.98,6.18,6.47,6.94,6.65,6.42,6.72,6.75,6.7,6.38,6.52,6.3,6.3,6.45,6.42,6.89,6.47,6.5
17021,6.08,6.23,6.72,6.42,6.35,6.18,6.15,5.98,6.18,6.47,6.94,6.65,6.42,6.72,6.75,6.7,6.38,6.52,6.3,6.3,6.45,6.42,6.89,6.47,6.5
17023,6.08,6.23,6.72,6.42,6.35,6.18,6.15,5.98,6.18,6.47,6.94,6.65,6.42,6.72,6.75,6.7,6.38,6.52,6.3,6.3,6.45,6.42,6.89,6.47,6.5
17025,6.08,6.23,6.72,6.42,6.35,6.18,6.15,5.98,6.18,6.47,6.94,6.65,6.42,6.72,6.75,6.7,6.38,6.52,6.3,6.3,6.45,6.42,6.89,6.47,6.5
17027,6.08,6.23,6.72,6.42,6.35,6.18,6.15,5.98,6.18,6.47,6.94,6.65,6.42,6.72,6.75,6.7,6.38,6.52,6.3,6.3,6.45,6.42,6.89,6.47,6.5
17029,6.08,6.23,6.72,6.42,6.35,6.18,6.15,5.98,6.18,6.47,6.94,6.65,6.42,6.72,6.75,6.7,6.38,6.52,6.3,6.3,6.45,6.42,6.89,6.47,6.5
17031,6.08,6.23,6.72,6.42,6.35,6.18,6.15,5.98,6.18,6.47,6.94,6.65,6.42,6.72,6.75,6.7,6.38,6.52,6.3,6.3,6.45,6.42,6.89,6.47,6.5
17033,6.08,6.23,6.72,6.42,6.35,6.18,6.15,5.98,6.18,6.47,6.94,6.65,6.42,6.72,6.75,6.7,6.38,6.52,6.3,6.3,6.45,6.42,6.89,6.47,6.5
17035,6.08,6.23,6.72,6.42,6.35,6.18,6.15,5.98,6.18,6.47,6.94,6.65,6.42,6.72,6.75,6.7,6.38,6.52,6.3,6.3,6.45,6.42,6.89,6.47,6.5
17037,6.08,6.23,6.72,6.42,6.35,6.18,6.15,5.98,6.18,6.47,6.94,6.65,6.42,6.72,6.75,6.7,6.38,6.52,6.3,6.3,6.45,6.42,6.89,6.47,6.5
17039,6.08,6.23,6.72,6.42,6.35,6.18,6.15,5.98,6.18,6.47,6.94,6.65,6.42,6.72,6.75,6.7,6.38,6.52,6.3,6.3,6.45,6.42,6.89,6.47,6.5
17041,6.08,6.23,6.72,6.42,6.35,6.18,6.15,5.98,6.18,6.47,6.94,6.65,6.42,6.72,6.75,6.7,6.38,6.52,6.3,6.3,6.45,6.42,6.89,6.47,6.5
17043,6.08,6.23,6.72,6.42,6.35,6.18,6.15,5.98,6.18,6.47,6.94,6.65,6.42,6.72,6.75,6.7,6.38,6.52,6.3,6.3,6.45,6.42,6.89,6.47,6.5
17045,6.08,6.23,6.72,6.42,6.35,6.18,6.15,5.98,6.18,6.47,6.94,6.65,6.42,6.72,6.75,6.7,6.38,6.52,6.3,6.3,6.45,6.42,6.89,6.47,6.5
17047,6.08,6.23,6.72,6.42,6.35,6.18,6.15,5.98,6.18,6.47,6.94,6.65,6.42,6.72,6.75,6.7,6.38,6.52,6.3,6.3,6.45,6.42,6.89,6.47,6.5
17049,6.08,6.23,6.72,6.42,6.35,6.18,6.15,5.98,6.18,6.47,6.94,6.65,6.42,6.72,6.75,6.7,6.38,6.52,6.3,6.3,6.45,6.42,6.89,6.47,6.5
17051,6.08,6.23,6.72,6.42,6.35,6.18,6.15,5.98,6.18,6.47,6.94,6.65,6.42,6.72,6.75,6.7,6.38,6.52,6.3,6.3,6.45,6.42,6.89,6.47,6.5
17053,6.08,6.23,6.72,6.42,6.35,6.18,6.15,5.98,6.18,6.47,6.94,6.65,6.42,6.72,6.75,6.7,6.38,6.52,6.3,6.3,6.45,6.42,6.89,6.47,6.5
17055,6.08,6.23,6.72,6.42,6.35,6.18,6.15,5.98,6.18,6.47,6.94,6.65,6.42,6.72,6.75,6.7,6.38,6.52,6.3,6.3,6.45,6.42,6.89,6.47,6.5
17057,6.08,6.23,6.72,6.42,6.35,6.18,6.15,5.98,6.18,6.47,6.94,6.65,6.42,6.72,6.75,6.7,6.38,6.52,6.3,6.3,6.45,6.42,6.89,6.47,6.5
17059,6.08,6.23,6.72,6.42,6.35,6.18,6.15,5.98,6.18,6.47,6.94,6.65,6.42,6.72,6.75,6.7,6.38,6.52,6.3,6.3,6.45,6.42,6.89,6.47,6.5
17061,6.08,6.23,6.72,6.42,6.35,6.18,6.15,5.98,6.18,6.47,6.94,6.65,6.42,6.72,6.75,6.7,6.38,6.52,6.3,6.3,6.45,6.42,6.89,6.47,6.5
17063,6.08,6.23,6.72,6.42,6.35,6.18,6.15,5.98,6.18,6.47,6.94,6.65,6.42,6.72,6.75,6.7,6.38,6.52,6.3,6.3,6.45,6.42,6.89,6.47,6.5
17065,6.08,6.23,6.72,6.42,6.35,6.18,6.15,5.98,6.18,6.47,6.94,6.65,6.42,6.72,6.75,6.7,6.38,6.52,6.3,6.3,6.45,6.42,6.89,6.47,6.5
17067,6.08,6.23,6.72,6.42,6.35,6.18,6.15,5.98,6.18,6.47,6.94,6.65,6.42,6.72,6.75,6.7,6.38,6.52,6.3,6.3,6.45,6.42,6.89,6.47,6.5
17069,6.08,6.23,6.72,6.42,6.35,6.18,6.15,5.98,6.18,6.47,6.94,6.65,6.42,6.72,6.75,6.7,6.38,6.52,6.3,6.3,6.45,6.42,6.89,6.47,6.5
17071,6.08,6.23,6.72,6.42,6.35,6.18,6.15,5.98,6.18,6.47,6.94,6.65,6.42,6.72,6.75,6.7,6.38,6.52,6.3,6.3,6.45,6.42,6.89,6.47,6.5
17073,6.08,6.23,6.72,6.42,6.35,6.18,6.15,5.98,6.18,6.47,6.94,6.65,6.42,6.72,6.75,6.7,6.38,6.52,6.3,6.3,6.45,6.42,6.89,6.47,6.5
17075,6.08,6.23,6.72,6.42,6.35,6.18,6.15,5.98,6.18,6.47,6.94,6.65,6.42,6.72,6.75,6.7,6.38,6.52,6.3,6.3,6.45,6.42,6.89,6.47,6.5
17077,6.08,6.23,6.72,6.42,6.35,6.18,6.15,5.98,6.18,6.47,6.94,6.65,6.42,6.72,6.75,6.7,6.38,6.52,6.3,6.3,6.45,6.42,6.89,6.47,6.5
17079,6.08,6.23,6.72,6.42,6.35,6.18,6.15,5.98,6.18,6.47,6.94,6.65,6.42,6.72,6.75,6.7,6.38,6.52,6.3,6.3,6.45,6.42,6.89,6.47,6.5
17081,6.08,6.23,6.72,6.42,6.35,6.18,6.15,5.98,6.18,6.47,6.94,6.65,6.42,6.72,6.75,6.7,6.38,6.52,6.3,6.3,6.45,6.42,6.89,6.47,6.5
17083,6.08,6.23,6.72,6.42,6.35,6.18,6.15,5.98,6.18,6.47,6.94,6.65,6.42,6.72,6.75,6.7,6.38,6.52,6.3,6.3,6.45,6.42,6.89,6.47,6.5
17085,6.08,6.23,6.72,6.42,6.35,6.18,6.15,5.98,6.18,6.47,6.94,6.65,6.42,6.72,6.75,6.7,6.38,6.52,6.3,6.3,6.45,6.42,6.89,6.47,6.5
17087,6.08,6.23,6.72,6.42,6.35,6.18,6.15,5.98,6.18,6.47,6.94,6.65,6.42,6.72,6.75,6.7,6.38,6.52,6.3,6.3,6.45,6.42,6.89,6.47,6.5
17089,6.08,6.23,6.72,6.42,6.35,6.18,6.15,5.98,6.18,6.47,6.94,6.65,6.42,6.72,6.75,6.7,6.38,6.52,6.3,6.3,6.45,6.42,6.89,6.47,6.5
17091,6.08,6.23,6.72,6.42,6.35,6.18,6.15,5.98,6.18,6.47,6.94,6.65,6.42,6.72,6.75,6.7,6.38,6.52,6.3,6.3,6.45,6.42,6.89,6.47,6.5
17093,6.08,6.23,6.72,6.42,6.35,6.18,6.15,5.98,6.18,6.47,6.94,6.65,6.42,6.72,6.75,6.7,6.38,6.52,6.3,6.3,6.45,6.42,6.89,6.47,6.5
17095,6.08,6.23,6.72,6.42,6.35,6.18,6.15,5.98,6.18,6.47,6.94,6.65,6.42,6.72,6.75,6.7,6.38,6.52,6.3,6.3,6.45,6.42,6.89,6.47,6.5
17097,6.08,6.23,6.72,6.42,6.35,6.18,6.15,5.98,6.18,6.47,6.94,6.65,6.42,6.72,6.75,6.7,6.38,6.52,6.3,6.3,6.45,6.42,6.89,6.47,6.5
17099,6.08,6.23,6.72,6.42,6.35,6.18,6.15,5.98,6.18,6.47,6.94,6.65,6.42,6.72,6.75,6.7,6.38,6.52,6.3,6.3,6.45,6.42,6.89,6.47,6.5
17101,6.08,6.23,6.72,6.42,6.35,6.18,6.15,5.98,6.18,6.47,6.94,6.65,6.42,6.72,6.75,6.7,6.38,6.52,6.3,6.3,6.45,6.42,6.89,6.47,6.5
17103,6.08,6.23,6.72,6.42,6.35,6.18,6.15,5.98,6.18,6.47,6.94,6.65,6.42,6.72,6.75,6.7,6.38,6.52,6.3,6.3,6.45,6.42,6.89,6.47,6.5
17105,6.08,6.23,6.72,6.42,6.35,6.18,6.15,5.98,6.18,6.47,6.94,6.65,6.42,6.72,6.75,6.7,6.38,6.52,6.3,6.3,6.45,6.42,6.89,6.47,6.5
17107,6.08,6.23,6.72,6.42,6.35,6.18,6.15,5.98,6.18,6.47,6.94,6.65,6.42,6.72,6.75,6.7,6.38,6.52,6.3,6.3,6.45,6.42,6.89,6.47,6.5
17109,6.08,6.23,6.72,6.42,6.35,6.18,6.15,5.98,6.18,6.47,6.94,6.65,6.42,6.72,6.75,6.7,6.38,6.52,6.3,6.3,6.45,6.42,6.89,6.47,6.5
17111,6.08,6.23,6.72,6.42,6.35,6.18,6.15,5.98,6.18,6.47,6.94,6.65,6.42,6.72,6.75,6.7,6.38,6.52,6.3,6.3,6.45,6.42,6.89,6.47,6.5
17113,6.08,6.23,6.72,6.42,6.35,6.18,6.15,5.98,6.18,6.47,6.94,6.65,6.42,6.72,6.75,6.7,6.38,6.52,6.3,6.3,6.45,6.42,6.89,6.47,6.5
17115,6.08,6.23,6.72,6.42,6.35,6.18,6.15,5.98,6.18,6.47,6.94,6.65,6.42,6.72,6.75,6.7,6.38,6.52,6.3,6.3,6.45,6.42,6.89,6.47,6.5
17117,6.08,6.23,6.72,6.42,6.35,6.18,6.15,5.98,6.18,6.47,6.94,6.65,6.42,6.72,6.75,6.7,6.38,6.52,6.3,6.3,6.45,6.42,6.89,6.47,6.5
17119,6.08,6.23,6.72,6.42,6.35,6.18,6.15,5.98,6.18,6.47,6.94,6.65,6.42,6.72,6.75,6.7,6.38,6.52,6.3,6.3,6.45,6.42,6.89,6.47,6.5
17121,6.08,6.23,6.72,6.42,6.35,6.18,6.15,5.98,6.18,6.47,6.94,6.65,6.42,6.72,6.75,6.7,6.38,6.52,6.3,6.3,6.45,6.42,6.89,6.47,6.5
17123,6.08,6.23,6.72,6.42,6.35,6.18,6.15,5.98,6.18,6.47,6.94,6.65,6.42,6.72,6.75,6.7,6.38,6.52,6.3,6.3,6.45,6.42,6.89,6.47,6.5
17125,6.08,6.23,6.72,6.42,6.35,6.18,6.15,5.98,6.18,6.47,6.94,6.65,6.42,6.72,6.75,6.7,6.38,6.52,6.3,6.3,6.45,6.42,6.89,6.47,6.5
17127,6.08,6.23,6.72,6.42,6.35,6.18,6.15,5.98,6.18,6.47,6.94,6.65,6.42,6.72,6.75,6.7,6.38,6.52,6.3,6.3,6.45,6.42,6.89,6.47,6.5
17129,6.08,6.23,6.72,6.42,6.35,6.18,6.15,5.98,6.18,6.47,6.94,6.65,6.42,6.72,6.75,6.7,6.38,6.52,6.3,6.3,6.45,6.42,6.89,6.47,6.5
17131,6.08,6.23,6.72,6.42,6.35,6.18,6.15,5.98,6.18,6.47,6.94,6.65,6.42,6.72,6.75,6.7,6.38,6.52,6.3,6.3,6.45,6.42,6.89,6.47,6.5
17133,6.08,6.23,6.72,6.42,6.35,6.18,6.15,5.98,6.18,6.47,6.94,6.65,6.42,6.72,6.75,6.7,6.38,6.52,6.3,6.3,6.45,6.42,6.89,6.47,6.5
17135,6.08,6.23,6.72,6.42,6.35,6.18,6.15,5.98,6.18,6.47,6.94,6.65,6.42,6.72,6.75,6.7,6.38,6.52,6.3,6.3,6.45,6.42,6.89,6.47,6.5
17137,6.08,6.23,6.72,6.42,6.35,6.18,6.15,5.98,6.18,6.47,6.94,6.65,6.42,6.72,6.75,6.7,6.38,6.52,6.3,6.3,6.45,6.42,6.89,6.47,6.5
17139,6.08,6.23,6.72,6.42,6.35,6.18,6.15,5.98,6.18,6.47,6.94,6.65,6.42,6.72,6.75,6.7,6.38,6.52,6.3,6.3,6.45,6.42,6.89,6.47,6.5
17141,6.08,6.23,6.72,6.42,6.35,6.18,6.15,5.98,6.18,6.47,6.94,6.65,6.42,6.72,6.75,6.7,6.38,6.52,6.3,6.3,6.45,6.42,6.89,6.47,6.5
17143,6.08,6.23,6.72,6.42,6.35,6.18,6.15,5.98,6.18,6.47,6.94,6.65,6.42,6.72,6.75,6.7,6.38,6.52,6.3,6.3,6.45,6.42,6.89,6.47,6.5
17145,6.08,6.23,6.72,6.42,6.35,6.18,6.15,5.98,6.18,6.47,6.94,6.65,6.42,6.72,6.75,6.7,6.38,6.52,6.3,6.3,6.45,6.42,6.89,6.47,6.5
17147,6.08,6.23,6.72,6.42,6.35,6.18,6.15,5.98,6.18,6.47,6.94,6.65,6.42,6.72,6.75,6.7,6.38,6.52,6.3,6.3,6.45,6.42,6.89,6.47,6.5
17149,6.08,6.23,6.72,6.42,6.35,6.18,6.15,5.98,6.18,6.47,6.94,6.65,6.42,6.72,6.75,6.7,6.38,6.52,6.3,6.3,6.45,6.42,6.89,6.47,6.5
17151,6.08,6.23,6.72,6.42,6.35,6.18,6.15,5.98,6.18,6.47,6.94,6.65,6.42,6.72,6.75,6.7,6.38,6.52,6.3,6.3,6.45,6.42,6.89,6.47,6.5
17153,6.08,6.23,6.72,6.42,6.35,6.18,6.15,5.98,6.18,6.47,6.94,6.65,6.42,6.72,6.75,6.7,6.38,6.52,6.3,6.3,6.45,6.42,6.89,6.47,6.5
17155,6.08,6.23,6.72,6.42,6.35,6.18,6.15,5.98,6.18,6.47,6.94,6.65,6.42,6.72,6.75,6.7,6.38,6.52,6.3,6.3,6.45,6.42,6.89,6.47,6.5
17157,6.08,6.23,6.72,6.42,6.35,6.18,6.15,5.98,6.18,6.47,6.94,6.65,6.42,6.72,6.75,6.7,6.38,6.52,6.3,6.3,6.45,6.42,6.89,6.47,6.5
17159,6.08,6.23,6.72,6.42,6.35,6.18,6.15,5.98,6.18,6.47,6.94,6.65,6.42,6.72,6.75,6.7,6.38,6.52,6.3,6.3,6.45,6.42,6.89,6.47,6.5
17161,6.08,6.23,6.72,6.42,6.35,6.18,6.15,5.98,6.18,6.47,6.94,6.65,6.42,6.72,6.75,6.7,6.38,6.52,6.3,6.3,6.45,6.42,6.89,6.47,6.5
17163,6.08,6.23,6.72,6.42,6.35,6.18,6.15,5.98,6.18,6.47,6.94,6.65,6.42,6.72,6.75,6.7,6.38,6.52,6.3,6.3,6.45,6.42,6.89,6.47,6.5
17165,6.08,6.23,6.72,6.42,6.35,6.18,6.15,5.98,6.18,6.47,6.94,6.65,6.42,6.72,6.75,6.7,6.38,6.52,6.3,6.3,6.45,6.42,6.89,6.47,6.5
17167,6.08,6.23,6.72,6.42,6.35,6.18,6.15,5.98,6.18,6.47,6.94,6.65,6.42,6.72,6.75,6.7,6.38,6.52,6.3,6.3,6.45,6.42,6.89,6.47,6.5
17169,6.08,6.23,6.72,6.42,6.35,6.18,6.15,5.98,6.18,6.47,6.94,6.65,6.42,6.72,6.75,6.7,6.38,6.52,6.3,6.3,6.45,6.42,6.89,6.47,6.5
17171,6.08,6.23,6.72,6.42,6.35,6.18,6.15,5.98,6.18,6.47,6.94,6.65,6.42,6.72,6.75,6.7,6.38,6.52,6.3,6.3,6.45,6.42,6.89,6.47,6.5
17173,6.08,6.23,6.72,6.42,6.35,6.18,6.15,5.98,6.18,6.47,6.94,6.65,6.42,6.72,6.75,6.7,6.38,6.52,6.3,6.3,6.45,6.42,6.89,6.47,6.5
17175,6.08,6.23,6.72,6.42,6.35,6.18,6.15,5.98,6.18,6.47,6.94,6.65,6.42,6.72,6.75,6.7,6.38,6.52,6.3,6.3,6.45,6.42,6.89,6.47,6.5
17177,6.08,6.23,6.72,6.42,6.35,6.18,6.15,5.98,6.18,6.47,6.94,6.65,6.42,6.72,6.75,6.7,6.38,6.52,6.3,6.3,6.45,6.42,6.89,6.47,6.5
17179,6.08,6.23,6.72,6.42,6.35,6.18,6.15,5.98,6.18,6.47,6.94,6.65,6.42,6.72,6.75,6.7,6.38,6.52,6.3,6.3,6.45,6.42,6.89,6.47,6.5
17181,6.08,6.23,6.72,6.42,6.35,6.18,6.15,5.98,6.18,6.47,6.94,6.65,6.42,6.72,6.75,6.7,6.38,6.52,6.3,6.3,6.45,6.42,6.89,6.47,6.5
17183,6.08,6.23,6.72,6.42,6.35,6.18,6.15,5.98,6.18,6.47,6.94,6.65,6.42,6.72,6.75,6.7,6.38,6.52,6.3,6.3,6.45,6.42,6.89,6.47,6.5
17185,6.08,6.23,6.72,6.42,6.35,6.18,6.15,5.98,6.18,6.47,6.94,6.65,6.42,6.72,6.75,6.7,6.38,6.52,6.3,6.3,6.45,6.42,6.89,6.47,6.5
17187,6.08,6.23,6.72,6.42,6.35,6.18,6.15,5.98,6.18,6.47,6.94,6.65,6.42,6.72,6.75,6.7,6.38,6.52,6.3,6.3,6.45,6.42,6.89,6.47,6.5
17189,6.08,6.23,6.72,6.42,6.35,6.18,6.15,5.98,6.18,6.47,6.94,6.65,6.42,6.72,6.75,6.7,6.38,6.52,6.3,6.3,6.45,6.42,6.89,6.47,6.5
17191,6.08,6.23,6.72,6.42,6.35,6.18,6.15,5.98,6.18,6.47,6.94,6.65,6.42,6.72,6.75,6.7,6.38,6.52,6.3,6.3,6.45,6.42,6.89,6.47,6.5
17193,6.08,6.23,6.72,6.42,6.35,6.18,6.15,5.98,6.18,6.47,6.94,6.65,6.42,6.72,6.75,6.7,6.38,6.52,6.3,6.3,6.45,6.42,6.89,6.47,6.5
17195,6.08,6.23,6.72,6.42,6.35,6.18,6.15,5.98,6.18,6.47,6.94,6.65,6.42,6.72,6.75,6.7,6.38,6.52,6.3,6.3,6.45,6.42,6.89,6.47,6.5
17197,6.08,6.23,6.72,6.42,6.35,6.18,6.15,5.98,6.18,6.47,6.94,6.65,6.42,6.72,6.75,6.7,6.38,6.52,6.3,6.3,6.45,6.42,6.89,6.47,6.5
17199,6.08,6.23,6.72,6.42,6.35,6.18,6.15,5.98,6.18,6.47,6.94,6.65,6.42,6.72,6.75,6.7,6.38,6.52,6.3,6.3,6.45,6.42,6.89,6.47,6.5
17201,6.08,6.23,6.72,6.42,6.35,6.18,6.15,5.98,6.18,6.47,6.94,6.65,6.42,6.72,6.75,6.7,6.38,6.52,6.3,6.3,6.45,6.42,6.89,6.47,6.5
17203,6.08,6.23,6.72,6.42,6.35,6.18,6.15,5.98,6.18,6.47,6.94,6.65,6.42,6.72,6.75,6.7,6.38,6.52,6.3,6.3,6.45,6.42,6.89,6.47,6.5
18001,6.08,6.23,6.72,6.42,6.35,6.18,6.15,5.98,6.18,6.47,6.94,6.65,6.42,6.72,6.75,6.7,6.38,6.52,6.3,6.3,6.45,6.42,6.89,6.47,6.5
18003,6.08,6.23,6.72,6.42,6.35,6.18,6.15,5.98,6.18,6.47,6.94,6.65,6.42,6.72,6.75,6.7,6.38,6.52,6.3,6.3,6.45,6.42,6.89,6.47,6.5
18005,6.08,6.23,6.72,6.42,6.35,6.18,6.15,5.98,6.18,6.47,6.94,6.65,6.42,6.72,6.75,6.7,6.38,6.52,6.3,6.3,6.45,6.42,6.89,6.47,6.5
18007,6.08,6.23,6.72,6.42,6.35,6.18,6.15,5.98,6.18,6.47,6.94,6.65,6.42,6.72,6.75,6.7,6.38,6.52,6.3,6.3,6.45,6.42,6.89,6.47,6.5
18009,6.08,6.23,6.72,6.42,6.35,6.18,6.15,5.98,6.18,6.47,6.94,6.65,6.42,6.72,6.75,6.7,6.38,6.52,6.3,6.3,6.45,6.42,6.89,6.47,6.5
18011,6.08,6.23,6.72,6.42,6.35,6.18,6.15,5.98,6.18,6.47,6.94,6.65,6.42,6.72,6.75,6.7,6.38,6.52,6.3,6.3,6.45,6.42,6.89,6.47,6.5
18013,6.08,6.23,6.72,6.42,6.35,6.18,6.15,5.98,6.18,6.47,6.94,6.65,6.42,6.72,6.75,6.7,6.38,6.52,6.3,6.3,6.45,6.42,6.89,6.47,6.5
18015,6.08,6.23,6.72,6.42,6.35,6.18,6.15,5.98,6.18,6.47,6.94,6.65,6.42,6.72,6.75,6.7,6.38,6.52,6.3,6.3,6.45,6.42,6.89,6.47,6.5
18017,6.08,6.23,6.72,6.42,6.35,6.18,6.15,5.98,6.18,6.47,6.94,6.65,6.42,6.72,6.75,6.7,6.38,6.52,6.3,6.3,6.45,6.42,6.89,6.47,6.5
18019,6.08,6.23,6.72,6.42,6.35,6.18,6.15,5.98,6.18,6.47,6.94,6.65,6.42,6.72,6.75,6.7,6.38,6.52,6.3,6.3,6.45,6.42,6.89,6.47,6.5
18021,6.08,6.23,6.72,6.42,6.35,6.18,6.15,5.98,6.18,6.47,6.94,6.65,6.42,6.72,6.75,6.7,6.38,6.52,6.3,6.3,6.45,6.42,6.89,6.47,6.5
18023,6.08,6.23,6.72,6.42,6.35,6.18,6.15,5.98,6.18,6.47,6.94,6.65,6.42,6.72,6.75,6.7,6.38,6.52,6.3,6.3,6.45,6.42,6.89,6.47,6.5
18025,6.08,6.23,6.72,6.42,6.35,6.18,6.15,5.98,6.18,6.47,6.94,6.65,6.42,6.72,6.75,6.7,6.38,6.52,6.3,6.3,6.45,6.42,6.89,6.47,6.5
18027,6.08,6.23,6.72,6.42,6.35,6.18,6.15,5.98,6.18,6.47,6.94,6.65,6.42,6.72,6.75,6.7,6.38,6.52,6.3,6.3,6.45,6.42,6.89,6.47,6.5
18029,6.08,6.23,6.72,6.42,6.35,6.18,6.15,5.98,6.18,6.47,6.94,6.65,6.42,6.72,6.75,6.7,6.38,6.52,6.3,6.3,6.45,6.42,6.89,6.47,6.5
18031,6.08,6.23,6.72,6.42,6.35,6.18,6.15,5.98,6.18,6.47,6.94,6.65,6.42,6.72,6.75,6.7,6.38,6.52,6.3,6.3,6.45,6.42,6.89,6.47,6.5
18033,6.08,6.23,6.72,6.42,6.35,6.18,6.15,5.98,6.18,6.47,6.94,6.65,6.42,6.72,6.75,6.7,6.38,6.52,6.3,6.3,6.45,6.42,6.89,6.47,6.5
18035,6.08,6.23,6.72,6.42,6.35,6.18,6.15,5.98,6.18,6.47,6.94,6.65,6.42,6.72,6.75,6.7,6.38,6.52,6.3,6.3,6.45,6.42,6.89,6.47,6.5
18037,6.08,6.23,6.72,6.42,6.35,6.18,6.15,5.98,6.18,6.47,6.94,6.65,6.42,6.72,6.75,6.7,6.38,6.52,6.3,6.3,6.45,6.42,6.89,6.47,6.5
18039,6.08,6.23,6.72,6.42,6.35,6.18,6.15,5.98,6.18,6.47,6.94,6.65,6.42,6.72,6.75,6.7,6.38,6.52,6.3,6.3,6.45,6.42,6.89,6.47,6.5
18041,6.08,6.23,6.72,6.42,6.35,6.18,6.15,5.98,6.18,6.47,6.94,6.65,6.42,6.72,6.75,6.7,6.38,6.52,6.3,6.3,6.45,6.42,6.89,6.47,6.5
18043,6.08,6.23,6.72,6.42,6.35,6.18,6.15,5.98,6.18,6.47,6.94,6.65,6.42,6.72,6.75,6.7,6.38,6.52,6.3,6.3,6.45,6.42,6.89,6.47,6.5
18045,6.08,6.23,6.72,6.42,6.35,6.18,6.15,5.98,6.18,6.47,6.94,6.65,6.42,6.72,6.75,6.7,6.38,6.52,6.3,6.3,6.45,6.42,6.89,6.47,6.5
18047,6.08,6.23,6.72,6.42,6.35,6.18,6.15,5.98,6.18,6.47,6.94,6.65,6.42,6.72,6.75,6.7,6.38,6.52,6.3,6.3,6.45,6.42,6.89,6.47,6.5
18049,6.08,6.23,6.72,6.42,6.35,6.18,6.15,5.98,6.18,6.47,6.94,6.65,6.42,6.72,6.75,6.7,6.38,6.52,6.3,6.3,6.45,6.42,6.89,6.47,6.5
18051,6.08,6.23,6.72,6.42,6.35,6.18,6.15,5.98,6.18,6.47,6.94,6.65,6.42,6.72,6.75,6.7,6.38,6.52,6.3,6.3,6.45,6.42,6.89,6.47,6.5
18053,6.08,6.23,6.72,6.42,6.35,6.18,6.15,5.98,6.18,6.47,6.94,6.65,6.42,6.72,6.75,6.7,6.38,6.52,6.3,6.3,6.45,6.42,6.89,6.47,6.5
18055,6.08,6.23,6.72,6.42,6.35,6.18,6.15,5.98,6.18,6.47,6.94,6.65,6.42,6.72,6.75,6.7,6.38,6.52,6.3,6.3,6.45,6.42,6.89,6.47,6.5
18057,6.08,6.23,6.72,6.42,6.35,6.18,6.15,5.98,6.18,6.47,6.94,6.65,6.42,6.72,6.75,6.7,6.38,6.52,6.3,6.3,6.45,6.42,6.89,6.47,6.5
18059,6.08,6.23,6.72,6.42,6.35,6.18,6.15,5.98,6.18,6.47,6.94,6.65,6.42,6.72,6.75,6.7,6.38,6.52,6.3,6.3,6.45,6.42,6.89,6.47,6.5
18061,6.08,6.23,6.72,6.42,6.35,6.18,6.15,5.98,6.18,6.47,6.94,6.65,6.42,6.72,6.75,6.7,6.38,6.52,6.3,6.3,6.45,6.42,6.89,6.47,6.5
18063,6.08,6.23,6.72,6.42,6.35,6.18,6.15,5.98,6.18,6.47,6.94,6.65,6.42,6.72,6.75,6.7,6.38,6.52,6.3,6.3,6.45,6.42,6.89,6.47,6.5
18065,6.08,6.23,6.72,6.42,6.35,6.18,6.15,5.98,6.18,6.47,6.94,6.65,6.42,6.72,6.75,6.7,6.38,6.52,6.3,6.3,6.45,6.42,6.89,6.47,6.5
18067,6.08,6.23,6.72,6.42,6.35,6.18,6.15,5.98,6.18,6.47,6.94,6.65,6.42,6.72,6.75,6.7,6.38,6.52,6.3,6.3,6.45,6.42,6.89,6.47,6.5
18069,6.08,6.23,6.72,6.42,6.35,6.18,6.15,5.98,6.18,6.47,6.94,6.65,6.42,6.72,6.75,6.7,6.38,6.52,6.3,6.3,6.45,6.42,6.89,6.47,6.5
18071,6.08,6.23,6.72,6.42,6.35,6.18,6.15,5.98,6.18,6.47,6.94,6.65,6.42,6.72,6.75,6.7,6.38,6.52,6.3,6.3,6.45,6.42,6.89,6.47,6.5
18073,6.08,6.23,6.72,6.42,6.35,6.18,6.15,5.98,6.18,6.47,6.94,6.65,6.42,6.72,6.75,6.7,6.38,6.52,6.3,6.3,6.45,6.42,6.89,6.47,6.5
18075,6.08,6.23,6.72,6.42,6.35,6.18,6.15,5.98,6.18,6.47,6.94,6.65,6.42,6.72,6.75,6.7,6.38,6.52,6.3,6.3,6.45,6.42,6.89,6.47,6.5
18077,6.08,6.23,6.72,6.42,6.35,6.18,6.15,5.98,6.18,6.47,6.94,6.65,6.42,6.72,6.75,6.7,6.38,6.52,6.3,6.3,6.45,6.42,6.89,6.47,6.5
18079,6.08,6.23,6.72,6.42,6.35,6.18,6.15,5.98,6.18,6.47,6.94,6.65,6.42,6.72,6.75,6.7,6.38,6.52,6.3,6.3,6.45,6.42,6.89,6.47,6.5
18081,6.08,6.23,6.72,6.42,6.35,6.18,6.15,5.98,6.18,6.47,6.94,6.65,6.42,6.72,6.75,6.7,6.38,6.52,6.3,6.3,6.45,6.42,6.89,6.47,6.5
18083,6.08,6.23,6.72,6.42,6.35,6.18,6.15,5.98,6.18,6.47,6.94,6.65,6.42,6.72,6.75,6.7,6.38,6.52,6.3,6.3,6.45,6.42,6.89,6.47,6.5
18085,6.08,6.23,6.72,6.42,6.35,6.18,6.15,5.98,6.18,6.47,6.94,6.65,6.42,6.72,6.75,6.7,6.38,6.52,6.3,6.3,6.45,6.42,6.89,6.47,6.5
18087,6.08,6.23,6.72,6.42,6.35,6.18,6.15,5.98,6.18,6.47,6.94,6.65,6.42,6.72,6.75,6.7,6.38,6.52,6.3,6.3,6.45,6.42,6.89,6.47,6.5
18089,6.08,6.23,6.72,6.42,6.35,6.18,6.15,5.98,6.18,6.47,6.94,6.65,6.42,6.72,6.75,6.7,6.38,6.52,6.3,6.3,6.45,6.42,6.89,6.47,6.5
18091,6.08,6.23,6.72,6.42,6.35,6.18,6.15,5.98,6.18,6.47,6.94,6.65,6.42,6.72,6.75,6.7,6.38,6.52,6.3,6.3,6.45,6.42,6.89,6.47,6.5
18093,6.08,6.23,6.72,6.42,6.35,6.18,6.15,5.98,6.18,6.47,6.94,6.65,6.42,6.72,6.75,6.7,6.38,6.52,6.3,6.3,6.45,6.42,6.89,6.47,6.5
18095,6.08,6.23,6.72,6.42,6.35,6.18,6.15,5.98,6.18,6.47,6.94,6.65,6.42,6.72,6.75,6.7,6.38,6.52,6.3,6.3,6.45,6.42,6.89,6.47,6.5
18097,6.08,6.23,6.72,6.42,6.35,6.18,6.15,5.98,6.18,6.47,6.94,6.65,6.42,6.72,6.75,6.7,6.38,6.52,6.3,6.3,6.45,6.42,6.89,6.47,6.5
18099,6.08,6.23,6.72,6.42,6.35,6.18,6.15,5.98,6.18,6.47,6.94,6.65,6.42,6.72,6.75,6.7,6.38,6.52,6.3,6.3,6.45,6.42,6.89,6.47,6.5
18101,6.08,6.23,6.72,6.42,6.35,6.18,6.15,5.98,6.18,6.47,6.94,6.65,6.42,6.72,6.75,6.7,6.38,6.52,6.3,6.3,6.45,6.42,6.89,6.47,6.5
18103,6.08,6.23,6.72,6.42,6.35,6.18,6.15,5.98,6.18,6.47,6.94,6.65,6.42,6.72,6.75,6.7,6.38,6.52,6.3,6.3,6.45,6.42,6.89,6.47,6.5
18105,6.08,6.23,6.72,6.42,6.35,6.18,6.15,5.98,6.18,6.47,6.94,6.65,6.42,6.72,6.75,6.7,6.38,6.52,6.3,6.3,6.45,6.42,6.89,6.47,6.5
18107,6.08,6.23,6.72,6.42,6.35,6.18,6.15,5.98,6.18,6.47,6.94,6.65,6.42,6.72,6.75,6.7,6.38,6.52,6.3,6.3,6.45,6.42,6.89,6.47,6.5
18109,6.08,6.23,6.72,6.42,6.35,6.18,6.15,5.98,6.18,6.47,6.94,6.65,6.42,6.72,6.75,6.7,6.38,6.52,6.3,6.3,6.45,6.42,6.89,6.47,6.5
18111,6.08,6.23,6.72,6.42,6.35,6.18,6.15,5.98,6.18,6.47,6.94,6.65,6.42,6.72,6.75,6.7,6.38,6.52,6.3,6.3,6.45,6.42,6.89,6.47,6.5
18113,6.08,6.23,6.72,6.42,6.35,6.18,6.15,5.98,6.18,6.47,6.94,6.65,6.42,6.72,6.75,6.7,6.38,6.52,6.3,6.3,6.45,6.42,6.89,6.47,6.5
18115,6.08,6.23,6.72,6.42,6.35,6.18,6.15,5.98,6.18,6.47,6.94,6.65,6.42,6.72,6.75,6.7,6.38,6.52,6.3,6.3,6.45,6.42,6.89,6.47,6.5
18117,6.08,6.23,6.72,6.42,6.35,6.18,6.15,5.98,6.18,6.47,6.94,6.65,6.42,6.72,6.75,6.7,6.38,6.52,6.3,6.3,6.45,6.42,6.89,6.47,6.5
18119,6.08,6.23,6.72,6.42,6.35,6.18,6.15,5.98,6.18,6.47,6.94,6.65,6.42,6.72,6.75,6.7,6.38,6.52,6.3,6.3,6.45,6.42,6.89,6.47,6.5
18121,6.08,6.23,6.72,6.42,6.35,6.18,6.15,5.98,6.18,6.47,6.94,6.65,6.42,6.72,6.75,6.7,6.38,6.52,6.3,6.3,6.45,6.42,6.89,6.47,6.5
18123,6.08,6.23,6.72,6.42,6.35,6.18,6.15,5.98,6.18,6.47,6.94,6.65,6.42,6.72,6.75,6.7,6.38,6.52,6.3,6.3,6.45,6.42,6.89,6.47,6.5
18125,6.08,6.23,6.72,6.42,6.35,6.18,6.15,5.98,6.18,6.47,6.94,6.65,6.42,6.72,6.75,6.7,6.38,6.52,6.3,6.3,6.45,6.42,6.89,6.47,6.5
18127,6.08,6.23,6.72,6.42,6.35,6.18,6.15,5.98,6.18,6.47,6.94,6.65,6.42,6.72,6.75,6.7,6.38,6.52,6.3,6.3,6.45,6.42,6.89,6.47,6.5
18129,6.08,6.23,6.72,6.42,6.35,6.18,6.15,5.98,6.18,6.47,6.94,6.65,6.42,6.72,6.75,6.7,6.38,6.52,6.3,6.3,6.45,6.42,6.89,6.47,6.5
18131,6.08,6.23,6.72,6.42,6.35,6.18,6.15,5.98,6.18,6.47,6.94,6.65,6.42,6.72,6.75,6.7,6.38,6.52,6.3,6.3,6.45,6.42,6.89,6.47,6.5
18133,6.08,6.23,6.72,6.42,6.35,6.18,6.15,5.98,6.18,6.47,6.94,6.65,6.42,6.72,6.75,6.7,6.38,6.52,6.3,6.3,6.45,6.42,6.89,6.47,6.5
18135,6.08,6.23,6.72,6.42,6.35,6.18,6.15,5.98,6.18,6.47,6.94,6.65,6.42,6.72,6.75,6.7,6.38,6.52,6.3,6.3,6.45,6.42,6.89,6.47,6.5
18137,6.08,6.23,6.72,6.42,6.35,6.18,6.15,5.98,6.18,6.47,6.94,6.65,6.42,6.72,6.75,6.7,6.38,6.52,6.3,6.3,6.45,6.42,6.89,6.47,6.5
18139,6.08,6.23,6.72,6.42,6.35,6.18,6.15,5.98,6.18,6.47,6.94,6.65,6.42,6.72,6.75,6.7,6.38,6.52,6.3,6.3,6.45,6.42,6.89,6.47,6.5
18141,6.08,6.23,6.72,6.42,6.35,6.18,6.15,5.98,6.18,6.47,6.94,6.65,6.42,6.72,6.75,6.7,6.38,6.52,6.3,6.3,6.45,6.42,6.89,6.47,6.5
18143,6.08,6.23,6.72,6.42,6.35,6.18,6.15,5.98,6.18,6.47,6.94,6.65,6.42,6.72,6.75,6.7,6.38,6.52,6.3,6.3,6.45,6.42,6.89,6.47,6.5
18145,6.08,6.23,6.72,6.42,6.35,6.18,6.15,5.98,6.18,6.47,6.94,6.65,6.42,6.72,6.75,6.7,6.38,6.52,6.3,6.3,6.45,6.42,6.89,6.47,6.5
18147,6.08,6.23,6.72,6.42,6.35,6.18,6.15,5.98,6.18,6.47,6.94,6.65,6.42,6.72,6.75,6.7,6.38,6.52,6.3,6.3,6.45,6.42,6.89,6.47,6.5
18149,6.08,6.23,6.72,6.42,6.35,6.18,6.15,5.98,6.18,6.47,6.94,6.65,6.42,6.72,6.75,6.7,6.38,6.52,6.3,6.3,6.45,6.42,6.89,6.47,6.5
18151,6.08,6.23,6.72,6.42,6.35,6.18,6.15,5.98,6.18,6.47,6.94,6.65,6.42,6.72,6.75,6.7,6.38,6.52,6.3,6.3,6.45,6.42,6.89,6.47,6.5
18153,6.08,6.23,6.72,6.42,6.35,6.18,6.15,5.98,6.18,6.47,6.94,6.65,6.42,6.72,6.75,6.7,6.38,6.52,6.3,6.3,6.45,6.42,6.89,6.47,6.5
18155,6.08,6.23,6.72,6.42,6.35,6.18,6.15,5.98,6.18,6.47,6.94,6.65,6.42,6.72,6.75,6.7,6.38,6.52,6.3,6.3,6.45,6.42,6.89,6.47,6.5
18157,6.08,6.23,6.72,6.42,6.35,6.18,6.15,5.98,6.18,6.47,6.94,6.65,6.42,6.72,6.75,6.7,6.38,6.52,6.3,6.3,6.45,6.42,6.89,6.47,6.5
18159,6.08,6.23,6.72,6.42,6.35,6.18,6.15,5.98,6.18,6.47,6.94,6.65,6.42,6.72,6.75,6.7,6.38,6.52,6.3,6.3,6.45,6.42,6.89,6.47,6.5
18161,6.08,6.23,6.72,6.42,6.35,6.18,6.15,5.98,6.18,6.47,6.94,6.65,6.42,6.72,6.75,6.7,6.38,6.52,6.3,6.3,6.45,6.42,6.89,6.47,6.5
18163,6.08,6.23,6.72,6.42,6.35,6.18,6.15,5.98,6.18,6.47,6.94,6.65,6.42,6.72,6.75,6.7,6.38,6.52,6.3,6.3,6.45,6.42,6.89,6.47,6.5
18165,6.08,6.23,6.72,6.42,6.35,6.18,6.15,5.98,6.18,6.47,6.94,6.65,6.42,6.72,6.75,6.7,6.38,6.52,6.3,6.3,6.45,6.42,6.89,6.47,6.5
18167,6.08,6.23,6.72,6.42,6.35,6.18,6.15,5.98,6.18,6.47,6.94,6.65,6.42,6.72,6.75,6.7,6.38,6.52,6.3,6.3,6.45,6.42,6.89,6.47,6.5
18169,6.08,6.23,6.72,6.42,6.35,6.18,6.15,5.98,6.18,6.47,6.94,6.65,6.42,6.72,6.75,6.7,6.38,6.52,6.3,6.3,6.45,6.42,6.89,6.47,6.5
18171,6.08,6.23,6.72,6.42,6.35,6.18,6.15,5.98,6.18,6.47,6.94,6.65,6.42,6.72,6.75,6.7,6.38,6.52,6.3,6.3,6.45,6.42,6.89,6.47,6.5
18173,6.08,6.23,6.72,6.42,6.35,6.18,6.15,5.98,6.18,6.47,6.94,6.65,6.42,6.72,6.75,6.7,6.38,6.52,6.3,6.3,6.45,6.42,6.89,6.47,6.5
18175,6.08,6.23,6.72,6.42,6.35,6.18,6.15,5.98,6.18,6.47,6.94,6.65,6.42,6.72,6.75,6.7,6.38,6.52,6.3,6.3,6.45,6.42,6.89,6.47,6.5
18177,6.08,6.23,6.72,6.42,6.35,6.18,6.15,5.98,6.18,6.47,6.94,6.65,6.42,6.72,6.75,6.7,6.38,6.52,6.3,6.3,6.45,6.42,6.89,6.47,6.5
18179,6.08,6.23,6.72,6.42,6.35,6.18,6.15,5.98,6.18,6.47,6.94,6.65,6.42,6.72,6.75,6.7,6.38,6.52,6.3,6.3,6.45,6.42,6.89,6.47,6.5
18181,6.08,6.23,6.72,6.42,6.35,6.18,6.15,5.98,6.18,6.47,6.94,6.65,6.42,6.72,6.75,6.7,6.38,6.52,6.3,6.3,6.45,6.42,6.89,6.47,6.5
18183,6.08,6.23,6.72,6.42,6.35,6.18,6.15,5.98,6.18,6.47,6.94,6.65,6.42,6.72,6.75,6.7,6.38,6.52,6.3,6.3,6.45,6.42,6.89,6.47,6.5
19001,6.08,6.23,6.72,6.42,6.35,6.18,6.15,5.98,6.18,6.47,6.94,6.65,6.42,6.72,6.75,6.7,6.38,6.52,6.3,6.3,6.45,6.42,6.89,6.47,6.5
19003,6.08,6.23,6.72,6.42,6.35,6.18,6.15,5.98,6.18,6.47,6.94,6.65,6.42,6.72,6.75,6.7,6.38,6.52,6.3,6.3,6.45,6.42,6.89,6.47,6.5
19005,6.08,6.23,6.72,6.42,6.35,6.18,6.15,5.98,6.18,6.47,6.94,6.65,6.42,6.72,6.75,6.7,6.38,6.52,6.3,6.3,6.45,6.42,6.89,6.47,6.5
19007,6.08,6.23,6.72,6.42,6.35,6.18,6.15,5.98,6.18,6.47,6.94,6.65,6.42,6.72,6.75,6.7,6.38,6.52,6.3,6.3,6.45,6.42,6.89,6.47,6.5
19009,6.08,6.23,6.72,6.42,6.35,6.18,6.15,5.98,6.18,6.47,6.94,6.65,6.42,6.72,6.75,6.7,6.38,6.52,6.3,6.3,6.45,6.42,6.89,6.47,6.5
19011,6.08,6.23,6.72,6.42,6.35,6.18,6.15,5.98,6.18,6.47,6.94,6.65,6.42,6.72,6.75,6.7,6.38,6.52,6.3,6.3,6.45,6.42,6.89,6.47,6.5
19013,6.08,6.23,6.72,6.42,6.35,6.18,6.15,5.98,6.18,6.47,6.94,6.65,6.42,6.72,6.75,6.7,6.38,6.52,6.3,6.3,6.45,6.42,6.89,6.47,6.5
19015,6.08,6.23,6.72,6.42,6.35,6.18,6.15,5.98,6.18,6.47,6.94,6.65,6.42,6.72,6.75,6.7,6.38,6.52,6.3,6.3,6.45,6.42,6.89,6.47,6.5
19017,6.08,6.23,6.72,6.42,6.35,6.18,6.15,5.98,6.18,6.47,6.94,6.65,6.42,6.72,6.75,6.7,6.38,6.52,6.3,6.3,6.45,6.42,6.89,6.47,6.5
19019,6.08,6.23,6.72,6.42,6.35,6.18,6.15,5.98,6.18,6.47,6.94,6.65,6.42,6.72,6.75,6.7,6.38,6.52,6.3,6.3,6.45,6.42,6.89,6.47,6.5
19021,6.08,6.23,6.72,6.42,6.35,6.18,6.15,5.98,6.18,6.47,6.94,6.65,6.42,6.72,6.75,6.7,6.38,6.52,6.3,6.3,6.45,6.42,6.89,6.47,6.5
19023,6.08,6.23,6.72,6.42,6.35,6.18,6.15,5.98,6.18,6.47,6.94,6.65,6.42,6.72,6.75,6.7,6.38,6.52,6.3,6.3,6.45,6.42,6.89,6.47,6.5
19025,6.08,6.23,6.72,6.42,6.35,6.18,6.15,5.98,6.18,6.47,6.94,6.65,6.42,6.72,6.75,6.7,6.38,6.52,6.3,6.3,6.45,6.42,6.89,6.47,6.5
19027,6.08,6.23,6.72,6.42,6.35,6.18,6.15,5.98,6.18,6.47,6.94,6.65,6.42,6.72,6.75,6.7,6.38,6.52,6.3,6.3,6.45,6.42,6.89,6.47,6.5
19029,6.08,6.23,6.72,6.42,6.35,6.18,6.15,5.98,6.18,6.47,6.94,6.65,6.42,6.72,6.75,6.7,6.38,6.52,6.3,6.3,6.45,6.42,6.89,6.47,6.5
19031,6.08,6.23,6.72,6.42,6.35,6.18,6.15,5.98,6.18,6.47,6.94,6.65,6.42,6.72,6.75,6.7,6.38,6.52,6.3,6.3,6.45,6.42,6.89,6.47,6.5
19033,6.08,6.23,6.72,6.42,6.35,6.18,6.15,5.98,6.18,6.47,6.94,6.65,6.42,6.72,6.75,6.7,6.38,6.52,6.3,6.3,6.45,6.42,6.89,6.47,6.5
19035,6.08,6.23,6.72,6.42,6.35,6.18,6.15,5.98,6.18,6.47,6.94,6.65,6.42,6.72,6.75,6.7,6.38,6.52,6.3,6.3,6.45,6.42,6.89,6.47,6.5
19037,6.08,6.23,6.72,6.42,6.35,6.18,6.15,5.98,6.18,6.47,6.94,6.65,6.42,6.72,6.75,6.7,6.38,6.52,6.3,6.3,6.45,6.42,6.89,6.47,6.5
19039,6.08,6.23,6.72,6.42,6.35,6.18,6.15,5.98,6.18,6.47,6.94,6.65,6.42,6.72,6.75,6.7,6.38,6.52,6.3,6.3,6.45,6.42,6.89,6.47,6.5
19041,6.08,6.23,6.72,6.42,6.35,6.18,6.15,5.98,6.18,6.47,6.94,6.65,6.42,6.72,6.75,6.7,6.38,6.52,6.3,6.3,6.45,6.42,6.89,6.47,6.5
19043,6.08,6.23,6.72,6.42,6.35,6.18,6.15,5.98,6.18,6.47,6.94,6.65,6.42,6.72,6.75,6.7,6.38,6.52,6.3,6.3,6.45,6.42,6.89,6.47,6.5
19045,6.08,6.23,6.72,6.42,6.35,6.18,6.15,5.98,6.18,6.47,6.94,6.65,6.42,6.72,6.75,6.7,6.38,6.52,6.3,6.3,6.45,6.42,6.89,6.47,6.5
19047,6.08,6.23,6.72,6.42,6.35,6.18,6.15,5.98,6.18,6.47,6.94,6.65,6.42,6.72,6.75,6.7,6.38,6.52,6.3,6.3,6.45,6.42,6.89,6.47,6.5
19049,6.08,6.23,6.72,6.42,6.35,6.18,6.15,5.98,6.18,6.47,6.94,6.65,6.42,6.72,6.75,6.7,6.38,6.52,6.3,6.3,6.45,6.42,6.89,6.47,6.5
19051,6.08,6.23,6.72,6.42,6.35,6.18,6.15,5.98,6.18,6.47,6.94,6.65,6.42,6.72,6.75,6.7,6.38,6.52,6.3,6.3,6.45,6.42,6.89,6.47,6.5
19053,6.08,6.23,6.72,6.42,6.35,6.18,6.15,5.98,6.18,6.47,6.94,6.65,6.42,6.72,6.75,6.7,6.38,6.52,6.3,6.3,6.45,6.42,6.89,6.47,6.5
19055,6.08,6.23,6.72,6.42,6.35,6.18,6.15,5.98,6.18,6.47,6.94,6.65,6.42,6.72,6.75,6.7,6.38,6.52,6.3,6.3,6.45,6.42,6.89,6.47,6.5
19057,6.08,6.23,6.72,6.42,6.35,6.18,6.15,5.98,6.18,6.47,6.94,6.65,6.42,6.72,6.75,6.7,6.38,6.52,6.3,6.3,6.45,6.42,6.89,6.47,6.5
19059,6.08,6.23,6.72,6.42,6.35,6.18,6.15,5.98,6.18,6.47,6.94,6.65,6.42,6.72,6.75,6.7,6.38,6.52,6.3,6.3,6.45,6.42,6.89,6.47,6.5
19061,6.08,6.23,6.72,6.42,6.35,6.18,6.15,5.98,6.18,6.47,6.94,6.65,6.42,6.72,6.75,6.7,6.38,6.52,6.3,6.3,6.45,6.42,6.89,6.47,6.5
19063,6.08,6.23,6.72,6.42,6.35,6.18,6.15,5.98,6.18,6.47,6.94,6.65,6.42,6.72,6.75,6.7,6.38,6.52,6.3,6.3,6.45,6.42,6.89,6.47,6.5
19065,6.08,6.23,6.72,6.42,6.35,6.18,6.15,5.98,6.18,6.47,6.94,6.65,6.42,6.72,6.75,6.7,6.38,6.52,6.3,6.3,6.45,6.42,6.89,6.47,6.5
19067,6.08,6.23,6.72,6.42,6.35,6.18,6.15,5.98,6.18,6.47,6.94,6.65,6.42,6.72,6.75,6.7,6.38,6.52,6.3,6.3,6.45,6.42,6.89,6.47,6.5
19069,6.08,6.23,6.72,6.42,6.35,6.18,6.15,5.98,6.18,6.47,6.94,6.65,6.42,6.72,6.75,6.7,6.38,6.52,6.3,6.3,6.45,6.42,6.89,6.47,6.5
19071,6.08,6.23,6.72,6.42,6.35,6.18,6.15,5.98,6.18,6.47,6.94,6.65,6.42,6.72,6.75,6.7,6.38,6.52,6.3,6.3,6.45,6.42,6.89,6.47,6.5
19073,6.08,6.23,6.72,6.42,6.35,6.18,6.15,5.98,6.18,6.47,6.94,6.65,6.42,6.72,6.75,6.7,6.38,6.52,6.3,6.3,6.45,6.42,6.89,6.47,6.5
19075,6.08,6.23,6.72,6.42,6.35,6.18,6.15,5.98,6.18,6.47,6.94,6.65,6.42,6.72,6.75,6.7,6.38,6.52,6.3,6.3,6.45,6.42,6.89,6.47,6.5
19077,6.08,6.23,6.72,6.42,6.35,6.18,6.15,5.98,6.18,6.47,6.94,6.65,6.42,6.72,6.75,6.7,6.38,6.52,6.3,6.3,6.45,6.42,6.89,6.47,6.5
19079,6.08,6.23,6.72,6.42,6.35,6.18,6.15,5.98,6.18,6.47,6.94,6.65,6.42,6.72,6.75,6.7,6.38,6.52,6.3,6.3,6.45,6.42,6.89,6.47,6.5
19081,6.08,6.23,6.72,6.42,6.35,6.18,6.15,5.98,6.18,6.47,6.94,6.65,6.42,6.72,6.75,6.7,6.38,6.52,6.3,6.3,6.45,6.42,6.89,6.47,6.5
19083,6.08,6.23,6.72,6.42,6.35,6.18,6.15,5.98,6.18,6.47,6.94,6.65,6.42,6.72,6.75,6.7,6.38,6.52,6.3,6.3,6.45,6.42,6.89,6.47,6.5
19085,6.08,6.23,6.72,6.42,6.35,6.18,6.15,5.98,6.18,6.47,6.94,6.65,6.42,6.72,6.75,6.7,6.38,6.52,6.3,6.3,6.45,6.42,6.89,6.47,6.5
19087,6.08,6.23,6.72,6.42,6.35,6.18,6.15,5.98,6.18,6.47,6.94,6.65,6.42,6.72,6.75,6.7,6.38,6.52,6.3,6.3,6.45,6.42,6.89,6.47,6.5
19089,6.08,6.23,6.72,6.42,6.35,6.18,6.15,5.98,6.18,6.47,6.94,6.65,6.42,6.72,6.75,6.7,6.38,6.52,6.3,6.3,6.45,6.42,6.89,6.47,6.5
19091,6.08,6.23,6.72,6.42,6.35,6.18,6.15,5.98,6.18,6.47,6.94,6.65,6.42,6.72,6.75,6.7,6.38,6.52,6.3,6.3,6.45,6.42,6.89,6.47,6.5
19093,6.08,6.23,6.72,6.42,6.35,6.18,6.15,5.98,6.18,6.47,6.94,6.65,6.42,6.72,6.75,6.7,6.38,6.52,6.3,6.3,6.45,6.42,6.89,6.47,6.5
19095,6.08,6.23,6.72,6.42,6.35,6.18,6.15,5.98,6.18,6.47,6.94,6.65,6.42,6.72,6.75,6.7,6.38,6.52,6.3,6.3,6.45,6.42,6.89,6.47,6.5
19097,6.08,6.23,6.72,6.42,6.35,6.18,6.15,5.98,6.18,6.47,6.94,6.65,6.42,6.72,6.75,6.7,6.38,6.52,6.3,6.3,6.45,6.42,6.89,6.47,6.5
19099,6.08,6.23,6.72,6.42,6.35,6.18,6.15,5.98,6.18,6.47,6.94,6.65,6.42,6.72,6.75,6.7,6.38,6.52,6.3,6.3,6.45,6.42,6.89,6.47,6.5
19101,6.08,6.23,6.72,6.42,6.35,6.18,6.15,5.98,6.18,6.47,6.94,6.65,6.42,6.72,6.75,6.7,6.38,6.52,6.3,6.3,6.45,6.42,6.89,6.47,6.5
19103,6.08,6.23,6.72,6.42,6.35,6.18,6.15,5.98,6.18,6.47,6.94,6.65,6.42,6.72,6.75,6.7,6.38,6.52,6.3,6.3,6.45,6.42,6.89,6.47,6.5
19105,6.08,6.23,6.72,6.42,6.35,6.18,6.15,5.98,6.18,6.47,6.94,6.65,6.42,6.72,6.75,6.7,6.38,6.52,6.3,6.3,6.45,6.42,6.89,6.47,6.5
19107,6.08,6.23,6.72,6.42,6.35,6.18,6.15,5.98,6.18,6.47,6.94,6.65,6.42,6.72,6.75,6.7,6.38,6.52,6.3,6.3,6.45,6.42,6.89,6.47,6.5
19109,6.08,6.23,6.72,6.42,6.35,6.18,6.15,5.98,6.18,6.47,6.94,6.65,6.42,6.72,6.75,6.7,6.38,6.52,6.3,6.3,6.45,6.42,6.89,6.47,6.5
19111,6.08,6.23,6.72,6.42,6.35,6.18,6.15,5.98,6.18,6.47,6.94,6.65,6.42,6.72,6.75,6.7,6.38,6.52,6.3,6.3,6.45,6.42,6.89,6.47,6.5
19113,6.08,6.23,6.72,6.42,6.35,6.18,6.15,5.98,6.18,6.47,6.94,6.65,6.42,6.72,6.75,6.7,6.38,6.52,6.3,6.3,6.45,6.42,6.89,6.47,6.5
19115,6.08,6.23,6.72,6.42,6.35,6.18,6.15,5.98,6.18,6.47,6.94,6.65,6.42,6.72,6.75,6.7,6.38,6.52,6.3,6.3,6.45,6.42,6.89,6.47,6.5
19117,6.08,6.23,6.72,6.42,6.35,6.18,6.15,5.98,6.18,6.47,6.94,6.65,6.42,6.72,6.75,6.7,6.38,6.52,6.3,6.3,6.45,6.42,6.89,6.47,6.5
19119,6.08,6.23,6.72,6.42,6.35,6.18,6.15,5.98,6.18,6.47,6.94,6.65,6.42,6.72,6.75,6.7,6.38,6.52,6.3,6.3,6.45,6.42,6.89,6.47,6.5
19121,6.08,6.23,6.72,6.42,6.35,6.18,6.15,5.98,6.18,6.47,6.94,6.65,6.42,6.72,6.75,6.7,6.38,6.52,6.3,6.3,6.45,6.42,6.89,6.47,6.5
19123,6.08,6.23,6.72,6.42,6.35,6.18,6.15,5.98,6.18,6.47,6.94,6.65,6.42,6.72,6.75,6.7,6.38,6.52,6.3,6.3,6.45,6.42,6.89,6.47,6.5
19125,6.08,6.23,6.72,6.42,6.35,6.18,6.15,5.98,6.18,6.47,6.94,6.65,6.42,6.72,6.75,6.7,6.38,6.52,6.3,6.3,6.45,6.42,6.89,6.47,6.5
19127,6.08,6.23,6.72,6.42,6.35,6.18,6.15,5.98,6.18,6.47,6.94,6.65,6.42,6.72,6.75,6.7,6.38,6.52,6.3,6.3,6.45,6.42,6.89,6.47,6.5
19129,6.08,6.23,6.72,6.42,6.35,6.18,6.15,5.98,6.18,6.47,6.94,6.65,6.42,6.72,6.75,6.7,6.38,6.52,6.3,6.3,6.45,6.42,6.89,6.47,6.5
19131,6.08,6.23,6.72,6.42,6.35,6.18,6.15,5.98,6.18,6.47,6.94,6.65,6.42,6.72,6.75,6.7,6.38,6.52,6.3,6.3,6.45,6.42,6.89,6.47,6.5
19133,6.08,6.23,6.72,6.42,6.35,6.18,6.15,5.98,6.18,6.47,6.94,6.65,6.42,6.72,6.75,6.7,6.38,6.52,6.3,6.3,6.45,6.42,6.89,6.47,6.5
19135,6.08,6.23,6.72,6.42,6.35,6.18,6.15,5.98,6.18,6.47,6.94,6.65,6.42,6.72,6.75,6.7,6.38,6.52,6.3,6.3,6.45,6.42,6.89,6.47,6.5
19137,6.08,6.23,6.72,6.42,6.35,6.18,6.15,5.98,6.18,6.47,6.94,6.65,6.42,6.72,6.75,6.7,6.38,6.52,6.3,6.3,6.45,6.42,6.89,6.47,6.5
19139,6.08,6.23,6.72,6.42,6.35,6.18,6.15,5.98,6.18,6.47,6.94,6.65,6.42,6.72,6.75,6.7,6.38,6.52,6.3,6.3,6.45,6.42,6.89,6.47,6.5
19141,6.08,6.23,6.72,6.42,6.35,6.18,6.15,5.98,6.18,6.47,6.94,6.65,6.42,6.72,6.75,6.7,6.38,6.52,6.3,6.3,6.45,6.42,6.89,6.47,6.5
19143,6.08,6.23,6.72,6.42,6.35,6.18,6.15,5.98,6.18,6.47,6.94,6.65,6.42,6.72,6.75,6.7,6.38,6.52,6.3,6.3,6.45,6.42,6.89,6.47,6.5
19145,6.08,6.23,6.72,6.42,6.35,6.18,6.15,5.98,6.18,6.47,6.94,6.65,6.42,6.72,6.75,6.7,6.38,6.52,6.3,6.3,6.45,6.42,6.89,6.47,6.5
19147,6.08,6.23,6.72,6.42,6.35,6.18,6.15,5.98,6.18,6.47,6.94,6.65,6.42,6.72,6.75,6.7,6.38,6.52,6.3,6.3,6.45,6.42,6.89,6.47,6.5
19149,6.08,6.23,6.72,6.42,6.35,6.18,6.15,5.98,6.18,6.47,6.94,6.65,6.42,6.72,6.75,6.7,6.38,6.52,6.3,6.3,6.45,6.42,6.89,6.47,6.5
19151,6.08,6.23,6.72,6.42,6.35,6.18,6.15,5.98,6.18,6.47,6.94,6.65,6.42,6.72,6.75,6.7,6.38,6.52,6.3,6.3,6.45,6.42,6.89,6.47,6.5
19153,6.08,6.23,6.72,6.42,6.35,6.18,6.15,5.98,6.18,6.47,6.94,6.65,6.42,6.72,6.75,6.7,6.38,6.52,6.3,6.3,6.45,6.42,6.89,6.47,6.5
19155,6.08,6.23,6.72,6.42,6.35,6.18,6.15,5.98,6.18,6.47,6.94,6.65,6.42,6.72,6.75,6.7,6.38,6.52,6.3,6.3,6.45,6.42,6.89,6.47,6.5
19157,6.08,6.23,6.72,6.42,6.35,6.18,6.15,5.98,6.18,6.47,6.94,6.65,6.42,6.72,6.75,6.7,6.38,6.52,6.3,6.3,6.45,6.42,6.89,6.47,6.5
19159,6.08,6.23,6.72,6.42,6.35,6.18,6.15,5.98,6.18,6.47,6.94,6.65,6.42,6.72,6.75,6.7,6.38,6.52,6.3,6.3,6.45,6.42,6.89,6.47,6.5
19161,6.08,6.23,6.72,6.42,6.35,6.18,6.15,5.98,6.18,6.47,6.94,6.65,6.42,6.72,6.75,6.7,6.38,6.52,6.3,6.3,6.45,6.42,6.89,6.47,6.5
19163,6.08,6.23,6.72,6.42,6.35,6.18,6.15,5.98,6.18,6.47,6.94,6.65,6.42,6.72,6.75,6.7,6.38,6.52,6.3,6.3,6.45,6.42,6.89,6.47,6.5
19165,6.08,6.23,6.72,6.42,6.35,6.18,6.15,5.98,6.18,6.47,6.94,6.65,6.42,6.72,6.75,6.7,6.38,6.52,6.3,6.3,6.45,6.42,6.89,6.47,6.5
19167,6.08,6.23,6.72,6.42,6.35,6.18,6.15,5.98,6.18,6.47,6.94,6.65,6.42,6.72,6.75,6.7,6.38,6.52,6.3,6.3,6.45,6.42,6.89,6.47,6.5
19169,6.08,6.23,6.72,6.42,6.35,6.18,6.15,5.98,6.18,6.47,6.94,6.65,6.42,6.72,6.75,6.7,6.38,6.52,6.3,6.3,6.45,6.42,6.89,6.47,6.5
19171,6.08,6.23,6.72,6.42,6.35,6.18,6.15,5.98,6.18,6.47,6.94,6.65,6.42,6.72,6.75,6.7,6.38,6.52,6.3,6.3,6.45,6.42,6.89,6.47,6.5
19173,6.08,6.23,6.72,6.42,6.35,6.18,6.15,5.98,6.18,6.47,6.94,6.65,6.42,6.72,6.75,6.7,6.38,6.52,6.3,6.3,6.45,6.42,6.89,6.47,6.5
19175,6.08,6.23,6.72,6.42,6.35,6.18,6.15,5.98,6.18,6.47,6.94,6.65,6.42,6.72,6.75,6.7,6.38,6.52,6.3,6.3,6.45,6.42,6.89,6.47,6.5
19177,6.08,6.23,6.72,6.42,6.35,6.18,6.15,5.98,6.18,6.47,6.94,6.65,6.42,6.72,6.75,6.7,6.38,6.52,6.3,6.3,6.45,6.42,6.89,6.47,6.5
19179,6.08,6.23,6.72,6.42,6.35,6.18,6.15,5.98,6.18,6.47,6.94,6.65,6.42,6.72,6.75,6.7,6.38,6.52,6.3,6.3,6.45,6.42,6.89,6.47,6.5
19181,6.08,6.23,6.72,6.42,6.35,6.18,6.15,5.98,6.18,6.47,6.94,6.65,6.42,6.72,6.75,6.7,6.38,6.52,6.3,6.3,6.45,6.42,6.89,6.47,6.5
19183,6.08,6.23,6.72,6.42,6.35,6.18,6.15,5.98,6.18,6.47,6.94,6.65,6.42,6.72,6.75,6.7,6.38,6.52,6.3,6.3,6.45,6.42,6.89,6.47,6.5
19185,6.08,6.23,6.72,6.42,6.35,6.18,6.15,5.98,6.18,6.47,6.94,6.65,6.42,6.72,6.75,6.7,6.38,6.52,6.3,6.3,6.45,6.42,6.89,6.47,6.5
19187,6.08,6.23,6.72,6.42,6.35,6.18,6.15,5.98,6.18,6.47,6.94,6.65,6.42,6.72,6.75,6.7,6.38,6.52,6.3,6.3,6.45,6.42,6.89,6.47,6.5
19189,6.08,6.23,6.72,6.42,6.35,6.18,6.15,5.98,6.18,6.47,6.94,6.65,6.42,6.72,6.75,6.7,6.38,6.52,6.3,6.3,6.45,6.42,6.89,6.47,6.5
19191,6.08,6.23,6.72,6.42,6.35,6.18,6.15,5.98,6.18,6.47,6.94,6.65,6.42,6.72,6.75,6.7,6.38,6.52,6.3,6.3,6.45,6.42,6.89,6.47,6.5
19193,6.08,6.23,6.72,6.42,6.35,6.18,6.15,5.98,6.18,6.47,6.94,6.65,6.42,6.72,6.75,6.7,6.38,6.52,6.3,6.3,6.45,6.42,6.89,6.47,6.5
19195,6.08,6.23,6.72,6.42,6.35,6.18,6.15,5.98,6.18,6.47,6.94,6.65,6.42,6.72,6.75,6.7,6.38,6.52,6.3,6.3,6.45,6.42,6.89,6.47,6.5
19197,6.08,6.23,6.72,6.42,6.35,6.18,6.15,5.98,6.18,6.47,6.94,6.65,6.42,6.72,6.75,6.7,6.38,6.52,6.3,6.3,6.45,6.42,6.89,6.47,6.5
20001,6.08,6.23,6.72,6.42,6.35,6.18,6.15,5.98,6.18,6.47,6.94,6.65,6.42,6.72,6.75,6.7,6.38,6.52,6.3,6.3,6.45,6.42,6.89,6.47,6.5
20003,6.08,6.23,6.72,6.42,6.35,6.18,6.15,5.98,6.18,6.47,6.94,6.65,6.42,6.72,6.75,6.7,6.38,6.52,6.3,6.3,6.45,6.42,6.89,6.47,6.5
20005,6.08,6.23,6.72,6.42,6.35,6.18,6.15,5.98,6.18,6.47,6.94,6.65,6.42,6.72,6.75,6.7,6.38,6.52,6.3,6.3,6.45,6.42,6.89,6.47,6.5
20007,6.08,6.23,6.72,6.42,6.35,6.18,6.15,5.98,6.18,6.47,6.94,6.65,6.42,6.72,6.75,6.7,6.38,6.52,6.3,6.3,6.45,6.42,6.89,6.47,6.5
20009,6.08,6.23,6.72,6.42,6.35,6.18,6.15,5.98,6.18,6.47,6.94,6.65,6.42,6.72,6.75,6.7,6.38,6.52,6.3,6.3,6.45,6.42,6.89,6.47,6.5
20011,6.08,6.23,6.72,6.42,6.35,6.18,6.15,5.98,6.18,6.47,6.94,6.65,6.42,6.72,6.75,6.7,6.38,6.52,6.3,6.3,6.45,6.42,6.89,6.47,6.5
20013,6.08,6.23,6.72,6.42,6.35,6.18,6.15,5.98,6.18,6.47,6.94,6.65,6.42,6.72,6.75,6.7,6.38,6.52,6.3,6.3,6.45,6.42,6.89,6.47,6.5
20015,6.08,6.23,6.72,6.42,6.35,6.18,6.15,5.98,6.18,6.47,6.94,6.65,6.42,6.72,6.75,6.7,6.38,6.52,6.3,6.3,6.45,6.42,6.89,6.47,6.5
20017,6.08,6.23,6.72,6.42,6.35,6.18,6.15,5.98,6.18,6.47,6.94,6.65,6.42,6.72,6.75,6.7,6.38,6.52,6.3,6.3,6.45,6.42,6.89,6.47,6.5
20019,6.08,6.23,6.72,6.42,6.35,6.18,6.15,5.98,6.18,6.47,6.94,6.65,6.42,6.72,6.75,6.7,6.38,6.52,6.3,6.3,6.45,6.42,6.89,6.47,6.5
20021,6.08,6.23,6.72,6.42,6.35,6.18,6.15,5.98,6.18,6.47,6.94,6.65,6.42,6.72,6.75,6.7,6.38,6.52,6.3,6.3,6.45,6.42,6.89,6.47,6.5
20023,6.08,6.23,6.72,6.42,6.35,6.18,6.15,5.98,6.18,6.47,6.94,6.65,6.42,6.72,6.75,6.7,6.38,6.52,6.3,6.3,6.45,6.42,6.89,6.47,6.5
20025,6.08,6.23,6.72,6.42,6.35,6.18,6.15,5.98,6.18,6.47,6.94,6.65,6.42,6.72,6.75,6.7,6.38,6.52,6.3,6.3,6.45,6.42,6.89,6.47,6.5
20027,6.08,6.23,6.72,6.42,6.35,6.18,6.15,5.98,6.18,6.47,6.94,6.65,6.42,6.72,6.75,6.7,6.38,6.52,6.3,6.3,6.45,6.42,6.89,6.47,6.5
20029,6.08,6.23,6.72,6.42,6.35,6.18,6.15,5.98,6.18,6.47,6.94,6.65,6.42,6.72,6.75,6.7,6.38,6.52,6.3,6.3,6.45,6.42,6.89,6.47,6.5
20031,6.08,6.23,6.72,6.42,6.35,6.18,6.15,5.98,6.18,6.47,6.94,6.65,6.42,6.72,6.75,6.7,6.38,6.52,6.3,6.3,6.45,6.42,6.89,6.47,6.5
20033,6.08,6.23,6.72,6.42,6.35,6.18,6.15,5.98,6.18,6.47,6.94,6.65,6.42,6.72,6.75,6.7,6.38,6.52,6.3,6.3,6.45,6.42,6.89,6.47,6.5
20035,6.08,6.23,6.72,6.42,6.35,6.18,6.15,5.98,6.18,6.47,6.94,6.65,6.42,6.72,6.75,6.7,6.38,6.52,6.3,6.3,6.45,6.42,6.89,6.47,6.5
20037,6.08,6.23,6.72,6.42,6.35,6.18,6.15,5.98,6.18,6.47,6.94,6.65,6.42,6.72,6.75,6.7,6.38,6.52,6.3,6.3,6.45,6.42,6.89,6.47,6.5
20039,6.08,6.23,6.72,6.42,6.35,6.18,6.15,5.98,6.18,6.47,6.94,6.65,6.42,6.72,6.75,6.7,6.38,6.52,6.3,6.3,6.45,6.42,6.89,6.47,6.5
20041,6.08,6.23,6.72,6.42,6.35,6.18,6.15,5.98,6.18,6.47,6.94,6.65,6.42,6.72,6.75,6.7,6.38,6.52,6.3,6.3,6.45,6.42,6.89,6.47,6.5
20043,6.08,6.23,6.72,6.42,6.35,6.18,6.15,5.98,6.18,6.47,6.94,6.65,6.42,6.72,6.75,6.7,6.38,6.52,6.3,6.3,6.45,6.42,6.89,6.47,6.5
20045,6.08,6.23,6.72,6.42,6.35,6.18,6.15,5.98,6.18,6.47,6.94,6.65,6.42,6.72,6.75,6.7,6.38,6.52,6.3,6.3,6.45,6.42,6.89,6.47,6.5
20047,6.08,6.23,6.72,6.42,6.35,6.18,6.15,5.98,6.18,6.47,6.94,6.65,6.42,6.72,6.75,6.7,6.38,6.52,6.3,6.3,6.45,6.42,6.89,6.47,6.5
20049,6.08,6.23,6.72,6.42,6.35,6.18,6.15,5.98,6.18,6.47,6.94,6.65,6.42,6.72,6.75,6.7,6.38,6.52,6.3,6.3,6.45,6.42,6.89,6.47,6.5
20051,6.08,6.23,6.72,6.42,6.35,6.18,6.15,5.98,6.18,6.47,6.94,6.65,6.42,6.72,6.75,6.7,6.38,6.52,6.3,6.3,6.45,6.42,6.89,6.47,6.5
20053,6.08,6.23,6.72,6.42,6.35,6.18,6.15,5.98,6.18,6.47,6.94,6.65,6.42,6.72,6.75,6.7,6.38,6.52,6.3,6.3,6.45,6.42,6.89,6.47,6.5
20055,6.08,6.23,6.72,6.42,6.35,6.18,6.15,5.98,6.18,6.47,6.94,6.65,6.42,6.72,6.75,6.7,6.38,6.52,6.3,6.3,6.45,6.42,6.89,6.47,6.5
20057,6.08,6.23,6.72,6.42,6.35,6.18,6.15,5.98,6.18,6.47,6.94,6.65,6.42,6.72,6.75,6.7,6.38,6.52,6.3,6.3,6.45,6.42,6.89,6.47,6.5
20059,6.08,6.23,6.72,6.42,6.35,6.18,6.15,5.98,6.18,6.47,6.94,6.65,6.42,6.72,6.75,6.7,6.38,6.52,6.3,6.3,6.45,6.42,6.89,6.47,6.5
20061,6.08,6.23,6.72,6.42,6.35,6.18,6.15,5.98,6.18,6.47,6.94,6.65,6.42,6.72,6.75,6.7,6.38,6.52,6.3,6.3,6.45,6.42,6.89,6.47,6.5
20063,6.08,6.23,6.72,6.42,6.35,6.18,6.15,5.98,6.18,6.47,6.94,6.65,6.42,6.72,6.75,6.7,6.38,6.52,6.3,6.3,6.45,6.42,6.89,6.47,6.5
20065,6.08,6.23,6.72,6.42,6.35,6.18,6.15,5.98,6.18,6.47,6.94,6.65,6.42,6.72,6.75,6.7,6.38,6.52,6.3,6.3,6.45,6.42,6.89,6.47,6.5
20067,6.08,6.23,6.72,6.42,6.35,6.18,6.15,5.98,6.18,6.47,6.94,6.65,6.42,6.72,6.75,6.7,6.38,6.52,6.3,6.3,6.45,6.42,6.89,6.47,6.5
20069,6.08,6.23,6.72,6.42,6.35,6.18,6.15,5.98,6.18,6.47,6.94,6.65,6.42,6.72,6.75,6.7,6.38,6.52,6.3,6.3,6.45,6.42,6.89,6.47,6.5
20071,6.08,6.23,6.72,6.42,6.35,6.18,6.15,5.98,6.18,6.47,6.94,6.65,6.42,6.72,6.75,6.7,6.38,6.52,6.3,6.3,6.45,6.42,6.89,6.47,6.5
20073,6.08,6.23,6.72,6.42,6.35,6.18,6.15,5.98,6.18,6.47,6.94,6.65,6.42,6.72,6.75,6.7,6.38,6.52,6.3,6.3,6.45,6.42,6.89,6.47,6.5
20075,6.08,6.23,6.72,6.42,6.35,6.18,6.15,5.98,6.18,6.47,6.94,6.65,6.42,6.72,6.75,6.7,6.38,6.52,6.3,6.3,6.45,6.42,6.89,6.47,6.5
20077,6.08,6.23,6.72,6.42,6.35,6.18,6.15,5.98,6.18,6.47,6.94,6.65,6.42,6.72,6.75,6.7,6.38,6.52,6.3,6.3,6.45,6.42,6.89,6.47,6.5
20079,6.08,6.23,6.72,6.42,6.35,6.18,6.15,5.98,6.18,6.47,6.94,6.65,6.42,6.72,6.75,6.7,6.38,6.52,6.3,6.3,6.45,6.42,6.89,6.47,6.5
20081,6.08,6.23,6.72,6.42,6.35,6.18,6.15,5.98,6.18,6.47,6.94,6.65,6.42,6.72,6.75,6.7,6.38,6.52,6.3,6.3,6.45,6.42,6.89,6.47,6.5
20083,6.08,6.23,6.72,6.42,6.35,6.18,6.15,5.98,6.18,6.47,6.94,6.65,6.42,6.72,6.75,6.7,6.38,6.52,6.3,6.3,6.45,6.42,6.89,6.47,6.5
20085,6.08,6.23,6.72,6.42,6.35,6.18,6.15,5.98,6.18,6.47,6.94,6.65,6.42,6.72,6.75,6.7,6.38,6.52,6.3,6.3,6.45,6.42,6.89,6.47,6.5
20087,6.08,6.23,6.72,6.42,6.35,6.18,6.15,5.98,6.18,6.47,6.94,6.65,6.42,6.72,6.75,6.7,6.38,6.52,6.3,6.3,6.45,6.42,6.89,6.47,6.5
20089,6.08,6.23,6.72,6.42,6.35,6.18,6.15,5.98,6.18,6.47,6.94,6.65,6.42,6.72,6.75,6.7,6.38,6.52,6.3,6.3,6.45,6.42,6.89,6.47,6.5
20091,6.08,6.23,6.72,6.42,6.35,6.18,6.15,5.98,6.18,6.47,6.94,6.65,6.42,6.72,6.75,6.7,6.38,6.52,6.3,6.3,6.45,6.42,6.89,6.47,6.5
20093,6.08,6.23,6.72,6.42,6.35,6.18,6.15,5.98,6.18,6.47,6.94,6.65,6.42,6.72,6.75,6.7,6.38,6.52,6.3,6.3,6.45,6.42,6.89,6.47,6.5
20095,6.08,6.23,6.72,6.42,6.35,6.18,6.15,5.98,6.18,6.47,6.94,6.65,6.42,6.72,6.75,6.7,6.38,6.52,6.3,6.3,6.45,6.42,6.89,6.47,6.5
20097,6.08,6.23,6.72,6.42,6.35,6.18,6.15,5.98,6.18,6.47,6.94,6.65,6.42,6.72,6.75,6.7,6.38,6.52,6.3,6.3,6.45,6.42,6.89,6.47,6.5
20099,6.08,6.23,6.72,6.42,6.35,6.18,6.15,5.98,6.18,6.47,6.94,6.65,6.42,6.72,6.75,6.7,6.38,6.52,6.3,6.3,6.45,6.42,6.89,6.47,6.5
20101,6.08,6.23,6.72,6.42,6.35,6.18,6.15,5.98,6.18,6.47,6.94,6.65,6.42,6.72,6.75,6.7,6.38,6.52,6.3,6.3,6.45,6.42,6.89,6.47,6.5
20103,6.08,6.23,6.72,6.42,6.35,6.18,6.15,5.98,6.18,6.47,6.94,6.65,6.42,6.72,6.75,6.7,6.38,6.52,6.3,6.3,6.45,6.42,6.89,6.47,6.5
20105,6.08,6.23,6.72,6.42,6.35,6.18,6.15,5.98,6.18,6.47,6.94,6.65,6.42,6.72,6.75,6.7,6.38,6.52,6.3,6.3,6.45,6.42,6.89,6.47,6.5
20107,6.08,6.23,6.72,6.42,6.35,6.18,6.15,5.98,6.18,6.47,6.94,6.65,6.42,6.72,6.75,6.7,6.38,6.52,6.3,6.3,6.45,6.42,6.89,6.47,6.5
20109,6.08,6.23,6.72,6.42,6.35,6.18,6.15,5.98,6.18,6.47,6.94,6.65,6.42,6.72,6.75,6.7,6.38,6.52,6.3,6.3,6.45,6.42,6.89,6.47,6.5
20111,6.08,6.23,6.72,6.42,6.35,6.18,6.15,5.98,6.18,6.47,6.94,6.65,6.42,6.72,6.75,6.7,6.38,6.52,6.3,6.3,6.45,6.42,6.89,6.47,6.5
20113,6.08,6.23,6.72,6.42,6.35,6.18,6.15,5.98,6.18,6.47,6.94,6.65,6.42,6.72,6.75,6.7,6.38,6.52,6.3,6.3,6.45,6.42,6.89,6.47,6.5
20115,6.08,6.23,6.72,6.42,6.35,6.18,6.15,5.98,6.18,6.47,6.94,6.65,6.42,6.72,6.75,6.7,6.38,6.52,6.3,6.3,6.45,6.42,6.89,6.47,6.5
20117,6.08,6.23,6.72,6.42,6.35,6.18,6.15,5.98,6.18,6.47,6.94,6.65,6.42,6.72,6.75,6.7,6.38,6.52,6.3,6.3,6.45,6.42,6.89,6.47,6.5
20119,6.08,6.23,6.72,6.42,6.35,6.18,6.15,5.98,6.18,6.47,6.94,6.65,6.42,6.72,6.75,6.7,6.38,6.52,6.3,6.3,6.45,6.42,6.89,6.47,6.5
20121,6.08,6.23,6.72,6.42,6.35,6.18,6.15,5.98,6.18,6.47,6.94,6.65,6.42,6.72,6.75,6.7,6.38,6.52,6.3,6.3,6.45,6.42,6.89,6.47,6.5
20123,6.08,6.23,6.72,6.42,6.35,6.18,6.15,5.98,6.18,6.47,6.94,6.65,6.42,6.72,6.75,6.7,6.38,6.52,6.3,6.3,6.45,6.42,6.89,6.47,6.5
20125,6.08,6.23,6.72,6.42,6.35,6.18,6.15,5.98,6.18,6.47,6.94,6.65,6.42,6.72,6.75,6.7,6.38,6.52,6.3,6.3,6.45,6.42,6.89,6.47,6.5
20127,6.08,6.23,6.72,6.42,6.35,6.18,6.15,5.98,6.18,6.47,6.94,6.65,6.42,6.72,6.75,6.7,6.38,6.52,6.3,6.3,6.45,6.42,6.89,6.47,6.5
20129,6.08,6.23,6.72,6.42,6.35,6.18,6.15,5.98,6.18,6.47,6.94,6.65,6.42,6.72,6.75,6.7,6.38,6.52,6.3,6.3,6.45,6.42,6.89,6.47,6.5
20131,6.08,6.23,6.72,6.42,6.35,6.18,6.15,5.98,6.18,6.47,6.94,6.65,6.42,6.72,6.75,6.7,6.38,6.52,6.3,6.3,6.45,6.42,6.89,6.47,6.5
20133,6.08,6.23,6.72,6.42,6.35,6.18,6.15,5.98,6.18,6.47,6.94,6.65,6.42,6.72,6.75,6.7,6.38,6.52,6.3,6.3,6.45,6.42,6.89,6.47,6.5
20135,6.08,6.23,6.72,6.42,6.35,6.18,6.15,5.98,6.18,6.47,6.94,6.65,6.42,6.72,6.75,6.7,6.38,6.52,6.3,6.3,6.45,6.42,6.89,6.47,6.5
20137,6.08,6.23,6.72,6.42,6.35,6.18,6.15,5.98,6.18,6.47,6.94,6.65,6.42,6.72,6.75,6.7,6.38,6.52,6.3,6.3,6.45,6.42,6.89,6.47,6.5
20139,6.08,6.23,6.72,6.42,6.35,6.18,6.15,5.98,6.18,6.47,6.94,6.65,6.42,6.72,6.75,6.7,6.38,6.52,6.3,6.3,6.45,6.42,6.89,6.47,6.5
20141,6.08,6.23,6.72,6.42,6.35,6.18,6.15,5.98,6.18,6.47,6.94,6.65,6.42,6.72,6.75,6.7,6.38,6.52,6.3,6.3,6.45,6.42,6.89,6.47,6.5
20143,6.08,6.23,6.72,6.42,6.35,6.18,6.15,5.98,6.18,6.47,6.94,6.65,6.42,6.72,6.75,6.7,6.38,6.52,6.3,6.3,6.45,6.42,6.89,6.47,6.5
20145,6.08,6.23,6.72,6.42,6.35,6.18,6.15,5.98,6.18,6.47,6.94,6.65,6.42,6.72,6.75,6.7,6.38,6.52,6.3,6.3,6.45,6.42,6.89,6.47,6.5
20147,6.08,6.23,6.72,6.42,6.35,6.18,6.15,5.98,6.18,6.47,6.94,6.65,6.42,6.72,6.75,6.7,6.38,6.52,6.3,6.3,6.45,6.42,6.89,6.47,6.5
20149,6.08,6.23,6.72,6.42,6.35,6.18,6.15,5.98,6.18,6.47,6.94,6.65,6.42,6.72,6.75,6.7,6.38,6.52,6.3,6.3,6.45,6.42,6.89,6.47,6.5
20151,6.08,6.23,6.72,6.42,6.35,6.18,6.15,5.98,6.18,6.47,6.94,6.65,6.42,6.72,6.75,6.7,6.38,6.52,6.3,6.3,6.45,6.42,6.89,6.47,6.5
20153,6.08,6.23,6.72,6.42,6.35,6.18,6.15,5.98,6.18,6.47,6.94,6.65,6.42,6.72,6.75,6.7,6.38,6.52,6.3,6.3,6.45,6.42,6.89,6.47,6.5
20155,6.08,6.23,6.72,6.42,6.35,6.18,6.15,5.98,6.18,6.47,6.94,6.65,6.42,6.72,6.75,6.7,6.38,6.52,6.3,6.3,6.45,6.42,6.89,6.47,6.5
20157,6.08,6.23,6.72,6.42,6.35,6.18,6.15,5.98,6.18,6.47,6.94,6.65,6.42,6.72,6.75,6.7,6.38,6.52,6.3,6.3,6.45,6.42,6.89,6.47,6.5
20159,6.08,6.23,6.72,6.42,6.35,6.18,6.15,5.98,6.18,6.47,6.94,6.65,6.42,6.72,6.75,6.7,6.38,6.52,6.3,6.3,6.45,6.42,6.89,6.47,6.5
20161,6.08,6.23,6.72,6.42,6.35,6.18,6.15,5.98,6.18,6.47,6.94,6.65,6.42,6.72,6.75,6.7,6.38,6.52,6.3,6.3,6.45,6.42,6.89,6.47,6.5
20163,6.08,6.23,6.72,6.42,6.35,6.18,6.15,5.98,6.18,6.47,6.94,6.65,6.42,6.72,6.75,6.7,6.38,6.52,6.3,6.3,6.45,6.42,6.89,6.47,6.5
20165,6.08,6.23,6.72,6.42,6.35,6.18,6.15,5.98,6.18,6.47,6.94,6.65,6.42,6.72,6.75,6.7,6.38,6.52,6.3,6.3,6.45,6.42,6.89,6.47,6.5
20167,6.08,6.23,6.72,6.42,6.35,6.18,6.15,5.98,6.18,6.47,6.94,6.65,6.42,6.72,6.75,6.7,6.38,6.52,6.3,6.3,6.45,6.42,6.89,6.47,6.5
20169,6.08,6.23,6.72,6.42,6.35,6.18,6.15,5.98,6.18,6.47,6.94,6.65,6.42,6.72,6.75,6.7,6.38,6.52,6.3,6.3,6.45,6.42,6.89,6.47,6.5
20171,6.08,6.23,6.72,6.42,6.35,6.18,6.15,5.98,6.18,6.47,6.94,6.65,6.42,6.72,6.75,6.7,6.38,6.52,6.3,6.3,6.45,6.42,6.89,6.47,6.5
20173,6.08,6.23,6.72,6.42,6.35,6.18,6.15,5.98,6.18,6.47,6.94,6.65,6.42,6.72,6.75,6.7,6.38,6.52,6.3,6.3,6.45,6.42,6.89,6.47,6.5
20175,6.08,6.23,6.72,6.42,6.35,6.18,6.15,5.98,6.18,6.47,6.94,6.65,6.42,6.72,6.75,6.7,6.38,6.52,6.3,6.3,6.45,6.42,6.89,6.47,6.5
20177,6.08,6.23,6.72,6.42,6.35,6.18,6.15,5.98,6.18,6.47,6.94,6.65,6.42,6.72,6.75,6.7,6.38,6.52,6.3,6.3,6.45,6.42,6.89,6.47,6.5
20179,6.08,6.23,6.72,6.42,6.35,6.18,6.15,5.98,6.18,6.47,6.94,6.65,6.42,6.72,6.75,6.7,6.38,6.52,6.3,6.3,6.45,6.42,6.89,6.47,6.5
20181,6.08,6.23,6.72,6.42,6.35,6.18,6.15,5.98,6.18,6.47,6.94,6.65,6.42,6.72,6.75,6.7,6.38,6.52,6.3,6.3,6.45,6.42,6.89,6.47,6.5
20183,6.08,6.23,6.72,6.42,6.35,6.18,6.15,5.98,6.18,6.47,6.94,6.65,6.42,6.72,6.75,6.7,6.38,6.52,6.3,6.3,6.45,6.42,6.89,6.47,6.5
20185,6.08,6.23,6.72,6.42,6.35,6.18,6.15,5.98,6.18,6.47,6.94,6.65,6.42,6.72,6.75,6.7,6.38,6.52,6.3,6.3,6.45,6.42,6.89,6.47,6.5
20187,6.08,6.23,6.72,6.42,6.35,6.18,6.15,5.98,6.18,6.47,6.94,6.65,6.42,6.72,6.75,6.7,6.38,6.52,6.3,6.3,6.45,6.42,6.89,6.47,6.5
20189,6.08,6.23,6.72,6.42,6.35,6.18,6.15,5.98,6.18,6.47,6.94,6.65,6.42,6.72,6.75,6.7,6.38,6.52,6.3,6.3,6.45,6.42,6.89,6.47,6.5
20191,6.08,6.23,6.72,6.42,6.35,6.18,6.15,5.98,6.18,6.47,6.94,6.65,6.42,6.72,6.75,6.7,6.38,6.52,6.3,6.3,6.45,6.42,6.89,6.47,6.5
20193,6.08,6.23,6.72,6.42,6.35,6.18,6.15,5.98,6.18,6.47,6.94,6.65,6.42,6.72,6.75,6.7,6.38,6.52,6.3,6.3,6.45,6.42,6.89,6.47,6.5
20195,6.08,6.23,6.72,6.42,6.35,6.18,6.15,5.98,6.18,6.47,6.94,6.65,6.42,6.72,6.75,6.7,6.38,6.52,6.3,6.3,6.45,6.42,6.89,6.47,6.5
20197,6.08,6.23,6.72,6.42,6.35,6.18,6.15,5.98,6.18,6.47,6.94,6.65,6.42,6.72,6.75,6.7,6.38,6.52,6.3,6.3,6.45,6.42,6.89,6.47,6.5
20199,6.08,6.23,6.72,6.42,6.35,6.18,6.15,5.98,6.18,6.47,6.94,6.65,6.42,6.72,6.75,6.7,6.38,6.52,6.3,6.3,6.45,6.42,6.89,6.47,6.5
20201,6.08,6.23,6.72,6.42,6.35,6.18,6.15,5.98,6.18,6.47,6.94,6.65,6.42,6.72,6.75,6.7,6.38,6.52,6.3,6.3,6.45,6.42,6.89,6.47,6.5
20203,6.08,6.23,6.72,6.42,6.35,6.18,6.15,5.98,6.18,6.47,6.94,6.65,6.42,6.72,6.75,6.7,6.38,6.52,6.3,6.3,6.45,6.42,6.89,6.47,6.5
20205,6.08,6.23,6.72,6.42,6.35,6.18,6.15,5.98,6.18,6.47,6.94,6.65,6.42,6.72,6.75,6.7,6.38,6.52,6.3,6.3,6.45,6.42,6.89,6.47,6.5
20207,6.08,6.23,6.72,6.42,6.35,6.18,6.15,5.98,6.18,6.47,6.94,6.65,6.42,6.72,6.75,6.7,6.38,6.52,6.3,6.3,6.45,6.42,6.89,6.47,6.5
20209,6.08,6.23,6.72,6.42,6.35,6.18,6.15,5.98,6.18,6.47,6.94,6.65,6.42,6.72,6.75,6.7,6.38,6.52,6.3,6.3,6.45,6.42,6.89,6.47,6.5
21001,6.08,6.23,6.72,6.42,6.35,6.18,6.15,5.98,6.18,6.47,6.94,6.65,6.42,6.72,6.75,6.7,6.38,6.52,6.3,6.3,6.45,6.42,6.89,6.47,6.5
21003,6.08,6.23,6.72,6.42,6.35,6.18,6.15,5.98,6.18,6.47,6.94,6.65,6.42,6.72,6.75,6.7,6.38,6.52,6.3,6.3,6.45,6.42,6.89,6.47,6.5
21005,6.08,6.23,6.72,6.42,6.35,6.18,6.15,5.98,6.18,6.47,6.94,6.65,6.42,6.72,6.75,6.7,6.38,6.52,6.3,6.3,6.45,6.42,6.89,6.47,6.5
21007,6.08,6.23,6.72,6.42,6.35,6.18,6.15,5.98,6.18,6.47,6.94,6.65,6.42,6.72,6.75,6.7,6.38,6.52,6.3,6.3,6.45,6.42,6.89,6.47,6.5
21009,6.08,6.23,6.72,6.42,6.35,6.18,6.15,5.98,6.18,6.47,6.94,6.65,6.42,6.72,6.75,6.7,6.38,6.52,6.3,6.3,6.45,6.42,6.89,6.47,6.5
21011,6.08,6.23,6.72,6.42,6.35,6.18,6.15,5.98,6.18,6.47,6.94,6.65,6.42,6.72,6.75,6.7,6.38,6.52,6.3,6.3,6.45,6.42,6.89,6.47,6.5
21013,6.08,6.23,6.72,6.42,6.35,6.18,6.15,5.98,6.18,6.47,6.94,6.65,6.42,6.72,6.75,6.7,6.38,6.52,6.3,6.3,6.45,6.42,6.89,6.47,6.5
21015,6.08,6.23,6.72,6.42,6.35,6.18,6.15,5.98,6.18,6.47,6.94,6.65,6.42,6.72,6.75,6.7,6.38,6.52,6.3,6.3,6.45,6.42,6.89,6.47,6.5
21017,6.08,6.23,6.72,6.42,6.35,6.18,6.15,5.98,6.18,6.47,6.94,6.65,6.42,6.72,6.75,6.7,6.38,6.52,6.3,6.3,6.45,6.42,6.89,6.47,6.5
21019,6.08,6.23,6.72,6.42,6.35,6.18,6.15,5.98,6.18,6.47,6.94,6.65,6.42,6.72,6.75,6.7,6.38,6.52,6.3,6.3,6.45,6.42,6.89,6.47,6.5
21021,6.08,6.23,6.72,6.42,6.35,6.18,6.15,5.98,6.18,6.47,6.94,6.65,6.42,6.72,6.75,6.7,6.38,6.52,6.3,6.3,6.45,6.42,6.89,6.47,6.5
21023,6.08,6.23,6.72,6.42,6.35,6.18,6.15,5.98,6.18,6.47,6.94,6.65,6.42,6.72,6.75,6.7,6.38,6.52,6.3,6.3,6.45,6.42,6.89,6.47,6.5
21025,6.08,6.23,6.72,6.42,6.35,6.18,6.15,5.98,6.18,6.47,6.94,6.65,6.42,6.72,6.75,6.7,6.38,6.52,6.3,6.3,6.45,6.42,6.89,6.47,6.5
21027,6.08,6.23,6.72,6.42,6.35,6.18,6.15,5.98,6.18,6.47,6.94,6.65,6.42,6.72,6.75,6.7,6.38,6.52,6.3,6.3,6.45,6.42,6.89,6.47,6.5
21029,6.08,6.23,6.72,6.42,6.35,6.18,6.15,5.98,6.18,6.47,6.94,6.65,6.42,6.72,6.75,6.7,6.38,6.52,6.3,6.3,6.45,6.42,6.89,6.47,6.5
21031,6.08,6.23,6.72,6.42,6.35,6.18,6.15,5.98,6.18,6.47,6.94,6.65,6.42,6.72,6.75,6.7,6.38,6.52,6.3,6.3,6.45,6.42,6.89,6.47,6.5
21033,6.08,6.23,6.72,6.42,6.35,6.18,6.15,5.98,6.18,6.47,6.94,6.65,6.42,6.72,6.75,6.7,6.38,6.52,6.3,6.3,6.45,6.42,6.89,6.47,6.5
21035,6.08,6.23,6.72,6.42,6.35,6.18,6.15,5.98,6.18,6.47,6.94,6.65,6.42,6.72,6.75,6.7,6.38,6.52,6.3,6.3,6.45,6.42,6.89,6.47,6.5
21037,6.08,6.23,6.72,6.42,6.35,6.18,6.15,5.98,6.18,6.47,6.94,6.65,6.42,6.72,6.75,6.7,6.38,6.52,6.3,6.3,6.45,6.42,6.89,6.47,6.5
21039,6.08,6.23,6.72,6.42,6.35,6.18,6.15,5.98,6.18,6.47,6.94,6.65,6.42,6.72,6.75,6.7,6.38,6.52,6.3,6.3,6.45,6.42,6.89,6.47,6.5
21041,6.08,6.23,6.72,6.42,6.35,6.18,6.15,5.98,6.18,6.47,6.94,6.65,6.42,6.72,6.75,6.7,6.38,6.52,6.3,6.3,6.45,6.42,6.89,6.47,6.5
21043,6.08,6.23,6.72,6.42,6.35,6.18,6.15,5.98,6.18,6.47,6.94,6.65,6.42,6.72,6.75,6.7,6.38,6.52,6.3,6.3,6.45,6.42,6.89,6.47,6.5
21045,6.08,6.23,6.72,6.42,6.35,6.18,6.15,5.98,6.18,6.47,6.94,6.65,6.42,6.72,6.75,6.7,6.38,6.52,6.3,6.3,6.45,6.42,6.89,6.47,6.5
21047,6.08,6.23,6.72,6.42,6.35,6.18,6.15,5.98,6.18,6.47,6.94,6.65,6.42,6.72,6.75,6.7,6.38,6.52,6.3,6.3,6.45,6.42,6.89,6.47,6.5
21049,6.08,6.23,6.72,6.42,6.35,6.18,6.15,5.98,6.18,6.47,6.94,6.65,6.42,6.72,6.75,6.7,6.38,6.52,6.3,6.3,6.45,6.42,6.89,6.47,6.5
21051,6.08,6.23,6.72,6.42,6.35,6.18,6.15,5.98,6.18,6.47,6.94,6.65,6.42,6.72,6.75,6.7,6.38,6.52,6.3,6.3,6.45,6.42,6.89,6.47,6.5
21053,6.08,6.23,6.72,6.42,6.35,6.18,6.15,5.98,6.18,6.47,6.94,6.65,6.42,6.72,6.75,6.7,6.38,6.52,6.3,6.3,6.45,6.42,6.89,6.47,6.5
21055,6.08,6.23,6.72,6.42,6.35,6.18,6.15,5.98,6.18,6.47,6.94,6.65,6.42,6.72,6.75,6.7,6.38,6.52,6.3,6.3,6.45,6.42,6.89,6.47,6.5
21057,6.08,6.23,6.72,6.42,6.35,6.18,6.15,5.98,6.18,6.47,6.94,6.65,6.42,6.72,6.75,6.7,6.38,6.52,6.3,6.3,6.45,6.42,6.89,6.47,6.5
21059,6.08,6.23,6.72,6.42,6.35,6.18,6.15,5.98,6.18,6.47,6.94,6.65,6.42,6.72,6.75,6.7,6.38,6.52,6.3,6.3,6.45,6.42,6.89,6.47,6.5
21061,6.08,6.23,6.72,6.42,6.35,6.18,6.15,5.98,6.18,6.47,6.94,6.65,6.42,6.72,6.75,6.7,6.38,6.52,6.3,6.3,6.45,6.42,6.89,6.47,6.5
21063,6.08,6.23,6.72,6.42,6.35,6.18,6.15,5.98,6.18,6.47,6.94,6.65,6.42,6.72,6.75,6.7,6.38,6.52,6.3,6.3,6.45,6.42,6.89,6.47,6.5
21065,6.08,6.23,6.72,6.42,6.35,6.18,6.15,5.98,6.18,6.47,6.94,6.65,6.42,6.72,6.75,6.7,6.38,6.52,6.3,6.3,6.45,6.42,6.89,6.47,6.5
21067,6.08,6.23,6.72,6.42,6.35,6.18,6.15,5.98,6.18,6.47,6.94,6.65,6.42,6.72,6.75,6.7,6.38,6.52,6.3,6.3,6.45,6.42,6.89,6.47,6.5
21069,6.08,6.23,6.72,6.42,6.35,6.18,6.15,5.98,6.18,6.47,6.94,6.65,6.42,6.72,6.75,6.7,6.38,6.52,6.3,6.3,6.45,6.42,6.89,6.47,6.5
21071,6.08,6.23,6.72,6.42,6.35,6.18,6.15,5.98,6.18,6.47,6.94,6.65,6.42,6.72,6.75,6.7,6.38,6.52,6.3,6.3,6.45,6.42,6.89,6.47,6.5
21073,6.08,6.23,6.72,6.42,6.35,6.18,6.15,5.98,6.18,6.47,6.94,6.65,6.42,6.72,6.75,6.7,6.38,6.52,6.3,6.3,6.45,6.42,6.89,6.47,6.5
21075,6.08,6.23,6.72,6.42,6.35,6.18,6.15,5.98,6.18,6.47,6.94,6.65,6.42,6.72,6.75,6.7,6.38,6.52,6.3,6.3,6.45,6.42,6.89,6.47,6.5
21077,6.08,6.23,6.72,6.42,6.35,6.18,6.15,5.98,6.18,6.47,6.94,6.65,6.42,6.72,6.75,6.7,6.38,6.52,6.3,6.3,6.45,6.42,6.89,6.47,6.5
21079,6.08,6.23,6.72,6.42,6.35,6.18,6.15,5.98,6.18,6.47,6.94,6.65,6.42,6.72,6.75,6.7,6.38,6.52,6.3,6.3,6.45,6.42,6.89,6.47,6.5
21081,6.08,6.23,6.72,6.42,6.35,6.18,6.15,5.98,6.18,6.47,6.94,6.65,6.42,6.72,6.75,6.7,6.38,6.52,6.3,6.3,6.45,6.42,6.89,6.47,6.5
21083,6.08,6.23,6.72,6.42,6.35,6.18,6.15,5.98,6.18,6.47,6.94,6.65,6.42,6.72,6.75,6.7,6.38,6.52,6.3,6.3,6.45,6.42,6.89,6.47,6.5
21085,6.08,6.23,6.72,6.42,6.35,6.18,6.15,5.98,6.18,6.47,6.94,6.65,6.42,6.72,6.75,6.7,6.38,6.52,6.3,6.3,6.45,6.42,6.89,6.47,6.5
21087,6.08,6.23,6.72,6.42,6.35,6.18,6.15,5.98,6.18,6.47,6.94,6.65,6.42,6.72,6.75,6.7,6.38,6.52,6.3,6.3,6.45,6.42,6.89,6.47,6.5
21089,6.08,6.23,6.72,6.42,6.35,6.18,6.15,5.98,6.18,6.47,6.94,6.65,6.42,6.72,6.75,6.7,6.38,6.52,6.3,6.3,6.45,6.42,6.89,6.47,6.5
21091,6.08,6.23,6.72,6.42,6.35,6.18,6.15,5.98,6.18,6.47,6.94,6.65,6.42,6.72,6.75,6.7,6.38,6.52,6.3,6.3,6.45,6.42,6.89,6.47,6.5
21093,6.08,6.23,6.72,6.42,6.35,6.18,6.15,5.98,6.18,6.47,6.94,6.65,6.42,6.72,6.75,6.7,6.38,6.52,6.3,6.3,6.45,6.42,6.89,6.47,6.5
21095,6.08,6.23,6.72,6.42,6.35,6.18,6.15,5.98,6.18,6.47,6.94,6.65,6.42,6.72,6.75,6.7,6.38,6.52,6.3,6.3,6.45,6.42,6.89,6.47,6.5
21097,6.08,6.23,6.72,6.42,6.35,6.18,6.15,5.98,6.18,6.47,6.94,6.65,6.42,6.72,6.75,6.7,6.38,6.52,6.3,6.3,6.45,6.42,6.89,6.47,6.5
21099,6.08,6.23,6.72,6.42,6.35,6.18,6.15,5.98,6.18,6.47,6.94,6.65,6.42,6.72,6.75,6.7,6.38,6.52,6.3,6.3,6.45,6.42,6.89,6.47,6.5
21101,6.08,6.23,6.72,6.42,6.35,6.18,6.15,5.98,6.18,6.47,6.94,6.65,6.42,6.72,6.75,6.7,6.38,6.52,6.3,6.3,6.45,6.42,6.89,6.47,6.5
21103,6.08,6.23,6.72,6.42,6.35,6.18,6.15,5.98,6.18,6.47,6.94,6.65,6.42,6.72,6.75,6.7,6.38,6.52,6.3,6.3,6.45,6.42,6.89,6.47,6.5
21105,6.08,6.23,6.72,6.42,6.35,6.18,6.15,5.98,6.18,6.47,6.94,6.65,6.42,6.72,6.75,6.7,6.38,6.52,6.3,6.3,6.45,6.42,6.89,6.47,6.5
21107,6.08,6.23,6.72,6.42,6.35,6.18,6.15,5.98,6.18,6.47,6.94,6.65,6.42,6.72,6.75,6.7,6.38,6.52,6.3,6.3,6.45,6.42,6.89,6.47,6.5
21109,6.08,6.23,6.72,6.42,6.35,6.18,6.15,5.98,6.18,6.47,6.94,6.65,6.42,6.72,6.75,6.7,6.38,6.52,6.3,6.3,6.45,6.42,6.89,6.47,6.5
21111,6.08,6.23,6.72,6.42,6.35,6.18,6.15,5.98,6.18,6.47,6.94,6.65,6.42,6.72,6.75,6.7,6.38,6.52,6.3,6.3,6.45,6.42,6.89,6.47,6.5
21113,6.08,6.23,6.72,6.42,6.35,6.18,6.15,5.98,6.18,6.47,6.94,6.65,6.42,6.72,6.75,6.7,6.38,6.52,6.3,6.3,6.45,6.42,6.89,6.47,6.5
21115,6.08,6.23,6.72,6.42,6.35,6.18,6.15,5.98,6.18,6.47,6.94,6.65,6.42,6.72,6.75,6.7,6.38,6.52,6.3,6.3,6.45,6.42,6.89,6.47,6.5
21117,6.08,6.23,6.72,6.42,6.35,6.18,6.15,5.98,6.18,6.47,6.94,6.65,6.42,6.72,6.75,6.7,6.38,6.52,6.3,6.3,6.45,6.42,6.89,6.47,6.5
21119,6.08,6.23,6.72,6.42,6.35,6.18,6.15,5.98,6.18,6.47,6.94,6.65,6.42,6.72,6.75,6.7,6.38,6.52,6.3,6.3,6.45,6.42,6.89,6.47,6.5
21121,6.08,6.23,6.72,6.42,6.35,6.18,6.15,5.98,6.18,6.47,6.94,6.65,6.42,6.72,6.75,6.7,6.38,6.52,6.3,6.3,6.45,6.42,6.89,6.47,6.5
21123,6.08,6.23,6.72,6.42,6.35,6.18,6.15,5.98,6.18,6.47,6.94,6.65,6.42,6.72,6.75,6.7,6.38,6.52,6.3,6.3,6.45,6.42,6.89,6.47,6.5
21125,6.08,6.23,6.72,6.42,6.35,6.18,6.15,5.98,6.18,6.47,6.94,6.65,6.42,6.72,6.75,6.7,6.38,6.52,6.3,6.3,6.45,6.42,6.89,6.47,6.5
21127,6.08,6.23,6.72,6.42,6.35,6.18,6.15,5.98,6.18,6.47,6.94,6.65,6.42,6.72,6.75,6.7,6.38,6.52,6.3,6.3,6.45,6.42,6.89,6.47,6.5
21129,6.08,6.23,6.72,6.42,6.35,6.18,6.15,5.98,6.18,6.47,6.94,6.65,6.42,6.72,6.75,6.7,6.38,6.52,6.3,6.3,6.45,6.42,6.89,6.47,6.5
21131,6.08,6.23,6.72,6.42,6.35,6.18,6.15,5.98,6.18,6.47,6.94,6.65,6.42,6.72,6.75,6.7,6.38,6.52,6.3,6.3,6.45,6.42,6.89,6.47,6.5
21133,6.08,6.23,6.72,6.42,6.35,6.18,6.15,5.98,6.18,6.47,6.94,6.65,6.42,6.72,6.75,6.7,6.38,6.52,6.3,6.3,6.45,6.42,6.89,6.47,6.5
21135,6.08,6.23,6.72,6.42,6.35,6.18,6.15,5.98,6.18,6.47,6.94,6.65,6.42,6.72,6.75,6.7,6.38,6.52,6.3,6.3,6.45,6.42,6.89,6.47,6.5
21137,6.08,6.23,6.72,6.42,6.35,6.18,6.15,5.98,6.18,6.47,6.94,6.65,6.42,6.72,6.75,6.7,6.38,6.52,6.3,6.3,6.45,6.42,6.89,6.47,6.5
21139,6.08,6.23,6.72,6.42,6.35,6.18,6.15,5.98,6.18,6.47,6.94,6.65,6.42,6.72,6.75,6.7,6.38,6.52,6.3,6.3,6.45,6.42,6.89,6.47,6.5
21141,6.08,6.23,6.72,6.42,6.35,6.18,6.15,5.98,6.18,6.47,6.94,6.65,6.42,6.72,6.75,6.7,6.38,6.52,6.3,6.3,6.45,6.42,6.89,6.47,6.5
21143,6.08,6.23,6.72,6.42,6.35,6.18,6.15,5.98,6.18,6.47,6.94,6.65,6.42,6.72,6.75,6.7,6.38,6.52,6.3,6.3,6.45,6.42,6.89,6.47,6.5
21145,6.08,6.23,6.72,6.42,6.35,6.18,6.15,5.98,6.18,6.47,6.94,6.65,6.42,6.72,6.75,6.7,6.38,6.52,6.3,6.3,6.45,6.42,6.89,6.47,6.5
21147,6.08,6.23,6.72,6.42,6.35,6.18,6.15,5.98,6.18,6.47,6.94,6.65,6.42,6.72,6.75,6.7,6.38,6.52,6.3,6.3,6.45,6.42,6.89,6.47,6.5
21149,6.08,6.23,6.72,6.42,6.35,6.18,6.15,5.98,6.18,6.47,6.94,6.65,6.42,6.72,6.75,6.7,6.38,6.52,6.3,6.3,6.45,6.42,6.89,6.47,6.5
21151,6.08,6.23,6.72,6.42,6.35,6.18,6.15,5.98,6.18,6.47,6.94,6.65,6.42,6.72,6.75,6.7,6.38,6.52,6.3,6.3,6.45,6.42,6.89,6.47,6.5
21153,6.08,6.23,6.72,6.42,6.35,6.18,6.15,5.98,6.18,6.47,6.94,6.65,6.42,6.72,6.75,6.7,6.38,6.52,6.3,6.3,6.45,6.42,6.89,6.47,6.5
21155,6.08,6.23,6.72,6.42,6.35,6.18,6.15,5.98,6.18,6.47,6.94,6.65,6.42,6.72,6.75,6.7,6.38,6.52,6.3,6.3,6.45,6.42,6.89,6.47,6.5
21157,6.08,6.23,6.72,6.42,6.35,6.18,6.15,5.98,6.18,6.47,6.94,6.65,6.42,6.72,6.75,6.7,6.38,6.52,6.3,6.3,6.45,6.42,6.89,6.47,6.5
21159,6.08,6.23,6.72,6.42,6.35,6.18,6.15,5.98,6.18,6.47,6.94,6.65,6.42,6.72,6.75,6.7,6.38,6.52,6.3,6.3,6.45,6.42,6.89,6.47,6.5
21161,6.08,6.23,6.72,6.42,6.35,6.18,6.15,5.98,6.18,6.47,6.94,6.65,6.42,6.72,6.75,6.7,6.38,6.52,6.3,6.3,6.45,6.42,6.89,6.47,6.5
21163,6.08,6.23,6.72,6.42,6.35,6.18,6.15,5.98,6.18,6.47,6.94,6.65,6.42,6.72,6.75,6.7,6.38,6.52,6.3,6.3,6.45,6.42,6.89,6.47,6.5
21165,6.08,6.23,6.72,6.42,6.35,6.18,6.15,5.98,6.18,6.47,6.94,6.65,6.42,6.72,6.75,6.7,6.38,6.52,6.3,6.3,6.45,6.42,6.89,6.47,6.5
21167,6.08,6.23,6.72,6.42,6.35,6.18,6.15,5.98,6.18,6.47,6.94,6.65,6.42,6.72,6.75,6.7,6.38,6.52,6.3,6.3,6.45,6.42,6.89,6.47,6.5
21169,6.08,6.23,6.72,6.42,6.35,6.18,6.15,5.98,6.18,6.47,6.94,6.65,6.42,6.72,6.75,6.7,6.38,6.52,6.3,6.3,6.45,6.42,6.89,6.47,6.5
21171,6.08,6.23,6.72,6.42,6.35,6.18,6.15,5.98,6.18,6.47,6.94,6.65,6.42,6.72,6.75,6.7,6.38,6.52,6.3,6.3,6.45,6.42,6.89,6.47,6.5
21173,6.08,6.23,6.72,6.42,6.35,6.18,6.15,5.98,6.18,6.47,6.94,6.65,6.42,6.72,6.75,6.7,6.38,6.52,6.3,6.3,6.45,6.42,6.89,6.47,6.5
21175,6.08,6.23,6.72,6.42,6.35,6.18,6.15,5.98,6.18,6.47,6.94,6.65,6.42,6.72,6.75,6.7,6.38,6.52,6.3,6.3,6.45,6.42,6.89,6.47,6.5
21177,6.08,6.23,6.72,6.42,6.35,6.18,6.15,5.98,6.18,6.47,6.94,6.65,6.42,6.72,6.75,6.7,6.38,6.52,6.3,6.3,6.45,6.42,6.89,6.47,6.5
21179,6.08,6.23,6.72,6.42,6.35,6.18,6.15,5.98,6.18,6.47,6.94,6.65,6.42,6.72,6.75,6.7,6.38,6.52,6.3,6.3,6.45,6.42,6.89,6.47,6.5
21181,6.08,6.23,6.72,6.42,6.35,6.18,6.15,5.98,6.18,6.47,6.94,6.65,6.42,6.72,6.75,6.7,6.38,6.52,6.3,6.3,6.45,6.42,6.89,6.47,6.5
21183,6.08,6.23,6.72,6.42,6.35,6.18,6.15,5.98,6.18,6.47,6.94,6.65,6.42,6.72,6.75,6.7,6.38,6.52,6.3,6.3,6.45,6.42,6.89,6.47,6.5
21185,6.08,6.23,6.72,6.42,6.35,6.18,6.15,5.98,6.18,6.47,6.94,6.65,6.42,6.72,6.75,6.7,6.38,6.52,6.3,6.3,6.45,6.42,6.89,6.47,6.5
21187,6.08,6.23,6.72,6.42,6.35,6.18,6.15,5.98,6.18,6.47,6.94,6.65,6.42,6.72,6.75,6.7,6.38,6.52,6.3,6.3,6.45,6.42,6.89,6.47,6.5
21189,6.08,6.23,6.72,6.42,6.35,6.18,6.15,5.98,6.18,6.47,6.94,6.65,6.42,6.72,6.75,6.7,6.38,6.52,6.3,6.3,6.45,6.42,6.89,6.47,6.5
21191,6.08,6.23,6.72,6.42,6.35,6.18,6.15,5.98,6.18,6.47,6.94,6.65,6.42,6.72,6.75,6.7,6.38,6.52,6.3,6.3,6.45,6.42,6.89,6.47,6.5
21193,6.08,6.23,6.72,6.42,6.35,6.18,6.15,5.98,6.18,6.47,6.94,6.65,6.42,6.72,6.75,6.7,6.38,6.52,6.3,6.3,6.45,6.42,6.89,6.47,6.5
21195,6.08,6.23,6.72,6.42,6.35,6.18,6.15,5.98,6.18,6.47,6.94,6.65,6.42,6.72,6.75,6.7,6.38,6.52,6.3,6.3,6.45,6.42,6.89,6.47,6.5
21197,6.08,6.23,6.72,6.42,6.35,6.18,6.15,5.98,6.18,6.47,6.94,6.65,6.42,6.72,6.75,6.7,6.38,6.52,6.3,6.3,6.45,6.42,6.89,6.47,6.5
21199,6.08,6.23,6.72,6.42,6.35,6.18,6.15,5.98,6.18,6.47,6.94,6.65,6.42,6.72,6.75,6.7,6.38,6.52,6.3,6.3,6.45,6.42,6.89,6.47,6.5
21201,6.08,6.23,6.72,6.42,6.35,6.18,6.15,5.98,6.18,6.47,6.94,6.65,6.42,6.72,6.75,6.7,6.38,6.52,6.3,6.3,6.45,6.42,6.89,6.47,6.5
21203,6.08,6.23,6.72,6.42,6.35,6.18,6.15,5.98,6.18,6.47,6.94,6.65,6.42,6.72,6.75,6.7,6.38,6.52,6.3,6.3,6.45,6.42,6.89,6.47,6.5
21205,6.08,6.23,6.72,6.42,6.35,6.18,6.15,5.98,6.18,6.47,6.94,6.65,6.42,6.72,6.75,6.7,6.38,6.52,6.3,6.3,6.45,6.42,6.89,6.47,6.5
21207,6.08,6.23,6.72,6.42,6.35,6.18,6.15,5.98,6.18,6.47,6.94,6.65,6.42,6.72,6.75,6.7,6.38,6.52,6.3,6.3,6.45,6.42,6.89,6.47,6.5
21209,6.08,6.23,6.72,6.42,6.35,6.18,6.15,5.98,6.18,6.47,6.94,6.65,6.42,6.72,6.75,6.7,6.38,6.52,6.3,6.3,6.45,6.42,6.89,6.47,6.5
21211,6.08,6.23,6.72,6.42,6.35,6.18,6.15,5.98,6.18,6.47,6.94,6.65,6.42,6.72,6.75,6.7,6.38,6.52,6.3,6.3,6.45,6.42,6.89,6.47,6.5
21213,6.08,6.23,6.72,6.42,6.35,6.18,6.15,5.98,6.18,6.47,6.94,6.65,6.42,6.72,6.75,6.7,6.38,6.52,6.3,6.3,6.45,6.42,6.89,6.47,6.5
21215,6.08,6.23,6.72,6.42,6.35,6.18,6.15,5.98,6.18,6.47,6.94,6.65,6.42,6.72,6.75,6.7,6.38,6.52,6.3,6.3,6.45,6.42,6.89,6.47,6.5
21217,6.08,6.23,6.72,6.42,6.35,6.18,6.15,5.98,6.18,6.47,6.94,6.65,6.42,6.72,6.75,6.7,6.38,6.52,6.3,6.3,6.45,6.42,6.89,6.47,6.5
21219,6.08,6.23,6.72,6.42,6.35,6.18,6.15,5.98,6.18,6.47,6.94,6.65,6.42,6.72,6.75,6.7,6.38,6.52,6.3,6.3,6.45,6.42,6.89,6.47,6.5
21221,6.08,6.23,6.72,6.42,6.35,6.18,6.15,5.98,6.18,6.47,6.94,6.65,6.42,6.72,6.75,6.7,6.38,6.52,6.3,6.3,6.45,6.42,6.89,6.47,6.5
21223,6.08,6.23,6.72,6.42,6.35,6.18,6.15,5.98,6.18,6.47,6.94,6.65,6.42,6.72,6.75,6.7,6.38,6.52,6.3,6.3,6.45,6.42,6.89,6.47,6.5
21225,6.08,6.23,6.72,6.42,6.35,6.18,6.15,5.98,6.18,6.47,6.94,6.65,6.42,6.72,6.75,6.7,6.38,6.52,6.3,6.3,6.45,6.42,6.89,6.47,6.5
21227,6.08,6.23,6.72,6.42,6.35,6.18,6.15,5.98,6.18,6.47,6.94,6.65,6.42,6.72,6.75,6.7,6.38,6.52,6.3,6.3,6.45,6.42,6.89,6.47,6.5
21229,6.08,6.23,6.72,6.42,6.35,6.18,6.15,5.98,6.18,6.47,6.94,6.65,6.42,6.72,6.75,6.7,6.38,6.52,6.3,6.3,6.45,6.42,6.89,6.47,6.5
21231,6.08,6.23,6.72,6.42,6.35,6.18,6.15,5.98,6.18,6.47,6.94,6.65,6.42,6.72,6.75,6.7,6.38,6.52,6.3,6.3,6.45,6.42,6.89,6.47,6.5
21233,6.08,6.23,6.72,6.42,6.35,6.18,6.15,5.98,6.18,6.47,6.94,6.65,6.42,6.72,6.75,6.7,6.38,6.52,6.3,6.3,6.45,6.42,6.89,6.47,6.5
21235,6.08,6.23,6.72,6.42,6.35,6.18,6.15,5.98,6.18,6.47,6.94,6.65,6.42,6.72,6.75,6.7,6.38,6.52,6.3,6.3,6.45,6.42,6.89,6.47,6.5
21237,6.08,6.23,6.72,6.42,6.35,6.18,6.15,5.98,6.18,6.47,6.94,6.65,6.42,6.72,6.75,6.7,6.38,6.52,6.3,6.3,6.45,6.42,6.89,6.47,6.5
21239,6.08,6.23,6.72,6.42,6.35,6.18,6.15,5.98,6.18,6.47,6.94,6.65,6.42,6.72,6.75,6.7,6.38,6.52,6.3,6.3,6.45,6.42,6.89,6.47,6.5
22001,6.08,6.23,6.72,6.42,6.35,6.18,6.15,5.98,6.18,6.47,6.94,6.65,6.42,6.72,6.75,6.7,6.38,6.52,6.3,6.3,6.45,6.42,6.89,6.47,6.5
22003,6.08,6.23,6.72,6.42,6.35,6.18,6.15,5.98,6.18,6.47,6.94,6.65,6.42,6.72,6.75,6.7,6.38,6.52,6.3,6.3,6.45,6.42,6.89,6.47,6.5
22005,6.08,6.23,6.72,6.42,6.35,6.18,6.15,5.98,6.18,6.47,6.94,6.65,6.42,6.72,6.75,6.7,6.38,6.52,6.3,6.3,6.45,6.42,6.89,6.47,6.5
22007,6.08,6.23,6.72,6.42,6.35,6.18,6.15,5.98,6.18,6.47,6.94,6.65,6.42,6.72,6.75,6.7,6.38,6.52,6.3,6.3,6.45,6.42,6.89,6.47,6.5
22009,6.08,6.23,6.72,6.42,6.35,6.18,6.15,5.98,6.18,6.47,6.94,6.65,6.42,6.72,6.75,6.7,6.38,6.52,6.3,6.3,6.45,6.42,6.89,6.47,6.5
22011,6.08,6.23,6.72,6.42,6.35,6.18,6.15,5.98,6.18,6.47,6.94,6.65,6.42,6.72,6.75,6.7,6.38,6.52,6.3,6.3,6.45,6.42,6.89,6.47,6.5
22013,6.08,6.23,6.72,6.42,6.35,6.18,6.15,5.98,6.18,6.47,6.94,6.65,6.42,6.72,6.75,6.7,6.38,6.52,6.3,6.3,6.45,6.42,6.89,6.47,6.5
22015,6.08,6.23,6.72,6.42,6.35,6.18,6.15,5.98,6.18,6.47,6.94,6.65,6.42,6.72,6.75,6.7,6.38,6.52,6.3,6.3,6.45,6.42,6.89,6.47,6.5
22017,6.08,6.23,6.72,6.42,6.35,6.18,6.15,5.98,6.18,6.47,6.94,6.65,6.42,6.72,6.75,6.7,6.38,6.52,6.3,6.3,6.45,6.42,6.89,6.47,6.5
22019,6.08,6.23,6.72,6.42,6.35,6.18,6.15,5.98,6.18,6.47,6.94,6.65,6.42,6.72,6.75,6.7,6.38,6.52,6.3,6.3,6.45,6.42,6.89,6.47,6.5
22021,6.08,6.23,6.72,6.42,6.35,6.18,6.15,5.98,6.18,6.47,6.94,6.65,6.42,6.72,6.75,6.7,6.38,6.52,6.3,6.3,6.45,6.42,6.89,6.47,6.5
22023,6.08,6.23,6.72,6.42,6.35,6.18,6.15,5.98,6.18,6.47,6.94,6.65,6.42,6.72,6.75,6.7,6.38,6.52,6.3,6.3,6.45,6.42,6.89,6.47,6.5
22025,6.08,6.23,6.72,6.42,6.35,6.18,6.15,5.98,6.18,6.47,6.94,6.65,6.42,6.72,6.75,6.7,6.38,6.52,6.3,6.3,6.45,6.42,6.89,6.47,6.5
22027,6.08,6.23,6.72,6.42,6.35,6.18,6.15,5.98,6.18,6.47,6.94,6.65,6.42,6.72,6.75,6.7,6.38,6.52,6.3,6.3,6.45,6.42,6.89,6.47,6.5
22029,6.08,6.23,6.72,6.42,6.35,6.18,6.15,5.98,6.18,6.47,6.94,6.65,6.42,6.72,6.75,6.7,6.38,6.52,6.3,6.3,6.45,6.42,6.89,6.47,6.5
22031,6.08,6.23,6.72,6.42,6.35,6.18,6.15,5.98,6.18,6.47,6.94,6.65,6.42,6.72,6.75,6.7,6.38,6.52,6.3,6.3,6.45,6.42,6.89,6.47,6.5
22033,6.08,6.23,6.72,6.42,6.35,6.18,6.15,5.98,6.18,6.47,6.94,6.65,6.42,6.72,6.75,6.7,6.38,6.52,6.3,6.3,6.45,6.42,6.89,6.47,6.5
22035,6.08,6.23,6.72,6.42,6.35,6.18,6.15,5.98,6.18,6.47,6.94,6.65,6.42,6.72,6.75,6.7,6.38,6.52,6.3,6.3,6.45,6.42,6.89,6.47,6.5
22037,6.08,6.23,6.72,6.42,6.35,6.18,6.15,5.98,6.18,6.47,6.94,6.65,6.42,6.72,6.75,6.7,6.38,6.52,6.3,6.3,6.45,6.42,6.89,6.47,6.5
22039,6.08,6.23,6.72,6.42,6.35,6.18,6.15,5.98,6.18,6.47,6.94,6.65,6.42,6.72,6.75,6.7,6.38,6.52,6.3,6.3,6.45,6.42,6.89,6.47,6.5
22041,6.08,6.23,6.72,6.42,6.35,6.18,6.15,5.98,6.18,6.47,6.94,6.65,6.42,6.72,6.75,6.7,6.38,6.52,6.3,6.3,6.45,6.42,6.89,6.47,6.5
22043,6.08,6.23,6.72,6.42,6.35,6.18,6.15,5.98,6.18,6.47,6.94,6.65,6.42,6.72,6.75,6.7,6.38,6.52,6.3,6.3,6.45,6.42,6.89,6.47,6.5
22045,6.08,6.23,6.72,6.42,6.35,6.18,6.15,5.98,6.18,6.47,6.94,6.65,6.42,6.72,6.75,6.7,6.38,6.52,6.3,6.3,6.45,6.42,6.89,6.47,6.5
22047,6.08,6.23,6.72,6.42,6.35,6.18,6.15,5.98,6.18,6.47,6.94,6.65,6.42,6.72,6.75,6.7,6.38,6.52,6.3,6.3,6.45,6.42,6.89,6.47,6.5
22049,6.08,6.23,6.72,6.42,6.35,6.18,6.15,5.98,6.18,6.47,6.94,6.65,6.42,6.72,6.75,6.7,6.38,6.52,6.3,6.3,6.45,6.42,6.89,6.47,6.5
22051,6.08,6.23,6.72,6.42,6.35,6.18,6.15,5.98,6.18,6.47,6.94,6.65,6.42,6.72,6.75,6.7,6.38,6.52,6.3,6.3,6.45,6.42,6.89,6.47,6.5
22053,6.08,6.23,6.72,6.42,6.35,6.18,6.15,5.98,6.18,6.47,6.94,6.65,6.42,6.72,6.75,6.7,6.38,6.52,6.3,6.3,6.45,6.42,6.89,6.47,6.5
22055,6.08,6.23,6.72,6.42,6.35,6.18,6.15,5.98,6.18,6.47,6.94,6.65,6.42,6.72,6.75,6.7,6.38,6.52,6.3,6.3,6.45,6.42,6.89,6.47,6.5
22057,6.08,6.23,6.72,6.42,6.35,6.18,6.15,5.98,6.18,6.47,6.94,6.65,6.42,6.72,6.75,6.7,6.38,6.52,6.3,6.3,6.45,6.42,6.89,6.47,6.5
22059,6.08,6.23,6.72,6.42,6.35,6.18,6.15,5.98,6.18,6.47,6.94,6.65,6.42,6.72,6.75,6.7,6.38,6.52,6.3,6.3,6.45,6.42,6.89,6.47,6.5
22061,6.08,6.23,6.72,6.42,6.35,6.18,6.15,5.98,6.18,6.47,6.94,6.65,6.42,6.72,6.75,6.7,6.38,6.52,6.3,6.3,6.45,6.42,6.89,6.47,6.5
22063,6.08,6.23,6.72,6.42,6.35,6.18,6.15,5.98,6.18,6.47,6.94,6.65,6.42,6.72,6.75,6.7,6.38,6.52,6.3,6.3,6.45,6.42,6.89,6.47,6.5
22065,6.08,6.23,6.72,6.42,6.35,6.18,6.15,5.98,6.18,6.47,6.94,6.65,6.42,6.72,6.75,6.7,6.38,6.52,6.3,6.3,6.45,6.42,6.89,6.47,6.5
22067,6.08,6.23,6.72,6.42,6.35,6.18,6.15,5.98,6.18,6.47,6.94,6.65,6.42,6.72,6.75,6.7,6.38,6.52,6.3,6.3,6.45,6.42,6.89,6.47,6.5
22069,6.08,6.23,6.72,6.42,6.35,6.18,6.15,5.98,6.18,6.47,6.94,6.65,6.42,6.72,6.75,6.7,6.38,6.52,6.3,6.3,6.45,6.42,6.89,6.47,6.5
22071,6.08,6.23,6.72,6.42,6.35,6.18,6.15,5.98,6.18,6.47,6.94,6.65,6.42,6.72,6.75,6.7,6.38,6.52,6.3,6.3,6.45,6.42,6.89,6.47,6.5
22073,6.08,6.23,6.72,6.42,6.35,6.18,6.15,5.98,6.18,6.47,6.94,6.65,6.42,6.72,6.75,6.7,6.38,6.52,6.3,6.3,6.45,6.42,6.89,6.47,6.5
22075,6.08,6.23,6.72,6.42,6.35,6.18,6.15,5.98,6.18,6.47,6.94,6.65,6.42,6.72,6.75,6.7,6.38,6.52,6.3,6.3,6.45,6.42,6.89,6.47,6.5
22077,6.08,6.23,6.72,6.42,6.35,6.18,6.15,5.98,6.18,6.47,6.94,6.65,6.42,6.72,6.75,6.7,6.38,6.52,6.3,6.3,6.45,6.42,6.89,6.47,6.5
22079,6.08,6.23,6.72,6.42,6.35,6.18,6.15,5.98,6.18,6.47,6.94,6.65,6.42,6.72,6.75,6.7,6.38,6.52,6.3,6.3,6.45,6.42,6.89,6.47,6.5
22081,6.08,6.23,6.72,6.42,6.35,6.18,6.15,5.98,6.18,6.47,6.94,6.65,6.42,6.72,6.75,6.7,6.38,6.52,6.3,6.3,6.45,6.42,6.89,6.47,6.5
22083,6.08,6.23,6.72,6.42,6.35,6.18,6.15,5.98,6.18,6.47,6.94,6.65,6.42,6.72,6.75,6.7,6.38,6.52,6.3,6.3,6.45,6.42,6.89,6.47,6.5
22085,6.08,6.23,6.72,6.42,6.35,6.18,6.15,5.98,6.18,6.47,6.94,6.65,6.42,6.72,6.75,6.7,6.38,6.52,6.3,6.3,6.45,6.42,6.89,6.47,6.5
22087,6.08,6.23,6.72,6.42,6.35,6.18,6.15,5.98,6.18,6.47,6.94,6.65,6.42,6.72,6.75,6.7,6.38,6.52,6.3,6.3,6.45,6.42,6.89,6.47,6.5
22089,6.08,6.23,6.72,6.42,6.35,6.18,6.15,5.98,6.18,6.47,6.94,6.65,6.42,6.72,6.75,6.7,6.38,6.52,6.3,6.3,6.45,6.42,6.89,6.47,6.5
22091,6.08,6.23,6.72,6.42,6.35,6.18,6.15,5.98,6.18,6.47,6.94,6.65,6.42,6.72,6.75,6.7,6.38,6.52,6.3,6.3,6.45,6.42,6.89,6.47,6.5
22093,6.08,6.23,6.72,6.42,6.35,6.18,6.15,5.98,6.18,6.47,6.94,6.65,6.42,6.72,6.75,6.7,6.38,6.52,6.3,6.3,6.45,6.42,6.89,6.47,6.5
22095,6.08,6.23,6.72,6.42,6.35,6.18,6.15,5.98,6.18,6.47,6.94,6.65,6.42,6.72,6.75,6.7,6.38,6.52,6.3,6.3,6.45,6.42,6.89,6.47,6.5
22097,6.08,6.23,6.72,6.42,6.35,6.18,6.15,5.98,6.18,6.47,6.94,6.65,6.42,6.72,6.75,6.7,6.38,6.52,6.3,6.3,6.45,6.42,6.89,6.47,6.5
22099,6.08,6.23,6.72,6.42,6.35,6.18,6.15,5.98,6.18,6.47,6.94,6.65,6.42,6.72,6.75,6.7,6.38,6.52,6.3,6.3,6.45,6.42,6.89,6.47,6.5
22101,6.08,6.23,6.72,6.42,6.35,6.18,6.15,5.98,6.18,6.47,6.94,6.65,6.42,6.72,6.75,6.7,6.38,6.52,6.3,6.3,6.45,6.42,6.89,6.47,6.5
22103,6.08,6.23,6.72,6.42,6.35,6.18,6.15,5.98,6.18,6.47,6.94,6.65,6.42,6.72,6.75,6.7,6.38,6.52,6.3,6.3,6.45,6.42,6.89,6.47,6.5
22105,6.08,6.23,6.72,6.42,6.35,6.18,6.15,5.98,6.18,6.47,6.94,6.65,6.42,6.72,6.75,6.7,6.38,6.52,6.3,6.3,6.45,6.42,6.89,6.47,6.5
22107,6.08,6.23,6.72,6.42,6.35,6.18,6.15,5.98,6.18,6.47,6.94,6.65,6.42,6.72,6.75,6.7,6.38,6.52,6.3,6.3,6.45,6.42,6.89,6.47,6.5
22109,6.08,6.23,6.72,6.42,6.35,6.18,6.15,5.98,6.18,6.47,6.94,6.65,6.42,6.72,6.75,6.7,6.38,6.52,6.3,6.3,6.45,6.42,6.89,6.47,6.5
22111,6.08,6.23,6.72,6.42,6.35,6.18,6.15,5.98,6.18,6.47,6.94,6.65,6.42,6.72,6.75,6.7,6.38,6.52,6.3,6.3,6.45,6.42,6.89,6.47,6.5
22113,6.08,6.23,6.72,6.42,6.35,6.18,6.15,5.98,6.18,6.47,6.94,6.65,6.42,6.72,6.75,6.7,6.38,6.52,6.3,6.3,6.45,6.42,6.89,6.47,6.5
22115,6.08,6.23,6.72,6.42,6.35,6.18,6.15,5.98,6.18,6.47,6.94,6.65,6.42,6.72,6.75,6.7,6.38,6.52,6.3,6.3,6.45,6.42,6.89,6.47,6.5
22117,6.08,6.23,6.72,6.42,6.35,6.18,6.15,5.98,6.18,6.47,6.94,6.65,6.42,6.72,6.75,6.7,6.38,6.52,6.3,6.3,6.45,6.42,6.89,6.47,6.5
22119,6.08,6.23,6.72,6.42,6.35,6.18,6.15,5.98,6.18,6.47,6.94,6.65,6.42,6.72,6.75,6.7,6.38,6.52,6.3,6.3,6.45,6.42,6.89,6.47,6.5
22121,6.08,6.23,6.72,6.42,6.35,6.18,6.15,5.98,6.18,6.47,6.94,6.65,6.42,6.72,6.75,6.7,6.38,6.52,6.3,6.3,6.45,6.42,6.89,6.47,6.5
22123,6.08,6.23,6.72,6.42,6.35,6.18,6.15,5.98,6.18,6.47,6.94,6.65,6.42,6.72,6.75,6.7,6.38,6.52,6.3,6.3,6.45,6.42,6.89,6.47,6.5
22125,6.08,6.23,6.72,6.42,6.35,6.18,6.15,5.98,6.18,6.47,6.94,6.65,6.42,6.72,6.75,6.7,6.38,6.52,6.3,6.3,6.45,6.42,6.89,6.47,6.5
22127,6.08,6.23,6.72,6.42,6.35,6.18,6.15,5.98,6.18,6.47,6.94,6.65,6.42,6.72,6.75,6.7,6.38,6.52,6.3,6.3,6.45,6.42,6.89,6.47,6.5
23001,6.08,6.23,6.72,6.42,6.35,6.18,6.15,5.98,6.18,6.47,6.94,6.65,6.42,6.72,6.75,6.7,6.38,6.52,6.3,6.3,6.45,6.42,6.89,6.47,6.5
23003,6.08,6.23,6.72,6.42,6.35,6.18,6.15,5.98,6.18,6.47,6.94,6.65,6.42,6.72,6.75,6.7,6.38,6.52,6.3,6.3,6.45,6.42,6.89,6.47,6.5
23005,6.08,6.23,6.72,6.42,6.35,6.18,6.15,5.98,6.18,6.47,6.94,6.65,6.42,6.72,6.75,6.7,6.38,6.52,6.3,6.3,6.45,6.42,6.89,6.47,6.5
23007,6.08,6.23,6.72,6.42,6.35,6.18,6.15,5.98,6.18,6.47,6.94,6.65,6.42,6.72,6.75,6.7,6.38,6.52,6.3,6.3,6.45,6.42,6.89,6.47,6.5
23009,6.08,6.23,6.72,6.42,6.35,6.18,6.15,5.98,6.18,6.47,6.94,6.65,6.42,6.72,6.75,6.7,6.38,6.52,6.3,6.3,6.45,6.42,6.89,6.47,6.5
23011,6.08,6.23,6.72,6.42,6.35,6.18,6.15,5.98,6.18,6.47,6.94,6.65,6.42,6.72,6.75,6.7,6.38,6.52,6.3,6.3,6.45,6.42,6.89,6.47,6.5
23013,6.08,6.23,6.72,6.42,6.35,6.18,6.15,5.98,6.18,6.47,6.94,6.65,6.42,6.72,6.75,6.7,6.38,6.52,6.3,6.3,6.45,6.42,6.89,6.47,6.5
23015,6.08,6.23,6.72,6.42,6.35,6.18,6.15,5.98,6.18,6.47,6.94,6.65,6.42,6.72,6.75,6.7,6.38,6.52,6.3,6.3,6.45,6.42,6.89,6.47,6.5
23017,6.08,6.23,6.72,6.42,6.35,6.18,6.15,5.98,6.18,6.47,6.94,6.65,6.42,6.72,6.75,6.7,6.38,6.52,6.3,6.3,6.45,6.42,6.89,6.47,6.5
23019,6.08,6.23,6.72,6.42,6.35,6.18,6.15,5.98,6.18,6.47,6.94,6.65,6.42,6.72,6.75,6.7,6.38,6.52,6.3,6.3,6.45,6.42,6.89,6.47,6.5
23021,6.08,6.23,6.72,6.42,6.35,6.18,6.15,5.98,6.18,6.47,6.94,6.65,6.42,6.72,6.75,6.7,6.38,6.52,6.3,6.3,6.45,6.42,6.89,6.47,6.5
23023,6.08,6.23,6.72,6.42,6.35,6.18,6.15,5.98,6.18,6.47,6.94,6.65,6.42,6.72,6.75,6.7,6.38,6.52,6.3,6.3,6.45,6.42,6.89,6.47,6.5
23025,6.08,6.23,6.72,6.42,6.35,6.18,6.15,5.98,6.18,6.47,6.94,6.65,6.42,6.72,6.75,6.7,6.38,6.52,6.3,6.3,6.45,6.42,6.89,6.47,6.5
23027,6.08,6.23,6.72,6.42,6.35,6.18,6.15,5.98,6.18,6.47,6.94,6.65,6.42,6.72,6.75,6.7,6.38,6.52,6.3,6.3,6.45,6.42,6.89,6.47,6.5
23029,6.08,6.23,6.72,6.42,6.35,6.18,6.15,5.98,6.18,6.47,6.94,6.65,6.42,6.72,6.75,6.7,6.38,6.52,6.3,6.3,6.45,6.42,6.89,6.47,6.5
23031,6.08,6.23,6.72,6.42,6.35,6.18,6.15,5.98,6.18,6.47,6.94,6.65,6.42,6.72,6.75,6.7,6.38,6.52,6.3,6.3,6.45,6.42,6.89,6.47,6.5
24001,6.08,6.23,6.72,6.42,6.35,6.18,6.15,5.98,6.18,6.47,6.94,6.65,6.42,6.72,6.75,6.7,6.38,6.52,6.3,6.3,6.45,6.42,6.89,6.47,6.5
24003,6.08,6.23,6.72,6.42,6.35,6.18,6.15,5.98,6.18,6.47,6.94,6.65,6.42,6.72,6.75,6.7,6.38,6.52,6.3,6.3,6.45,6.42,6.89,6.47,6.5
24005,6.08,6.23,6.72,6.42,6.35,6.18,6.15,5.98,6.18,6.47,6.94,6.65,6.42,6.72,6.75,6.7,6.38,6.52,6.3,6.3,6.45,6.42,6.89,6.47,6.5
24009,6.08,6.23,6.72,6.42,6.35,6.18,6.15,5.98,6.18,6.47,6.94,6.65,6.42,6.72,6.75,6.7,6.38,6.52,6.3,6.3,6.45,6.42,6.89,6.47,6.5
24011,6.08,6.23,6.72,6.42,6.35,6.18,6.15,5.98,6.18,6.47,6.94,6.65,6.42,6.72,6.75,6.7,6.38,6.52,6.3,6.3,6.45,6.42,6.89,6.47,6.5
24013,6.08,6.23,6.72,6.42,6.35,6.18,6.15,5.98,6.18,6.47,6.94,6.65,6.42,6.72,6.75,6.7,6.38,6.52,6.3,6.3,6.45,6.42,6.89,6.47,6.5
24015,6.08,6.23,6.72,6.42,6.35,6.18,6.15,5.98,6.18,6.47,6.94,6.65,6.42,6.72,6.75,6.7,6.38,6.52,6.3,6.3,6.45,6.42,6.89,6.47,6.5
24017,6.08,6.23,6.72,6.42,6.35,6.18,6.15,5.98,6.18,6.47,6.94,6.65,6.42,6.72,6.75,6.7,6.38,6.52,6.3,6.3,6.45,6.42,6.89,6.47,6.5
24019,6.08,6.23,6.72,6.42,6.35,6.18,6.15,5.98,6.18,6.47,6.94,6.65,6.42,6.72,6.75,6.7,6.38,6.52,6.3,6.3,6.45,6.42,6.89,6.47,6.5
24021,6.08,6.23,6.72,6.42,6.35,6.18,6.15,5.98,6.18,6.47,6.94,6.65,6.42,6.72,6.75,6.7,6.38,6.52,6.3,6.3,6.45,6.42,6.89,6.47,6.5
24023,6.08,6.23,6.72,6.42,6.35,6.18,6.15,5.98,6.18,6.47,6.94,6.65,6.42,6.72,6.75,6.7,6.38,6.52,6.3,6.3,6.45,6.42,6.89,6.47,6.5
24025,6.08,6.23,6.72,6.42,6.35,6.18,6.15,5.98,6.18,6.47,6.94,6.65,6.42,6.72,6.75,6.7,6.38,6.52,6.3,6.3,6.45,6.42,6.89,6.47,6.5
24027,6.08,6.23,6.72,6.42,6.35,6.18,6.15,5.98,6.18,6.47,6.94,6.65,6.42,6.72,6.75,6.7,6.38,6.52,6.3,6.3,6.45,6.42,6.89,6.47,6.5
24029,6.08,6.23,6.72,6.42,6.35,6.18,6.15,5.98,6.18,6.47,6.94,6.65,6.42,6.72,6.75,6.7,6.38,6.52,6.3,6.3,6.45,6.42,6.89,6.47,6.5
24031,6.08,6.23,6.72,6.42,6.35,6.18,6.15,5.98,6.18,6.47,6.94,6.65,6.42,6.72,6.75,6.7,6.38,6.52,6.3,6.3,6.45,6.42,6.89,6.47,6.5
24033,6.08,6.23,6.72,6.42,6.35,6.18,6.15,5.98,6.18,6.47,6.94,6.65,6.42,6.72,6.75,6.7,6.38,6.52,6.3,6.3,6.45,6.42,6.89,6.47,6.5
24035,6.08,6.23,6.72,6.42,6.35,6.18,6.15,5.98,6.18,6.47,6.94,6.65,6.42,6.72,6.75,6.7,6.38,6.52,6.3,6.3,6.45,6.42,6.89,6.47,6.5
24037,6.08,6.23,6.72,6.42,6.35,6.18,6.15,5.98,6.18,6.47,6.94,6.65,6.42,6.72,6.75,6.7,6.38,6.52,6.3,6.3,6.45,6.42,6.89,6.47,6.5
24039,6.08,6.23,6.72,6.42,6.35,6.18,6.15,5.98,6.18,6.47,6.94,6.65,6.42,6.72,6.75,6.7,6.38,6.52,6.3,6.3,6.45,6.42,6.89,6.47,6.5
24041,6.08,6.23,6.72,6.42,6.35,6.18,6.15,5.98,6.18,6.47,6.94,6.65,6.42,6.72,6.75,6.7,6.38,6.52,6.3,6.3,6.45,6.42,6.89,6.47,6.5
24043,6.08,6.23,6.72,6.42,6.35,6.18,6.15,5.98,6.18,6.47,6.94,6.65,6.42,6.72,6.75,6.7,6.38,6.52,6.3,6.3,6.45,6.42,6.89,6.47,6.5
24045,6.08,6.23,6.72,6.42,6.35,6.18,6.15,5.98,6.18,6.47,6.94,6.65,6.42,6.72,6.75,6.7,6.38,6.52,6.3,6.3,6.45,6.42,6.89,6.47,6.5
24047,6.08,6.23,6.72,6.42,6.35,6.18,6.15,5.98,6.18,6.47,6.94,6.65,6.42,6.72,6.75,6.7,6.38,6.52,6.3,6.3,6.45,6.42,6.89,6.47,6.5
24510,6.08,6.23,6.72,6.42,6.35,6.18,6.15,5.98,6.18,6.47,6.94,6.65,6.42,6.72,6.75,6.7,6.38,6.52,6.3,6.3,6.45,6.42,6.89,6.47,6.5
25001,6.08,6.23,6.72,6.42,6.35,6.18,6.15,5.98,6.18,6.47,6.94,6.65,6.42,6.72,6.75,6.7,6.38,6.52,6.3,6.3,6.45,6.42,6.89,6.47,6.5
25003,6.08,6.23,6.72,6.42,6.35,6.18,6.15,5.98,6.18,6.47,6.94,6.65,6.42,6.72,6.75,6.7,6.38,6.52,6.3,6.3,6.45,6.42,6.89,6.47,6.5
25005,6.08,6.23,6.72,6.42,6.35,6.18,6.15,5.98,6.18,6.47,6.94,6.65,6.42,6.72,6.75,6.7,6.38,6.52,6.3,6.3,6.45,6.42,6.89,6.47,6.5
25007,6.08,6.23,6.72,6.42,6.35,6.18,6.15,5.98,6.18,6.47,6.94,6.65,6.42,6.72,6.75,6.7,6.38,6.52,6.3,6.3,6.45,6.42,6.89,6.47,6.5
25009,6.08,6.23,6.72,6.42,6.35,6.18,6.15,5.98,6.18,6.47,6.94,6.65,6.42,6.72,6.75,6.7,6.38,6.52,6.3,6.3,6.45,6.42,6.89,6.47,6.5
25011,6.08,6.23,6.72,6.42,6.35,6.18,6.15,5.98,6.18,6.47,6.94,6.65,6.42,6.72,6.75,6.7,6.38,6.52,6.3,6.3,6.45,6.42,6.89,6.47,6.5
25013,6.08,6.23,6.72,6.42,6.35,6.18,6.15,5.98,6.18,6.47,6.94,6.65,6.42,6.72,6.75,6.7,6.38,6.52,6.3,6.3,6.45,6.42,6.89,6.47,6.5
25015,6.08,6.23,6.72,6.42,6.35,6.18,6.15,5.98,6.18,6.47,6.94,6.65,6.42,6.72,6.75,6.7,6.38,6.52,6.3,6.3,6.45,6.42,6.89,6.47,6.5
25017,6.08,6.23,6.72,6.42,6.35,6.18,6.15,5.98,6.18,6.47,6.94,6.65,6.42,6.72,6.75,6.7,6.38,6.52,6.3,6.3,6.45,6.42,6.89,6.47,6.5
25019,6.08,6.23,6.72,6.42,6.35,6.18,6.15,5.98,6.18,6.47,6.94,6.65,6.42,6.72,6.75,6.7,6.38,6.52,6.3,6.3,6.45,6.42,6.89,6.47,6.5
25021,6.08,6.23,6.72,6.42,6.35,6.18,6.15,5.98,6.18,6.47,6.94,6.65,6.42,6.72,6.75,6.7,6.38,6.52,6.3,6.3,6.45,6.42,6.89,6.47,6.5
25023,6.08,6.23,6.72,6.42,6.35,6.18,6.15,5.98,6.18,6.47,6.94,6.65,6.42,6.72,6.75,6.7,6.38,6.52,6.3,6.3,6.45,6.42,6.89,6.47,6.5
25025,6.08,6.23,6.72,6.42,6.35,6.18,6.15,5.98,6.18,6.47,6.94,6.65,6.42,6.72,6.75,6.7,6.38,6.52,6.3,6.3,6.45,6.42,6.89,6.47,6.5
25027,6.08,6.23,6.72,6.42,6.35,6.18,6.15,5.98,6.18,6.47,6.94,6.65,6.42,6.72,6.75,6.7,6.38,6.52,6.3,6.3,6.45,6.42,6.89,6.47,6.5
26001,6.08,6.23,6.72,6.42,6.35,6.18,6.15,5.98,6.18,6.47,6.94,6.65,6.42,6.72,6.75,6.7,6.38,6.52,6.3,6.3,6.45,6.42,6.89,6.47,6.5
26003,6.08,6.23,6.72,6.42,6.35,6.18,6.15,5.98,6.18,6.47,6.94,6.65,6.42,6.72,6.75,6.7,6.38,6.52,6.3,6.3,6.45,6.42,6.89,6.47,6.5
26005,6.08,6.23,6.72,6.42,6.35,6.18,6.15,5.98,6.18,6.47,6.94,6.65,6.42,6.72,6.75,6.7,6.38,6.52,6.3,6.3,6.45,6.42,6.89,6.47,6.5
26007,6.08,6.23,6.72,6.42,6.35,6.18,6.15,5.98,6.18,6.47,6.94,6.65,6.42,6.72,6.75,6.7,6.38,6.52,6.3,6.3,6.45,6.42,6.89,6.47,6.5
26009,6.08,6.23,6.72,6.42,6.35,6.18,6.15,5.98,6.18,6.47,6.94,6.65,6.42,6.72,6.75,6.7,6.38,6.52,6.3,6.3,6.45,6.42,6.89,6.47,6.5
26011,6.08,6.23,6.72,6.42,6.35,6.18,6.15,5.98,6.18,6.47,6.94,6.65,6.42,6.72,6.75,6.7,6.38,6.52,6.3,6.3,6.45,6.42,6.89,6.47,6.5
26013,6.08,6.23,6.72,6.42,6.35,6.18,6.15,5.98,6.18,6.47,6.94,6.65,6.42,6.72,6.75,6.7,6.38,6.52,6.3,6.3,6.45,6.42,6.89,6.47,6.5
26015,6.08,6.23,6.72,6.42,6.35,6.18,6.15,5.98,6.18,6.47,6.94,6.65,6.42,6.72,6.75,6.7,6.38,6.52,6.3,6.3,6.45,6.42,6.89,6.47,6.5
26017,6.08,6.23,6.72,6.42,6.35,6.18,6.15,5.98,6.18,6.47,6.94,6.65,6.42,6.72,6.75,6.7,6.38,6.52,6.3,6.3,6.45,6.42,6.89,6.47,6.5
26019,6.08,6.23,6.72,6.42,6.35,6.18,6.15,5.98,6.18,6.47,6.94,6.65,6.42,6.72,6.75,6.7,6.38,6.52,6.3,6.3,6.45,6.42,6.89,6.47,6.5
26021,6.08,6.23,6.72,6.42,6.35,6.18,6.15,5.98,6.18,6.47,6.94,6.65,6.42,6.72,6.75,6.7,6.38,6.52,6.3,6.3,6.45,6.42,6.89,6.47,6.5
26023,6.08,6.23,6.72,6.42,6.35,6.18,6.15,5.98,6.18,6.47,6.94,6.65,6.42,6.72,6.75,6.7,6.38,6.52,6.3,6.3,6.45,6.42,6.89,6.47,6.5
26025,6.08,6.23,6.72,6.42,6.35,6.18,6.15,5.98,6.18,6.47,6.94,6.65,6.42,6.72,6.75,6.7,6.38,6.52,6.3,6.3,6.45,6.42,6.89,6.47,6.5
26027,6.08,6.23,6.72,6.42,6.35,6.18,6.15,5.98,6.18,6.47,6.94,6.65,6.42,6.72,6.75,6.7,6.38,6.52,6.3,6.3,6.45,6.42,6.89,6.47,6.5
26029,6.08,6.23,6.72,6.42,6.35,6.18,6.15,5.98,6.18,6.47,6.94,6.65,6.42,6.72,6.75,6.7,6.38,6.52,6.3,6.3,6.45,6.42,6.89,6.47,6.5
26031,6.08,6.23,6.72,6.42,6.35,6.18,6.15,5.98,6.18,6.47,6.94,6.65,6.42,6.72,6.75,6.7,6.38,6.52,6.3,6.3,6.45,6.42,6.89,6.47,6.5
26033,6.08,6.23,6.72,6.42,6.35,6.18,6.15,5.98,6.18,6.47,6.94,6.65,6.42,6.72,6.75,6.7,6.38,6.52,6.3,6.3,6.45,6.42,6.89,6.47,6.5
26035,6.08,6.23,6.72,6.42,6.35,6.18,6.15,5.98,6.18,6.47,6.94,6.65,6.42,6.72,6.75,6.7,6.38,6.52,6.3,6.3,6.45,6.42,6.89,6.47,6.5
26037,6.08,6.23,6.72,6.42,6.35,6.18,6.15,5.98,6.18,6.47,6.94,6.65,6.42,6.72,6.75,6.7,6.38,6.52,6.3,6.3,6.45,6.42,6.89,6.47,6.5
26039,6.08,6.23,6.72,6.42,6.35,6.18,6.15,5.98,6.18,6.47,6.94,6.65,6.42,6.72,6.75,6.7,6.38,6.52,6.3,6.3,6.45,6.42,6.89,6.47,6.5
26041,6.08,6.23,6.72,6.42,6.35,6.18,6.15,5.98,6.18,6.47,6.94,6.65,6.42,6.72,6.75,6.7,6.38,6.52,6.3,6.3,6.45,6.42,6.89,6.47,6.5
26043,6.08,6.23,6.72,6.42,6.35,6.18,6.15,5.98,6.18,6.47,6.94,6.65,6.42,6.72,6.75,6.7,6.38,6.52,6.3,6.3,6.45,6.42,6.89,6.47,6.5
26045,6.08,6.23,6.72,6.42,6.35,6.18,6.15,5.98,6.18,6.47,6.94,6.65,6.42,6.72,6.75,6.7,6.38,6.52,6.3,6.3,6.45,6.42,6.89,6.47,6.5
26047,6.08,6.23,6.72,6.42,6.35,6.18,6.15,5.98,6.18,6.47,6.94,6.65,6.42,6.72,6.75,6.7,6.38,6.52,6.3,6.3,6.45,6.42,6.89,6.47,6.5
26049,6.08,6.23,6.72,6.42,6.35,6.18,6.15,5.98,6.18,6.47,6.94,6.65,6.42,6.72,6.75,6.7,6.38,6.52,6.3,6.3,6.45,6.42,6.89,6.47,6.5
26051,6.08,6.23,6.72,6.42,6.35,6.18,6.15,5.98,6.18,6.47,6.94,6.65,6.42,6.72,6.75,6.7,6.38,6.52,6.3,6.3,6.45,6.42,6.89,6.47,6.5
26053,6.08,6.23,6.72,6.42,6.35,6.18,6.15,5.98,6.18,6.47,6.94,6.65,6.42,6.72,6.75,6.7,6.38,6.52,6.3,6.3,6.45,6.42,6.89,6.47,6.5
26055,6.08,6.23,6.72,6.42,6.35,6.18,6.15,5.98,6.18,6.47,6.94,6.65,6.42,6.72,6.75,6.7,6.38,6.52,6.3,6.3,6.45,6.42,6.89,6.47,6.5
26057,6.08,6.23,6.72,6.42,6.35,6.18,6.15,5.98,6.18,6.47,6.94,6.65,6.42,6.72,6.75,6.7,6.38,6.52,6.3,6.3,6.45,6.42,6.89,6.47,6.5
26059,6.08,6.23,6.72,6.42,6.35,6.18,6.15,5.98,6.18,6.47,6.94,6.65,6.42,6.72,6.75,6.7,6.38,6.52,6.3,6.3,6.45,6.42,6.89,6.47,6.5
26061,6.08,6.23,6.72,6.42,6.35,6.18,6.15,5.98,6.18,6.47,6.94,6.65,6.42,6.72,6.75,6.7,6.38,6.52,6.3,6.3,6.45,6.42,6.89,6.47,6.5
26063,6.08,6.23,6.72,6.42,6.35,6.18,6.15,5.98,6.18,6.47,6.94,6.65,6.42,6.72,6.75,6.7,6.38,6.52,6.3,6.3,6.45,6.42,6.89,6.47,6.5
26065,6.08,6.23,6.72,6.42,6.35,6.18,6.15,5.98,6.18,6.47,6.94,6.65,6.42,6.72,6.75,6.7,6.38,6.52,6.3,6.3,6.45,6.42,6.89,6.47,6.5
26067,6.08,6.23,6.72,6.42,6.35,6.18,6.15,5.98,6.18,6.47,6.94,6.65,6.42,6.72,6.75,6.7,6.38,6.52,6.3,6.3,6.45,6.42,6.89,6.47,6.5
26069,6.08,6.23,6.72,6.42,6.35,6.18,6.15,5.98,6.18,6.47,6.94,6.65,6.42,6.72,6.75,6.7,6.38,6.52,6.3,6.3,6.45,6.42,6.89,6.47,6.5
26071,6.08,6.23,6.72,6.42,6.35,6.18,6.15,5.98,6.18,6.47,6.94,6.65,6.42,6.72,6.75,6.7,6.38,6.52,6.3,6.3,6.45,6.42,6.89,6.47,6.5
26073,6.08,6.23,6.72,6.42,6.35,6.18,6.15,5.98,6.18,6.47,6.94,6.65,6.42,6.72,6.75,6.7,6.38,6.52,6.3,6.3,6.45,6.42,6.89,6.47,6.5
26075,6.08,6.23,6.72,6.42,6.35,6.18,6.15,5.98,6.18,6.47,6.94,6.65,6.42,6.72,6.75,6.7,6.38,6.52,6.3,6.3,6.45,6.42,6.89,6.47,6.5
26077,6.08,6.23,6.72,6.42,6.35,6.18,6.15,5.98,6.18,6.47,6.94,6.65,6.42,6.72,6.75,6.7,6.38,6.52,6.3,6.3,6.45,6.42,6.89,6.47,6.5
26079,6.08,6.23,6.72,6.42,6.35,6.18,6.15,5.98,6.18,6.47,6.94,6.65,6.42,6.72,6.75,6.7,6.38,6.52,6.3,6.3,6.45,6.42,6.89,6.47,6.5
26081,6.08,6.23,6.72,6.42,6.35,6.18,6.15,5.98,6.18,6.47,6.94,6.65,6.42,6.72,6.75,6.7,6.38,6.52,6.3,6.3,6.45,6.42,6.89,6.47,6.5
26083,6.08,6.23,6.72,6.42,6.35,6.18,6.15,5.98,6.18,6.47,6.94,6.65,6.42,6.72,6.75,6.7,6.38,6.52,6.3,6.3,6.45,6.42,6.89,6.47,6.5
26085,6.08,6.23,6.72,6.42,6.35,6.18,6.15,5.98,6.18,6.47,6.94,6.65,6.42,6.72,6.75,6.7,6.38,6.52,6.3,6.3,6.45,6.42,6.89,6.47,6.5
26087,6.08,6.23,6.72,6.42,6.35,6.18,6.15,5.98,6.18,6.47,6.94,6.65,6.42,6.72,6.75,6.7,6.38,6.52,6.3,6.3,6.45,6.42,6.89,6.47,6.5
26089,6.08,6.23,6.72,6.42,6.35,6.18,6.15,5.98,6.18,6.47,6.94,6.65,6.42,6.72,6.75,6.7,6.38,6.52,6.3,6.3,6.45,6.42,6.89,6.47,6.5
26091,6.08,6.23,6.72,6.42,6.35,6.18,6.15,5.98,6.18,6.47,6.94,6.65,6.42,6.72,6.75,6.7,6.38,6.52,6.3,6.3,6.45,6.42,6.89,6.47,6.5
26093,6.08,6.23,6.72,6.42,6.35,6.18,6.15,5.98,6.18,6.47,6.94,6.65,6.42,6.72,6.75,6.7,6.38,6.52,6.3,6.3,6.45,6.42,6.89,6.47,6.5
26095,6.08,6.23,6.72,6.42,6.35,6.18,6.15,5.98,6.18,6.47,6.94,6.65,6.42,6.72,6.75,6.7,6.38,6.52,6.3,6.3,6.45,6.42,6.89,6.47,6.5
26097,6.08,6.23,6.72,6.42,6.35,6.18,6.15,5.98,6.18,6.47,6.94,6.65,6.42,6.72,6.75,6.7,6.38,6.52,6.3,6.3,6.45,6.42,6.89,6.47,6.5
26099,6.08,6.23,6.72,6.42,6.35,6.18,6.15,5.98,6.18,6.47,6.94,6.65,6.42,6.72,6.75,6.7,6.38,6.52,6.3,6.3,6.45,6.42,6.89,6.47,6.5
26101,6.08,6.23,6.72,6.42,6.35,6.18,6.15,5.98,6.18,6.47,6.94,6.65,6.42,6.72,6.75,6.7,6.38,6.52,6.3,6.3,6.45,6.42,6.89,6.47,6.5
26103,6.08,6.23,6.72,6.42,6.35,6.18,6.15,5.98,6.18,6.47,6.94,6.65,6.42,6.72,6.75,6.7,6.38,6.52,6.3,6.3,6.45,6.42,6.89,6.47,6.5
26105,6.08,6.23,6.72,6.42,6.35,6.18,6.15,5.98,6.18,6.47,6.94,6.65,6.42,6.72,6.75,6.7,6.38,6.52,6.3,6.3,6.45,6.42,6.89,6.47,6.5
26107,6.08,6.23,6.72,6.42,6.35,6.18,6.15,5.98,6.18,6.47,6.94,6.65,6.42,6.72,6.75,6.7,6.38,6.52,6.3,6.3,6.45,6.42,6.89,6.47,6.5
26109,6.08,6.23,6.72,6.42,6.35,6.18,6.15,5.98,6.18,6.47,6.94,6.65,6.42,6.72,6.75,6.7,6.38,6.52,6.3,6.3,6.45,6.42,6.89,6.47,6.5
26111,6.08,6.23,6.72,6.42,6.35,6.18,6.15,5.98,6.18,6.47,6.94,6.65,6.42,6.72,6.75,6.7,6.38,6.52,6.3,6.3,6.45,6.42,6.89,6.47,6.5
26113,6.08,6.23,6.72,6.42,6.35,6.18,6.15,5.98,6.18,6.47,6.94,6.65,6.42,6.72,6.75,6.7,6.38,6.52,6.3,6.3,6.45,6.42,6.89,6.47,6.5
26115,6.08,6.23,6.72,6.42,6.35,6.18,6.15,5.98,6.18,6.47,6.94,6.65,6.42,6.72,6.75,6.7,6.38,6.52,6.3,6.3,6.45,6.42,6.89,6.47,6.5
26117,6.08,6.23,6.72,6.42,6.35,6.18,6.15,5.98,6.18,6.47,6.94,6.65,6.42,6.72,6.75,6.7,6.38,6.52,6.3,6.3,6.45,6.42,6.89,6.47,6.5
26119,6.08,6.23,6.72,6.42,6.35,6.18,6.15,5.98,6.18,6.47,6.94,6.65,6.42,6.72,6.75,6.7,6.38,6.52,6.3,6.3,6.45,6.42,6.89,6.47,6.5
26121,6.08,6.23,6.72,6.42,6.35,6.18,6.15,5.98,6.18,6.47,6.94,6.65,6.42,6.72,6.75,6.7,6.38,6.52,6.3,6.3,6.45,6.42,6.89,6.47,6.5
26123,6.08,6.23,6.72,6.42,6.35,6.18,6.15,5.98,6.18,6.47,6.94,6.65,6.42,6.72,6.75,6.7,6.38,6.52,6.3,6.3,6.45,6.42,6.89,6.47,6.5
26125,6.08,6.23,6.72,6.42,6.35,6.18,6.15,5.98,6.18,6.47,6.94,6.65,6.42,6.72,6.75,6.7,6.38,6.52,6.3,6.3,6.45,6.42,6.89,6.47,6.5
26127,6.08,6.23,6.72,6.42,6.35,6.18,6.15,5.98,6.18,6.47,6.94,6.65,6.42,6.72,6.75,6.7,6.38,6.52,6.3,6.3,6.45,6.42,6.89,6.47,6.5
26129,6.08,6.23,6.72,6.42,6.35,6.18,6.15,5.98,6.18,6.47,6.94,6.65,6.42,6.72,6.75,6.7,6.38,6.52,6.3,6.3,6.45,6.42,6.89,6.47,6.5
26131,6.08,6.23,6.72,6.42,6.35,6.18,6.15,5.98,6.18,6.47,6.94,6.65,6.42,6.72,6.75,6.7,6.38,6.52,6.3,6.3,6.45,6.42,6.89,6.47,6.5
26133,6.08,6.23,6.72,6.42,6.35,6.18,6.15,5.98,6.18,6.47,6.94,6.65,6.42,6.72,6.75,6.7,6.38,6.52,6.3,6.3,6.45,6.42,6.89,6.47,6.5
26135,6.08,6.23,6.72,6.42,6.35,6.18,6.15,5.98,6.18,6.47,6.94,6.65,6.42,6.72,6.75,6.7,6.38,6.52,6.3,6.3,6.45,6.42,6.89,6.47,6.5
26137,6.08,6.23,6.72,6.42,6.35,6.18,6.15,5.98,6.18,6.47,6.94,6.65,6.42,6.72,6.75,6.7,6.38,6.52,6.3,6.3,6.45,6.42,6.89,6.47,6.5
26139,6.08,6.23,6.72,6.42,6.35,6.18,6.15,5.98,6.18,6.47,6.94,6.65,6.42,6.72,6.75,6.7,6.38,6.52,6.3,6.3,6.45,6.42,6.89,6.47,6.5
26141,6.08,6.23,6.72,6.42,6.35,6.18,6.15,5.98,6.18,6.47,6.94,6.65,6.42,6.72,6.75,6.7,6.38,6.52,6.3,6.3,6.45,6.42,6.89,6.47,6.5
26143,6.08,6.23,6.72,6.42,6.35,6.18,6.15,5.98,6.18,6.47,6.94,6.65,6.42,6.72,6.75,6.7,6.38,6.52,6.3,6.3,6.45,6.42,6.89,6.47,6.5
26145,6.08,6.23,6.72,6.42,6.35,6.18,6.15,5.98,6.18,6.47,6.94,6.65,6.42,6.72,6.75,6.7,6.38,6.52,6.3,6.3,6.45,6.42,6.89,6.47,6.5
26147,6.08,6.23,6.72,6.42,6.35,6.18,6.15,5.98,6.18,6.47,6.94,6.65,6.42,6.72,6.75,6.7,6.38,6.52,6.3,6.3,6.45,6.42,6.89,6.47,6.5
26149,6.08,6.23,6.72,6.42,6.35,6.18,6.15,5.98,6.18,6.47,6.94,6.65,6.42,6.72,6.75,6.7,6.38,6.52,6.3,6.3,6.45,6.42,6.89,6.47,6.5
26151,6.08,6.23,6.72,6.42,6.35,6.18,6.15,5.98,6.18,6.47,6.94,6.65,6.42,6.72,6.75,6.7,6.38,6.52,6.3,6.3,6.45,6.42,6.89,6.47,6.5
26153,6.08,6.23,6.72,6.42,6.35,6.18,6.15,5.98,6.18,6.47,6.94,6.65,6.42,6.72,6.75,6.7,6.38,6.52,6.3,6.3,6.45,6.42,6.89,6.47,6.5
26155,6.08,6.23,6.72,6.42,6.35,6.18,6.15,5.98,6.18,6.47,6.94,6.65,6.42,6.72,6.75,6.7,6.38,6.52,6.3,6.3,6.45,6.42,6.89,6.47,6.5
26157,6.08,6.23,6.72,6.42,6.35,6.18,6.15,5.98,6.18,6.47,6.94,6.65,6.42,6.72,6.75,6.7,6.38,6.52,6.3,6.3,6.45,6.42,6.89,6.47,6.5
26159,6.08,6.23,6.72,6.42,6.35,6.18,6.15,5.98,6.18,6.47,6.94,6.65,6.42,6.72,6.75,6.7,6.38,6.52,6.3,6.3,6.45,6.42,6.89,6.47,6.5
26161,6.08,6.23,6.72,6.42,6.35,6.18,6.15,5.98,6.18,6.47,6.94,6.65,6.42,6.72,6.75,6.7,6.38,6.52,6.3,6.3,6.45,6.42,6.89,6.47,6.5
26163,6.08,6.23,6.72,6.42,6.35,6.18,6.15,5.98,6.18,6.47,6.94,6.65,6.42,6.72,6.75,6.7,6.38,6.52,6.3,6.3,6.45,6.42,6.89,6.47,6.5
26165,6.08,6.23,6.72,6.42,6.35,6.18,6.15,5.98,6.18,6.47,6.94,6.65,6.42,6.72,6.75,6.7,6.38,6.52,6.3,6.3,6.45,6.42,6.89,6.47,6.5
27001,6.08,6.23,6.72,6.42,6.35,6.18,6.15,5.98,6.18,6.47,6.94,6.65,6.42,6.72,6.75,6.7,6.38,6.52,6.3,6.3,6.45,6.42,6.89,6.47,6.5
27003,6.08,6.23,6.72,6.42,6.35,6.18,6.15,5.98,6.18,6.47,6.94,6.65,6.42,6.72,6.75,6.7,6.38,6.52,6.3,6.3,6.45,6.42,6.89,6.47,6.5
27005,6.08,6.23,6.72,6.42,6.35,6.18,6.15,5.98,6.18,6.47,6.94,6.65,6.42,6.72,6.75,6.7,6.38,6.52,6.3,6.3,6.45,6.42,6.89,6.47,6.5
27007,6.08,6.23,6.72,6.42,6.35,6.18,6.15,5.98,6.18,6.47,6.94,6.65,6.42,6.72,6.75,6.7,6.38,6.52,6.3,6.3,6.45,6.42,6.89,6.47,6.5
27009,6.08,6.23,6.72,6.42,6.35,6.18,6.15,5.98,6.18,6.47,6.94,6.65,6.42,6.72,6.75,6.7,6.38,6.52,6.3,6.3,6.45,6.42,6.89,6.47,6.5
27011,6.08,6.23,6.72,6.42,6.35,6.18,6.15,5.98,6.18,6.47,6.94,6.65,6.42,6.72,6.75,6.7,6.38,6.52,6.3,6.3,6.45,6.42,6.89,6.47,6.5
27013,6.08,6.23,6.72,6.42,6.35,6.18,6.15,5.98,6.18,6.47,6.94,6.65,6.42,6.72,6.75,6.7,6.38,6.52,6.3,6.3,6.45,6.42,6.89,6.47,6.5
27015,6.08,6.23,6.72,6.42,6.35,6.18,6.15,5.98,6.18,6.47,6.94,6.65,6.42,6.72,6.75,6.7,6.38,6.52,6.3,6.3,6.45,6.42,6.89,6.47,6.5
27017,6.08,6.23,6.72,6.42,6.35,6.18,6.15,5.98,6.18,6.47,6.94,6.65,6.42,6.72,6.75,6.7,6.38,6.52,6.3,6.3,6.45,6.42,6.89,6.47,6.5
27019,6.08,6.23,6.72,6.42,6.35,6.18,6.15,5.98,6.18,6.47,6.94,6.65,6.42,6.72,6.75,6.7,6.38,6.52,6.3,6.3,6.45,6.42,6.89,6.47,6.5
27021,6.08,6.23,6.72,6.42,6.35,6.18,6.15,5.98,6.18,6.47,6.94,6.65,6.42,6.72,6.75,6.7,6.38,6.52,6.3,6.3,6.45,6.42,6.89,6.47,6.5
27023,6.08,6.23,6.72,6.42,6.35,6.18,6.15,5.98,6.18,6.47,6.94,6.65,6.42,6.72,6.75,6.7,6.38,6.52,6.3,6.3,6.45,6.42,6.89,6.47,6.5
27025,6.08,6.23,6.72,6.42,6.35,6.18,6.15,5.98,6.18,6.47,6.94,6.65,6.42,6.72,6.75,6.7,6.38,6.52,6.3,6.3,6.45,6.42,6.89,6.47,6.5
27027,6.08,6.23,6.72,6.42,6.35,6.18,6.15,5.98,6.18,6.47,6.94,6.65,6.42,6.72,6.75,6.7,6.38,6.52,6.3,6.3,6.45,6.42,6.89,6.47,6.5
27029,6.08,6.23,6.72,6.42,6.35,6.18,6.15,5.98,6.18,6.47,6.94,6.65,6.42,6.72,6.75,6.7,6.38,6.52,6.3,6.3,6.45,6.42,6.89,6.47,6.5
27031,6.08,6.23,6.72,6.42,6.35,6.18,6.15,5.98,6.18,6.47,6.94,6.65,6.42,6.72,6.75,6.7,6.38,6.52,6.3,6.3,6.45,6.42,6.89,6.47,6.5
27033,6.08,6.23,6.72,6.42,6.35,6.18,6.15,5.98,6.18,6.47,6.94,6.65,6.42,6.72,6.75,6.7,6.38,6.52,6.3,6.3,6.45,6.42,6.89,6.47,6.5
27035,6.08,6.23,6.72,6.42,6.35,6.18,6.15,5.98,6.18,6.47,6.94,6.65,6.42,6.72,6.75,6.7,6.38,6.52,6.3,6.3,6.45,6.42,6.89,6.47,6.5
27037,6.08,6.23,6.72,6.42,6.35,6.18,6.15,5.98,6.18,6.47,6.94,6.65,6.42,6.72,6.75,6.7,6.38,6.52,6.3,6.3,6.45,6.42,6.89,6.47,6.5
27039,6.08,6.23,6.72,6.42,6.35,6.18,6.15,5.98,6.18,6.47,6.94,6.65,6.42,6.72,6.75,6.7,6.38,6.52,6.3,6.3,6.45,6.42,6.89,6.47,6.5
27041,6.08,6.23,6.72,6.42,6.35,6.18,6.15,5.98,6.18,6.47,6.94,6.65,6.42,6.72,6.75,6.7,6.38,6.52,6.3,6.3,6.45,6.42,6.89,6.47,6.5
27043,6.08,6.23,6.72,6.42,6.35,6.18,6.15,5.98,6.18,6.47,6.94,6.65,6.42,6.72,6.75,6.7,6.38,6.52,6.3,6.3,6.45,6.42,6.89,6.47,6.5
27045,6.08,6.23,6.72,6.42,6.35,6.18,6.15,5.98,6.18,6.47,6.94,6.65,6.42,6.72,6.75,6.7,6.38,6.52,6.3,6.3,6.45,6.42,6.89,6.47,6.5
27047,6.08,6.23,6.72,6.42,6.35,6.18,6.15,5.98,6.18,6.47,6.94,6.65,6.42,6.72,6.75,6.7,6.38,6.52,6.3,6.3,6.45,6.42,6.89,6.47,6.5
27049,6.08,6.23,6.72,6.42,6.35,6.18,6.15,5.98,6.18,6.47,6.94,6.65,6.42,6.72,6.75,6.7,6.38,6.52,6.3,6.3,6.45,6.42,6.89,6.47,6.5
27051,6.08,6.23,6.72,6.42,6.35,6.18,6.15,5.98,6.18,6.47,6.94,6.65,6.42,6.72,6.75,6.7,6.38,6.52,6.3,6.3,6.45,6.42,6.89,6.47,6.5
27053,6.08,6.23,6.72,6.42,6.35,6.18,6.15,5.98,6.18,6.47,6.94,6.65,6.42,6.72,6.75,6.7,6.38,6.52,6.3,6.3,6.45,6.42,6.89,6.47,6.5
27055,6.08,6.23,6.72,6.42,6.35,6.18,6.15,5.98,6.18,6.47,6.94,6.65,6.42,6.72,6.75,6.7,6.38,6.52,6.3,6.3,6.45,6.42,6.89,6.47,6.5
27057,6.08,6.23,6.72,6.42,6.35,6.18,6.15,5.98,6.18,6.47,6.94,6.65,6.42,6.72,6.75,6.7,6.38,6.52,6.3,6.3,6.45,6.42,6.89,6.47,6.5
27059,6.08,6.23,6.72,6.42,6.35,6.18,6.15,5.98,6.18,6.47,6.94,6.65,6.42,6.72,6.75,6.7,6.38,6.52,6.3,6.3,6.45,6.42,6.89,6.47,6.5
27061,6.08,6.23,6.72,6.42,6.35,6.18,6.15,5.98,6.18,6.47,6.94,6.65,6.42,6.72,6.75,6.7,6.38,6.52,6.3,6.3,6.45,6.42,6.89,6.47,6.5
27063,6.08,6.23,6.72,6.42,6.35,6.18,6.15,5.98,6.18,6.47,6.94,6.65,6.42,6.72,6.75,6.7,6.38,6.52,6.3,6.3,6.45,6.42,6.89,6.47,6.5
27065,6.08,6.23,6.72,6.42,6.35,6.18,6.15,5.98,6.18,6.47,6.94,6.65,6.42,6.72,6.75,6.7,6.38,6.52,6.3,6.3,6.45,6.42,6.89,6.47,6.5
27067,6.08,6.23,6.72,6.42,6.35,6.18,6.15,5.98,6.18,6.47,6.94,6.65,6.42,6.72,6.75,6.7,6.38,6.52,6.3,6.3,6.45,6.42,6.89,6.47,6.5
27069,6.08,6.23,6.72,6.42,6.35,6.18,6.15,5.98,6.18,6.47,6.94,6.65,6.42,6.72,6.75,6.7,6.38,6.52,6.3,6.3,6.45,6.42,6.89,6.47,6.5
27071,6.08,6.23,6.72,6.42,6.35,6.18,6.15,5.98,6.18,6.47,6.94,6.65,6.42,6.72,6.75,6.7,6.38,6.52,6.3,6.3,6.45,6.42,6.89,6.47,6.5
27073,6.08,6.23,6.72,6.42,6.35,6.18,6.15,5.98,6.18,6.47,6.94,6.65,6.42,6.72,6.75,6.7,6.38,6.52,6.3,6.3,6.45,6.42,6.89,6.47,6.5
27075,6.08,6.23,6.72,6.42,6.35,6.18,6.15,5.98,6.18,6.47,6.94,6.65,6.42,6.72,6.75,6.7,6.38,6.52,6.3,6.3,6.45,6.42,6.89,6.47,6.5
27077,6.08,6.23,6.72,6.42,6.35,6.18,6.15,5.98,6.18,6.47,6.94,6.65,6.42,6.72,6.75,6.7,6.38,6.52,6.3,6.3,6.45,6.42,6.89,6.47,6.5
27079,6.08,6.23,6.72,6.42,6.35,6.18,6.15,5.98,6.18,6.47,6.94,6.65,6.42,6.72,6.75,6.7,6.38,6.52,6.3,6.3,6.45,6.42,6.89,6.47,6.5
27081,6.08,6.23,6.72,6.42,6.35,6.18,6.15,5.98,6.18,6.47,6.94,6.65,6.42,6.72,6.75,6.7,6.38,6.52,6.3,6.3,6.45,6.42,6.89,6.47,6.5
27083,6.08,6.23,6.72,6.42,6.35,6.18,6.15,5.98,6.18,6.47,6.94,6.65,6.42,6.72,6.75,6.7,6.38,6.52,6.3,6.3,6.45,6.42,6.89,6.47,6.5
27085,6.08,6.23,6.72,6.42,6.35,6.18,6.15,5.98,6.18,6.47,6.94,6.65,6.42,6.72,6.75,6.7,6.38,6.52,6.3,6.3,6.45,6.42,6.89,6.47,6.5
27087,6.08,6.23,6.72,6.42,6.35,6.18,6.15,5.98,6.18,6.47,6.94,6.65,6.42,6.72,6.75,6.7,6.38,6.52,6.3,6.3,6.45,6.42,6.89,6.47,6.5
27089,6.08,6.23,6.72,6.42,6.35,6.18,6.15,5.98,6.18,6.47,6.94,6.65,6.42,6.72,6.75,6.7,6.38,6.52,6.3,6.3,6.45,6.42,6.89,6.47,6.5
27091,6.08,6.23,6.72,6.42,6.35,6.18,6.15,5.98,6.18,6.47,6.94,6.65,6.42,6.72,6.75,6.7,6.38,6.52,6.3,6.3,6.45,6.42,6.89,6.47,6.5
27093,6.08,6.23,6.72,6.42,6.35,6.18,6.15,5.98,6.18,6.47,6.94,6.65,6.42,6.72,6.75,6.7,6.38,6.52,6.3,6.3,6.45,6.42,6.89,6.47,6.5
27095,6.08,6.23,6.72,6.42,6.35,6.18,6.15,5.98,6.18,6.47,6.94,6.65,6.42,6.72,6.75,6.7,6.38,6.52,6.3,6.3,6.45,6.42,6.89,6.47,6.5
27097,6.08,6.23,6.72,6.42,6.35,6.18,6.15,5.98,6.18,6.47,6.94,6.65,6.42,6.72,6.75,6.7,6.38,6.52,6.3,6.3,6.45,6.42,6.89,6.47,6.5
27099,6.08,6.23,6.72,6.42,6.35,6.18,6.15,5.98,6.18,6.47,6.94,6.65,6.42,6.72,6.75,6.7,6.38,6.52,6.3,6.3,6.45,6.42,6.89,6.47,6.5
27101,6.08,6.23,6.72,6.42,6.35,6.18,6.15,5.98,6.18,6.47,6.94,6.65,6.42,6.72,6.75,6.7,6.38,6.52,6.3,6.3,6.45,6.42,6.89,6.47,6.5
27103,6.08,6.23,6.72,6.42,6.35,6.18,6.15,5.98,6.18,6.47,6.94,6.65,6.42,6.72,6.75,6.7,6.38,6.52,6.3,6.3,6.45,6.42,6.89,6.47,6.5
27105,6.08,6.23,6.72,6.42,6.35,6.18,6.15,5.98,6.18,6.47,6.94,6.65,6.42,6.72,6.75,6.7,6.38,6.52,6.3,6.3,6.45,6.42,6.89,6.47,6.5
27107,6.08,6.23,6.72,6.42,6.35,6.18,6.15,5.98,6.18,6.47,6.94,6.65,6.42,6.72,6.75,6.7,6.38,6.52,6.3,6.3,6.45,6.42,6.89,6.47,6.5
27109,6.08,6.23,6.72,6.42,6.35,6.18,6.15,5.98,6.18,6.47,6.94,6.65,6.42,6.72,6.75,6.7,6.38,6.52,6.3,6.3,6.45,6.42,6.89,6.47,6.5
27111,6.08,6.23,6.72,6.42,6.35,6.18,6.15,5.98,6.18,6.47,6.94,6.65,6.42,6.72,6.75,6.7,6.38,6.52,6.3,6.3,6.45,6.42,6.89,6.47,6.5
27113,6.08,6.23,6.72,6.42,6.35,6.18,6.15,5.98,6.18,6.47,6.94,6.65,6.42,6.72,6.75,6.7,6.38,6.52,6.3,6.3,6.45,6.42,6.89,6.47,6.5
27115,6.08,6.23,6.72,6.42,6.35,6.18,6.15,5.98,6.18,6.47,6.94,6.65,6.42,6.72,6.75,6.7,6.38,6.52,6.3,6.3,6.45,6.42,6.89,6.47,6.5
27117,6.08,6.23,6.72,6.42,6.35,6.18,6.15,5.98,6.18,6.47,6.94,6.65,6.42,6.72,6.75,6.7,6.38,6.52,6.3,6.3,6.45,6.42,6.89,6.47,6.5
27119,6.08,6.23,6.72,6.42,6.35,6.18,6.15,5.98,6.18,6.47,6.94,6.65,6.42,6.72,6.75,6.7,6.38,6.52,6.3,6.3,6.45,6.42,6.89,6.47,6.5
27121,6.08,6.23,6.72,6.42,6.35,6.18,6.15,5.98,6.18,6.47,6.94,6.65,6.42,6.72,6.75,6.7,6.38,6.52,6.3,6.3,6.45,6.42,6.89,6.47,6.5
27123,6.08,6.23,6.72,6.42,6.35,6.18,6.15,5.98,6.18,6.47,6.94,6.65,6.42,6.72,6.75,6.7,6.38,6.52,6.3,6.3,6.45,6.42,6.89,6.47,6.5
27125,6.08,6.23,6.72,6.42,6.35,6.18,6.15,5.98,6.18,6.47,6.94,6.65,6.42,6.72,6.75,6.7,6.38,6.52,6.3,6.3,6.45,6.42,6.89,6.47,6.5
27127,6.08,6.23,6.72,6.42,6.35,6.18,6.15,5.98,6.18,6.47,6.94,6.65,6.42,6.72,6.75,6.7,6.38,6.52,6.3,6.3,6.45,6.42,6.89,6.47,6.5
27129,6.08,6.23,6.72,6.42,6.35,6.18,6.15,5.98,6.18,6.47,6.94,6.65,6.42,6.72,6.75,6.7,6.38,6.52,6.3,6.3,6.45,6.42,6.89,6.47,6.5
27131,6.08,6.23,6.72,6.42,6.35,6.18,6.15,5.98,6.18,6.47,6.94,6.65,6.42,6.72,6.75,6.7,6.38,6.52,6.3,6.3,6.45,6.42,6.89,6.47,6.5
27133,6.08,6.23,6.72,6.42,6.35,6.18,6.15,5.98,6.18,6.47,6.94,6.65,6.42,6.72,6.75,6.7,6.38,6.52,6.3,6.3,6.45,6.42,6.89,6.47,6.5
27135,6.08,6.23,6.72,6.42,6.35,6.18,6.15,5.98,6.18,6.47,6.94,6.65,6.42,6.72,6.75,6.7,6.38,6.52,6.3,6.3,6.45,6.42,6.89,6.47,6.5
27137,6.08,6.23,6.72,6.42,6.35,6.18,6.15,5.98,6.18,6.47,6.94,6.65,6.42,6.72,6.75,6.7,6.38,6.52,6.3,6.3,6.45,6.42,6.89,6.47,6.5
27139,6.08,6.23,6.72,6.42,6.35,6.18,6.15,5.98,6.18,6.47,6.94,6.65,6.42,6.72,6.75,6.7,6.38,6.52,6.3,6.3,6.45,6.42,6.89,6.47,6.5
27141,6.08,6.23,6.72,6.42,6.35,6.18,6.15,5.98,6.18,6.47,6.94,6.65,6.42,6.72,6.75,6.7,6.38,6.52,6.3,6.3,6.45,6.42,6.89,6.47,6.5
27143,6.08,6.23,6.72,6.42,6.35,6.18,6.15,5.98,6.18,6.47,6.94,6.65,6.42,6.72,6.75,6.7,6.38,6.52,6.3,6.3,6.45,6.42,6.89,6.47,6.5
27145,6.08,6.23,6.72,6.42,6.35,6.18,6.15,5.98,6.18,6.47,6.94,6.65,6.42,6.72,6.75,6.7,6.38,6.52,6.3,6.3,6.45,6.42,6.89,6.47,6.5
27147,6.08,6.23,6.72,6.42,6.35,6.18,6.15,5.98,6.18,6.47,6.94,6.65,6.42,6.72,6.75,6.7,6.38,6.52,6.3,6.3,6.45,6.42,6.89,6.47,6.5
27149,6.08,6.23,6.72,6.42,6.35,6.18,6.15,5.98,6.18,6.47,6.94,6.65,6.42,6.72,6.75,6.7,6.38,6.52,6.3,6.3,6.45,6.42,6.89,6.47,6.5
27151,6.08,6.23,6.72,6.42,6.35,6.18,6.15,5.98,6.18,6.47,6.94,6.65,6.42,6.72,6.75,6.7,6.38,6.52,6.3,6.3,6.45,6.42,6.89,6.47,6.5
27153,6.08,6.23,6.72,6.42,6.35,6.18,6.15,5.98,6.18,6.47,6.94,6.65,6.42,6.72,6.75,6.7,6.38,6.52,6.3,6.3,6.45,6.42,6.89,6.47,6.5
27155,6.08,6.23,6.72,6.42,6.35,6.18,6.15,5.98,6.18,6.47,6.94,6.65,6.42,6.72,6.75,6.7,6.38,6.52,6.3,6.3,6.45,6.42,6.89,6.47,6.5
27157,6.08,6.23,6.72,6.42,6.35,6.18,6.15,5.98,6.18,6.47,6.94,6.65,6.42,6.72,6.75,6.7,6.38,6.52,6.3,6.3,6.45,6.42,6.89,6.47,6.5
27159,6.08,6.23,6.72,6.42,6.35,6.18,6.15,5.98,6.18,6.47,6.94,6.65,6.42,6.72,6.75,6.7,6.38,6.52,6.3,6.3,6.45,6.42,6.89,6.47,6.5
27161,6.08,6.23,6.72,6.42,6.35,6.18,6.15,5.98,6.18,6.47,6.94,6.65,6.42,6.72,6.75,6.7,6.38,6.52,6.3,6.3,6.45,6.42,6.89,6.47,6.5
27163,6.08,6.23,6.72,6.42,6.35,6.18,6.15,5.98,6.18,6.47,6.94,6.65,6.42,6.72,6.75,6.7,6.38,6.52,6.3,6.3,6.45,6.42,6.89,6.47,6.5
27165,6.08,6.23,6.72,6.42,6.35,6.18,6.15,5.98,6.18,6.47,6.94,6.65,6.42,6.72,6.75,6.7,6.38,6.52,6.3,6.3,6.45,6.42,6.89,6.47,6.5
27167,6.08,6.23,6.72,6.42,6.35,6.18,6.15,5.98,6.18,6.47,6.94,6.65,6.42,6.72,6.75,6.7,6.38,6.52,6.3,6.3,6.45,6.42,6.89,6.47,6.5
27169,6.08,6.23,6.72,6.42,6.35,6.18,6.15,5.98,6.18,6.47,6.94,6.65,6.42,6.72,6.75,6.7,6.38,6.52,6.3,6.3,6.45,6.42,6.89,6.47,6.5
27171,6.08,6.23,6.72,6.42,6.35,6.18,6.15,5.98,6.18,6.47,6.94,6.65,6.42,6.72,6.75,6.7,6.38,6.52,6.3,6.3,6.45,6.42,6.89,6.47,6.5
27173,6.08,6.23,6.72,6.42,6.35,6.18,6.15,5.98,6.18,6.47,6.94,6.65,6.42,6.72,6.75,6.7,6.38,6.52,6.3,6.3,6.45,6.42,6.89,6.47,6.5
28001,6.08,6.23,6.72,6.42,6.35,6.18,6.15,5.98,6.18,6.47,6.94,6.65,6.42,6.72,6.75,6.7,6.38,6.52,6.3,6.3,6.45,6.42,6.89,6.47,6.5
28003,6.08,6.23,6.72,6.42,6.35,6.18,6.15,5.98,6.18,6.47,6.94,6.65,6.42,6.72,6.75,6.7,6.38,6.52,6.3,6.3,6.45,6.42,6.89,6.47,6.5
28005,6.08,6.23,6.72,6.42,6.35,6.18,6.15,5.98,6.18,6.47,6.94,6.65,6.42,6.72,6.75,6.7,6.38,6.52,6.3,6.3,6.45,6.42,6.89,6.47,6.5
28007,6.08,6.23,6.72,6.42,6.35,6.18,6.15,5.98,6.18,6.47,6.94,6.65,6.42,6.72,6.75,6.7,6.38,6.52,6.3,6.3,6.45,6.42,6.89,6.47,6.5
28009,6.08,6.23,6.72,6.42,6.35,6.18,6.15,5.98,6.18,6.47,6.94,6.65,6.42,6.72,6.75,6.7,6.38,6.52,6.3,6.3,6.45,6.42,6.89,6.47,6.5
28011,6.08,6.23,6.72,6.42,6.35,6.18,6.15,5.98,6.18,6.47,6.94,6.65,6.42,6.72,6.75,6.7,6.38,6.52,6.3,6.3,6.45,6.42,6.89,6.47,6.5
28013,6.08,6.23,6.72,6.42,6.35,6.18,6.15,5.98,6.18,6.47,6.94,6.65,6.42,6.72,6.75,6.7,6.38,6.52,6.3,6.3,6.45,6.42,6.89,6.47,6.5
28015,6.08,6.23,6.72,6.42,6.35,6.18,6.15,5.98,6.18,6.47,6.94,6.65,6.42,6.72,6.75,6.7,6.38,6.52,6.3,6.3,6.45,6.42,6.89,6.47,6.5
28017,6.08,6.23,6.72,6.42,6.35,6.18,6.15,5.98,6.18,6.47,6.94,6.65,6.42,6.72,6.75,6.7,6.38,6.52,6.3,6.3,6.45,6.42,6.89,6.47,6.5
28019,6.08,6.23,6.72,6.42,6.35,6.18,6.15,5.98,6.18,6.47,6.94,6.65,6.42,6.72,6.75,6.7,6.38,6.52,6.3,6.3,6.45,6.42,6.89,6.47,6.5
28021,6.08,6.23,6.72,6.42,6.35,6.18,6.15,5.98,6.18,6.47,6.94,6.65,6.42,6.72,6.75,6.7,6.38,6.52,6.3,6.3,6.45,6.42,6.89,6.47,6.5
28023,6.08,6.23,6.72,6.42,6.35,6.18,6.15,5.98,6.18,6.47,6.94,6.65,6.42,6.72,6.75,6.7,6.38,6.52,6.3,6.3,6.45,6.42,6.89,6.47,6.5
28025,6.08,6.23,6.72,6.42,6.35,6.18,6.15,5.98,6.18,6.47,6.94,6.65,6.42,6.72,6.75,6.7,6.38,6.52,6.3,6.3,6.45,6.42,6.89,6.47,6.5
28027,6.08,6.23,6.72,6.42,6.35,6.18,6.15,5.98,6.18,6.47,6.94,6.65,6.42,6.72,6.75,6.7,6.38,6.52,6.3,6.3,6.45,6.42,6.89,6.47,6.5
28029,6.08,6.23,6.72,6.42,6.35,6.18,6.15,5.98,6.18,6.47,6.94,6.65,6.42,6.72,6.75,6.7,6.38,6.52,6.3,6.3,6.45,6.42,6.89,6.47,6.5
28031,6.08,6.23,6.72,6.42,6.35,6.18,6.15,5.98,6.18,6.47,6.94,6.65,6.42,6.72,6.75,6.7,6.38,6.52,6.3,6.3,6.45,6.42,6.89,6.47,6.5
28033,6.08,6.23,6.72,6.42,6.35,6.18,6.15,5.98,6.18,6.47,6.94,6.65,6.42,6.72,6.75,6.7,6.38,6.52,6.3,6.3,6.45,6.42,6.89,6.47,6.5
28035,6.08,6.23,6.72,6.42,6.35,6.18,6.15,5.98,6.18,6.47,6.94,6.65,6.42,6.72,6.75,6.7,6.38,6.52,6.3,6.3,6.45,6.42,6.89,6.47,6.5
28037,6.08,6.23,6.72,6.42,6.35,6.18,6.15,5.98,6.18,6.47,6.94,6.65,6.42,6.72,6.75,6.7,6.38,6.52,6.3,6.3,6.45,6.42,6.89,6.47,6.5
28039,6.08,6.23,6.72,6.42,6.35,6.18,6.15,5.98,6.18,6.47,6.94,6.65,6.42,6.72,6.75,6.7,6.38,6.52,6.3,6.3,6.45,6.42,6.89,6.47,6.5
28041,6.08,6.23,6.72,6.42,6.35,6.18,6.15,5.98,6.18,6.47,6.94,6.65,6.42,6.72,6.75,6.7,6.38,6.52,6.3,6.3,6.45,6.42,6.89,6.47,6.5
28043,6.08,6.23,6.72,6.42,6.35,6.18,6.15,5.98,6.18,6.47,6.94,6.65,6.42,6.72,6.75,6.7,6.38,6.52,6.3,6.3,6.45,6.42,6.89,6.47,6.5
28045,6.08,6.23,6.72,6.42,6.35,6.18,6.15,5.98,6.18,6.47,6.94,6.65,6.42,6.72,6.75,6.7,6.38,6.52,6.3,6.3,6.45,6.42,6.89,6.47,6.5
28047,6.08,6.23,6.72,6.42,6.35,6.18,6.15,5.98,6.18,6.47,6.94,6.65,6.42,6.72,6.75,6.7,6.38,6.52,6.3,6.3,6.45,6.42,6.89,6.47,6.5
28049,6.08,6.23,6.72,6.42,6.35,6.18,6.15,5.98,6.18,6.47,6.94,6.65,6.42,6.72,6.75,6.7,6.38,6.52,6.3,6.3,6.45,6.42,6.89,6.47,6.5
28051,6.08,6.23,6.72,6.42,6.35,6.18,6.15,5.98,6.18,6.47,6.94,6.65,6.42,6.72,6.75,6.7,6.38,6.52,6.3,6.3,6.45,6.42,6.89,6.47,6.5
28053,6.08,6.23,6.72,6.42,6.35,6.18,6.15,5.98,6.18,6.47,6.94,6.65,6.42,6.72,6.75,6.7,6.38,6.52,6.3,6.3,6.45,6.42,6.89,6.47,6.5
28055,6.08,6.23,6.72,6.42,6.35,6.18,6.15,5.98,6.18,6.47,6.94,6.65,6.42,6.72,6.75,6.7,6.38,6.52,6.3,6.3,6.45,6.42,6.89,6.47,6.5
28057,6.08,6.23,6.72,6.42,6.35,6.18,6.15,5.98,6.18,6.47,6.94,6.65,6.42,6.72,6.75,6.7,6.38,6.52,6.3,6.3,6.45,6.42,6.89,6.47,6.5
28059,6.08,6.23,6.72,6.42,6.35,6.18,6.15,5.98,6.18,6.47,6.94,6.65,6.42,6.72,6.75,6.7,6.38,6.52,6.3,6.3,6.45,6.42,6.89,6.47,6.5
28061,6.08,6.23,6.72,6.42,6.35,6.18,6.15,5.98,6.18,6.47,6.94,6.65,6.42,6.72,6.75,6.7,6.38,6.52,6.3,6.3,6.45,6.42,6.89,6.47,6.5
28063,6.08,6.23,6.72,6.42,6.35,6.18,6.15,5.98,6.18,6.47,6.94,6.65,6.42,6.72,6.75,6.7,6.38,6.52,6.3,6.3,6.45,6.42,6.89,6.47,6.5
28065,6.08,6.23,6.72,6.42,6.35,6.18,6.15,5.98,6.18,6.47,6.94,6.65,6.42,6.72,6.75,6.7,6.38,6.52,6.3,6.3,6.45,6.42,6.89,6.47,6.5
28067,6.08,6.23,6.72,6.42,6.35,6.18,6.15,5.98,6.18,6.47,6.94,6.65,6.42,6.72,6.75,6.7,6.38,6.52,6.3,6.3,6.45,6.42,6.89,6.47,6.5
28069,6.08,6.23,6.72,6.42,6.35,6.18,6.15,5.98,6.18,6.47,6.94,6.65,6.42,6.72,6.75,6.7,6.38,6.52,6.3,6.3,6.45,6.42,6.89,6.47,6.5
28071,6.08,6.23,6.72,6.42,6.35,6.18,6.15,5.98,6.18,6.47,6.94,6.65,6.42,6.72,6.75,6.7,6.38,6.52,6.3,6.3,6.45,6.42,6.89,6.47,6.5
28073,6.08,6.23,6.72,6.42,6.35,6.18,6.15,5.98,6.18,6.47,6.94,6.65,6.42,6.72,6.75,6.7,6.38,6.52,6.3,6.3,6.45,6.42,6.89,6.47,6.5
28075,6.08,6.23,6.72,6.42,6.35,6.18,6.15,5.98,6.18,6.47,6.94,6.65,6.42,6.72,6.75,6.7,6.38,6.52,6.3,6.3,6.45,6.42,6.89,6.47,6.5
28077,6.08,6.23,6.72,6.42,6.35,6.18,6.15,5.98,6.18,6.47,6.94,6.65,6.42,6.72,6.75,6.7,6.38,6.52,6.3,6.3,6.45,6.42,6.89,6.47,6.5
28079,6.08,6.23,6.72,6.42,6.35,6.18,6.15,5.98,6.18,6.47,6.94,6.65,6.42,6.72,6.75,6.7,6.38,6.52,6.3,6.3,6.45,6.42,6.89,6.47,6.5
28081,6.08,6.23,6.72,6.42,6.35,6.18,6.15,5.98,6.18,6.47,6.94,6.65,6.42,6.72,6.75,6.7,6.38,6.52,6.3,6.3,6.45,6.42,6.89,6.47,6.5
28083,6.08,6.23,6.72,6.42,6.35,6.18,6.15,5.98,6.18,6.47,6.94,6.65,6.42,6.72,6.75,6.7,6.38,6.52,6.3,6.3,6.45,6.42,6.89,6.47,6.5
28085,6.08,6.23,6.72,6.42,6.35,6.18,6.15,5.98,6.18,6.47,6.94,6.65,6.42,6.72,6.75,6.7,6.38,6.52,6.3,6.3,6.45,6.42,6.89,6.47,6.5
28087,6.08,6.23,6.72,6.42,6.35,6.18,6.15,5.98,6.18,6.47,6.94,6.65,6.42,6.72,6.75,6.7,6.38,6.52,6.3,6.3,6.45,6.42,6.89,6.47,6.5
28089,6.08,6.23,6.72,6.42,6.35,6.18,6.15,5.98,6.18,6.47,6.94,6.65,6.42,6.72,6.75,6.7,6.38,6.52,6.3,6.3,6.45,6.42,6.89,6.47,6.5
28091,6.08,6.23,6.72,6.42,6.35,6.18,6.15,5.98,6.18,6.47,6.94,6.65,6.42,6.72,6.75,6.7,6.38,6.52,6.3,6.3,6.45,6.42,6.89,6.47,6.5
28093,6.08,6.23,6.72,6.42,6.35,6.18,6.15,5.98,6.18,6.47,6.94,6.65,6.42,6.72,6.75,6.7,6.38,6.52,6.3,6.3,6.45,6.42,6.89,6.47,6.5
28095,6.08,6.23,6.72,6.42,6.35,6.18,6.15,5.98,6.18,6.47,6.94,6.65,6.42,6.72,6.75,6.7,6.38,6.52,6.3,6.3,6.45,6.42,6.89,6.47,6.5
28097,6.08,6.23,6.72,6.42,6.35,6.18,6.15,5.98,6.18,6.47,6.94,6.65,6.42,6.72,6.75,6.7,6.38,6.52,6.3,6.3,6.45,6.42,6.89,6.47,6.5
28099,6.08,6.23,6.72,6.42,6.35,6.18,6.15,5.98,6.18,6.47,6.94,6.65,6.42,6.72,6.75,6.7,6.38,6.52,6.3,6.3,6.45,6.42,6.89,6.47,6.5
28101,6.08,6.23,6.72,6.42,6.35,6.18,6.15,5.98,6.18,6.47,6.94,6.65,6.42,6.72,6.75,6.7,6.38,6.52,6.3,6.3,6.45,6.42,6.89,6.47,6.5
28103,6.08,6.23,6.72,6.42,6.35,6.18,6.15,5.98,6.18,6.47,6.94,6.65,6.42,6.72,6.75,6.7,6.38,6.52,6.3,6.3,6.45,6.42,6.89,6.47,6.5
28105,6.08,6.23,6.72,6.42,6.35,6.18,6.15,5.98,6.18,6.47,6.94,6.65,6.42,6.72,6.75,6.7,6.38,6.52,6.3,6.3,6.45,6.42,6.89,6.47,6.5
28107,6.08,6.23,6.72,6.42,6.35,6.18,6.15,5.98,6.18,6.47,6.94,6.65,6.42,6.72,6.75,6.7,6.38,6.52,6.3,6.3,6.45,6.42,6.89,6.47,6.5
28109,6.08,6.23,6.72,6.42,6.35,6.18,6.15,5.98,6.18,6.47,6.94,6.65,6.42,6.72,6.75,6.7,6.38,6.52,6.3,6.3,6.45,6.42,6.89,6.47,6.5
28111,6.08,6.23,6.72,6.42,6.35,6.18,6.15,5.98,6.18,6.47,6.94,6.65,6.42,6.72,6.75,6.7,6.38,6.52,6.3,6.3,6.45,6.42,6.89,6.47,6.5
28113,6.08,6.23,6.72,6.42,6.35,6.18,6.15,5.98,6.18,6.47,6.94,6.65,6.42,6.72,6.75,6.7,6.38,6.52,6.3,6.3,6.45,6.42,6.89,6.47,6.5
28115,6.08,6.23,6.72,6.42,6.35,6.18,6.15,5.98,6.18,6.47,6.94,6.65,6.42,6.72,6.75,6.7,6.38,6.52,6.3,6.3,6.45,6.42,6.89,6.47,6.5
28117,6.08,6.23,6.72,6.42,6.35,6.18,6.15,5.98,6.18,6.47,6.94,6.65,6.42,6.72,6.75,6.7,6.38,6.52,6.3,6.3,6.45,6.42,6.89,6.47,6.5
28119,6.08,6.23,6.72,6.42,6.35,6.18,6.15,5.98,6.18,6.47,6.94,6.65,6.42,6.72,6.75,6.7,6.38,6.52,6.3,6.3,6.45,6.42,6.89,6.47,6.5
28121,6.08,6.23,6.72,6.42,6.35,6.18,6.15,5.98,6.18,6.47,6.94,6.65,6.42,6.72,6.75,6.7,6.38,6.52,6.3,6.3,6.45,6.42,6.89,6.47,6.5
28123,6.08,6.23,6.72,6.42,6.35,6.18,6.15,5.98,6.18,6.47,6.94,6.65,6.42,6.72,6.75,6.7,6.38,6.52,6.3,6.3,6.45,6.42,6.89,6.47,6.5
28125,6.08,6.23,6.72,6.42,6.35,6.18,6.15,5.98,6.18,6.47,6.94,6.65,6.42,6.72,6.75,6.7,6.38,6.52,6.3,6.3,6.45,6.42,6.89,6.47,6.5
28127,6.08,6.23,6.72,6.42,6.35,6.18,6.15,5.98,6.18,6.47,6.94,6.65,6.42,6.72,6.75,6.7,6.38,6.52,6.3,6.3,6.45,6.42,6.89,6.47,6.5
28129,6.08,6.23,6.72,6.42,6.35,6.18,6.15,5.98,6.18,6.47,6.94,6.65,6.42,6.72,6.75,6.7,6.38,6.52,6.3,6.3,6.45,6.42,6.89,6.47,6.5
28131,6.08,6.23,6.72,6.42,6.35,6.18,6.15,5.98,6.18,6.47,6.94,6.65,6.42,6.72,6.75,6.7,6.38,6.52,6.3,6.3,6.45,6.42,6.89,6.47,6.5
28133,6.08,6.23,6.72,6.42,6.35,6.18,6.15,5.98,6.18,6.47,6.94,6.65,6.42,6.72,6.75,6.7,6.38,6.52,6.3,6.3,6.45,6.42,6.89,6.47,6.5
28135,6.08,6.23,6.72,6.42,6.35,6.18,6.15,5.98,6.18,6.47,6.94,6.65,6.42,6.72,6.75,6.7,6.38,6.52,6.3,6.3,6.45,6.42,6.89,6.47,6.5
28137,6.08,6.23,6.72,6.42,6.35,6.18,6.15,5.98,6.18,6.47,6.94,6.65,6.42,6.72,6.75,6.7,6.38,6.52,6.3,6.3,6.45,6.42,6.89,6.47,6.5
28139,6.08,6.23,6.72,6.42,6.35,6.18,6.15,5.98,6.18,6.47,6.94,6.65,6.42,6.72,6.75,6.7,6.38,6.52,6.3,6.3,6.45,6.42,6.89,6.47,6.5
28141,6.08,6.23,6.72,6.42,6.35,6.18,6.15,5.98,6.18,6.47,6.94,6.65,6.42,6.72,6.75,6.7,6.38,6.52,6.3,6.3,6.45,6.42,6.89,6.47,6.5
28143,6.08,6.23,6.72,6.42,6.35,6.18,6.15,5.98,6.18,6.47,6.94,6.65,6.42,6.72,6.75,6.7,6.38,6.52,6.3,6.3,6.45,6.42,6.89,6.47,6.5
28145,6.08,6.23,6.72,6.42,6.35,6.18,6.15,5.98,6.18,6.47,6.94,6.65,6.42,6.72,6.75,6.7,6.38,6.52,6.3,6.3,6.45,6.42,6.89,6.47,6.5
28147,6.08,6.23,6.72,6.42,6.35,6.18,6.15,5.98,6.18,6.47,6.94,6.65,6.42,6.72,6.75,6.7,6.38,6.52,6.3,6.3,6.45,6.42,6.89,6.47,6.5
28149,6.08,6.23,6.72,6.42,6.35,6.18,6.15,5.98,6.18,6.47,6.94,6.65,6.42,6.72,6.75,6.7,6.38,6.52,6.3,6.3,6.45,6.42,6.89,6.47,6.5
28151,6.08,6.23,6.72,6.42,6.35,6.18,6.15,5.98,6.18,6.47,6.94,6.65,6.42,6.72,6.75,6.7,6.38,6.52,6.3,6.3,6.45,6.42,6.89,6.47,6.5
28153,6.08,6.23,6.72,6.42,6.35,6.18,6.15,5.98,6.18,6.47,6.94,6.65,6.42,6.72,6.75,6.7,6.38,6.52,6.3,6.3,6.45,6.42,6.89,6.47,6.5
28155,6.08,6.23,6.72,6.42,6.35,6.18,6.15,5.98,6.18,6.47,6.94,6.65,6.42,6.72,6.75,6.7,6.38,6.52,6.3,6.3,6.45,6.42,6.89,6.47,6.5
28157,6.08,6.23,6.72,6.42,6.35,6.18,6.15,5.98,6.18,6.47,6.94,6.65,6.42,6.72,6.75,6.7,6.38,6.52,6.3,6.3,6.45,6.42,6.89,6.47,6.5
28159,6.08,6.23,6.72,6.42,6.35,6.18,6.15,5.98,6.18,6.47,6.94,6.65,6.42,6.72,6.75,6.7,6.38,6.52,6.3,6.3,6.45,6.42,6.89,6.47,6.5
28161,6.08,6.23,6.72,6.42,6.35,6.18,6.15,5.98,6.18,6.47,6.94,6.65,6.42,6.72,6.75,6.7,6.38,6.52,6.3,6.3,6.45,6.42,6.89,6.47,6.5
28163,6.08,6.23,6.72,6.42,6.35,6.18,6.15,5.98,6.18,6.47,6.94,6.65,6.42,6.72,6.75,6.7,6.38,6.52,6.3,6.3,6.45,6.42,6.89,6.47,6.5
29001,6.08,6.23,6.72,6.42,6.35,6.18,6.15,5.98,6.18,6.47,6.94,6.65,6.42,6.72,6.75,6.7,6.38,6.52,6.3,6.3,6.45,6.42,6.89,6.47,6.5
29003,6.08,6.23,6.72,6.42,6.35,6.18,6.15,5.98,6.18,6.47,6.94,6.65,6.42,6.72,6.75,6.7,6.38,6.52,6.3,6.3,6.45,6.42,6.89,6.47,6.5
29005,6.08,6.23,6.72,6.42,6.35,6.18,6.15,5.98,6.18,6.47,6.94,6.65,6.42,6.72,6.75,6.7,6.38,6.52,6.3,6.3,6.45,6.42,6.89,6.47,6.5
29007,6.08,6.23,6.72,6.42,6.35,6.18,6.15,5.98,6.18,6.47,6.94,6.65,6.42,6.72,6.75,6.7,6.38,6.52,6.3,6.3,6.45,6.42,6.89,6.47,6.5
29009,6.08,6.23,6.72,6.42,6.35,6.18,6.15,5.98,6.18,6.47,6.94,6.65,6.42,6.72,6.75,6.7,6.38,6.52,6.3,6.3,6.45,6.42,6.89,6.47,6.5
29011,6.08,6.23,6.72,6.42,6.35,6.18,6.15,5.98,6.18,6.47,6.94,6.65,6.42,6.72,6.75,6.7,6.38,6.52,6.3,6.3,6.45,6.42,6.89,6.47,6.5
29013,6.08,6.23,6.72,6.42,6.35,6.18,6.15,5.98,6.18,6.47,6.94,6.65,6.42,6.72,6.75,6.7,6.38,6.52,6.3,6.3,6.45,6.42,6.89,6.47,6.5
29015,6.08,6.23,6.72,6.42,6.35,6.18,6.15,5.98,6.18,6.47,6.94,6.65,6.42,6.72,6.75,6.7,6.38,6.52,6.3,6.3,6.45,6.42,6.89,6.47,6.5
29017,6.08,6.23,6.72,6.42,6.35,6.18,6.15,5.98,6.18,6.47,6.94,6.65,6.42,6.72,6.75,6.7,6.38,6.52,6.3,6.3,6.45,6.42,6.89,6.47,6.5
29019,6.08,6.23,6.72,6.42,6.35,6.18,6.15,5.98,6.18,6.47,6.94,6.65,6.42,6.72,6.75,6.7,6.38,6.52,6.3,6.3,6.45,6.42,6.89,6.47,6.5
29021,6.08,6.23,6.72,6.42,6.35,6.18,6.15,5.98,6.18,6.47,6.94,6.65,6.42,6.72,6.75,6.7,6.38,6.52,6.3,6.3,6.45,6.42,6.89,6.47,6.5
29023,6.08,6.23,6.72,6.42,6.35,6.18,6.15,5.98,6.18,6.47,6.94,6.65,6.42,6.72,6.75,6.7,6.38,6.52,6.3,6.3,6.45,6.42,6.89,6.47,6.5
29025,6.08,6.23,6.72,6.42,6.35,6.18,6.15,5.98,6.18,6.47,6.94,6.65,6.42,6.72,6.75,6.7,6.38,6.52,6.3,6.3,6.45,6.42,6.89,6.47,6.5
29027,6.08,6.23,6.72,6.42,6.35,6.18,6.15,5.98,6.18,6.47,6.94,6.65,6.42,6.72,6.75,6.7,6.38,6.52,6.3,6.3,6.45,6.42,6.89,6.47,6.5
29029,6.08,6.23,6.72,6.42,6.35,6.18,6.15,5.98,6.18,6.47,6.94,6.65,6.42,6.72,6.75,6.7,6.38,6.52,6.3,6.3,6.45,6.42,6.89,6.47,6.5
29031,6.08,6.23,6.72,6.42,6.35,6.18,6.15,5.98,6.18,6.47,6.94,6.65,6.42,6.72,6.75,6.7,6.38,6.52,6.3,6.3,6.45,6.42,6.89,6.47,6.5
29033,6.08,6.23,6.72,6.42,6.35,6.18,6.15,5.98,6.18,6.47,6.94,6.65,6.42,6.72,6.75,6.7,6.38,6.52,6.3,6.3,6.45,6.42,6.89,6.47,6.5
29035,6.08,6.23,6.72,6.42,6.35,6.18,6.15,5.98,6.18,6.47,6.94,6.65,6.42,6.72,6.75,6.7,6.38,6.52,6.3,6.3,6.45,6.42,6.89,6.47,6.5
29037,6.08,6.23,6.72,6.42,6.35,6.18,6.15,5.98,6.18,6.47,6.94,6.65,6.42,6.72,6.75,6.7,6.38,6.52,6.3,6.3,6.45,6.42,6.89,6.47,6.5
29039,6.08,6.23,6.72,6.42,6.35,6.18,6.15,5.98,6.18,6.47,6.94,6.65,6.42,6.72,6.75,6.7,6.38,6.52,6.3,6.3,6.45,6.42,6.89,6.47,6.5
29041,6.08,6.23,6.72,6.42,6.35,6.18,6.15,5.98,6.18,6.47,6.94,6.65,6.42,6.72,6.75,6.7,6.38,6.52,6.3,6.3,6.45,6.42,6.89,6.47,6.5
29043,6.08,6.23,6.72,6.42,6.35,6.18,6.15,5.98,6.18,6.47,6.94,6.65,6.42,6.72,6.75,6.7,6.38,6.52,6.3,6.3,6.45,6.42,6.89,6.47,6.5
29045,6.08,6.23,6.72,6.42,6.35,6.18,6.15,5.98,6.18,6.47,6.94,6.65,6.42,6.72,6.75,6.7,6.38,6.52,6.3,6.3,6.45,6.42,6.89,6.47,6.5
29047,6.08,6.23,6.72,6.42,6.35,6.18,6.15,5.98,6.18,6.47,6.94,6.65,6.42,6.72,6.75,6.7,6.38,6.52,6.3,6.3,6.45,6.42,6.89,6.47,6.5
29049,6.08,6.23,6.72,6.42,6.35,6.18,6.15,5.98,6.18,6.47,6.94,6.65,6.42,6.72,6.75,6.7,6.38,6.52,6.3,6.3,6.45,6.42,6.89,6.47,6.5
29051,6.08,6.23,6.72,6.42,6.35,6.18,6.15,5.98,6.18,6.47,6.94,6.65,6.42,6.72,6.75,6.7,6.38,6.52,6.3,6.3,6.45,6.42,6.89,6.47,6.5
29053,6.08,6.23,6.72,6.42,6.35,6.18,6.15,5.98,6.18,6.47,6.94,6.65,6.42,6.72,6.75,6.7,6.38,6.52,6.3,6.3,6.45,6.42,6.89,6.47,6.5
29055,6.08,6.23,6.72,6.42,6.35,6.18,6.15,5.98,6.18,6.47,6.94,6.65,6.42,6.72,6.75,6.7,6.38,6.52,6.3,6.3,6.45,6.42,6.89,6.47,6.5
29057,6.08,6.23,6.72,6.42,6.35,6.18,6.15,5.98,6.18,6.47,6.94,6.65,6.42,6.72,6.75,6.7,6.38,6.52,6.3,6.3,6.45,6.42,6.89,6.47,6.5
29059,6.08,6.23,6.72,6.42,6.35,6.18,6.15,5.98,6.18,6.47,6.94,6.65,6.42,6.72,6.75,6.7,6.38,6.52,6.3,6.3,6.45,6.42,6.89,6.47,6.5
29061,6.08,6.23,6.72,6.42,6.35,6.18,6.15,5.98,6.18,6.47,6.94,6.65,6.42,6.72,6.75,6.7,6.38,6.52,6.3,6.3,6.45,6.42,6.89,6.47,6.5
29063,6.08,6.23,6.72,6.42,6.35,6.18,6.15,5.98,6.18,6.47,6.94,6.65,6.42,6.72,6.75,6.7,6.38,6.52,6.3,6.3,6.45,6.42,6.89,6.47,6.5
29065,6.08,6.23,6.72,6.42,6.35,6.18,6.15,5.98,6.18,6.47,6.94,6.65,6.42,6.72,6.75,6.7,6.38,6.52,6.3,6.3,6.45,6.42,6.89,6.47,6.5
29067,6.08,6.23,6.72,6.42,6.35,6.18,6.15,5.98,6.18,6.47,6.94,6.65,6.42,6.72,6.75,6.7,6.38,6.52,6.3,6.3,6.45,6.42,6.89,6.47,6.5
29069,6.08,6.23,6.72,6.42,6.35,6.18,6.15,5.98,6.18,6.47,6.94,6.65,6.42,6.72,6.75,6.7,6.38,6.52,6.3,6.3,6.45,6.42,6.89,6.47,6.5
29071,6.08,6.23,6.72,6.42,6.35,6.18,6.15,5.98,6.18,6.47,6.94,6.65,6.42,6.72,6.75,6.7,6.38,6.52,6.3,6.3,6.45,6.42,6.89,6.47,6.5
29073,6.08,6.23,6.72,6.42,6.35,6.18,6.15,5.98,6.18,6.47,6.94,6.65,6.42,6.72,6.75,6.7,6.38,6.52,6.3,6.3,6.45,6.42,6.89,6.47,6.5
29075,6.08,6.23,6.72,6.42,6.35,6.18,6.15,5.98,6.18,6.47,6.94,6.65,6.42,6.72,6.75,6.7,6.38,6.52,6.3,6.3,6.45,6.42,6.89,6.47,6.5
29077,6.08,6.23,6.72,6.42,6.35,6.18,6.15,5.98,6.18,6.47,6.94,6.65,6.42,6.72,6.75,6.7,6.38,6.52,6.3,6.3,6.45,6.42,6.89,6.47,6.5
29079,6.08,6.23,6.72,6.42,6.35,6.18,6.15,5.98,6.18,6.47,6.94,6.65,6.42,6.72,6.75,6.7,6.38,6.52,6.3,6.3,6.45,6.42,6.89,6.47,6.5
29081,6.08,6.23,6.72,6.42,6.35,6.18,6.15,5.98,6.18,6.47,6.94,6.65,6.42,6.72,6.75,6.7,6.38,6.52,6.3,6.3,6.45,6.42,6.89,6.47,6.5
29083,6.08,6.23,6.72,6.42,6.35,6.18,6.15,5.98,6.18,6.47,6.94,6.65,6.42,6.72,6.75,6.7,6.38,6.52,6.3,6.3,6.45,6.42,6.89,6.47,6.5
29085,6.08,6.23,6.72,6.42,6.35,6.18,6.15,5.98,6.18,6.47,6.94,6.65,6.42,6.72,6.75,6.7,6.38,6.52,6.3,6.3,6.45,6.42,6.89,6.47,6.5
29087,6.08,6.23,6.72,6.42,6.35,6.18,6.15,5.98,6.18,6.47,6.94,6.65,6.42,6.72,6.75,6.7,6.38,6.52,6.3,6.3,6.45,6.42,6.89,6.47,6.5
29089,6.08,6.23,6.72,6.42,6.35,6.18,6.15,5.98,6.18,6.47,6.94,6.65,6.42,6.72,6.75,6.7,6.38,6.52,6.3,6.3,6.45,6.42,6.89,6.47,6.5
29091,6.08,6.23,6.72,6.42,6.35,6.18,6.15,5.98,6.18,6.47,6.94,6.65,6.42,6.72,6.75,6.7,6.38,6.52,6.3,6.3,6.45,6.42,6.89,6.47,6.5
29093,6.08,6.23,6.72,6.42,6.35,6.18,6.15,5.98,6.18,6.47,6.94,6.65,6.42,6.72,6.75,6.7,6.38,6.52,6.3,6.3,6.45,6.42,6.89,6.47,6.5
29095,6.08,6.23,6.72,6.42,6.35,6.18,6.15,5.98,6.18,6.47,6.94,6.65,6.42,6.72,6.75,6.7,6.38,6.52,6.3,6.3,6.45,6.42,6.89,6.47,6.5
29097,6.08,6.23,6.72,6.42,6.35,6.18,6.15,5.98,6.18,6.47,6.94,6.65,6.42,6.72,6.75,6.7,6.38,6.52,6.3,6.3,6.45,6.42,6.89,6.47,6.5
29099,6.08,6.23,6.72,6.42,6.35,6.18,6.15,5.98,6.18,6.47,6.94,6.65,6.42,6.72,6.75,6.7,6.38,6.52,6.3,6.3,6.45,6.42,6.89,6.47,6.5
29101,6.08,6.23,6.72,6.42,6.35,6.18,6.15,5.98,6.18,6.47,6.94,6.65,6.42,6.72,6.75,6.7,6.38,6.52,6.3,6.3,6.45,6.42,6.89,6.47,6.5
29103,6.08,6.23,6.72,6.42,6.35,6.18,6.15,5.98,6.18,6.47,6.94,6.65,6.42,6.72,6.75,6.7,6.38,6.52,6.3,6.3,6.45,6.42,6.89,6.47,6.5
29105,6.08,6.23,6.72,6.42,6.35,6.18,6.15,5.98,6.18,6.47,6.94,6.65,6.42,6.72,6.75,6.7,6.38,6.52,6.3,6.3,6.45,6.42,6.89,6.47,6.5
29107,6.08,6.23,6.72,6.42,6.35,6.18,6.15,5.98,6.18,6.47,6.94,6.65,6.42,6.72,6.75,6.7,6.38,6.52,6.3,6.3,6.45,6.42,6.89,6.47,6.5
29109,6.08,6.23,6.72,6.42,6.35,6.18,6.15,5.98,6.18,6.47,6.94,6.65,6.42,6.72,6.75,6.7,6.38,6.52,6.3,6.3,6.45,6.42,6.89,6.47,6.5
29111,6.08,6.23,6.72,6.42,6.35,6.18,6.15,5.98,6.18,6.47,6.94,6.65,6.42,6.72,6.75,6.7,6.38,6.52,6.3,6.3,6.45,6.42,6.89,6.47,6.5
29113,6.08,6.23,6.72,6.42,6.35,6.18,6.15,5.98,6.18,6.47,6.94,6.65,6.42,6.72,6.75,6.7,6.38,6.52,6.3,6.3,6.45,6.42,6.89,6.47,6.5
29115,6.08,6.23,6.72,6.42,6.35,6.18,6.15,5.98,6.18,6.47,6.94,6.65,6.42,6.72,6.75,6.7,6.38,6.52,6.3,6.3,6.45,6.42,6.89,6.47,6.5
29117,6.08,6.23,6.72,6.42,6.35,6.18,6.15,5.98,6.18,6.47,6.94,6.65,6.42,6.72,6.75,6.7,6.38,6.52,6.3,6.3,6.45,6.42,6.89,6.47,6.5
29119,6.08,6.23,6.72,6.42,6.35,6.18,6.15,5.98,6.18,6.47,6.94,6.65,6.42,6.72,6.75,6.7,6.38,6.52,6.3,6.3,6.45,6.42,6.89,6.47,6.5
29121,6.08,6.23,6.72,6.42,6.35,6.18,6.15,5.98,6.18,6.47,6.94,6.65,6.42,6.72,6.75,6.7,6.38,6.52,6.3,6.3,6.45,6.42,6.89,6.47,6.5
29123,6.08,6.23,6.72,6.42,6.35,6.18,6.15,5.98,6.18,6.47,6.94,6.65,6.42,6.72,6.75,6.7,6.38,6.52,6.3,6.3,6.45,6.42,6.89,6.47,6.5
29125,6.08,6.23,6.72,6.42,6.35,6.18,6.15,5.98,6.18,6.47,6.94,6.65,6.42,6.72,6.75,6.7,6.38,6.52,6.3,6.3,6.45,6.42,6.89,6.47,6.5
29127,6.08,6.23,6.72,6.42,6.35,6.18,6.15,5.98,6.18,6.47,6.94,6.65,6.42,6.72,6.75,6.7,6.38,6.52,6.3,6.3,6.45,6.42,6.89,6.47,6.5
29129,6.08,6.23,6.72,6.42,6.35,6.18,6.15,5.98,6.18,6.47,6.94,6.65,6.42,6.72,6.75,6.7,6.38,6.52,6.3,6.3,6.45,6.42,6.89,6.47,6.5
29131,6.08,6.23,6.72,6.42,6.35,6.18,6.15,5.98,6.18,6.47,6.94,6.65,6.42,6.72,6.75,6.7,6.38,6.52,6.3,6.3,6.45,6.42,6.89,6.47,6.5
29133,6.08,6.23,6.72,6.42,6.35,6.18,6.15,5.98,6.18,6.47,6.94,6.65,6.42,6.72,6.75,6.7,6.38,6.52,6.3,6.3,6.45,6.42,6.89,6.47,6.5
29135,6.08,6.23,6.72,6.42,6.35,6.18,6.15,5.98,6.18,6.47,6.94,6.65,6.42,6.72,6.75,6.7,6.38,6.52,6.3,6.3,6.45,6.42,6.89,6.47,6.5
29137,6.08,6.23,6.72,6.42,6.35,6.18,6.15,5.98,6.18,6.47,6.94,6.65,6.42,6.72,6.75,6.7,6.38,6.52,6.3,6.3,6.45,6.42,6.89,6.47,6.5
29139,6.08,6.23,6.72,6.42,6.35,6.18,6.15,5.98,6.18,6.47,6.94,6.65,6.42,6.72,6.75,6.7,6.38,6.52,6.3,6.3,6.45,6.42,6.89,6.47,6.5
29141,6.08,6.23,6.72,6.42,6.35,6.18,6.15,5.98,6.18,6.47,6.94,6.65,6.42,6.72,6.75,6.7,6.38,6.52,6.3,6.3,6.45,6.42,6.89,6.47,6.5
29143,6.08,6.23,6.72,6.42,6.35,6.18,6.15,5.98,6.18,6.47,6.94,6.65,6.42,6.72,6.75,6.7,6.38,6.52,6.3,6.3,6.45,6.42,6.89,6.47,6.5
29145,6.08,6.23,6.72,6.42,6.35,6.18,6.15,5.98,6.18,6.47,6.94,6.65,6.42,6.72,6.75,6.7,6.38,6.52,6.3,6.3,6.45,6.42,6.89,6.47,6.5
29147,6.08,6.23,6.72,6.42,6.35,6.18,6.15,5.98,6.18,6.47,6.94,6.65,6.42,6.72,6.75,6.7,6.38,6.52,6.3,6.3,6.45,6.42,6.89,6.47,6.5
29149,6.08,6.23,6.72,6.42,6.35,6.18,6.15,5.98,6.18,6.47,6.94,6.65,6.42,6.72,6.75,6.7,6.38,6.52,6.3,6.3,6.45,6.42,6.89,6.47,6.5
29151,6.08,6.23,6.72,6.42,6.35,6.18,6.15,5.98,6.18,6.47,6.94,6.65,6.42,6.72,6.75,6.7,6.38,6.52,6.3,6.3,6.45,6.42,6.89,6.47,6.5
29153,6.08,6.23,6.72,6.42,6.35,6.18,6.15,5.98,6.18,6.47,6.94,6.65,6.42,6.72,6.75,6.7,6.38,6.52,6.3,6.3,6.45,6.42,6.89,6.47,6.5
29155,6.08,6.23,6.72,6.42,6.35,6.18,6.15,5.98,6.18,6.47,6.94,6.65,6.42,6.72,6.75,6.7,6.38,6.52,6.3,6.3,6.45,6.42,6.89,6.47,6.5
29157,6.08,6.23,6.72,6.42,6.35,6.18,6.15,5.98,6.18,6.47,6.94,6.65,6.42,6.72,6.75,6.7,6.38,6.52,6.3,6.3,6.45,6.42,6.89,6.47,6.5
29159,6.08,6.23,6.72,6.42,6.35,6.18,6.15,5.98,6.18,6.47,6.94,6.65,6.42,6.72,6.75,6.7,6.38,6.52,6.3,6.3,6.45,6.42,6.89,6.47,6.5
29161,6.08,6.23,6.72,6.42,6.35,6.18,6.15,5.98,6.18,6.47,6.94,6.65,6.42,6.72,6.75,6.7,6.38,6.52,6.3,6.3,6.45,6.42,6.89,6.47,6.5
29163,6.08,6.23,6.72,6.42,6.35,6.18,6.15,5.98,6.18,6.47,6.94,6.65,6.42,6.72,6.75,6.7,6.38,6.52,6.3,6.3,6.45,6.42,6.89,6.47,6.5
29165,6.08,6.23,6.72,6.42,6.35,6.18,6.15,5.98,6.18,6.47,6.94,6.65,6.42,6.72,6.75,6.7,6.38,6.52,6.3,6.3,6.45,6.42,6.89,6.47,6.5
29167,6.08,6.23,6.72,6.42,6.35,6.18,6.15,5.98,6.18,6.47,6.94,6.65,6.42,6.72,6.75,6.7,6.38,6.52,6.3,6.3,6.45,6.42,6.89,6.47,6.5
29169,6.08,6.23,6.72,6.42,6.35,6.18,6.15,5.98,6.18,6.47,6.94,6.65,6.42,6.72,6.75,6.7,6.38,6.52,6.3,6.3,6.45,6.42,6.89,6.47,6.5
29171,6.08,6.23,6.72,6.42,6.35,6.18,6.15,5.98,6.18,6.47,6.94,6.65,6.42,6.72,6.75,6.7,6.38,6.52,6.3,6.3,6.45,6.42,6.89,6.47,6.5
29173,6.08,6.23,6.72,6.42,6.35,6.18,6.15,5.98,6.18,6.47,6.94,6.65,6.42,6.72,6.75,6.7,6.38,6.52,6.3,6.3,6.45,6.42,6.89,6.47,6.5
29175,6.08,6.23,6.72,6.42,6.35,6.18,6.15,5.98,6.18,6.47,6.94,6.65,6.42,6.72,6.75,6.7,6.38,6.52,6.3,6.3,6.45,6.42,6.89,6.47,6.5
29177,6.08,6.23,6.72,6.42,6.35,6.18,6.15,5.98,6.18,6.47,6.94,6.65,6.42,6.72,6.75,6.7,6.38,6.52,6.3,6.3,6.45,6.42,6.89,6.47,6.5
29179,6.08,6.23,6.72,6.42,6.35,6.18,6.15,5.98,6.18,6.47,6.94,6.65,6.42,6.72,6.75,6.7,6.38,6.52,6.3,6.3,6.45,6.42,6.89,6.47,6.5
29181,6.08,6.23,6.72,6.42,6.35,6.18,6.15,5.98,6.18,6.47,6.94,6.65,6.42,6.72,6.75,6.7,6.38,6.52,6.3,6.3,6.45,6.42,6.89,6.47,6.5
29183,6.08,6.23,6.72,6.42,6.35,6.18,6.15,5.98,6.18,6.47,6.94,6.65,6.42,6.72,6.75,6.7,6.38,6.52,6.3,6.3,6.45,6.42,6.89,6.47,6.5
29185,6.08,6.23,6.72,6.42,6.35,6.18,6.15,5.98,6.18,6.47,6.94,6.65,6.42,6.72,6.75,6.7,6.38,6.52,6.3,6.3,6.45,6.42,6.89,6.47,6.5
29186,6.08,6.23,6.72,6.42,6.35,6.18,6.15,5.98,6.18,6.47,6.94,6.65,6.42,6.72,6.75,6.7,6.38,6.52,6.3,6.3,6.45,6.42,6.89,6.47,6.5
29187,6.08,6.23,6.72,6.42,6.35,6.18,6.15,5.98,6.18,6.47,6.94,6.65,6.42,6.72,6.75,6.7,6.38,6.52,6.3,6.3,6.45,6.42,6.89,6.47,6.5
29189,6.08,6.23,6.72,6.42,6.35,6.18,6.15,5.98,6.18,6.47,6.94,6.65,6.42,6.72,6.75,6.7,6.38,6.52,6.3,6.3,6.45,6.42,6.89,6.47,6.5
29195,6.08,6.23,6.72,6.42,6.35,6.18,6.15,5.98,6.18,6.47,6.94,6.65,6.42,6.72,6.75,6.7,6.38,6.52,6.3,6.3,6.45,6.42,6.89,6.47,6.5
29197,6.08,6.23,6.72,6.42,6.35,6.18,6.15,5.98,6.18,6.47,6.94,6.65,6.42,6.72,6.75,6.7,6.38,6.52,6.3,6.3,6.45,6.42,6.89,6.47,6.5
29199,6.08,6.23,6.72,6.42,6.35,6.18,6.15,5.98,6.18,6.47,6.94,6.65,6.42,6.72,6.75,6.7,6.38,6.52,6.3,6.3,6.45,6.42,6.89,6.47,6.5
29201,6.08,6.23,6.72,6.42,6.35,6.18,6.15,5.98,6.18,6.47,6.94,6.65,6.42,6.72,6.75,6.7,6.38,6.52,6.3,6.3,6.45,6.42,6.89,6.47,6.5
29203,6.08,6.23,6.72,6.42,6.35,6.18,6.15,5.98,6.18,6.47,6.94,6.65,6.42,6.72,6.75,6.7,6.38,6.52,6.3,6.3,6.45,6.42,6.89,6.47,6.5
29205,6.08,6.23,6.72,6.42,6.35,6.18,6.15,5.98,6.18,6.47,6.94,6.65,6.42,6.72,6.75,6.7,6.38,6.52,6.3,6.3,6.45,6.42,6.89,6.47,6.5
29207,6.08,6.23,6.72,6.42,6.35,6.18,6.15,5.98,6.18,6.47,6.94,6.65,6.42,6.72,6.75,6.7,6.38,6.52,6.3,6.3,6.45,6.42,6.89,6.47,6.5
29209,6.08,6.23,6.72,6.42,6.35,6.18,6.15,5.98,6.18,6.47,6.94,6.65,6.42,6.72,6.75,6.7,6.38,6.52,6.3,6.3,6.45,6.42,6.89,6.47,6.5
29211,6.08,6.23,6.72,6.42,6.35,6.18,6.15,5.98,6.18,6.47,6.94,6.65,6.42,6.72,6.75,6.7,6.38,6.52,6.3,6.3,6.45,6.42,6.89,6.47,6.5
29213,6.08,6.23,6.72,6.42,6.35,6.18,6.15,5.98,6.18,6.47,6.94,6.65,6.42,6.72,6.75,6.7,6.38,6.52,6.3,6.3,6.45,6.42,6.89,6.47,6.5
29215,6.08,6.23,6.72,6.42,6.35,6.18,6.15,5.98,6.18,6.47,6.94,6.65,6.42,6.72,6.75,6.7,6.38,6.52,6.3,6.3,6.45,6.42,6.89,6.47,6.5
29217,6.08,6.23,6.72,6.42,6.35,6.18,6.15,5.98,6.18,6.47,6.94,6.65,6.42,6.72,6.75,6.7,6.38,6.52,6.3,6.3,6.45,6.42,6.89,6.47,6.5
29219,6.08,6.23,6.72,6.42,6.35,6.18,6.15,5.98,6.18,6.47,6.94,6.65,6.42,6.72,6.75,6.7,6.38,6.52,6.3,6.3,6.45,6.42,6.89,6.47,6.5
29221,6.08,6.23,6.72,6.42,6.35,6.18,6.15,5.98,6.18,6.47,6.94,6.65,6.42,6.72,6.75,6.7,6.38,6.52,6.3,6.3,6.45,6.42,6.89,6.47,6.5
29223,6.08,6.23,6.72,6.42,6.35,6.18,6.15,5.98,6.18,6.47,6.94,6.65,6.42,6.72,6.75,6.7,6.38,6.52,6.3,6.3,6.45,6.42,6.89,6.47,6.5
29225,6.08,6.23,6.72,6.42,6.35,6.18,6.15,5.98,6.18,6.47,6.94,6.65,6.42,6.72,6.75,6.7,6.38,6.52,6.3,6.3,6.45,6.42,6.89,6.47,6.5
29227,6.08,6.23,6.72,6.42,6.35,6.18,6.15,5.98,6.18,6.47,6.94,6.65,6.42,6.72,6.75,6.7,6.38,6.52,6.3,6.3,6.45,6.42,6.89,6.47,6.5
29229,6.08,6.23,6.72,6.42,6.35,6.18,6.15,5.98,6.18,6.47,6.94,6.65,6.42,6.72,6.75,6.7,6.38,6.52,6.3,6.3,6.45,6.42,6.89,6.47,6.5
29510,6.08,6.23,6.72,6.42,6.35,6.18,6.15,5.98,6.18,6.47,6.94,6.65,6.42,6.72,6.75,6.7,6.38,6.52,6.3,6.3,6.45,6.42,6.89,6.47,6.5
30001,6.08,6.23,6.72,6.42,6.35,6.18,6.15,5.98,6.18,6.47,6.94,6.65,6.42,6.72,6.75,6.7,6.38,6.52,6.3,6.3,6.45,6.42,6.89,6.47,6.5
30003,6.08,6.23,6.72,6.42,6.35,6.18,6.15,5.98,6.18,6.47,6.94,6.65,6.42,6.72,6.75,6.7,6.38,6.52,6.3,6.3,6.45,6.42,6.89,6.47,6.5
30005,6.08,6.23,6.72,6.42,6.35,6.18,6.15,5.98,6.18,6.47,6.94,6.65,6.42,6.72,6.75,6.7,6.38,6.52,6.3,6.3,6.45,6.42,6.89,6.47,6.5
30007,6.08,6.23,6.72,6.42,6.35,6.18,6.15,5.98,6.18,6.47,6.94,6.65,6.42,6.72,6.75,6.7,6.38,6.52,6.3,6.3,6.45,6.42,6.89,6.47,6.5
30009,6.08,6.23,6.72,6.42,6.35,6.18,6.15,5.98,6.18,6.47,6.94,6.65,6.42,6.72,6.75,6.7,6.38,6.52,6.3,6.3,6.45,6.42,6.89,6.47,6.5
30011,6.08,6.23,6.72,6.42,6.35,6.18,6.15,5.98,6.18,6.47,6.94,6.65,6.42,6.72,6.75,6.7,6.38,6.52,6.3,6.3,6.45,6.42,6.89,6.47,6.5
30013,6.08,6.23,6.72,6.42,6.35,6.18,6.15,5.98,6.18,6.47,6.94,6.65,6.42,6.72,6.75,6.7,6.38,6.52,6.3,6.3,6.45,6.42,6.89,6.47,6.5
30015,6.08,6.23,6.72,6.42,6.35,6.18,6.15,5.98,6.18,6.47,6.94,6.65,6.42,6.72,6.75,6.7,6.38,6.52,6.3,6.3,6.45,6.42,6.89,6.47,6.5
30017,6.08,6.23,6.72,6.42,6.35,6.18,6.15,5.98,6.18,6.47,6.94,6.65,6.42,6.72,6.75,6.7,6.38,6.52,6.3,6.3,6.45,6.42,6.89,6.47,6.5
30019,6.08,6.23,6.72,6.42,6.35,6.18,6.15,5.98,6.18,6.47,6.94,6.65,6.42,6.72,6.75,6.7,6.38,6.52,6.3,6.3,6.45,6.42,6.89,6.47,6.5
30021,6.08,6.23,6.72,6.42,6.35,6.18,6.15,5.98,6.18,6.47,6.94,6.65,6.42,6.72,6.75,6.7,6.38,6.52,6.3,6.3,6.45,6.42,6.89,6.47,6.5
30023,6.08,6.23,6.72,6.42,6.35,6.18,6.15,5.98,6.18,6.47,6.94,6.65,6.42,6.72,6.75,6.7,6.38,6.52,6.3,6.3,6.45,6.42,6.89,6.47,6.5
30025,6.08,6.23,6.72,6.42,6.35,6.18,6.15,5.98,6.18,6.47,6.94,6.65,6.42,6.72,6.75,6.7,6.38,6.52,6.3,6.3,6.45,6.42,6.89,6.47,6.5
30027,6.08,6.23,6.72,6.42,6.35,6.18,6.15,5.98,6.18,6.47,6.94,6.65,6.42,6.72,6.75,6.7,6.38,6.52,6.3,6.3,6.45,6.42,6.89,6.47,6.5
30029,6.08,6.23,6.72,6.42,6.35,6.18,6.15,5.98,6.18,6.47,6.94,6.65,6.42,6.72,6.75,6.7,6.38,6.52,6.3,6.3,6.45,6.42,6.89,6.47,6.5
30031,6.08,6.23,6.72,6.42,6.35,6.18,6.15,5.98,6.18,6.47,6.94,6.65,6.42,6.72,6.75,6.7,6.38,6.52,6.3,6.3,6.45,6.42,6.89,6.47,6.5
30033,6.08,6.23,6.72,6.42,6.35,6.18,6.15,5.98,6.18,6.47,6.94,6.65,6.42,6.72,6.75,6.7,6.38,6.52,6.3,6.3,6.45,6.42,6.89,6.47,6.5
30035,6.08,6.23,6.72,6.42,6.35,6.18,6.15,5.98,6.18,6.47,6.94,6.65,6.42,6.72,6.75,6.7,6.38,6.52,6.3,6.3,6.45,6.42,6.89,6.47,6.5
30037,6.08,6.23,6.72,6.42,6.35,6.18,6.15,5.98,6.18,6.47,6.94,6.65,6.42,6.72,6.75,6.7,6.38,6.52,6.3,6.3,6.45,6.42,6.89,6.47,6.5
30039,6.08,6.23,6.72,6.42,6.35,6.18,6.15,5.98,6.18,6.47,6.94,6.65,6.42,6.72,6.75,6.7,6.38,6.52,6.3,6.3,6.45,6.42,6.89,6.47,6.5
30041,6.08,6.23,6.72,6.42,6.35,6.18,6.15,5.98,6.18,6.47,6.94,6.65,6.42,6.72,6.75,6.7,6.38,6.52,6.3,6.3,6.45,6.42,6.89,6.47,6.5
30043,6.08,6.23,6.72,6.42,6.35,6.18,6.15,5.98,6.18,6.47,6.94,6.65,6.42,6.72,6.75,6.7,6.38,6.52,6.3,6.3,6.45,6.42,6.89,6.47,6.5
30045,6.08,6.23,6.72,6.42,6.35,6.18,6.15,5.98,6.18,6.47,6.94,6.65,6.42,6.72,6.75,6.7,6.38,6.52,6.3,6.3,6.45,6.42,6.89,6.47,6.5
30047,6.08,6.23,6.72,6.42,6.35,6.18,6.15,5.98,6.18,6.47,6.94,6.65,6.42,6.72,6.75,6.7,6.38,6.52,6.3,6.3,6.45,6.42,6.89,6.47,6.5
30049,6.08,6.23,6.72,6.42,6.35,6.18,6.15,5.98,6.18,6.47,6.94,6.65,6.42,6.72,6.75,6.7,6.38,6.52,6.3,6.3,6.45,6.42,6.89,6.47,6.5
30051,6.08,6.23,6.72,6.42,6.35,6.18,6.15,5.98,6.18,6.47,6.94,6.65,6.42,6.72,6.75,6.7,6.38,6.52,6.3,6.3,6.45,6.42,6.89,6.47,6.5
30053,6.08,6.23,6.72,6.42,6.35,6.18,6.15,5.98,6.18,6.47,6.94,6.65,6.42,6.72,6.75,6.7,6.38,6.52,6.3,6.3,6.45,6.42,6.89,6.47,6.5
30055,6.08,6.23,6.72,6.42,6.35,6.18,6.15,5.98,6.18,6.47,6.94,6.65,6.42,6.72,6.75,6.7,6.38,6.52,6.3,6.3,6.45,6.42,6.89,6.47,6.5
30057,6.08,6.23,6.72,6.42,6.35,6.18,6.15,5.98,6.18,6.47,6.94,6.65,6.42,6.72,6.75,6.7,6.38,6.52,6.3,6.3,6.45,6.42,6.89,6.47,6.5
30059,6.08,6.23,6.72,6.42,6.35,6.18,6.15,5.98,6.18,6.47,6.94,6.65,6.42,6.72,6.75,6.7,6.38,6.52,6.3,6.3,6.45,6.42,6.89,6.47,6.5
30061,6.08,6.23,6.72,6.42,6.35,6.18,6.15,5.98,6.18,6.47,6.94,6.65,6.42,6.72,6.75,6.7,6.38,6.52,6.3,6.3,6.45,6.42,6.89,6.47,6.5
30063,6.08,6.23,6.72,6.42,6.35,6.18,6.15,5.98,6.18,6.47,6.94,6.65,6.42,6.72,6.75,6.7,6.38,6.52,6.3,6.3,6.45,6.42,6.89,6.47,6.5
30065,6.08,6.23,6.72,6.42,6.35,6.18,6.15,5.98,6.18,6.47,6.94,6.65,6.42,6.72,6.75,6.7,6.38,6.52,6.3,6.3,6.45,6.42,6.89,6.47,6.5
30067,6.08,6.23,6.72,6.42,6.35,6.18,6.15,5.98,6.18,6.47,6.94,6.65,6.42,6.72,6.75,6.7,6.38,6.52,6.3,6.3,6.45,6.42,6.89,6.47,6.5
30069,6.08,6.23,6.72,6.42,6.35,6.18,6.15,5.98,6.18,6.47,6.94,6.65,6.42,6.72,6.75,6.7,6.38,6.52,6.3,6.3,6.45,6.42,6.89,6.47,6.5
30071,6.08,6.23,6.72,6.42,6.35,6.18,6.15,5.98,6.18,6.47,6.94,6.65,6.42,6.72,6.75,6.7,6.38,6.52,6.3,6.3,6.45,6.42,6.89,6.47,6.5
30073,6.08,6.23,6.72,6.42,6.35,6.18,6.15,5.98,6.18,6.47,6.94,6.65,6.42,6.72,6.75,6.7,6.38,6.52,6.3,6.3,6.45,6.42,6.89,6.47,6.5
30075,6.08,6.23,6.72,6.42,6.35,6.18,6.15,5.98,6.18,6.47,6.94,6.65,6.42,6.72,6.75,6.7,6.38,6.52,6.3,6.3,6.45,6.42,6.89,6.47,6.5
30077,6.08,6.23,6.72,6.42,6.35,6.18,6.15,5.98,6.18,6.47,6.94,6.65,6.42,6.72,6.75,6.7,6.38,6.52,6.3,6.3,6.45,6.42,6.89,6.47,6.5
30079,6.08,6.23,6.72,6.42,6.35,6.18,6.15,5.98,6.18,6.47,6.94,6.65,6.42,6.72,6.75,6.7,6.38,6.52,6.3,6.3,6.45,6.42,6.89,6.47,6.5
30081,6.08,6.23,6.72,6.42,6.35,6.18,6.15,5.98,6.18,6.47,6.94,6.65,6.42,6.72,6.75,6.7,6.38,6.52,6.3,6.3,6.45,6.42,6.89,6.47,6.5
30083,6.08,6.23,6.72,6.42,6.35,6.18,6.15,5.98,6.18,6.47,6.94,6.65,6.42,6.72,6.75,6.7,6.38,6.52,6.3,6.3,6.45,6.42,6.89,6.47,6.5
30085,6.08,6.23,6.72,6.42,6.35,6.18,6.15,5.98,6.18,6.47,6.94,6.65,6.42,6.72,6.75,6.7,6.38,6.52,6.3,6.3,6.45,6.42,6.89,6.47,6.5
30087,6.08,6.23,6.72,6.42,6.35,6.18,6.15,5.98,6.18,6.47,6.94,6.65,6.42,6.72,6.75,6.7,6.38,6.52,6.3,6.3,6.45,6.42,6.89,6.47,6.5
30089,6.08,6.23,6.72,6.42,6.35,6.18,6.15,5.98,6.18,6.47,6.94,6.65,6.42,6.72,6.75,6.7,6.38,6.52,6.3,6.3,6.45,6.42,6.89,6.47,6.5
30091,6.08,6.23,6.72,6.42,6.35,6.18,6.15,5.98,6.18,6.47,6.94,6.65,6.42,6.72,6.75,6.7,6.38,6.52,6.3,6.3,6.45,6.42,6.89,6.47,6.5
30093,6.08,6.23,6.72,6.42,6.35,6.18,6.15,5.98,6.18,6.47,6.94,6.65,6.42,6.72,6.75,6.7,6.38,6.52,6.3,6.3,6.45,6.42,6.89,6.47,6.5
30095,6.08,6.23,6.72,6.42,6.35,6.18,6.15,5.98,6.18,6.47,6.94,6.65,6.42,6.72,6.75,6.7,6.38,6.52,6.3,6.3,6.45,6.42,6.89,6.47,6.5
30097,6.08,6.23,6.72,6.42,6.35,6.18,6.15,5.98,6.18,6.47,6.94,6.65,6.42,6.72,6.75,6.7,6.38,6.52,6.3,6.3,6.45,6.42,6.89,6.47,6.5
30099,6.08,6.23,6.72,6.42,6.35,6.18,6.15,5.98,6.18,6.47,6.94,6.65,6.42,6.72,6.75,6.7,6.38,6.52,6.3,6.3,6.45,6.42,6.89,6.47,6.5
30101,6.08,6.23,6.72,6.42,6.35,6.18,6.15,5.98,6.18,6.47,6.94,6.65,6.42,6.72,6.75,6.7,6.38,6.52,6.3,6.3,6.45,6.42,6.89,6.47,6.5
30103,6.08,6.23,6.72,6.42,6.35,6.18,6.15,5.98,6.18,6.47,6.94,6.65,6.42,6.72,6.75,6.7,6.38,6.52,6.3,6.3,6.45,6.42,6.89,6.47,6.5
30105,6.08,6.23,6.72,6.42,6.35,6.18,6.15,5.98,6.18,6.47,6.94,6.65,6.42,6.72,6.75,6.7,6.38,6.52,6.3,6.3,6.45,6.42,6.89,6.47,6.5
30107,6.08,6.23,6.72,6.42,6.35,6.18,6.15,5.98,6.18,6.47,6.94,6.65,6.42,6.72,6.75,6.7,6.38,6.52,6.3,6.3,6.45,6.42,6.89,6.47,6.5
30109,6.08,6.23,6.72,6.42,6.35,6.18,6.15,5.98,6.18,6.47,6.94,6.65,6.42,6.72,6.75,6.7,6.38,6.52,6.3,6.3,6.45,6.42,6.89,6.47,6.5
30111,6.08,6.23,6.72,6.42,6.35,6.18,6.15,5.98,6.18,6.47,6.94,6.65,6.42,6.72,6.75,6.7,6.38,6.52,6.3,6.3,6.45,6.42,6.89,6.47,6.5
31001,6.08,6.23,6.72,6.42,6.35,6.18,6.15,5.98,6.18,6.47,6.94,6.65,6.42,6.72,6.75,6.7,6.38,6.52,6.3,6.3,6.45,6.42,6.89,6.47,6.5
31003,6.08,6.23,6.72,6.42,6.35,6.18,6.15,5.98,6.18,6.47,6.94,6.65,6.42,6.72,6.75,6.7,6.38,6.52,6.3,6.3,6.45,6.42,6.89,6.47,6.5
31005,6.08,6.23,6.72,6.42,6.35,6.18,6.15,5.98,6.18,6.47,6.94,6.65,6.42,6.72,6.75,6.7,6.38,6.52,6.3,6.3,6.45,6.42,6.89,6.47,6.5
31007,6.08,6.23,6.72,6.42,6.35,6.18,6.15,5.98,6.18,6.47,6.94,6.65,6.42,6.72,6.75,6.7,6.38,6.52,6.3,6.3,6.45,6.42,6.89,6.47,6.5
31009,6.08,6.23,6.72,6.42,6.35,6.18,6.15,5.98,6.18,6.47,6.94,6.65,6.42,6.72,6.75,6.7,6.38,6.52,6.3,6.3,6.45,6.42,6.89,6.47,6.5
31011,6.08,6.23,6.72,6.42,6.35,6.18,6.15,5.98,6.18,6.47,6.94,6.65,6.42,6.72,6.75,6.7,6.38,6.52,6.3,6.3,6.45,6.42,6.89,6.47,6.5
31013,6.08,6.23,6.72,6.42,6.35,6.18,6.15,5.98,6.18,6.47,6.94,6.65,6.42,6.72,6.75,6.7,6.38,6.52,6.3,6.3,6.45,6.42,6.89,6.47,6.5
31015,6.08,6.23,6.72,6.42,6.35,6.18,6.15,5.98,6.18,6.47,6.94,6.65,6.42,6.72,6.75,6.7,6.38,6.52,6.3,6.3,6.45,6.42,6.89,6.47,6.5
31017,6.08,6.23,6.72,6.42,6.35,6.18,6.15,5.98,6.18,6.47,6.94,6.65,6.42,6.72,6.75,6.7,6.38,6.52,6.3,6.3,6.45,6.42,6.89,6.47,6.5
31019,6.08,6.23,6.72,6.42,6.35,6.18,6.15,5.98,6.18,6.47,6.94,6.65,6.42,6.72,6.75,6.7,6.38,6.52,6.3,6.3,6.45,6.42,6.89,6.47,6.5
31021,6.08,6.23,6.72,6.42,6.35,6.18,6.15,5.98,6.18,6.47,6.94,6.65,6.42,6.72,6.75,6.7,6.38,6.52,6.3,6.3,6.45,6.42,6.89,6.47,6.5
31023,6.08,6.23,6.72,6.42,6.35,6.18,6.15,5.98,6.18,6.47,6.94,6.65,6.42,6.72,6.75,6.7,6.38,6.52,6.3,6.3,6.45,6.42,6.89,6.47,6.5
31025,6.08,6.23,6.72,6.42,6.35,6.18,6.15,5.98,6.18,6.47,6.94,6.65,6.42,6.72,6.75,6.7,6.38,6.52,6.3,6.3,6.45,6.42,6.89,6.47,6.5
31027,6.08,6.23,6.72,6.42,6.35,6.18,6.15,5.98,6.18,6.47,6.94,6.65,6.42,6.72,6.75,6.7,6.38,6.52,6.3,6.3,6.45,6.42,6.89,6.47,6.5
31029,6.08,6.23,6.72,6.42,6.35,6.18,6.15,5.98,6.18,6.47,6.94,6.65,6.42,6.72,6.75,6.7,6.38,6.52,6.3,6.3,6.45,6.42,6.89,6.47,6.5
31031,6.08,6.23,6.72,6.42,6.35,6.18,6.15,5.98,6.18,6.47,6.94,6.65,6.42,6.72,6.75,6.7,6.38,6.52,6.3,6.3,6.45,6.42,6.89,6.47,6.5
31033,6.08,6.23,6.72,6.42,6.35,6.18,6.15,5.98,6.18,6.47,6.94,6.65,6.42,6.72,6.75,6.7,6.38,6.52,6.3,6.3,6.45,6.42,6.89,6.47,6.5
31035,6.08,6.23,6.72,6.42,6.35,6.18,6.15,5.98,6.18,6.47,6.94,6.65,6.42,6.72,6.75,6.7,6.38,6.52,6.3,6.3,6.45,6.42,6.89,6.47,6.5
31037,6.08,6.23,6.72,6.42,6.35,6.18,6.15,5.98,6.18,6.47,6.94,6.65,6.42,6.72,6.75,6.7,6.38,6.52,6.3,6.3,6.45,6.42,6.89,6.47,6.5
31039,6.08,6.23,6.72,6.42,6.35,6.18,6.15,5.98,6.18,6.47,6.94,6.65,6.42,6.72,6.75,6.7,6.38,6.52,6.3,6.3,6.45,6.42,6.89,6.47,6.5
31041,6.08,6.23,6.72,6.42,6.35,6.18,6.15,5.98,6.18,6.47,6.94,6.65,6.42,6.72,6.75,6.7,6.38,6.52,6.3,6.3,6.45,6.42,6.89,6.47,6.5
31043,6.08,6.23,6.72,6.42,6.35,6.18,6.15,5.98,6.18,6.47,6.94,6.65,6.42,6.72,6.75,6.7,6.38,6.52,6.3,6.3,6.45,6.42,6.89,6.47,6.5
31045,6.08,6.23,6.72,6.42,6.35,6.18,6.15,5.98,6.18,6.47,6.94,6.65,6.42,6.72,6.75,6.7,6.38,6.52,6.3,6.3,6.45,6.42,6.89,6.47,6.5
31047,6.08,6.23,6.72,6.42,6.35,6.18,6.15,5.98,6.18,6.47,6.94,6.65,6.42,6.72,6.75,6.7,6.38,6.52,6.3,6.3,6.45,6.42,6.89,6.47,6.5
31049,6.08,6.23,6.72,6.42,6.35,6.18,6.15,5.98,6.18,6.47,6.94,6.65,6.42,6.72,6.75,6.7,6.38,6.52,6.3,6.3,6.45,6.42,6.89,6.47,6.5
31051,6.08,6.23,6.72,6.42,6.35,6.18,6.15,5.98,6.18,6.47,6.94,6.65,6.42,6.72,6.75,6.7,6.38,6.52,6.3,6.3,6.45,6.42,6.89,6.47,6.5
31053,6.08,6.23,6.72,6.42,6.35,6.18,6.15,5.98,6.18,6.47,6.94,6.65,6.42,6.72,6.75,6.7,6.38,6.52,6.3,6.3,6.45,6.42,6.89,6.47,6.5
31055,6.08,6.23,6.72,6.42,6.35,6.18,6.15,5.98,6.18,6.47,6.94,6.65,6.42,6.72,6.75,6.7,6.38,6.52,6.3,6.3,6.45,6.42,6.89,6.47,6.5
31057,6.08,6.23,6.72,6.42,6.35,6.18,6.15,5.98,6.18,6.47,6.94,6.65,6.42,6.72,6.75,6.7,6.38,6.52,6.3,6.3,6.45,6.42,6.89,6.47,6.5
31059,6.08,6.23,6.72,6.42,6.35,6.18,6.15,5.98,6.18,6.47,6.94,6.65,6.42,6.72,6.75,6.7,6.38,6.52,6.3,6.3,6.45,6.42,6.89,6.47,6.5
31061,6.08,6.23,6.72,6.42,6.35,6.18,6.15,5.98,6.18,6.47,6.94,6.65,6.42,6.72,6.75,6.7,6.38,6.52,6.3,6.3,6.45,6.42,6.89,6.47,6.5
31063,6.08,6.23,6.72,6.42,6.35,6.18,6.15,5.98,6.18,6.47,6.94,6.65,6.42,6.72,6.75,6.7,6.38,6.52,6.3,6.3,6.45,6.42,6.89,6.47,6.5
31065,6.08,6.23,6.72,6.42,6.35,6.18,6.15,5.98,6.18,6.47,6.94,6.65,6.42,6.72,6.75,6.7,6.38,6.52,6.3,6.3,6.45,6.42,6.89,6.47,6.5
31067,6.08,6.23,6.72,6.42,6.35,6.18,6.15,5.98,6.18,6.47,6.94,6.65,6.42,6.72,6.75,6.7,6.38,6.52,6.3,6.3,6.45,6.42,6.89,6.47,6.5
31069,6.08,6.23,6.72,6.42,6.35,6.18,6.15,5.98,6.18,6.47,6.94,6.65,6.42,6.72,6.75,6.7,6.38,6.52,6.3,6.3,6.45,6.42,6.89,6.47,6.5
31071,6.08,6.23,6.72,6.42,6.35,6.18,6.15,5.98,6.18,6.47,6.94,6.65,6.42,6.72,6.75,6.7,6.38,6.52,6.3,6.3,6.45,6.42,6.89,6.47,6.5
31073,6.08,6.23,6.72,6.42,6.35,6.18,6.15,5.98,6.18,6.47,6.94,6.65,6.42,6.72,6.75,6.7,6.38,6.52,6.3,6.3,6.45,6.42,6.89,6.47,6.5
31075,6.08,6.23,6.72,6.42,6.35,6.18,6.15,5.98,6.18,6.47,6.94,6.65,6.42,6.72,6.75,6.7,6.38,6.52,6.3,6.3,6.45,6.42,6.89,6.47,6.5
31077,6.08,6.23,6.72,6.42,6.35,6.18,6.15,5.98,6.18,6.47,6.94,6.65,6.42,6.72,6.75,6.7,6.38,6.52,6.3,6.3,6.45,6.42,6.89,6.47,6.5
31079,6.08,6.23,6.72,6.42,6.35,6.18,6.15,5.98,6.18,6.47,6.94,6.65,6.42,6.72,6.75,6.7,6.38,6.52,6.3,6.3,6.45,6.42,6.89,6.47,6.5
31081,6.08,6.23,6.72,6.42,6.35,6.18,6.15,5.98,6.18,6.47,6.94,6.65,6.42,6.72,6.75,6.7,6.38,6.52,6.3,6.3,6.45,6.42,6.89,6.47,6.5
31083,6.08,6.23,6.72,6.42,6.35,6.18,6.15,5.98,6.18,6.47,6.94,6.65,6.42,6.72,6.75,6.7,6.38,6.52,6.3,6.3,6.45,6.42,6.89,6.47,6.5
31085,6.08,6.23,6.72,6.42,6.35,6.18,6.15,5.98,6.18,6.47,6.94,6.65,6.42,6.72,6.75,6.7,6.38,6.52,6.3,6.3,6.45,6.42,6.89,6.47,6.5
31087,6.08,6.23,6.72,6.42,6.35,6.18,6.15,5.98,6.18,6.47,6.94,6.65,6.42,6.72,6.75,6.7,6.38,6.52,6.3,6.3,6.45,6.42,6.89,6.47,6.5
31089,6.08,6.23,6.72,6.42,6.35,6.18,6.15,5.98,6.18,6.47,6.94,6.65,6.42,6.72,6.75,6.7,6.38,6.52,6.3,6.3,6.45,6.42,6.89,6.47,6.5
31091,6.08,6.23,6.72,6.42,6.35,6.18,6.15,5.98,6.18,6.47,6.94,6.65,6.42,6.72,6.75,6.7,6.38,6.52,6.3,6.3,6.45,6.42,6.89,6.47,6.5
31093,6.08,6.23,6.72,6.42,6.35,6.18,6.15,5.98,6.18,6.47,6.94,6.65,6.42,6.72,6.75,6.7,6.38,6.52,6.3,6.3,6.45,6.42,6.89,6.47,6.5
31095,6.08,6.23,6.72,6.42,6.35,6.18,6.15,5.98,6.18,6.47,6.94,6.65,6.42,6.72,6.75,6.7,6.38,6.52,6.3,6.3,6.45,6.42,6.89,6.47,6.5
31097,6.08,6.23,6.72,6.42,6.35,6.18,6.15,5.98,6.18,6.47,6.94,6.65,6.42,6.72,6.75,6.7,6.38,6.52,6.3,6.3,6.45,6.42,6.89,6.47,6.5
31099,6.08,6.23,6.72,6.42,6.35,6.18,6.15,5.98,6.18,6.47,6.94,6.65,6.42,6.72,6.75,6.7,6.38,6.52,6.3,6.3,6.45,6.42,6.89,6.47,6.5
31101,6.08,6.23,6.72,6.42,6.35,6.18,6.15,5.98,6.18,6.47,6.94,6.65,6.42,6.72,6.75,6.7,6.38,6.52,6.3,6.3,6.45,6.42,6.89,6.47,6.5
31103,6.08,6.23,6.72,6.42,6.35,6.18,6.15,5.98,6.18,6.47,6.94,6.65,6.42,6.72,6.75,6.7,6.38,6.52,6.3,6.3,6.45,6.42,6.89,6.47,6.5
31105,6.08,6.23,6.72,6.42,6.35,6.18,6.15,5.98,6.18,6.47,6.94,6.65,6.42,6.72,6.75,6.7,6.38,6.52,6.3,6.3,6.45,6.42,6.89,6.47,6.5
31107,6.08,6.23,6.72,6.42,6.35,6.18,6.15,5.98,6.18,6.47,6.94,6.65,6.42,6.72,6.75,6.7,6.38,6.52,6.3,6.3,6.45,6.42,6.89,6.47,6.5
31109,6.08,6.23,6.72,6.42,6.35,6.18,6.15,5.98,6.18,6.47,6.94,6.65,6.42,6.72,6.75,6.7,6.38,6.52,6.3,6.3,6.45,6.42,6.89,6.47,6.5
31111,6.08,6.23,6.72,6.42,6.35,6.18,6.15,5.98,6.18,6.47,6.94,6.65,6.42,6.72,6.75,6.7,6.38,6.52,6.3,6.3,6.45,6.42,6.89,6.47,6.5
31113,6.08,6.23,6.72,6.42,6.35,6.18,6.15,5.98,6.18,6.47,6.94,6.65,6.42,6.72,6.75,6.7,6.38,6.52,6.3,6.3,6.45,6.42,6.89,6.47,6.5
31115,6.08,6.23,6.72,6.42,6.35,6.18,6.15,5.98,6.18,6.47,6.94,6.65,6.42,6.72,6.75,6.7,6.38,6.52,6.3,6.3,6.45,6.42,6.89,6.47,6.5
31117,6.08,6.23,6.72,6.42,6.35,6.18,6.15,5.98,6.18,6.47,6.94,6.65,6.42,6.72,6.75,6.7,6.38,6.52,6.3,6.3,6.45,6.42,6.89,6.47,6.5
31119,6.08,6.23,6.72,6.42,6.35,6.18,6.15,5.98,6.18,6.47,6.94,6.65,6.42,6.72,6.75,6.7,6.38,6.52,6.3,6.3,6.45,6.42,6.89,6.47,6.5
31121,6.08,6.23,6.72,6.42,6.35,6.18,6.15,5.98,6.18,6.47,6.94,6.65,6.42,6.72,6.75,6.7,6.38,6.52,6.3,6.3,6.45,6.42,6.89,6.47,6.5
31123,6.08,6.23,6.72,6.42,6.35,6.18,6.15,5.98,6.18,6.47,6.94,6.65,6.42,6.72,6.75,6.7,6.38,6.52,6.3,6.3,6.45,6.42,6.89,6.47,6.5
31125,6.08,6.23,6.72,6.42,6.35,6.18,6.15,5.98,6.18,6.47,6.94,6.65,6.42,6.72,6.75,6.7,6.38,6.52,6.3,6.3,6.45,6.42,6.89,6.47,6.5
31127,6.08,6.23,6.72,6.42,6.35,6.18,6.15,5.98,6.18,6.47,6.94,6.65,6.42,6.72,6.75,6.7,6.38,6.52,6.3,6.3,6.45,6.42,6.89,6.47,6.5
31129,6.08,6.23,6.72,6.42,6.35,6.18,6.15,5.98,6.18,6.47,6.94,6.65,6.42,6.72,6.75,6.7,6.38,6.52,6.3,6.3,6.45,6.42,6.89,6.47,6.5
31131,6.08,6.23,6.72,6.42,6.35,6.18,6.15,5.98,6.18,6.47,6.94,6.65,6.42,6.72,6.75,6.7,6.38,6.52,6.3,6.3,6.45,6.42,6.89,6.47,6.5
31133,6.08,6.23,6.72,6.42,6.35,6.18,6.15,5.98,6.18,6.47,6.94,6.65,6.42,6.72,6.75,6.7,6.38,6.52,6.3,6.3,6.45,6.42,6.89,6.47,6.5
31135,6.08,6.23,6.72,6.42,6.35,6.18,6.15,5.98,6.18,6.47,6.94,6.65,6.42,6.72,6.75,6.7,6.38,6.52,6.3,6.3,6.45,6.42,6.89,6.47,6.5
31137,6.08,6.23,6.72,6.42,6.35,6.18,6.15,5.98,6.18,6.47,6.94,6.65,6.42,6.72,6.75,6.7,6.38,6.52,6.3,6.3,6.45,6.42,6.89,6.47,6.5
31139,6.08,6.23,6.72,6.42,6.35,6.18,6.15,5.98,6.18,6.47,6.94,6.65,6.42,6.72,6.75,6.7,6.38,6.52,6.3,6.3,6.45,6.42,6.89,6.47,6.5
31141,6.08,6.23,6.72,6.42,6.35,6.18,6.15,5.98,6.18,6.47,6.94,6.65,6.42,6.72,6.75,6.7,6.38,6.52,6.3,6.3,6.45,6.42,6.89,6.47,6.5
31143,6.08,6.23,6.72,6.42,6.35,6.18,6.15,5.98,6.18,6.47,6.94,6.65,6.42,6.72,6.75,6.7,6.38,6.52,6.3,6.3,6.45,6.42,6.89,6.47,6.5
31145,6.08,6.23,6.72,6.42,6.35,6.18,6.15,5.98,6.18,6.47,6.94,6.65,6.42,6.72,6.75,6.7,6.38,6.52,6.3,6.3,6.45,6.42,6.89,6.47,6.5
31147,6.08,6.23,6.72,6.42,6.35,6.18,6.15,5.98,6.18,6.47,6.94,6.65,6.42,6.72,6.75,6.7,6.38,6.52,6.3,6.3,6.45,6.42,6.89,6.47,6.5
31149,6.08,6.23,6.72,6.42,6.35,6.18,6.15,5.98,6.18,6.47,6.94,6.65,6.42,6.72,6.75,6.7,6.38,6.52,6.3,6.3,6.45,6.42,6.89,6.47,6.5
31151,6.08,6.23,6.72,6.42,6.35,6.18,6.15,5.98,6.18,6.47,6.94,6.65,6.42,6.72,6.75,6.7,6.38,6.52,6.3,6.3,6.45,6.42,6.89,6.47,6.5
31153,6.08,6.23,6.72,6.42,6.35,6.18,6.15,5.98,6.18,6.47,6.94,6.65,6.42,6.72,6.75,6.7,6.38,6.52,6.3,6.3,6.45,6.42,6.89,6.47,6.5
31155,6.08,6.23,6.72,6.42,6.35,6.18,6.15,5.98,6.18,6.47,6.94,6.65,6.42,6.72,6.75,6.7,6.38,6.52,6.3,6.3,6.45,6.42,6.89,6.47,6.5
31157,6.08,6.23,6.72,6.42,6.35,6.18,6.15,5.98,6.18,6.47,6.94,6.65,6.42,6.72,6.75,6.7,6.38,6.52,6.3,6.3,6.45,6.42,6.89,6.47,6.5
31159,6.08,6.23,6.72,6.42,6.35,6.18,6.15,5.98,6.18,6.47,6.94,6.65,6.42,6.72,6.75,6.7,6.38,6.52,6.3,6.3,6.45,6.42,6.89,6.47,6.5
31161,6.08,6.23,6.72,6.42,6.35,6.18,6.15,5.98,6.18,6.47,6.94,6.65,6.42,6.72,6.75,6.7,6.38,6.52,6.3,6.3,6.45,6.42,6.89,6.47,6.5
31163,6.08,6.23,6.72,6.42,6.35,6.18,6.15,5.98,6.18,6.47,6.94,6.65,6.42,6.72,6.75,6.7,6.38,6.52,6.3,6.3,6.45,6.42,6.89,6.47,6.5
31165,6.08,6.23,6.72,6.42,6.35,6.18,6.15,5.98,6.18,6.47,6.94,6.65,6.42,6.72,6.75,6.7,6.38,6.52,6.3,6.3,6.45,6.42,6.89,6.47,6.5
31167,6.08,6.23,6.72,6.42,6.35,6.18,6.15,5.98,6.18,6.47,6.94,6.65,6.42,6.72,6.75,6.7,6.38,6.52,6.3,6.3,6.45,6.42,6.89,6.47,6.5
31169,6.08,6.23,6.72,6.42,6.35,6.18,6.15,5.98,6.18,6.47,6.94,6.65,6.42,6.72,6.75,6.7,6.38,6.52,6.3,6.3,6.45,6.42,6.89,6.47,6.5
31171,6.08,6.23,6.72,6.42,6.35,6.18,6.15,5.98,6.18,6.47,6.94,6.65,6.42,6.72,6.75,6.7,6.38,6.52,6.3,6.3,6.45,6.42,6.89,6.47,6.5
31173,6.08,6.23,6.72,6.42,6.35,6.18,6.15,5.98,6.18,6.47,6.94,6.65,6.42,6.72,6.75,6.7,6.38,6.52,6.3,6.3,6.45,6.42,6.89,6.47,6.5
31175,6.08,6.23,6.72,6.42,6.35,6.18,6.15,5.98,6.18,6.47,6.94,6.65,6.42,6.72,6.75,6.7,6.38,6.52,6.3,6.3,6.45,6.42,6.89,6.47,6.5
31177,6.08,6.23,6.72,6.42,6.35,6.18,6.15,5.98,6.18,6.47,6.94,6.65,6.42,6.72,6.75,6.7,6.38,6.52,6.3,6.3,6.45,6.42,6.89,6.47,6.5
31179,6.08,6.23,6.72,6.42,6.35,6.18,6.15,5.98,6.18,6.47,6.94,6.65,6.42,6.72,6.75,6.7,6.38,6.52,6.3,6.3,6.45,6.42,6.89,6.47,6.5
31181,6.08,6.23,6.72,6.42,6.35,6.18,6.15,5.98,6.18,6.47,6.94,6.65,6.42,6.72,6.75,6.7,6.38,6.52,6.3,6.3,6.45,6.42,6.89,6.47,6.5
31183,6.08,6.23,6.72,6.42,6.35,6.18,6.15,5.98,6.18,6.47,6.94,6.65,6.42,6.72,6.75,6.7,6.38,6.52,6.3,6.3,6.45,6.42,6.89,6.47,6.5
31185,6.08,6.23,6.72,6.42,6.35,6.18,6.15,5.98,6.18,6.47,6.94,6.65,6.42,6.72,6.75,6.7,6.38,6.52,6.3,6.3,6.45,6.42,6.89,6.47,6.5
32001,6.08,6.23,6.72,6.42,6.35,6.18,6.15,5.98,6.18,6.47,6.94,6.65,6.42,6.72,6.75,6.7,6.38,6.52,6.3,6.3,6.45,6.42,6.89,6.47,6.5
32003,6.08,6.23,6.72,6.42,6.35,6.18,6.15,5.98,6.18,6.47,6.94,6.65,6.42,6.72,6.75,6.7,6.38,6.52,6.3,6.3,6.45,6.42,6.89,6.47,6.5
32005,6.08,6.23,6.72,6.42,6.35,6.18,6.15,5.98,6.18,6.47,6.94,6.65,6.42,6.72,6.75,6.7,6.38,6.52,6.3,6.3,6.45,6.42,6.89,6.47,6.5
32007,6.08,6.23,6.72,6.42,6.35,6.18,6.15,5.98,6.18,6.47,6.94,6.65,6.42,6.72,6.75,6.7,6.38,6.52,6.3,6.3,6.45,6.42,6.89,6.47,6.5
32009,6.08,6.23,6.72,6.42,6.35,6.18,6.15,5.98,6.18,6.47,6.94,6.65,6.42,6.72,6.75,6.7,6.38,6.52,6.3,6.3,6.45,6.42,6.89,6.47,6.5
32011,6.08,6.23,6.72,6.42,6.35,6.18,6.15,5.98,6.18,6.47,6.94,6.65,6.42,6.72,6.75,6.7,6.38,6.52,6.3,6.3,6.45,6.42,6.89,6.47,6.5
32013,6.08,6.23,6.72,6.42,6.35,6.18,6.15,5.98,6.18,6.47,6.94,6.65,6.42,6.72,6.75,6.7,6.38,6.52,6.3,6.3,6.45,6.42,6.89,6.47,6.5
32015,6.08,6.23,6.72,6.42,6.35,6.18,6.15,5.98,6.18,6.47,6.94,6.65,6.42,6.72,6.75,6.7,6.38,6.52,6.3,6.3,6.45,6.42,6.89,6.47,6.5
32017,6.08,6.23,6.72,6.42,6.35,6.18,6.15,5.98,6.18,6.47,6.94,6.65,6.42,6.72,6.75,6.7,6.38,6.52,6.3,6.3,6.45,6.42,6.89,6.47,6.5
32019,6.08,6.23,6.72,6.42,6.35,6.18,6.15,5.98,6.18,6.47,6.94,6.65,6.42,6.72,6.75,6.7,6.38,6.52,6.3,6.3,6.45,6.42,6.89,6.47,6.5
32021,6.08,6.23,6.72,6.42,6.35,6.18,6.15,5.98,6.18,6.47,6.94,6.65,6.42,6.72,6.75,6.7,6.38,6.52,6.3,6.3,6.45,6.42,6.89,6.47,6.5
32023,6.08,6.23,6.72,6.42,6.35,6.18,6.15,5.98,6.18,6.47,6.94,6.65,6.42,6.72,6.75,6.7,6.38,6.52,6.3,6.3,6.45,6.42,6.89,6.47,6.5
32027,6.08,6.23,6.72,6.42,6.35,6.18,6.15,5.98,6.18,6.47,6.94,6.65,6.42,6.72,6.75,6.7,6.38,6.52,6.3,6.3,6.45,6.42,6.89,6.47,6.5
32029,6.08,6.23,6.72,6.42,6.35,6.18,6.15,5.98,6.18,6.47,6.94,6.65,6.42,6.72,6.75,6.7,6.38,6.52,6.3,6.3,6.45,6.42,6.89,6.47,6.5
32031,6.08,6.23,6.72,6.42,6.35,6.18,6.15,5.98,6.18,6.47,6.94,6.65,6.42,6.72,6.75,6.7,6.38,6.52,6.3,6.3,6.45,6.42,6.89,6.47,6.5
32033,6.08,6.23,6.72,6.42,6.35,6.18,6.15,5.98,6.18,6.47,6.94,6.65,6.42,6.72,6.75,6.7,6.38,6.52,6.3,6.3,6.45,6.42,6.89,6.47,6.5
32510,6.08,6.23,6.72,6.42,6.35,6.18,6.15,5.98,6.18,6.47,6.94,6.65,6.42,6.72,6.75,6.7,6.38,6.52,6.3,6.3,6.45,6.42,6.89,6.47,6.5
33001,6.08,6.23,6.72,6.42,6.35,6.18,6.15,5.98,6.18,6.47,6.94,6.65,6.42,6.72,6.75,6.7,6.38,6.52,6.3,6.3,6.45,6.42,6.89,6.47,6.5
33003,6.08,6.23,6.72,6.42,6.35,6.18,6.15,5.98,6.18,6.47,6.94,6.65,6.42,6.72,6.75,6.7,6.38,6.52,6.3,6.3,6.45,6.42,6.89,6.47,6.5
33005,6.08,6.23,6.72,6.42,6.35,6.18,6.15,5.98,6.18,6.47,6.94,6.65,6.42,6.72,6.75,6.7,6.38,6.52,6.3,6.3,6.45,6.42,6.89,6.47,6.5
33007,6.08,6.23,6.72,6.42,6.35,6.18,6.15,5.98,6.18,6.47,6.94,6.65,6.42,6.72,6.75,6.7,6.38,6.52,6.3,6.3,6.45,6.42,6.89,6.47,6.5
33009,6.08,6.23,6.72,6.42,6.35,6.18,6.15,5.98,6.18,6.47,6.94,6.65,6.42,6.72,6.75,6.7,6.38,6.52,6.3,6.3,6.45,6.42,6.89,6.47,6.5
33011,6.08,6.23,6.72,6.42,6.35,6.18,6.15,5.98,6.18,6.47,6.94,6.65,6.42,6.72,6.75,6.7,6.38,6.52,6.3,6.3,6.45,6.42,6.89,6.47,6.5
33013,6.08,6.23,6.72,6.42,6.35,6.18,6.15,5.98,6.18,6.47,6.94,6.65,6.42,6.72,6.75,6.7,6.38,6.52,6.3,6.3,6.45,6.42,6.89,6.47,6.5
33015,6.08,6.23,6.72,6.42,6.35,6.18,6.15,5.98,6.18,6.47,6.94,6.65,6.42,6.72,6.75,6.7,6.38,6.52,6.3,6.3,6.45,6.42,6.89,6.47,6.5
33017,6.08,6.23,6.72,6.42,6.35,6.18,6.15,5.98,6.18,6.47,6.94,6.65,6.42,6.72,6.75,6.7,6.38,6.52,6.3,6.3,6.45,6.42,6.89,6.47,6.5
33019,6.08,6.23,6.72,6.42,6.35,6.18,6.15,5.98,6.18,6.47,6.94,6.65,6.42,6.72,6.75,6.7,6.38,6.52,6.3,6.3,6.45,6.42,6.89,6.47,6.5
34001,6.08,6.23,6.72,6.42,6.35,6.18,6.15,5.98,6.18,6.47,6.94,6.65,6.42,6.72,6.75,6.7,6.38,6.52,6.3,6.3,6.45,6.42,6.89,6.47,6.5
34003,6.08,6.23,6.72,6.42,6.35,6.18,6.15,5.98,6.18,6.47,6.94,6.65,6.42,6.72,6.75,6.7,6.38,6.52,6.3,6.3,6.45,6.42,6.89,6.47,6.5
34005,6.08,6.23,6.72,6.42,6.35,6.18,6.15,5.98,6.18,6.47,6.94,6.65,6.42,6.72,6.75,6.7,6.38,6.52,6.3,6.3,6.45,6.42,6.89,6.47,6.5
34007,6.08,6.23,6.72,6.42,6.35,6.18,6.15,5.98,6.18,6.47,6.94,6.65,6.42,6.72,6.75,6.7,6.38,6.52,6.3,6.3,6.45,6.42,6.89,6.47,6.5
34009,6.08,6.23,6.72,6.42,6.35,6.18,6.15,5.98,6.18,6.47,6.94,6.65,6.42,6.72,6.75,6.7,6.38,6.52,6.3,6.3,6.45,6.42,6.89,6.47,6.5
34011,6.08,6.23,6.72,6.42,6.35,6.18,6.15,5.98,6.18,6.47,6.94,6.65,6.42,6.72,6.75,6.7,6.38,6.52,6.3,6.3,6.45,6.42,6.89,6.47,6.5
34013,6.08,6.23,6.72,6.42,6.35,6.18,6.15,5.98,6.18,6.47,6.94,6.65,6.42,6.72,6.75,6.7,6.38,6.52,6.3,6.3,6.45,6.42,6.89,6.47,6.5
34015,6.08,6.23,6.72,6.42,6.35,6.18,6.15,5.98,6.18,6.47,6.94,6.65,6.42,6.72,6.75,6.7,6.38,6.52,6.3,6.3,6.45,6.42,6.89,6.47,6.5
34017,6.08,6.23,6.72,6.42,6.35,6.18,6.15,5.98,6.18,6.47,6.94,6.65,6.42,6.72,6.75,6.7,6.38,6.52,6.3,6.3,6.45,6.42,6.89,6.47,6.5
34019,6.08,6.23,6.72,6.42,6.35,6.18,6.15,5.98,6.18,6.47,6.94,6.65,6.42,6.72,6.75,6.7,6.38,6.52,6.3,6.3,6.45,6.42,6.89,6.47,6.5
34021,6.08,6.23,6.72,6.42,6.35,6.18,6.15,5.98,6.18,6.47,6.94,6.65,6.42,6.72,6.75,6.7,6.38,6.52,6.3,6.3,6.45,6.42,6.89,6.47,6.5
34023,6.08,6.23,6.72,6.42,6.35,6.18,6.15,5.98,6.18,6.47,6.94,6.65,6.42,6.72,6.75,6.7,6.38,6.52,6.3,6.3,6.45,6.42,6.89,6.47,6.5
34025,6.08,6.23,6.72,6.42,6.35,6.18,6.15,5.98,6.18,6.47,6.94,6.65,6.42,6.72,6.75,6.7,6.38,6.52,6.3,6.3,6.45,6.42,6.89,6.47,6.5
34027,6.08,6.23,6.72,6.42,6.35,6.18,6.15,5.98,6.18,6.47,6.94,6.65,6.42,6.72,6.75,6.7,6.38,6.52,6.3,6.3,6.45,6.42,6.89,6.47,6.5
34029,6.08,6.23,6.72,6.42,6.35,6.18,6.15,5.98,6.18,6.47,6.94,6.65,6.42,6.72,6.75,6.7,6.38,6.52,6.3,6.3,6.45,6.42,6.89,6.47,6.5
34031,6.08,6.23,6.72,6.42,6.35,6.18,6.15,5.98,6.18,6.47,6.94,6.65,6.42,6.72,6.75,6.7,6.38,6.52,6.3,6.3,6.45,6.42,6.89,6.47,6.5
34033,6.08,6.23,6.72,6.42,6.35,6.18,6.15,5.98,6.18,6.47,6.94,6.65,6.42,6.72,6.75,6.7,6.38,6.52,6.3,6.3,6.45,6.42,6.89,6.47,6.5
34035,6.08,6.23,6.72,6.42,6.35,6.18,6.15,5.98,6.18,6.47,6.94,6.65,6.42,6.72,6.75,6.7,6.38,6.52,6.3,6.3,6.45,6.42,6.89,6.47,6.5
34037,6.08,6.23,6.72,6.42,6.35,6.18,6.15,5.98,6.18,6.47,6.94,6.65,6.42,6.72,6.75,6.7,6.38,6.52,6.3,6.3,6.45,6.42,6.89,6.47,6.5
34039,6.08,6.23,6.72,6.42,6.35,6.18,6.15,5.98,6.18,6.47,6.94,6.65,6.42,6.72,6.75,6.7,6.38,6.52,6.3,6.3,6.45,6.42,6.89,6.47,6.5
34041,6.08,6.23,6.72,6.42,6.35,6.18,6.15,5.98,6.18,6.47,6.94,6.65,6.42,6.72,6.75,6.7,6.38,6.52,6.3,6.3,6.45,6.42,6.89,6.47,6.5
35001,6.08,6.23,6.72,6.42,6.35,6.18,6.15,5.98,6.18,6.47,6.94,6.65,6.42,6.72,6.75,6.7,6.38,6.52,6.3,6.3,6.45,6.42,6.89,6.47,6.5
35003,6.08,6.23,6.72,6.42,6.35,6.18,6.15,5.98,6.18,6.47,6.94,6.65,6.42,6.72,6.75,6.7,6.38,6.52,6.3,6.3,6.45,6.42,6.89,6.47,6.5
35005,6.08,6.23,6.72,6.42,6.35,6.18,6.15,5.98,6.18,6.47,6.94,6.65,6.42,6.72,6.75,6.7,6.38,6.52,6.3,6.3,6.45,6.42,6.89,6.47,6.5
35006,6.08,6.23,6.72,6.42,6.35,6.18,6.15,5.98,6.18,6.47,6.94,6.65,6.42,6.72,6.75,6.7,6.38,6.52,6.3,6.3,6.45,6.42,6.89,6.47,6.5
35007,6.08,6.23,6.72,6.42,6.35,6.18,6.15,5.98,6.18,6.47,6.94,6.65,6.42,6.72,6.75,6.7,6.38,6.52,6.3,6.3,6.45,6.42,6.89,6.47,6.5
35009,6.08,6.23,6.72,6.42,6.35,6.18,6.15,5.98,6.18,6.47,6.94,6.65,6.42,6.72,6.75,6.7,6.38,6.52,6.3,6.3,6.45,6.42,6.89,6.47,6.5
35011,6.08,6.23,6.72,6.42,6.35,6.18,6.15,5.98,6.18,6.47,6.94,6.65,6.42,6.72,6.75,6.7,6.38,6.52,6.3,6.3,6.45,6.42,6.89,6.47,6.5
35013,6.08,6.23,6.72,6.42,6.35,6.18,6.15,5.98,6.18,6.47,6.94,6.65,6.42,6.72,6.75,6.7,6.38,6.52,6.3,6.3,6.45,6.42,6.89,6.47,6.5
35015,6.08,6.23,6.72,6.42,6.35,6.18,6.15,5.98,6.18,6.47,6.94,6.65,6.42,6.72,6.75,6.7,6.38,6.52,6.3,6.3,6.45,6.42,6.89,6.47,6.5
35017,6.08,6.23,6.72,6.42,6.35,6.18,6.15,5.98,6.18,6.47,6.94,6.65,6.42,6.72,6.75,6.7,6.38,6.52,6.3,6.3,6.45,6.42,6.89,6.47,6.5
35019,6.08,6.23,6.72,6.42,6.35,6.18,6.15,5.98,6.18,6.47,6.94,6.65,6.42,6.72,6.75,6.7,6.38,6.52,6.3,6.3,6.45,6.42,6.89,6.47,6.5
35021,6.08,6.23,6.72,6.42,6.35,6.18,6.15,5.98,6.18,6.47,6.94,6.65,6.42,6.72,6.75,6.7,6.38,6.52,6.3,6.3,6.45,6.42,6.89,6.47,6.5
35023,6.08,6.23,6.72,6.42,6.35,6.18,6.15,5.98,6.18,6.47,6.94,6.65,6.42,6.72,6.75,6.7,6.38,6.52,6.3,6.3,6.45,6.42,6.89,6.47,6.5
35025,6.08,6.23,6.72,6.42,6.35,6.18,6.15,5.98,6.18,6.47,6.94,6.65,6.42,6.72,6.75,6.7,6.38,6.52,6.3,6.3,6.45,6.42,6.89,6.47,6.5
35027,6.08,6.23,6.72,6.42,6.35,6.18,6.15,5.98,6.18,6.47,6.94,6.65,6.42,6.72,6.75,6.7,6.38,6.52,6.3,6.3,6.45,6.42,6.89,6.47,6.5
35028,6.08,6.23,6.72,6.42,6.35,6.18,6.15,5.98,6.18,6.47,6.94,6.65,6.42,6.72,6.75,6.7,6.38,6.52,6.3,6.3,6.45,6.42,6.89,6.47,6.5
35029,6.08,6.23,6.72,6.42,6.35,6.18,6.15,5.98,6.18,6.47,6.94,6.65,6.42,6.72,6.75,6.7,6.38,6.52,6.3,6.3,6.45,6.42,6.89,6.47,6.5
35031,6.08,6.23,6.72,6.42,6.35,6.18,6.15,5.98,6.18,6.47,6.94,6.65,6.42,6.72,6.75,6.7,6.38,6.52,6.3,6.3,6.45,6.42,6.89,6.47,6.5
35033,6.08,6.23,6.72,6.42,6.35,6.18,6.15,5.98,6.18,6.47,6.94,6.65,6.42,6.72,6.75,6.7,6.38,6.52,6.3,6.3,6.45,6.42,6.89,6.47,6.5
35035,6.08,6.23,6.72,6.42,6.35,6.18,6.15,5.98,6.18,6.47,6.94,6.65,6.42,6.72,6.75,6.7,6.38,6.52,6.3,6.3,6.45,6.42,6.89,6.47,6.5
35037,6.08,6.23,6.72,6.42,6.35,6.18,6.15,5.98,6.18,6.47,6.94,6.65,6.42,6.72,6.75,6.7,6.38,6.52,6.3,6.3,6.45,6.42,6.89,6.47,6.5
35039,6.08,6.23,6.72,6.42,6.35,6.18,6.15,5.98,6.18,6.47,6.94,6.65,6.42,6.72,6.75,6.7,6.38,6.52,6.3,6.3,6.45,6.42,6.89,6.47,6.5
35041,6.08,6.23,6.72,6.42,6.35,6.18,6.15,5.98,6.18,6.47,6.94,6.65,6.42,6.72,6.75,6.7,6.38,6.52,6.3,6.3,6.45,6.42,6.89,6.47,6.5
35043,6.08,6.23,6.72,6.42,6.35,6.18,6.15,5.98,6.18,6.47,6.94,6.65,6.42,6.72,6.75,6.7,6.38,6.52,6.3,6.3,6.45,6.42,6.89,6.47,6.5
35045,6.08,6.23,6.72,6.42,6.35,6.18,6.15,5.98,6.18,6.47,6.94,6.65,6.42,6.72,6.75,6.7,6.38,6.52,6.3,6.3,6.45,6.42,6.89,6.47,6.5
35047,6.08,6.23,6.72,6.42,6.35,6.18,6.15,5.98,6.18,6.47,6.94,6.65,6.42,6.72,6.75,6.7,6.38,6.52,6.3,6.3,6.45,6.42,6.89,6.47,6.5
35049,6.08,6.23,6.72,6.42,6.35,6.18,6.15,5.98,6.18,6.47,6.94,6.65,6.42,6.72,6.75,6.7,6.38,6.52,6.3,6.3,6.45,6.42,6.89,6.47,6.5
35051,6.08,6.23,6.72,6.42,6.35,6.18,6.15,5.98,6.18,6.47,6.94,6.65,6.42,6.72,6.75,6.7,6.38,6.52,6.3,6.3,6.45,6.42,6.89,6.47,6.5
35053,6.08,6.23,6.72,6.42,6.35,6.18,6.15,5.98,6.18,6.47,6.94,6.65,6.42,6.72,6.75,6.7,6.38,6.52,6.3,6.3,6.45,6.42,6.89,6.47,6.5
35055,6.08,6.23,6.72,6.42,6.35,6.18,6.15,5.98,6.18,6.47,6.94,6.65,6.42,6.72,6.75,6.7,6.38,6.52,6.3,6.3,6.45,6.42,6.89,6.47,6.5
35057,6.08,6.23,6.72,6.42,6.35,6.18,6.15,5.98,6.18,6.47,6.94,6.65,6.42,6.72,6.75,6.7,6.38,6.52,6.3,6.3,6.45,6.42,6.89,6.47,6.5
35059,6.08,6.23,6.72,6.42,6.35,6.18,6.15,5.98,6.18,6.47,6.94,6.65,6.42,6.72,6.75,6.7,6.38,6.52,6.3,6.3,6.45,6.42,6.89,6.47,6.5
35061,6.08,6.23,6.72,6.42,6.35,6.18,6.15,5.98,6.18,6.47,6.94,6.65,6.42,6.72,6.75,6.7,6.38,6.52,6.3,6.3,6.45,6.42,6.89,6.47,6.5
36001,6.08,6.23,6.72,6.42,6.35,6.18,6.15,5.98,6.18,6.47,6.94,6.65,6.42,6.72,6.75,6.7,6.38,6.52,6.3,6.3,6.45,6.42,6.89,6.47,6.5
36003,6.08,6.23,6.72,6.42,6.35,6.18,6.15,5.98,6.18,6.47,6.94,6.65,6.42,6.72,6.75,6.7,6.38,6.52,6.3,6.3,6.45,6.42,6.89,6.47,6.5
36005,6.08,6.23,6.72,6.42,6.35,6.18,6.15,5.98,6.18,6.47,6.94,6.65,6.42,6.72,6.75,6.7,6.38,6.52,6.3,6.3,6.45,6.42,6.89,6.47,6.5
36007,6.08,6.23,6.72,6.42,6.35,6.18,6.15,5.98,6.18,6.47,6.94,6.65,6.42,6.72,6.75,6.7,6.38,6.52,6.3,6.3,6.45,6.42,6.89,6.47,6.5
36009,6.08,6.23,6.72,6.42,6.35,6.18,6.15,5.98,6.18,6.47,6.94,6.65,6.42,6.72,6.75,6.7,6.38,6.52,6.3,6.3,6.45,6.42,6.89,6.47,6.5
36011,6.08,6.23,6.72,6.42,6.35,6.18,6.15,5.98,6.18,6.47,6.94,6.65,6.42,6.72,6.75,6.7,6.38,6.52,6.3,6.3,6.45,6.42,6.89,6.47,6.5
36013,6.08,6.23,6.72,6.42,6.35,6.18,6.15,5.98,6.18,6.47,6.94,6.65,6.42,6.72,6.75,6.7,6.38,6.52,6.3,6.3,6.45,6.42,6.89,6.47,6.5
36015,6.08,6.23,6.72,6.42,6.35,6.18,6.15,5.98,6.18,6.47,6.94,6.65,6.42,6.72,6.75,6.7,6.38,6.52,6.3,6.3,6.45,6.42,6.89,6.47,6.5
36017,6.08,6.23,6.72,6.42,6.35,6.18,6.15,5.98,6.18,6.47,6.94,6.65,6.42,6.72,6.75,6.7,6.38,6.52,6.3,6.3,6.45,6.42,6.89,6.47,6.5
36019,6.08,6.23,6.72,6.42,6.35,6.18,6.15,5.98,6.18,6.47,6.94,6.65,6.42,6.72,6.75,6.7,6.38,6.52,6.3,6.3,6.45,6.42,6.89,6.47,6.5
36021,6.08,6.23,6.72,6.42,6.35,6.18,6.15,5.98,6.18,6.47,6.94,6.65,6.42,6.72,6.75,6.7,6.38,6.52,6.3,6.3,6.45,6.42,6.89,6.47,6.5
36023,6.08,6.23,6.72,6.42,6.35,6.18,6.15,5.98,6.18,6.47,6.94,6.65,6.42,6.72,6.75,6.7,6.38,6.52,6.3,6.3,6.45,6.42,6.89,6.47,6.5
36025,6.08,6.23,6.72,6.42,6.35,6.18,6.15,5.98,6.18,6.47,6.94,6.65,6.42,6.72,6.75,6.7,6.38,6.52,6.3,6.3,6.45,6.42,6.89,6.47,6.5
36027,6.08,6.23,6.72,6.42,6.35,6.18,6.15,5.98,6.18,6.47,6.94,6.65,6.42,6.72,6.75,6.7,6.38,6.52,6.3,6.3,6.45,6.42,6.89,6.47,6.5
36029,6.08,6.23,6.72,6.42,6.35,6.18,6.15,5.98,6.18,6.47,6.94,6.65,6.42,6.72,6.75,6.7,6.38,6.52,6.3,6.3,6.45,6.42,6.89,6.47,6.5
36031,6.08,6.23,6.72,6.42,6.35,6.18,6.15,5.98,6.18,6.47,6.94,6.65,6.42,6.72,6.75,6.7,6.38,6.52,6.3,6.3,6.45,6.42,6.89,6.47,6.5
36033,6.08,6.23,6.72,6.42,6.35,6.18,6.15,5.98,6.18,6.47,6.94,6.65,6.42,6.72,6.75,6.7,6.38,6.52,6.3,6.3,6.45,6.42,6.89,6.47,6.5
36035,6.08,6.23,6.72,6.42,6.35,6.18,6.15,5.98,6.18,6.47,6.94,6.65,6.42,6.72,6.75,6.7,6.38,6.52,6.3,6.3,6.45,6.42,6.89,6.47,6.5
36037,6.08,6.23,6.72,6.42,6.35,6.18,6.15,5.98,6.18,6.47,6.94,6.65,6.42,6.72,6.75,6.7,6.38,6.52,6.3,6.3,6.45,6.42,6.89,6.47,6.5
36039,6.08,6.23,6.72,6.42,6.35,6.18,6.15,5.98,6.18,6.47,6.94,6.65,6.42,6.72,6.75,6.7,6.38,6.52,6.3,6.3,6.45,6.42,6.89,6.47,6.5
36041,6.08,6.23,6.72,6.42,6.35,6.18,6.15,5.98,6.18,6.47,6.94,6.65,6.42,6.72,6.75,6.7,6.38,6.52,6.3,6.3,6.45,6.42,6.89,6.47,6.5
36043,6.08,6.23,6.72,6.42,6.35,6.18,6.15,5.98,6.18,6.47,6.94,6.65,6.42,6.72,6.75,6.7,6.38,6.52,6.3,6.3,6.45,6.42,6.89,6.47,6.5
36045,6.08,6.23,6.72,6.42,6.35,6.18,6.15,5.98,6.18,6.47,6.94,6.65,6.42,6.72,6.75,6.7,6.38,6.52,6.3,6.3,6.45,6.42,6.89,6.47,6.5
36047,6.08,6.23,6.72,6.42,6.35,6.18,6.15,5.98,6.18,6.47,6.94,6.65,6.42,6.72,6.75,6.7,6.38,6.52,6.3,6.3,6.45,6.42,6.89,6.47,6.5
36049,6.08,6.23,6.72,6.42,6.35,6.18,6.15,5.98,6.18,6.47,6.94,6.65,6.42,6.72,6.75,6.7,6.38,6.52,6.3,6.3,6.45,6.42,6.89,6.47,6.5
36051,6.08,6.23,6.72,6.42,6.35,6.18,6.15,5.98,6.18,6.47,6.94,6.65,6.42,6.72,6.75,6.7,6.38,6.52,6.3,6.3,6.45,6.42,6.89,6.47,6.5
36053,6.08,6.23,6.72,6.42,6.35,6.18,6.15,5.98,6.18,6.47,6.94,6.65,6.42,6.72,6.75,6.7,6.38,6.52,6.3,6.3,6.45,6.42,6.89,6.47,6.5
36055,6.08,6.23,6.72,6.42,6.35,6.18,6.15,5.98,6.18,6.47,6.94,6.65,6.42,6.72,6.75,6.7,6.38,6.52,6.3,6.3,6.45,6.42,6.89,6.47,6.5
36057,6.08,6.23,6.72,6.42,6.35,6.18,6.15,5.98,6.18,6.47,6.94,6.65,6.42,6.72,6.75,6.7,6.38,6.52,6.3,6.3,6.45,6.42,6.89,6.47,6.5
36059,6.08,6.23,6.72,6.42,6.35,6.18,6.15,5.98,6.18,6.47,6.94,6.65,6.42,6.72,6.75,6.7,6.38,6.52,6.3,6.3,6.45,6.42,6.89,6.47,6.5
36061,6.08,6.23,6.72,6.42,6.35,6.18,6.15,5.98,6.18,6.47,6.94,6.65,6.42,6.72,6.75,6.7,6.38,6.52,6.3,6.3,6.45,6.42,6.89,6.47,6.5
36063,6.08,6.23,6.72,6.42,6.35,6.18,6.15,5.98,6.18,6.47,6.94,6.65,6.42,6.72,6.75,6.7,6.38,6.52,6.3,6.3,6.45,6.42,6.89,6.47,6.5
36065,6.08,6.23,6.72,6.42,6.35,6.18,6.15,5.98,6.18,6.47,6.94,6.65,6.42,6.72,6.75,6.7,6.38,6.52,6.3,6.3,6.45,6.42,6.89,6.47,6.5
36067,6.08,6.23,6.72,6.42,6.35,6.18,6.15,5.98,6.18,6.47,6.94,6.65,6.42,6.72,6.75,6.7,6.38,6.52,6.3,6.3,6.45,6.42,6.89,6.47,6.5
36069,6.08,6.23,6.72,6.42,6.35,6.18,6.15,5.98,6.18,6.47,6.94,6.65,6.42,6.72,6.75,6.7,6.38,6.52,6.3,6.3,6.45,6.42,6.89,6.47,6.5
36071,6.08,6.23,6.72,6.42,6.35,6.18,6.15,5.98,6.18,6.47,6.94,6.65,6.42,6.72,6.75,6.7,6.38,6.52,6.3,6.3,6.45,6.42,6.89,6.47,6.5
36073,6.08,6.23,6.72,6.42,6.35,6.18,6.15,5.98,6.18,6.47,6.94,6.65,6.42,6.72,6.75,6.7,6.38,6.52,6.3,6.3,6.45,6.42,6.89,6.47,6.5
36075,6.08,6.23,6.72,6.42,6.35,6.18,6.15,5.98,6.18,6.47,6.94,6.65,6.42,6.72,6.75,6.7,6.38,6.52,6.3,6.3,6.45,6.42,6.89,6.47,6.5
36077,6.08,6.23,6.72,6.42,6.35,6.18,6.15,5.98,6.18,6.47,6.94,6.65,6.42,6.72,6.75,6.7,6.38,6.52,6.3,6.3,6.45,6.42,6.89,6.47,6.5
36079,6.08,6.23,6.72,6.42,6.35,6.18,6.15,5.98,6.18,6.47,6.94,6.65,6.42,6.72,6.75,6.7,6.38,6.52,6.3,6.3,6.45,6.42,6.89,6.47,6.5
36081,6.08,6.23,6.72,6.42,6.35,6.18,6.15,5.98,6.18,6.47,6.94,6.65,6.42,6.72,6.75,6.7,6.38,6.52,6.3,6.3,6.45,6.42,6.89,6.47,6.5
36083,6.08,6.23,6.72,6.42,6.35,6.18,6.15,5.98,6.18,6.47,6.94,6.65,6.42,6.72,6.75,6.7,6.38,6.52,6.3,6.3,6.45,6.42,6.89,6.47,6.5
36085,6.08,6.23,6.72,6.42,6.35,6.18,6.15,5.98,6.18,6.47,6.94,6.65,6.42,6.72,6.75,6.7,6.38,6.52,6.3,6.3,6.45,6.42,6.89,6.47,6.5
36087,6.08,6.23,6.72,6.42,6.35,6.18,6.15,5.98,6.18,6.47,6.94,6.65,6.42,6.72,6.75,6.7,6.38,6.52,6.3,6.3,6.45,6.42,6.89,6.47,6.5
36089,6.08,6.23,6.72,6.42,6.35,6.18,6.15,5.98,6.18,6.47,6.94,6.65,6.42,6.72,6.75,6.7,6.38,6.52,6.3,6.3,6.45,6.42,6.89,6.47,6.5
36091,6.08,6.23,6.72,6.42,6.35,6.18,6.15,5.98,6.18,6.47,6.94,6.65,6.42,6.72,6.75,6.7,6.38,6.52,6.3,6.3,6.45,6.42,6.89,6.47,6.5
36093,6.08,6.23,6.72,6.42,6.35,6.18,6.15,5.98,6.18,6.47,6.94,6.65,6.42,6.72,6.75,6.7,6.38,6.52,6.3,6.3,6.45,6.42,6.89,6.47,6.5
36095,6.08,6.23,6.72,6.42,6.35,6.18,6.15,5.98,6.18,6.47,6.94,6.65,6.42,6.72,6.75,6.7,6.38,6.52,6.3,6.3,6.45,6.42,6.89,6.47,6.5
36097,6.08,6.23,6.72,6.42,6.35,6.18,6.15,5.98,6.18,6.47,6.94,6.65,6.42,6.72,6.75,6.7,6.38,6.52,6.3,6.3,6.45,6.42,6.89,6.47,6.5
36099,6.08,6.23,6.72,6.42,6.35,6.18,6.15,5.98,6.18,6.47,6.94,6.65,6.42,6.72,6.75,6.7,6.38,6.52,6.3,6.3,6.45,6.42,6.89,6.47,6.5
36101,6.08,6.23,6.72,6.42,6.35,6.18,6.15,5.98,6.18,6.47,6.94,6.65,6.42,6.72,6.75,6.7,6.38,6.52,6.3,6.3,6.45,6.42,6.89,6.47,6.5
36103,6.08,6.23,6.72,6.42,6.35,6.18,6.15,5.98,6.18,6.47,6.94,6.65,6.42,6.72,6.75,6.7,6.38,6.52,6.3,6.3,6.45,6.42,6.89,6.47,6.5
36105,6.08,6.23,6.72,6.42,6.35,6.18,6.15,5.98,6.18,6.47,6.94,6.65,6.42,6.72,6.75,6.7,6.38,6.52,6.3,6.3,6.45,6.42,6.89,6.47,6.5
36107,6.08,6.23,6.72,6.42,6.35,6.18,6.15,5.98,6.18,6.47,6.94,6.65,6.42,6.72,6.75,6.7,6.38,6.52,6.3,6.3,6.45,6.42,6.89,6.47,6.5
36109,6.08,6.23,6.72,6.42,6.35,6.18,6.15,5.98,6.18,6.47,6.94,6.65,6.42,6.72,6.75,6.7,6.38,6.52,6.3,6.3,6.45,6.42,6.89,6.47,6.5
36111,6.08,6.23,6.72,6.42,6.35,6.18,6.15,5.98,6.18,6.47,6.94,6.65,6.42,6.72,6.75,6.7,6.38,6.52,6.3,6.3,6.45,6.42,6.89,6.47,6.5
36113,6.08,6.23,6.72,6.42,6.35,6.18,6.15,5.98,6.18,6.47,6.94,6.65,6.42,6.72,6.75,6.7,6.38,6.52,6.3,6.3,6.45,6.42,6.89,6.47,6.5
36115,6.08,6.23,6.72,6.42,6.35,6.18,6.15,5.98,6.18,6.47,6.94,6.65,6.42,6.72,6.75,6.7,6.38,6.52,6.3,6.3,6.45,6.42,6.89,6.47,6.5
36117,6.08,6.23,6.72,6.42,6.35,6.18,6.15,5.98,6.18,6.47,6.94,6.65,6.42,6.72,6.75,6.7,6.38,6.52,6.3,6.3,6.45,6.42,6.89,6.47,6.5
36119,6.08,6.23,6.72,6.42,6.35,6.18,6.15,5.98,6.18,6.47,6.94,6.65,6.42,6.72,6.75,6.7,6.38,6.52,6.3,6.3,6.45,6.42,6.89,6.47,6.5
36121,6.08,6.23,6.72,6.42,6.35,6.18,6.15,5.98,6.18,6.47,6.94,6.65,6.42,6.72,6.75,6.7,6.38,6.52,6.3,6.3,6.45,6.42,6.89,6.47,6.5
36123,6.08,6.23,6.72,6.42,6.35,6.18,6.15,5.98,6.18,6.47,6.94,6.65,6.42,6.72,6.75,6.7,6.38,6.52,6.3,6.3,6.45,6.42,6.89,6.47,6.5
37001,6.08,6.23,6.72,6.42,6.35,6.18,6.15,5.98,6.18,6.47,6.94,6.65,6.42,6.72,6.75,6.7,6.38,6.52,6.3,6.3,6.45,6.42,6.89,6.47,6.5
37003,6.08,6.23,6.72,6.42,6.35,6.18,6.15,5.98,6.18,6.47,6.94,6.65,6.42,6.72,6.75,6.7,6.38,6.52,6.3,6.3,6.45,6.42,6.89,6.47,6.5
37005,6.08,6.23,6.72,6.42,6.35,6.18,6.15,5.98,6.18,6.47,6.94,6.65,6.42,6.72,6.75,6.7,6.38,6.52,6.3,6.3,6.45,6.42,6.89,6.47,6.5
37007,6.08,6.23,6.72,6.42,6.35,6.18,6.15,5.98,6.18,6.47,6.94,6.65,6.42,6.72,6.75,6.7,6.38,6.52,6.3,6.3,6.45,6.42,6.89,6.47,6.5
37009,6.08,6.23,6.72,6.42,6.35,6.18,6.15,5.98,6.18,6.47,6.94,6.65,6.42,6.72,6.75,6.7,6.38,6.52,6.3,6.3,6.45,6.42,6.89,6.47,6.5
37011,6.08,6.23,6.72,6.42,6.35,6.18,6.15,5.98,6.18,6.47,6.94,6.65,6.42,6.72,6.75,6.7,6.38,6.52,6.3,6.3,6.45,6.42,6.89,6.47,6.5
37013,6.08,6.23,6.72,6.42,6.35,6.18,6.15,5.98,6.18,6.47,6.94,6.65,6.42,6.72,6.75,6.7,6.38,6.52,6.3,6.3,6.45,6.42,6.89,6.47,6.5
37015,6.08,6.23,6.72,6.42,6.35,6.18,6.15,5.98,6.18,6.47,6.94,6.65,6.42,6.72,6.75,6.7,6.38,6.52,6.3,6.3,6.45,6.42,6.89,6.47,6.5
37017,6.08,6.23,6.72,6.42,6.35,6.18,6.15,5.98,6.18,6.47,6.94,6.65,6.42,6.72,6.75,6.7,6.38,6.52,6.3,6.3,6.45,6.42,6.89,6.47,6.5
37019,6.08,6.23,6.72,6.42,6.35,6.18,6.15,5.98,6.18,6.47,6.94,6.65,6.42,6.72,6.75,6.7,6.38,6.52,6.3,6.3,6.45,6.42,6.89,6.47,6.5
37021,6.08,6.23,6.72,6.42,6.35,6.18,6.15,5.98,6.18,6.47,6.94,6.65,6.42,6.72,6.75,6.7,6.38,6.52,6.3,6.3,6.45,6.42,6.89,6.47,6.5
37023,6.08,6.23,6.72,6.42,6.35,6.18,6.15,5.98,6.18,6.47,6.94,6.65,6.42,6.72,6.75,6.7,6.38,6.52,6.3,6.3,6.45,6.42,6.89,6.47,6.5
37025,6.08,6.23,6.72,6.42,6.35,6.18,6.15,5.98,6.18,6.47,6.94,6.65,6.42,6.72,6.75,6.7,6.38,6.52,6.3,6.3,6.45,6.42,6.89,6.47,6.5
37027,6.08,6.23,6.72,6.42,6.35,6.18,6.15,5.98,6.18,6.47,6.94,6.65,6.42,6.72,6.75,6.7,6.38,6.52,6.3,6.3,6.45,6.42,6.89,6.47,6.5
37029,6.08,6.23,6.72,6.42,6.35,6.18,6.15,5.98,6.18,6.47,6.94,6.65,6.42,6.72,6.75,6.7,6.38,6.52,6.3,6.3,6.45,6.42,6.89,6.47,6.5
37031,6.08,6.23,6.72,6.42,6.35,6.18,6.15,5.98,6.18,6.47,6.94,6.65,6.42,6.72,6.75,6.7,6.38,6.52,6.3,6.3,6.45,6.42,6.89,6.47,6.5
37033,6.08,6.23,6.72,6.42,6.35,6.18,6.15,5.98,6.18,6.47,6.94,6.65,6.42,6.72,6.75,6.7,6.38,6.52,6.3,6.3,6.45,6.42,6.89,6.47,6.5
37035,6.08,6.23,6.72,6.42,6.35,6.18,6.15,5.98,6.18,6.47,6.94,6.65,6.42,6.72,6.75,6.7,6.38,6.52,6.3,6.3,6.45,6.42,6.89,6.47,6.5
37037,6.08,6.23,6.72,6.42,6.35,6.18,6.15,5.98,6.18,6.47,6.94,6.65,6.42,6.72,6.75,6.7,6.38,6.52,6.3,6.3,6.45,6.42,6.89,6.47,6.5
37039,6.08,6.23,6.72,6.42,6.35,6.18,6.15,5.98,6.18,6.47,6.94,6.65,6.42,6.72,6.75,6.7,6.38,6.52,6.3,6.3,6.45,6.42,6.89,6.47,6.5
37041,6.08,6.23,6.72,6.42,6.35,6.18,6.15,5.98,6.18,6.47,6.94,6.65,6.42,6.72,6.75,6.7,6.38,6.52,6.3,6.3,6.45,6.42,6.89,6.47,6.5
37043,6.08,6.23,6.72,6.42,6.35,6.18,6.15,5.98,6.18,6.47,6.94,6.65,6.42,6.72,6.75,6.7,6.38,6.52,6.3,6.3,6.45,6.42,6.89,6.47,6.5
37045,6.08,6.23,6.72,6.42,6.35,6.18,6.15,5.98,6.18,6.47,6.94,6.65,6.42,6.72,6.75,6.7,6.38,6.52,6.3,6.3,6.45,6.42,6.89,6.47,6.5
37047,6.08,6.23,6.72,6.42,6.35,6.18,6.15,5.98,6.18,6.47,6.94,6.65,6.42,6.72,6.75,6.7,6.38,6.52,6.3,6.3,6.45,6.42,6.89,6.47,6.5
37049,6.08,6.23,6.72,6.42,6.35,6.18,6.15,5.98,6.18,6.47,6.94,6.65,6.42,6.72,6.75,6.7,6.38,6.52,6.3,6.3,6.45,6.42,6.89,6.47,6.5
37051,6.08,6.23,6.72,6.42,6.35,6.18,6.15,5.98,6.18,6.47,6.94,6.65,6.42,6.72,6.75,6.7,6.38,6.52,6.3,6.3,6.45,6.42,6.89,6.47,6.5
37053,6.08,6.23,6.72,6.42,6.35,6.18,6.15,5.98,6.18,6.47,6.94,6.65,6.42,6.72,6.75,6.7,6.38,6.52,6.3,6.3,6.45,6.42,6.89,6.47,6.5
37055,6.08,6.23,6.72,6.42,6.35,6.18,6.15,5.98,6.18,6.47,6.94,6.65,6.42,6.72,6.75,6.7,6.38,6.52,6.3,6.3,6.45,6.42,6.89,6.47,6.5
37057,6.08,6.23,6.72,6.42,6.35,6.18,6.15,5.98,6.18,6.47,6.94,6.65,6.42,6.72,6.75,6.7,6.38,6.52,6.3,6.3,6.45,6.42,6.89,6.47,6.5
37059,6.08,6.23,6.72,6.42,6.35,6.18,6.15,5.98,6.18,6.47,6.94,6.65,6.42,6.72,6.75,6.7,6.38,6.52,6.3,6.3,6.45,6.42,6.89,6.47,6.5
37061,6.08,6.23,6.72,6.42,6.35,6.18,6.15,5.98,6.18,6.47,6.94,6.65,6.42,6.72,6.75,6.7,6.38,6.52,6.3,6.3,6.45,6.42,6.89,6.47,6.5
37063,6.08,6.23,6.72,6.42,6.35,6.18,6.15,5.98,6.18,6.47,6.94,6.65,6.42,6.72,6.75,6.7,6.38,6.52,6.3,6.3,6.45,6.42,6.89,6.47,6.5
37065,6.08,6.23,6.72,6.42,6.35,6.18,6.15,5.98,6.18,6.47,6.94,6.65,6.42,6.72,6.75,6.7,6.38,6.52,6.3,6.3,6.45,6.42,6.89,6.47,6.5
37067,6.08,6.23,6.72,6.42,6.35,6.18,6.15,5.98,6.18,6.47,6.94,6.65,6.42,6.72,6.75,6.7,6.38,6.52,6.3,6.3,6.45,6.42,6.89,6.47,6.5
37069,6.08,6.23,6.72,6.42,6.35,6.18,6.15,5.98,6.18,6.47,6.94,6.65,6.42,6.72,6.75,6.7,6.38,6.52,6.3,6.3,6.45,6.42,6.89,6.47,6.5
37071,6.08,6.23,6.72,6.42,6.35,6.18,6.15,5.98,6.18,6.47,6.94,6.65,6.42,6.72,6.75,6.7,6.38,6.52,6.3,6.3,6.45,6.42,6.89,6.47,6.5
37073,6.08,6.23,6.72,6.42,6.35,6.18,6.15,5.98,6.18,6.47,6.94,6.65,6.42,6.72,6.75,6.7,6.38,6.52,6.3,6.3,6.45,6.42,6.89,6.47,6.5
37075,6.08,6.23,6.72,6.42,6.35,6.18,6.15,5.98,6.18,6.47,6.94,6.65,6.42,6.72,6.75,6.7,6.38,6.52,6.3,6.3,6.45,6.42,6.89,6.47,6.5
37077,6.08,6.23,6.72,6.42,6.35,6.18,6.15,5.98,6.18,6.47,6.94,6.65,6.42,6.72,6.75,6.7,6.38,6.52,6.3,6.3,6.45,6.42,6.89,6.47,6.5
37079,6.08,6.23,6.72,6.42,6.35,6.18,6.15,5.98,6.18,6.47,6.94,6.65,6.42,6.72,6.75,6.7,6.38,6.52,6.3,6.3,6.45,6.42,6.89,6.47,6.5
37081,6.08,6.23,6.72,6.42,6.35,6.18,6.15,5.98,6.18,6.47,6.94,6.65,6.42,6.72,6.75,6.7,6.38,6.52,6.3,6.3,6.45,6.42,6.89,6.47,6.5
37083,6.08,6.23,6.72,6.42,6.35,6.18,6.15,5.98,6.18,6.47,6.94,6.65,6.42,6.72,6.75,6.7,6.38,6.52,6.3,6.3,6.45,6.42,6.89,6.47,6.5
37085,6.08,6.23,6.72,6.42,6.35,6.18,6.15,5.98,6.18,6.47,6.94,6.65,6.42,6.72,6.75,6.7,6.38,6.52,6.3,6.3,6.45,6.42,6.89,6.47,6.5
37087,6.08,6.23,6.72,6.42,6.35,6.18,6.15,5.98,6.18,6.47,6.94,6.65,6.42,6.72,6.75,6.7,6.38,6.52,6.3,6.3,6.45,6.42,6.89,6.47,6.5
37089,6.08,6.23,6.72,6.42,6.35,6.18,6.15,5.98,6.18,6.47,6.94,6.65,6.42,6.72,6.75,6.7,6.38,6.52,6.3,6.3,6.45,6.42,6.89,6.47,6.5
37091,6.08,6.23,6.72,6.42,6.35,6.18,6.15,5.98,6.18,6.47,6.94,6.65,6.42,6.72,6.75,6.7,6.38,6.52,6.3,6.3,6.45,6.42,6.89,6.47,6.5
37093,6.08,6.23,6.72,6.42,6.35,6.18,6.15,5.98,6.18,6.47,6.94,6.65,6.42,6.72,6.75,6.7,6.38,6.52,6.3,6.3,6.45,6.42,6.89,6.47,6.5
37095,6.08,6.23,6.72,6.42,6.35,6.18,6.15,5.98,6.18,6.47,6.94,6.65,6.42,6.72,6.75,6.7,6.38,6.52,6.3,6.3,6.45,6.42,6.89,6.47,6.5
37097,6.08,6.23,6.72,6.42,6.35,6.18,6.15,5.98,6.18,6.47,6.94,6.65,6.42,6.72,6.75,6.7,6.38,6.52,6.3,6.3,6.45,6.42,6.89,6.47,6.5
37099,6.08,6.23,6.72,6.42,6.35,6.18,6.15,5.98,6.18,6.47,6.94,6.65,6.42,6.72,6.75,6.7,6.38,6.52,6.3,6.3,6.45,6.42,6.89,6.47,6.5
37101,6.08,6.23,6.72,6.42,6.35,6.18,6.15,5.98,6.18,6.47,6.94,6.65,6.42,6.72,6.75,6.7,6.38,6.52,6.3,6.3,6.45,6.42,6.89,6.47,6.5
37103,6.08,6.23,6.72,6.42,6.35,6.18,6.15,5.98,6.18,6.47,6.94,6.65,6.42,6.72,6.75,6.7,6.38,6.52,6.3,6.3,6.45,6.42,6.89,6.47,6.5
37105,6.08,6.23,6.72,6.42,6.35,6.18,6.15,5.98,6.18,6.47,6.94,6.65,6.42,6.72,6.75,6.7,6.38,6.52,6.3,6.3,6.45,6.42,6.89,6.47,6.5
37107,6.08,6.23,6.72,6.42,6.35,6.18,6.15,5.98,6.18,6.47,6.94,6.65,6.42,6.72,6.75,6.7,6.38,6.52,6.3,6.3,6.45,6.42,6.89,6.47,6.5
37109,6.08,6.23,6.72,6.42,6.35,6.18,6.15,5.98,6.18,6.47,6.94,6.65,6.42,6.72,6.75,6.7,6.38,6.52,6.3,6.3,6.45,6.42,6.89,6.47,6.5
37111,6.08,6.23,6.72,6.42,6.35,6.18,6.15,5.98,6.18,6.47,6.94,6.65,6.42,6.72,6.75,6.7,6.38,6.52,6.3,6.3,6.45,6.42,6.89,6.47,6.5
37113,6.08,6.23,6.72,6.42,6.35,6.18,6.15,5.98,6.18,6.47,6.94,6.65,6.42,6.72,6.75,6.7,6.38,6.52,6.3,6.3,6.45,6.42,6.89,6.47,6.5
37115,6.08,6.23,6.72,6.42,6.35,6.18,6.15,5.98,6.18,6.47,6.94,6.65,6.42,6.72,6.75,6.7,6.38,6.52,6.3,6.3,6.45,6.42,6.89,6.47,6.5
37117,6.08,6.23,6.72,6.42,6.35,6.18,6.15,5.98,6.18,6.47,6.94,6.65,6.42,6.72,6.75,6.7,6.38,6.52,6.3,6.3,6.45,6.42,6.89,6.47,6.5
37119,6.08,6.23,6.72,6.42,6.35,6.18,6.15,5.98,6.18,6.47,6.94,6.65,6.42,6.72,6.75,6.7,6.38,6.52,6.3,6.3,6.45,6.42,6.89,6.47,6.5
37121,6.08,6.23,6.72,6.42,6.35,6.18,6.15,5.98,6.18,6.47,6.94,6.65,6.42,6.72,6.75,6.7,6.38,6.52,6.3,6.3,6.45,6.42,6.89,6.47,6.5
37123,6.08,6.23,6.72,6.42,6.35,6.18,6.15,5.98,6.18,6.47,6.94,6.65,6.42,6.72,6.75,6.7,6.38,6.52,6.3,6.3,6.45,6.42,6.89,6.47,6.5
37125,6.08,6.23,6.72,6.42,6.35,6.18,6.15,5.98,6.18,6.47,6.94,6.65,6.42,6.72,6.75,6.7,6.38,6.52,6.3,6.3,6.45,6.42,6.89,6.47,6.5
37127,6.08,6.23,6.72,6.42,6.35,6.18,6.15,5.98,6.18,6.47,6.94,6.65,6.42,6.72,6.75,6.7,6.38,6.52,6.3,6.3,6.45,6.42,6.89,6.47,6.5
37129,6.08,6.23,6.72,6.42,6.35,6.18,6.15,5.98,6.18,6.47,6.94,6.65,6.42,6.72,6.75,6.7,6.38,6.52,6.3,6.3,6.45,6.42,6.89,6.47,6.5
37131,6.08,6.23,6.72,6.42,6.35,6.18,6.15,5.98,6.18,6.47,6.94,6.65,6.42,6.72,6.75,6.7,6.38,6.52,6.3,6.3,6.45,6.42,6.89,6.47,6.5
37133,6.08,6.23,6.72,6.42,6.35,6.18,6.15,5.98,6.18,6.47,6.94,6.65,6.42,6.72,6.75,6.7,6.38,6.52,6.3,6.3,6.45,6.42,6.89,6.47,6.5
37135,6.08,6.23,6.72,6.42,6.35,6.18,6.15,5.98,6.18,6.47,6.94,6.65,6.42,6.72,6.75,6.7,6.38,6.52,6.3,6.3,6.45,6.42,6.89,6.47,6.5
37137,6.08,6.23,6.72,6.42,6.35,6.18,6.15,5.98,6.18,6.47,6.94,6.65,6.42,6.72,6.75,6.7,6.38,6.52,6.3,6.3,6.45,6.42,6.89,6.47,6.5
37139,6.08,6.23,6.72,6.42,6.35,6.18,6.15,5.98,6.18,6.47,6.94,6.65,6.42,6.72,6.75,6.7,6.38,6.52,6.3,6.3,6.45,6.42,6.89,6.47,6.5
37141,6.08,6.23,6.72,6.42,6.35,6.18,6.15,5.98,6.18,6.47,6.94,6.65,6.42,6.72,6.75,6.7,6.38,6.52,6.3,6.3,6.45,6.42,6.89,6.47,6.5
37143,6.08,6.23,6.72,6.42,6.35,6.18,6.15,5.98,6.18,6.47,6.94,6.65,6.42,6.72,6.75,6.7,6.38,6.52,6.3,6.3,6.45,6.42,6.89,6.47,6.5
37145,6.08,6.23,6.72,6.42,6.35,6.18,6.15,5.98,6.18,6.47,6.94,6.65,6.42,6.72,6.75,6.7,6.38,6.52,6.3,6.3,6.45,6.42,6.89,6.47,6.5
37147,6.08,6.23,6.72,6.42,6.35,6.18,6.15,5.98,6.18,6.47,6.94,6.65,6.42,6.72,6.75,6.7,6.38,6.52,6.3,6.3,6.45,6.42,6.89,6.47,6.5
37149,6.08,6.23,6.72,6.42,6.35,6.18,6.15,5.98,6.18,6.47,6.94,6.65,6.42,6.72,6.75,6.7,6.38,6.52,6.3,6.3,6.45,6.42,6.89,6.47,6.5
37151,6.08,6.23,6.72,6.42,6.35,6.18,6.15,5.98,6.18,6.47,6.94,6.65,6.42,6.72,6.75,6.7,6.38,6.52,6.3,6.3,6.45,6.42,6.89,6.47,6.5
37153,6.08,6.23,6.72,6.42,6.35,6.18,6.15,5.98,6.18,6.47,6.94,6.65,6.42,6.72,6.75,6.7,6.38,6.52,6.3,6.3,6.45,6.42,6.89,6.47,6.5
37155,6.08,6.23,6.72,6.42,6.35,6.18,6.15,5.98,6.18,6.47,6.94,6.65,6.42,6.72,6.75,6.7,6.38,6.52,6.3,6.3,6.45,6.42,6.89,6.47,6.5
37157,6.08,6.23,6.72,6.42,6.35,6.18,6.15,5.98,6.18,6.47,6.94,6.65,6.42,6.72,6.75,6.7,6.38,6.52,6.3,6.3,6.45,6.42,6.89,6.47,6.5
37159,6.08,6.23,6.72,6.42,6.35,6.18,6.15,5.98,6.18,6.47,6.94,6.65,6.42,6.72,6.75,6.7,6.38,6.52,6.3,6.3,6.45,6.42,6.89,6.47,6.5
37161,6.08,6.23,6.72,6.42,6.35,6.18,6.15,5.98,6.18,6.47,6.94,6.65,6.42,6.72,6.75,6.7,6.38,6.52,6.3,6.3,6.45,6.42,6.89,6.47,6.5
37163,6.08,6.23,6.72,6.42,6.35,6.18,6.15,5.98,6.18,6.47,6.94,6.65,6.42,6.72,6.75,6.7,6.38,6.52,6.3,6.3,6.45,6.42,6.89,6.47,6.5
37165,6.08,6.23,6.72,6.42,6.35,6.18,6.15,5.98,6.18,6.47,6.94,6.65,6.42,6.72,6.75,6.7,6.38,6.52,6.3,6.3,6.45,6.42,6.89,6.47,6.5
37167,6.08,6.23,6.72,6.42,6.35,6.18,6.15,5.98,6.18,6.47,6.94,6.65,6.42,6.72,6.75,6.7,6.38,6.52,6.3,6.3,6.45,6.42,6.89,6.47,6.5
37169,6.08,6.23,6.72,6.42,6.35,6.18,6.15,5.98,6.18,6.47,6.94,6.65,6.42,6.72,6.75,6.7,6.38,6.52,6.3,6.3,6.45,6.42,6.89,6.47,6.5
37171,6.08,6.23,6.72,6.42,6.35,6.18,6.15,5.98,6.18,6.47,6.94,6.65,6.42,6.72,6.75,6.7,6.38,6.52,6.3,6.3,6.45,6.42,6.89,6.47,6.5
37173,6.08,6.23,6.72,6.42,6.35,6.18,6.15,5.98,6.18,6.47,6.94,6.65,6.42,6.72,6.75,6.7,6.38,6.52,6.3,6.3,6.45,6.42,6.89,6.47,6.5
37175,6.08,6.23,6.72,6.42,6.35,6.18,6.15,5.98,6.18,6.47,6.94,6.65,6.42,6.72,6.75,6.7,6.38,6.52,6.3,6.3,6.45,6.42,6.89,6.47,6.5
37177,6.08,6.23,6.72,6.42,6.35,6.18,6.15,5.98,6.18,6.47,6.94,6.65,6.42,6.72,6.75,6.7,6.38,6.52,6.3,6.3,6.45,6.42,6.89,6.47,6.5
37179,6.08,6.23,6.72,6.42,6.35,6.18,6.15,5.98,6.18,6.47,6.94,6.65,6.42,6.72,6.75,6.7,6.38,6.52,6.3,6.3,6.45,6.42,6.89,6.47,6.5
37181,6.08,6.23,6.72,6.42,6.35,6.18,6.15,5.98,6.18,6.47,6.94,6.65,6.42,6.72,6.75,6.7,6.38,6.52,6.3,6.3,6.45,6.42,6.89,6.47,6.5
37183,6.08,6.23,6.72,6.42,6.35,6.18,6.15,5.98,6.18,6.47,6.94,6.65,6.42,6.72,6.75,6.7,6.38,6.52,6.3,6.3,6.45,6.42,6.89,6.47,6.5
37185,6.08,6.23,6.72,6.42,6.35,6.18,6.15,5.98,6.18,6.47,6.94,6.65,6.42,6.72,6.75,6.7,6.38,6.52,6.3,6.3,6.45,6.42,6.89,6.47,6.5
37187,6.08,6.23,6.72,6.42,6.35,6.18,6.15,5.98,6.18,6.47,6.94,6.65,6.42,6.72,6.75,6.7,6.38,6.52,6.3,6.3,6.45,6.42,6.89,6.47,6.5
37189,6.08,6.23,6.72,6.42,6.35,6.18,6.15,5.98,6.18,6.47,6.94,6.65,6.42,6.72,6.75,6.7,6.38,6.52,6.3,6.3,6.45,6.42,6.89,6.47,6.5
37191,6.08,6.23,6.72,6.42,6.35,6.18,6.15,5.98,6.18,6.47,6.94,6.65,6.42,6.72,6.75,6.7,6.38,6.52,6.3,6.3,6.45,6.42,6.89,6.47,6.5
37193,6.08,6.23,6.72,6.42,6.35,6.18,6.15,5.98,6.18,6.47,6.94,6.65,6.42,6.72,6.75,6.7,6.38,6.52,6.3,6.3,6.45,6.42,6.89,6.47,6.5
37195,6.08,6.23,6.72,6.42,6.35,6.18,6.15,5.98,6.18,6.47,6.94,6.65,6.42,6.72,6.75,6.7,6.38,6.52,6.3,6.3,6.45,6.42,6.89,6.47,6.5
37197,6.08,6.23,6.72,6.42,6.35,6.18,6.15,5.98,6.18,6.47,6.94,6.65,6.42,6.72,6.75,6.7,6.38,6.52,6.3,6.3,6.45,6.42,6.89,6.47,6.5
37199,6.08,6.23,6.72,6.42,6.35,6.18,6.15,5.98,6.18,6.47,6.94,6.65,6.42,6.72,6.75,6.7,6.38,6.52,6.3,6.3,6.45,6.42,6.89,6.47,6.5
38001,6.08,6.23,6.72,6.42,6.35,6.18,6.15,5.98,6.18,6.47,6.94,6.65,6.42,6.72,6.75,6.7,6.38,6.52,6.3,6.3,6.45,6.42,6.89,6.47,6.5
38003,6.08,6.23,6.72,6.42,6.35,6.18,6.15,5.98,6.18,6.47,6.94,6.65,6.42,6.72,6.75,6.7,6.38,6.52,6.3,6.3,6.45,6.42,6.89,6.47,6.5
38005,6.08,6.23,6.72,6.42,6.35,6.18,6.15,5.98,6.18,6.47,6.94,6.65,6.42,6.72,6.75,6.7,6.38,6.52,6.3,6.3,6.45,6.42,6.89,6.47,6.5
38007,6.08,6.23,6.72,6.42,6.35,6.18,6.15,5.98,6.18,6.47,6.94,6.65,6.42,6.72,6.75,6.7,6.38,6.52,6.3,6.3,6.45,6.42,6.89,6.47,6.5
38009,6.08,6.23,6.72,6.42,6.35,6.18,6.15,5.98,6.18,6.47,6.94,6.65,6.42,6.72,6.75,6.7,6.38,6.52,6.3,6.3,6.45,6.42,6.89,6.47,6.5
38011,6.08,6.23,6.72,6.42,6.35,6.18,6.15,5.98,6.18,6.47,6.94,6.65,6.42,6.72,6.75,6.7,6.38,6.52,6.3,6.3,6.45,6.42,6.89,6.47,6.5
38013,6.08,6.23,6.72,6.42,6.35,6.18,6.15,5.98,6.18,6.47,6.94,6.65,6.42,6.72,6.75,6.7,6.38,6.52,6.3,6.3,6.45,6.42,6.89,6.47,6.5
38015,6.08,6.23,6.72,6.42,6.35,6.18,6.15,5.98,6.18,6.47,6.94,6.65,6.42,6.72,6.75,6.7,6.38,6.52,6.3,6.3,6.45,6.42,6.89,6.47,6.5
38017,6.08,6.23,6.72,6.42,6.35,6.18,6.15,5.98,6.18,6.47,6.94,6.65,6.42,6.72,6.75,6.7,6.38,6.52,6.3,6.3,6.45,6.42,6.89,6.47,6.5
38019,6.08,6.23,6.72,6.42,6.35,6.18,6.15,5.98,6.18,6.47,6.94,6.65,6.42,6.72,6.75,6.7,6.38,6.52,6.3,6.3,6.45,6.42,6.89,6.47,6.5
38021,6.08,6.23,6.72,6.42,6.35,6.18,6.15,5.98,6.18,6.47,6.94,6.65,6.42,6.72,6.75,6.7,6.38,6.52,6.3,6.3,6.45,6.42,6.89,6.47,6.5
38023,6.08,6.23,6.72,6.42,6.35,6.18,6.15,5.98,6.18,6.47,6.94,6.65,6.42,6.72,6.75,6.7,6.38,6.52,6.3,6.3,6.45,6.42,6.89,6.47,6.5
38025,6.08,6.23,6.72,6.42,6.35,6.18,6.15,5.98,6.18,6.47,6.94,6.65,6.42,6.72,6.75,6.7,6.38,6.52,6.3,6.3,6.45,6.42,6.89,6.47,6.5
38027,6.08,6.23,6.72,6.42,6.35,6.18,6.15,5.98,6.18,6.47,6.94,6.65,6.42,6.72,6.75,6.7,6.38,6.52,6.3,6.3,6.45,6.42,6.89,6.47,6.5
38029,6.08,6.23,6.72,6.42,6.35,6.18,6.15,5.98,6.18,6.47,6.94,6.65,6.42,6.72,6.75,6.7,6.38,6.52,6.3,6.3,6.45,6.42,6.89,6.47,6.5
38031,6.08,6.23,6.72,6.42,6.35,6.18,6.15,5.98,6.18,6.47,6.94,6.65,6.42,6.72,6.75,6.7,6.38,6.52,6.3,6.3,6.45,6.42,6.89,6.47,6.5
38033,6.08,6.23,6.72,6.42,6.35,6.18,6.15,5.98,6.18,6.47,6.94,6.65,6.42,6.72,6.75,6.7,6.38,6.52,6.3,6.3,6.45,6.42,6.89,6.47,6.5
38035,6.08,6.23,6.72,6.42,6.35,6.18,6.15,5.98,6.18,6.47,6.94,6.65,6.42,6.72,6.75,6.7,6.38,6.52,6.3,6.3,6.45,6.42,6.89,6.47,6.5
38037,6.08,6.23,6.72,6.42,6.35,6.18,6.15,5.98,6.18,6.47,6.94,6.65,6.42,6.72,6.75,6.7,6.38,6.52,6.3,6.3,6.45,6.42,6.89,6.47,6.5
38039,6.08,6.23,6.72,6.42,6.35,6.18,6.15,5.98,6.18,6.47,6.94,6.65,6.42,6.72,6.75,6.7,6.38,6.52,6.3,6.3,6.45,6.42,6.89,6.47,6.5
38041,6.08,6.23,6.72,6.42,6.35,6.18,6.15,5.98,6.18,6.47,6.94,6.65,6.42,6.72,6.75,6.7,6.38,6.52,6.3,6.3,6.45,6.42,6.89,6.47,6.5
38043,6.08,6.23,6.72,6.42,6.35,6.18,6.15,5.98,6.18,6.47,6.94,6.65,6.42,6.72,6.75,6.7,6.38,6.52,6.3,6.3,6.45,6.42,6.89,6.47,6.5
38045,6.08,6.23,6.72,6.42,6.35,6.18,6.15,5.98,6.18,6.47,6.94,6.65,6.42,6.72,6.75,6.7,6.38,6.52,6.3,6.3,6.45,6.42,6.89,6.47,6.5
38047,6.08,6.23,6.72,6.42,6.35,6.18,6.15,5.98,6.18,6.47,6.94,6.65,6.42,6.72,6.75,6.7,6.38,6.52,6.3,6.3,6.45,6.42,6.89,6.47,6.5
38049,6.08,6.23,6.72,6.42,6.35,6.18,6.15,5.98,6.18,6.47,6.94,6.65,6.42,6.72,6.75,6.7,6.38,6.52,6.3,6.3,6.45,6.42,6.89,6.47,6.5
38051,6.08,6.23,6.72,6.42,6.35,6.18,6.15,5.98,6.18,6.47,6.94,6.65,6.42,6.72,6.75,6.7,6.38,6.52,6.3,6.3,6.45,6.42,6.89,6.47,6.5
38053,6.08,6.23,6.72,6.42,6.35,6.18,6.15,5.98,6.18,6.47,6.94,6.65,6.42,6.72,6.75,6.7,6.38,6.52,6.3,6.3,6.45,6.42,6.89,6.47,6.5
38055,6.08,6.23,6.72,6.42,6.35,6.18,6.15,5.98,6.18,6.47,6.94,6.65,6.42,6.72,6.75,6.7,6.38,6.52,6.3,6.3,6.45,6.42,6.89,6.47,6.5
38057,6.08,6.23,6.72,6.42,6.35,6.18,6.15,5.98,6.18,6.47,6.94,6.65,6.42,6.72,6.75,6.7,6.38,6.52,6.3,6.3,6.45,6.42,6.89,6.47,6.5
38059,6.08,6.23,6.72,6.42,6.35,6.18,6.15,5.98,6.18,6.47,6.94,6.65,6.42,6.72,6.75,6.7,6.38,6.52,6.3,6.3,6.45,6.42,6.89,6.47,6.5
38061,6.08,6.23,6.72,6.42,6.35,6.18,6.15,5.98,6.18,6.47,6.94,6.65,6.42,6.72,6.75,6.7,6.38,6.52,6.3,6.3,6.45,6.42,6.89,6.47,6.5
38063,6.08,6.23,6.72,6.42,6.35,6.18,6.15,5.98,6.18,6.47,6.94,6.65,6.42,6.72,6.75,6.7,6.38,6.52,6.3,6.3,6.45,6.42,6.89,6.47,6.5
38065,6.08,6.23,6.72,6.42,6.35,6.18,6.15,5.98,6.18,6.47,6.94,6.65,6.42,6.72,6.75,6.7,6.38,6.52,6.3,6.3,6.45,6.42,6.89,6.47,6.5
38067,6.08,6.23,6.72,6.42,6.35,6.18,6.15,5.98,6.18,6.47,6.94,6.65,6.42,6.72,6.75,6.7,6.38,6.52,6.3,6.3,6.45,6.42,6.89,6.47,6.5
38069,6.08,6.23,6.72,6.42,6.35,6.18,6.15,5.98,6.18,6.47,6.94,6.65,6.42,6.72,6.75,6.7,6.38,6.52,6.3,6.3,6.45,6.42,6.89,6.47,6.5
38071,6.08,6.23,6.72,6.42,6.35,6.18,6.15,5.98,6.18,6.47,6.94,6.65,6.42,6.72,6.75,6.7,6.38,6.52,6.3,6.3,6.45,6.42,6.89,6.47,6.5
38073,6.08,6.23,6.72,6.42,6.35,6.18,6.15,5.98,6.18,6.47,6.94,6.65,6.42,6.72,6.75,6.7,6.38,6.52,6.3,6.3,6.45,6.42,6.89,6.47,6.5
38075,6.08,6.23,6.72,6.42,6.35,6.18,6.15,5.98,6.18,6.47,6.94,6.65,6.42,6.72,6.75,6.7,6.38,6.52,6.3,6.3,6.45,6.42,6.89,6.47,6.5
38077,6.08,6.23,6.72,6.42,6.35,6.18,6.15,5.98,6.18,6.47,6.94,6.65,6.42,6.72,6.75,6.7,6.38,6.52,6.3,6.3,6.45,6.42,6.89,6.47,6.5
38079,6.08,6.23,6.72,6.42,6.35,6.18,6.15,5.98,6.18,6.47,6.94,6.65,6.42,6.72,6.75,6.7,6.38,6.52,6.3,6.3,6.45,6.42,6.89,6.47,6.5
38081,6.08,6.23,6.72,6.42,6.35,6.18,6.15,5.98,6.18,6.47,6.94,6.65,6.42,6.72,6.75,6.7,6.38,6.52,6.3,6.3,6.45,6.42,6.89,6.47,6.5
38083,6.08,6.23,6.72,6.42,6.35,6.18,6.15,5.98,6.18,6.47,6.94,6.65,6.42,6.72,6.75,6.7,6.38,6.52,6.3,6.3,6.45,6.42,6.89,6.47,6.5
38085,6.08,6.23,6.72,6.42,6.35,6.18,6.15,5.98,6.18,6.47,6.94,6.65,6.42,6.72,6.75,6.7,6.38,6.52,6.3,6.3,6.45,6.42,6.89,6.47,6.5
38087,6.08,6.23,6.72,6.42,6.35,6.18,6.15,5.98,6.18,6.47,6.94,6.65,6.42,6.72,6.75,6.7,6.38,6.52,6.3,6.3,6.45,6.42,6.89,6.47,6.5
38089,6.08,6.23,6.72,6.42,6.35,6.18,6.15,5.98,6.18,6.47,6.94,6.65,6.42,6.72,6.75,6.7,6.38,6.52,6.3,6.3,6.45,6.42,6.89,6.47,6.5
38091,6.08,6.23,6.72,6.42,6.35,6.18,6.15,5.98,6.18,6.47,6.94,6.65,6.42,6.72,6.75,6.7,6.38,6.52,6.3,6.3,6.45,6.42,6.89,6.47,6.5
38093,6.08,6.23,6.72,6.42,6.35,6.18,6.15,5.98,6.18,6.47,6.94,6.65,6.42,6.72,6.75,6.7,6.38,6.52,6.3,6.3,6.45,6.42,6.89,6.47,6.5
38095,6.08,6.23,6.72,6.42,6.35,6.18,6.15,5.98,6.18,6.47,6.94,6.65,6.42,6.72,6.75,6.7,6.38,6.52,6.3,6.3,6.45,6.42,6.89,6.47,6.5
38097,6.08,6.23,6.72,6.42,6.35,6.18,6.15,5.98,6.18,6.47,6.94,6.65,6.42,6.72,6.75,6.7,6.38,6.52,6.3,6.3,6.45,6.42,6.89,6.47,6.5
38099,6.08,6.23,6.72,6.42,6.35,6.18,6.15,5.98,6.18,6.47,6.94,6.65,6.42,6.72,6.75,6.7,6.38,6.52,6.3,6.3,6.45,6.42,6.89,6.47,6.5
38101,6.08,6.23,6.72,6.42,6.35,6.18,6.15,5.98,6.18,6.47,6.94,6.65,6.42,6.72,6.75,6.7,6.38,6.52,6.3,6.3,6.45,6.42,6.89,6.47,6.5
38103,6.08,6.23,6.72,6.42,6.35,6.18,6.15,5.98,6.18,6.47,6.94,6.65,6.42,6.72,6.75,6.7,6.38,6.52,6.3,6.3,6.45,6.42,6.89,6.47,6.5
38105,6.08,6.23,6.72,6.42,6.35,6.18,6.15,5.98,6.18,6.47,6.94,6.65,6.42,6.72,6.75,6.7,6.38,6.52,6.3,6.3,6.45,6.42,6.89,6.47,6.5
39001,6.08,6.23,6.72,6.42,6.35,6.18,6.15,5.98,6.18,6.47,6.94,6.65,6.42,6.72,6.75,6.7,6.38,6.52,6.3,6.3,6.45,6.42,6.89,6.47,6.5
39003,6.08,6.23,6.72,6.42,6.35,6.18,6.15,5.98,6.18,6.47,6.94,6.65,6.42,6.72,6.75,6.7,6.38,6.52,6.3,6.3,6.45,6.42,6.89,6.47,6.5
39005,6.08,6.23,6.72,6.42,6.35,6.18,6.15,5.98,6.18,6.47,6.94,6.65,6.42,6.72,6.75,6.7,6.38,6.52,6.3,6.3,6.45,6.42,6.89,6.47,6.5
39007,6.08,6.23,6.72,6.42,6.35,6.18,6.15,5.98,6.18,6.47,6.94,6.65,6.42,6.72,6.75,6.7,6.38,6.52,6.3,6.3,6.45,6.42,6.89,6.47,6.5
39009,6.08,6.23,6.72,6.42,6.35,6.18,6.15,5.98,6.18,6.47,6.94,6.65,6.42,6.72,6.75,6.7,6.38,6.52,6.3,6.3,6.45,6.42,6.89,6.47,6.5
39011,6.08,6.23,6.72,6.42,6.35,6.18,6.15,5.98,6.18,6.47,6.94,6.65,6.42,6.72,6.75,6.7,6.38,6.52,6.3,6.3,6.45,6.42,6.89,6.47,6.5
39013,6.08,6.23,6.72,6.42,6.35,6.18,6.15,5.98,6.18,6.47,6.94,6.65,6.42,6.72,6.75,6.7,6.38,6.52,6.3,6.3,6.45,6.42,6.89,6.47,6.5
39015,6.08,6.23,6.72,6.42,6.35,6.18,6.15,5.98,6.18,6.47,6.94,6.65,6.42,6.72,6.75,6.7,6.38,6.52,6.3,6.3,6.45,6.42,6.89,6.47,6.5
39017,6.08,6.23,6.72,6.42,6.35,6.18,6.15,5.98,6.18,6.47,6.94,6.65,6.42,6.72,6.75,6.7,6.38,6.52,6.3,6.3,6.45,6.42,6.89,6.47,6.5
39019,6.08,6.23,6.72,6.42,6.35,6.18,6.15,5.98,6.18,6.47,6.94,6.65,6.42,6.72,6.75,6.7,6.38,6.52,6.3,6.3,6.45,6.42,6.89,6.47,6.5
39021,6.08,6.23,6.72,6.42,6.35,6.18,6.15,5.98,6.18,6.47,6.94,6.65,6.42,6.72,6.75,6.7,6.38,6.52,6.3,6.3,6.45,6.42,6.89,6.47,6.5
39023,6.08,6.23,6.72,6.42,6.35,6.18,6.15,5.98,6.18,6.47,6.94,6.65,6.42,6.72,6.75,6.7,6.38,6.52,6.3,6.3,6.45,6.42,6.89,6.47,6.5
39025,6.08,6.23,6.72,6.42,6.35,6.18,6.15,5.98,6.18,6.47,6.94,6.65,6.42,6.72,6.75,6.7,6.38,6.52,6.3,6.3,6.45,6.42,6.89,6.47,6.5
39027,6.08,6.23,6.72,6.42,6.35,6.18,6.15,5.98,6.18,6.47,6.94,6.65,6.42,6.72,6.75,6.7,6.38,6.52,6.3,6.3,6.45,6.42,6.89,6.47,6.5
39029,6.08,6.23,6.72,6.42,6.35,6.18,6.15,5.98,6.18,6.47,6.94,6.65,6.42,6.72,6.75,6.7,6.38,6.52,6.3,6.3,6.45,6.42,6.89,6.47,6.5
39031,6.08,6.23,6.72,6.42,6.35,6.18,6.15,5.98,6.18,6.47,6.94,6.65,6.42,6.72,6.75,6.7,6.38,6.52,6.3,6.3,6.45,6.42,6.89,6.47,6.5
39033,6.08,6.23,6.72,6.42,6.35,6.18,6.15,5.98,6.18,6.47,6.94,6.65,6.42,6.72,6.75,6.7,6.38,6.52,6.3,6.3,6.45,6.42,6.89,6.47,6.5
39035,6.08,6.23,6.72,6.42,6.35,6.18,6.15,5.98,6.18,6.47,6.94,6.65,6.42,6.72,6.75,6.7,6.38,6.52,6.3,6.3,6.45,6.42,6.89,6.47,6.5
39037,6.08,6.23,6.72,6.42,6.35,6.18,6.15,5.98,6.18,6.47,6.94,6.65,6.42,6.72,6.75,6.7,6.38,6.52,6.3,6.3,6.45,6.42,6.89,6.47,6.5
39039,6.08,6.23,6.72,6.42,6.35,6.18,6.15,5.98,6.18,6.47,6.94,6.65,6.42,6.72,6.75,6.7,6.38,6.52,6.3,6.3,6.45,6.42,6.89,6.47,6.5
39041,6.08,6.23,6.72,6.42,6.35,6.18,6.15,5.98,6.18,6.47,6.94,6.65,6.42,6.72,6.75,6.7,6.38,6.52,6.3,6.3,6.45,6.42,6.89,6.47,6.5
39043,6.08,6.23,6.72,6.42,6.35,6.18,6.15,5.98,6.18,6.47,6.94,6.65,6.42,6.72,6.75,6.7,6.38,6.52,6.3,6.3,6.45,6.42,6.89,6.47,6.5
39045,6.08,6.23,6.72,6.42,6.35,6.18,6.15,5.98,6.18,6.47,6.94,6.65,6.42,6.72,6.75,6.7,6.38,6.52,6.3,6.3,6.45,6.42,6.89,6.47,6.5
39047,6.08,6.23,6.72,6.42,6.35,6.18,6.15,5.98,6.18,6.47,6.94,6.65,6.42,6.72,6.75,6.7,6.38,6.52,6.3,6.3,6.45,6.42,6.89,6.47,6.5
39049,6.08,6.23,6.72,6.42,6.35,6.18,6.15,5.98,6.18,6.47,6.94,6.65,6.42,6.72,6.75,6.7,6.38,6.52,6.3,6.3,6.45,6.42,6.89,6.47,6.5
39051,6.08,6.23,6.72,6.42,6.35,6.18,6.15,5.98,6.18,6.47,6.94,6.65,6.42,6.72,6.75,6.7,6.38,6.52,6.3,6.3,6.45,6.42,6.89,6.47,6.5
39053,6.08,6.23,6.72,6.42,6.35,6.18,6.15,5.98,6.18,6.47,6.94,6.65,6.42,6.72,6.75,6.7,6.38,6.52,6.3,6.3,6.45,6.42,6.89,6.47,6.5
39055,6.08,6.23,6.72,6.42,6.35,6.18,6.15,5.98,6.18,6.47,6.94,6.65,6.42,6.72,6.75,6.7,6.38,6.52,6.3,6.3,6.45,6.42,6.89,6.47,6.5
39057,6.08,6.23,6.72,6.42,6.35,6.18,6.15,5.98,6.18,6.47,6.94,6.65,6.42,6.72,6.75,6.7,6.38,6.52,6.3,6.3,6.45,6.42,6.89,6.47,6.5
39059,6.08,6.23,6.72,6.42,6.35,6.18,6.15,5.98,6.18,6.47,6.94,6.65,6.42,6.72,6.75,6.7,6.38,6.52,6.3,6.3,6.45,6.42,6.89,6.47,6.5
39061,6.08,6.23,6.72,6.42,6.35,6.18,6.15,5.98,6.18,6.47,6.94,6.65,6.42,6.72,6.75,6.7,6.38,6.52,6.3,6.3,6.45,6.42,6.89,6.47,6.5
39063,6.08,6.23,6.72,6.42,6.35,6.18,6.15,5.98,6.18,6.47,6.94,6.65,6.42,6.72,6.75,6.7,6.38,6.52,6.3,6.3,6.45,6.42,6.89,6.47,6.5
39065,6.08,6.23,6.72,6.42,6.35,6.18,6.15,5.98,6.18,6.47,6.94,6.65,6.42,6.72,6.75,6.7,6.38,6.52,6.3,6.3,6.45,6.42,6.89,6.47,6.5
39067,6.08,6.23,6.72,6.42,6.35,6.18,6.15,5.98,6.18,6.47,6.94,6.65,6.42,6.72,6.75,6.7,6.38,6.52,6.3,6.3,6.45,6.42,6.89,6.47,6.5
39069,6.08,6.23,6.72,6.42,6.35,6.18,6.15,5.98,6.18,6.47,6.94,6.65,6.42,6.72,6.75,6.7,6.38,6.52,6.3,6.3,6.45,6.42,6.89,6.47,6.5
39071,6.08,6.23,6.72,6.42,6.35,6.18,6.15,5.98,6.18,6.47,6.94,6.65,6.42,6.72,6.75,6.7,6.38,6.52,6.3,6.3,6.45,6.42,6.89,6.47,6.5
39073,6.08,6.23,6.72,6.42,6.35,6.18,6.15,5.98,6.18,6.47,6.94,6.65,6.42,6.72,6.75,6.7,6.38,6.52,6.3,6.3,6.45,6.42,6.89,6.47,6.5
39075,6.08,6.23,6.72,6.42,6.35,6.18,6.15,5.98,6.18,6.47,6.94,6.65,6.42,6.72,6.75,6.7,6.38,6.52,6.3,6.3,6.45,6.42,6.89,6.47,6.5
39077,6.08,6.23,6.72,6.42,6.35,6.18,6.15,5.98,6.18,6.47,6.94,6.65,6.42,6.72,6.75,6.7,6.38,6.52,6.3,6.3,6.45,6.42,6.89,6.47,6.5
39079,6.08,6.23,6.72,6.42,6.35,6.18,6.15,5.98,6.18,6.47,6.94,6.65,6.42,6.72,6.75,6.7,6.38,6.52,6.3,6.3,6.45,6.42,6.89,6.47,6.5
39081,6.08,6.23,6.72,6.42,6.35,6.18,6.15,5.98,6.18,6.47,6.94,6.65,6.42,6.72,6.75,6.7,6.38,6.52,6.3,6.3,6.45,6.42,6.89,6.47,6.5
39083,6.08,6.23,6.72,6.42,6.35,6.18,6.15,5.98,6.18,6.47,6.94,6.65,6.42,6.72,6.75,6.7,6.38,6.52,6.3,6.3,6.45,6.42,6.89,6.47,6.5
39085,6.08,6.23,6.72,6.42,6.35,6.18,6.15,5.98,6.18,6.47,6.94,6.65,6.42,6.72,6.75,6.7,6.38,6.52,6.3,6.3,6.45,6.42,6.89,6.47,6.5
39087,6.08,6.23,6.72,6.42,6.35,6.18,6.15,5.98,6.18,6.47,6.94,6.65,6.42,6.72,6.75,6.7,6.38,6.52,6.3,6.3,6.45,6.42,6.89,6.47,6.5
39089,6.08,6.23,6.72,6.42,6.35,6.18,6.15,5.98,6.18,6.47,6.94,6.65,6.42,6.72,6.75,6.7,6.38,6.52,6.3,6.3,6.45,6.42,6.89,6.47,6.5
39091,6.08,6.23,6.72,6.42,6.35,6.18,6.15,5.98,6.18,6.47,6.94,6.65,6.42,6.72,6.75,6.7,6.38,6.52,6.3,6.3,6.45,6.42,6.89,6.47,6.5
39093,6.08,6.23,6.72,6.42,6.35,6.18,6.15,5.98,6.18,6.47,6.94,6.65,6.42,6.72,6.75,6.7,6.38,6.52,6.3,6.3,6.45,6.42,6.89,6.47,6.5
39095,6.08,6.23,6.72,6.42,6.35,6.18,6.15,5.98,6.18,6.47,6.94,6.65,6.42,6.72,6.75,6.7,6.38,6.52,6.3,6.3,6.45,6.42,6.89,6.47,6.5
39097,6.08,6.23,6.72,6.42,6.35,6.18,6.15,5.98,6.18,6.47,6.94,6.65,6.42,6.72,6.75,6.7,6.38,6.52,6.3,6.3,6.45,6.42,6.89,6.47,6.5
39099,6.08,6.23,6.72,6.42,6.35,6.18,6.15,5.98,6.18,6.47,6.94,6.65,6.42,6.72,6.75,6.7,6.38,6.52,6.3,6.3,6.45,6.42,6.89,6.47,6.5
39101,6.08,6.23,6.72,6.42,6.35,6.18,6.15,5.98,6.18,6.47,6.94,6.65,6.42,6.72,6.75,6.7,6.38,6.52,6.3,6.3,6.45,6.42,6.89,6.47,6.5
39103,6.08,6.23,6.72,6.42,6.35,6.18,6.15,5.98,6.18,6.47,6.94,6.65,6.42,6.72,6.75,6.7,6.38,6.52,6.3,6.3,6.45,6.42,6.89,6.47,6.5
39105,6.08,6.23,6.72,6.42,6.35,6.18,6.15,5.98,6.18,6.47,6.94,6.65,6.42,6.72,6.75,6.7,6.38,6.52,6.3,6.3,6.45,6.42,6.89,6.47,6.5
39107,6.08,6.23,6.72,6.42,6.35,6.18,6.15,5.98,6.18,6.47,6.94,6.65,6.42,6.72,6.75,6.7,6.38,6.52,6.3,6.3,6.45,6.42,6.89,6.47,6.5
39109,6.08,6.23,6.72,6.42,6.35,6.18,6.15,5.98,6.18,6.47,6.94,6.65,6.42,6.72,6.75,6.7,6.38,6.52,6.3,6.3,6.45,6.42,6.89,6.47,6.5
39111,6.08,6.23,6.72,6.42,6.35,6.18,6.15,5.98,6.18,6.47,6.94,6.65,6.42,6.72,6.75,6.7,6.38,6.52,6.3,6.3,6.45,6.42,6.89,6.47,6.5
39113,6.08,6.23,6.72,6.42,6.35,6.18,6.15,5.98,6.18,6.47,6.94,6.65,6.42,6.72,6.75,6.7,6.38,6.52,6.3,6.3,6.45,6.42,6.89,6.47,6.5
39115,6.08,6.23,6.72,6.42,6.35,6.18,6.15,5.98,6.18,6.47,6.94,6.65,6.42,6.72,6.75,6.7,6.38,6.52,6.3,6.3,6.45,6.42,6.89,6.47,6.5
39117,6.08,6.23,6.72,6.42,6.35,6.18,6.15,5.98,6.18,6.47,6.94,6.65,6.42,6.72,6.75,6.7,6.38,6.52,6.3,6.3,6.45,6.42,6.89,6.47,6.5
39119,6.08,6.23,6.72,6.42,6.35,6.18,6.15,5.98,6.18,6.47,6.94,6.65,6.42,6.72,6.75,6.7,6.38,6.52,6.3,6.3,6.45,6.42,6.89,6.47,6.5
39121,6.08,6.23,6.72,6.42,6.35,6.18,6.15,5.98,6.18,6.47,6.94,6.65,6.42,6.72,6.75,6.7,6.38,6.52,6.3,6.3,6.45,6.42,6.89,6.47,6.5
39123,6.08,6.23,6.72,6.42,6.35,6.18,6.15,5.98,6.18,6.47,6.94,6.65,6.42,6.72,6.75,6.7,6.38,6.52,6.3,6.3,6.45,6.42,6.89,6.47,6.5
39125,6.08,6.23,6.72,6.42,6.35,6.18,6.15,5.98,6.18,6.47,6.94,6.65,6.42,6.72,6.75,6.7,6.38,6.52,6.3,6.3,6.45,6.42,6.89,6.47,6.5
39127,6.08,6.23,6.72,6.42,6.35,6.18,6.15,5.98,6.18,6.47,6.94,6.65,6.42,6.72,6.75,6.7,6.38,6.52,6.3,6.3,6.45,6.42,6.89,6.47,6.5
39129,6.08,6.23,6.72,6.42,6.35,6.18,6.15,5.98,6.18,6.47,6.94,6.65,6.42,6.72,6.75,6.7,6.38,6.52,6.3,6.3,6.45,6.42,6.89,6.47,6.5
39131,6.08,6.23,6.72,6.42,6.35,6.18,6.15,5.98,6.18,6.47,6.94,6.65,6.42,6.72,6.75,6.7,6.38,6.52,6.3,6.3,6.45,6.42,6.89,6.47,6.5
39133,6.08,6.23,6.72,6.42,6.35,6.18,6.15,5.98,6.18,6.47,6.94,6.65,6.42,6.72,6.75,6.7,6.38,6.52,6.3,6.3,6.45,6.42,6.89,6.47,6.5
39135,6.08,6.23,6.72,6.42,6.35,6.18,6.15,5.98,6.18,6.47,6.94,6.65,6.42,6.72,6.75,6.7,6.38,6.52,6.3,6.3,6.45,6.42,6.89,6.47,6.5
39137,6.08,6.23,6.72,6.42,6.35,6.18,6.15,5.98,6.18,6.47,6.94,6.65,6.42,6.72,6.75,6.7,6.38,6.52,6.3,6.3,6.45,6.42,6.89,6.47,6.5
39139,6.08,6.23,6.72,6.42,6.35,6.18,6.15,5.98,6.18,6.47,6.94,6.65,6.42,6.72,6.75,6.7,6.38,6.52,6.3,6.3,6.45,6.42,6.89,6.47,6.5
39141,6.08,6.23,6.72,6.42,6.35,6.18,6.15,5.98,6.18,6.47,6.94,6.65,6.42,6.72,6.75,6.7,6.38,6.52,6.3,6.3,6.45,6.42,6.89,6.47,6.5
39143,6.08,6.23,6.72,6.42,6.35,6.18,6.15,5.98,6.18,6.47,6.94,6.65,6.42,6.72,6.75,6.7,6.38,6.52,6.3,6.3,6.45,6.42,6.89,6.47,6.5
39145,6.08,6.23,6.72,6.42,6.35,6.18,6.15,5.98,6.18,6.47,6.94,6.65,6.42,6.72,6.75,6.7,6.38,6.52,6.3,6.3,6.45,6.42,6.89,6.47,6.5
39147,6.08,6.23,6.72,6.42,6.35,6.18,6.15,5.98,6.18,6.47,6.94,6.65,6.42,6.72,6.75,6.7,6.38,6.52,6.3,6.3,6.45,6.42,6.89,6.47,6.5
39149,6.08,6.23,6.72,6.42,6.35,6.18,6.15,5.98,6.18,6.47,6.94,6.65,6.42,6.72,6.75,6.7,6.38,6.52,6.3,6.3,6.45,6.42,6.89,6.47,6.5
39151,6.08,6.23,6.72,6.42,6.35,6.18,6.15,5.98,6.18,6.47,6.94,6.65,6.42,6.72,6.75,6.7,6.38,6.52,6.3,6.3,6.45,6.42,6.89,6.47,6.5
39153,6.08,6.23,6.72,6.42,6.35,6.18,6.15,5.98,6.18,6.47,6.94,6.65,6.42,6.72,6.75,6.7,6.38,6.52,6.3,6.3,6.45,6.42,6.89,6.47,6.5
39155,6.08,6.23,6.72,6.42,6.35,6.18,6.15,5.98,6.18,6.47,6.94,6.65,6.42,6.72,6.75,6.7,6.38,6.52,6.3,6.3,6.45,6.42,6.89,6.47,6.5
39157,6.08,6.23,6.72,6.42,6.35,6.18,6.15,5.98,6.18,6.47,6.94,6.65,6.42,6.72,6.75,6.7,6.38,6.52,6.3,6.3,6.45,6.42,6.89,6.47,6.5
39159,6.08,6.23,6.72,6.42,6.35,6.18,6.15,5.98,6.18,6.47,6.94,6.65,6.42,6.72,6.75,6.7,6.38,6.52,6.3,6.3,6.45,6.42,6.89,6.47,6.5
39161,6.08,6.23,6.72,6.42,6.35,6.18,6.15,5.98,6.18,6.47,6.94,6.65,6.42,6.72,6.75,6.7,6.38,6.52,6.3,6.3,6.45,6.42,6.89,6.47,6.5
39163,6.08,6.23,6.72,6.42,6.35,6.18,6.15,5.98,6.18,6.47,6.94,6.65,6.42,6.72,6.75,6.7,6.38,6.52,6.3,6.3,6.45,6.42,6.89,6.47,6.5
39165,6.08,6.23,6.72,6.42,6.35,6.18,6.15,5.98,6.18,6.47,6.94,6.65,6.42,6.72,6.75,6.7,6.38,6.52,6.3,6.3,6.45,6.42,6.89,6.47,6.5
39167,6.08,6.23,6.72,6.42,6.35,6.18,6.15,5.98,6.18,6.47,6.94,6.65,6.42,6.72,6.75,6.7,6.38,6.52,6.3,6.3,6.45,6.42,6.89,6.47,6.5
39169,6.08,6.23,6.72,6.42,6.35,6.18,6.15,5.98,6.18,6.47,6.94,6.65,6.42,6.72,6.75,6.7,6.38,6.52,6.3,6.3,6.45,6.42,6.89,6.47,6.5
39171,6.08,6.23,6.72,6.42,6.35,6.18,6.15,5.98,6.18,6.47,6.94,6.65,6.42,6.72,6.75,6.7,6.38,6.52,6.3,6.3,6.45,6.42,6.89,6.47,6.5
39173,6.08,6.23,6.72,6.42,6.35,6.18,6.15,5.98,6.18,6.47,6.94,6.65,6.42,6.72,6.75,6.7,6.38,6.52,6.3,6.3,6.45,6.42,6.89,6.47,6.5
39175,6.08,6.23,6.72,6.42,6.35,6.18,6.15,5.98,6.18,6.47,6.94,6.65,6.42,6.72,6.75,6.7,6.38,6.52,6.3,6.3,6.45,6.42,6.89,6.47,6.5
40001,6.08,6.23,6.72,6.42,6.35,6.18,6.15,5.98,6.18,6.47,6.94,6.65,6.42,6.72,6.75,6.7,6.38,6.52,6.3,6.3,6.45,6.42,6.89,6.47,6.5
40003,6.08,6.23,6.72,6.42,6.35,6.18,6.15,5.98,6.18,6.47,6.94,6.65,6.42,6.72,6.75,6.7,6.38,6.52,6.3,6.3,6.45,6.42,6.89,6.47,6.5
40005,6.08,6.23,6.72,6.42,6.35,6.18,6.15,5.98,6.18,6.47,6.94,6.65,6.42,6.72,6.75,6.7,6.38,6.52,6.3,6.3,6.45,6.42,6.89,6.47,6.5
40007,6.08,6.23,6.72,6.42,6.35,6.18,6.15,5.98,6.18,6.47,6.94,6.65,6.42,6.72,6.75,6.7,6.38,6.52,6.3,6.3,6.45,6.42,6.89,6.47,6.5
40009,6.08,6.23,6.72,6.42,6.35,6.18,6.15,5.98,6.18,6.47,6.94,6.65,6.42,6.72,6.75,6.7,6.38,6.52,6.3,6.3,6.45,6.42,6.89,6.47,6.5
40011,6.08,6.23,6.72,6.42,6.35,6.18,6.15,5.98,6.18,6.47,6.94,6.65,6.42,6.72,6.75,6.7,6.38,6.52,6.3,6.3,6.45,6.42,6.89,6.47,6.5
40013,6.08,6.23,6.72,6.42,6.35,6.18,6.15,5.98,6.18,6.47,6.94,6.65,6.42,6.72,6.75,6.7,6.38,6.52,6.3,6.3,6.45,6.42,6.89,6.47,6.5
40015,6.08,6.23,6.72,6.42,6.35,6.18,6.15,5.98,6.18,6.47,6.94,6.65,6.42,6.72,6.75,6.7,6.38,6.52,6.3,6.3,6.45,6.42,6.89,6.47,6.5
40017,6.08,6.23,6.72,6.42,6.35,6.18,6.15,5.98,6.18,6.47,6.94,6.65,6.42,6.72,6.75,6.7,6.38,6.52,6.3,6.3,6.45,6.42,6.89,6.47,6.5
40019,6.08,6.23,6.72,6.42,6.35,6.18,6.15,5.98,6.18,6.47,6.94,6.65,6.42,6.72,6.75,6.7,6.38,6.52,6.3,6.3,6.45,6.42,6.89,6.47,6.5
40021,6.08,6.23,6.72,6.42,6.35,6.18,6.15,5.98,6.18,6.47,6.94,6.65,6.42,6.72,6.75,6.7,6.38,6.52,6.3,6.3,6.45,6.42,6.89,6.47,6.5
40023,6.08,6.23,6.72,6.42,6.35,6.18,6.15,5.98,6.18,6.47,6.94,6.65,6.42,6.72,6.75,6.7,6.38,6.52,6.3,6.3,6.45,6.42,6.89,6.47,6.5
40025,6.08,6.23,6.72,6.42,6.35,6.18,6.15,5.98,6.18,6.47,6.94,6.65,6.42,6.72,6.75,6.7,6.38,6.52,6.3,6.3,6.45,6.42,6.89,6.47,6.5
40027,6.08,6.23,6.72,6.42,6.35,6.18,6.15,5.98,6.18,6.47,6.94,6.65,6.42,6.72,6.75,6.7,6.38,6.52,6.3,6.3,6.45,6.42,6.89,6.47,6.5
40029,6.08,6.23,6.72,6.42,6.35,6.18,6.15,5.98,6.18,6.47,6.94,6.65,6.42,6.72,6.75,6.7,6.38,6.52,6.3,6.3,6.45,6.42,6.89,6.47,6.5
40031,6.08,6.23,6.72,6.42,6.35,6.18,6.15,5.98,6.18,6.47,6.94,6.65,6.42,6.72,6.75,6.7,6.38,6.52,6.3,6.3,6.45,6.42,6.89,6.47,6.5
40033,6.08,6.23,6.72,6.42,6.35,6.18,6.15,5.98,6.18,6.47,6.94,6.65,6.42,6.72,6.75,6.7,6.38,6.52,6.3,6.3,6.45,6.42,6.89,6.47,6.5
40035,6.08,6.23,6.72,6.42,6.35,6.18,6.15,5.98,6.18,6.47,6.94,6.65,6.42,6.72,6.75,6.7,6.38,6.52,6.3,6.3,6.45,6.42,6.89,6.47,6.5
40037,6.08,6.23,6.72,6.42,6.35,6.18,6.15,5.98,6.18,6.47,6.94,6.65,6.42,6.72,6.75,6.7,6.38,6.52,6.3,6.3,6.45,6.42,6.89,6.47,6.5
40039,6.08,6.23,6.72,6.42,6.35,6.18,6.15,5.98,6.18,6.47,6.94,6.65,6.42,6.72,6.75,6.7,6.38,6.52,6.3,6.3,6.45,6.42,6.89,6.47,6.5
40041,6.08,6.23,6.72,6.42,6.35,6.18,6.15,5.98,6.18,6.47,6.94,6.65,6.42,6.72,6.75,6.7,6.38,6.52,6.3,6.3,6.45,6.42,6.89,6.47,6.5
40043,6.08,6.23,6.72,6.42,6.35,6.18,6.15,5.98,6.18,6.47,6.94,6.65,6.42,6.72,6.75,6.7,6.38,6.52,6.3,6.3,6.45,6.42,6.89,6.47,6.5
40045,6.08,6.23,6.72,6.42,6.35,6.18,6.15,5.98,6.18,6.47,6.94,6.65,6.42,6.72,6.75,6.7,6.38,6.52,6.3,6.3,6.45,6.42,6.89,6.47,6.5
40047,6.08,6.23,6.72,6.42,6.35,6.18,6.15,5.98,6.18,6.47,6.94,6.65,6.42,6.72,6.75,6.7,6.38,6.52,6.3,6.3,6.45,6.42,6.89,6.47,6.5
40049,6.08,6.23,6.72,6.42,6.35,6.18,6.15,5.98,6.18,6.47,6.94,6.65,6.42,6.72,6.75,6.7,6.38,6.52,6.3,6.3,6.45,6.42,6.89,6.47,6.5
40051,6.08,6.23,6.72,6.42,6.35,6.18,6.15,5.98,6.18,6.47,6.94,6.65,6.42,6.72,6.75,6.7,6.38,6.52,6.3,6.3,6.45,6.42,6.89,6.47,6.5
40053,6.08,6.23,6.72,6.42,6.35,6.18,6.15,5.98,6.18,6.47,6.94,6.65,6.42,6.72,6.75,6.7,6.38,6.52,6.3,6.3,6.45,6.42,6.89,6.47,6.5
40055,6.08,6.23,6.72,6.42,6.35,6.18,6.15,5.98,6.18,6.47,6.94,6.65,6.42,6.72,6.75,6.7,6.38,6.52,6.3,6.3,6.45,6.42,6.89,6.47,6.5
40057,6.08,6.23,6.72,6.42,6.35,6.18,6.15,5.98,6.18,6.47,6.94,6.65,6.42,6.72,6.75,6.7,6.38,6.52,6.3,6.3,6.45,6.42,6.89,6.47,6.5
40059,6.08,6.23,6.72,6.42,6.35,6.18,6.15,5.98,6.18,6.47,6.94,6.65,6.42,6.72,6.75,6.7,6.38,6.52,6.3,6.3,6.45,6.42,6.89,6.47,6.5
40061,6.08,6.23,6.72,6.42,6.35,6.18,6.15,5.98,6.18,6.47,6.94,6.65,6.42,6.72,6.75,6.7,6.38,6.52,6.3,6.3,6.45,6.42,6.89,6.47,6.5
40063,6.08,6.23,6.72,6.42,6.35,6.18,6.15,5.98,6.18,6.47,6.94,6.65,6.42,6.72,6.75,6.7,6.38,6.52,6.3,6.3,6.45,6.42,6.89,6.47,6.5
40065,6.08,6.23,6.72,6.42,6.35,6.18,6.15,5.98,6.18,6.47,6.94,6.65,6.42,6.72,6.75,6.7,6.38,6.52,6.3,6.3,6.45,6.42,6.89,6.47,6.5
40067,6.08,6.23,6.72,6.42,6.35,6.18,6.15,5.98,6.18,6.47,6.94,6.65,6.42,6.72,6.75,6.7,6.38,6.52,6.3,6.3,6.45,6.42,6.89,6.47,6.5
40069,6.08,6.23,6.72,6.42,6.35,6.18,6.15,5.98,6.18,6.47,6.94,6.65,6.42,6.72,6.75,6.7,6.38,6.52,6.3,6.3,6.45,6.42,6.89,6.47,6.5
40071,6.08,6.23,6.72,6.42,6.35,6.18,6.15,5.98,6.18,6.47,6.94,6.65,6.42,6.72,6.75,6.7,6.38,6.52,6.3,6.3,6.45,6.42,6.89,6.47,6.5
40073,6.08,6.23,6.72,6.42,6.35,6.18,6.15,5.98,6.18,6.47,6.94,6.65,6.42,6.72,6.75,6.7,6.38,6.52,6.3,6.3,6.45,6.42,6.89,6.47,6.5
40075,6.08,6.23,6.72,6.42,6.35,6.18,6.15,5.98,6.18,6.47,6.94,6.65,6.42,6.72,6.75,6.7,6.38,6.52,6.3,6.3,6.45,6.42,6.89,6.47,6.5
40077,6.08,6.23,6.72,6.42,6.35,6.18,6.15,5.98,6.18,6.47,6.94,6.65,6.42,6.72,6.75,6.7,6.38,6.52,6.3,6.3,6.45,6.42,6.89,6.47,6.5
40079,6.08,6.23,6.72,6.42,6.35,6.18,6.15,5.98,6.18,6.47,6.94,6.65,6.42,6.72,6.75,6.7,6.38,6.52,6.3,6.3,6.45,6.42,6.89,6.47,6.5
40081,6.08,6.23,6.72,6.42,6.35,6.18,6.15,5.98,6.18,6.47,6.94,6.65,6.42,6.72,6.75,6.7,6.38,6.52,6.3,6.3,6.45,6.42,6.89,6.47,6.5
40083,6.08,6.23,6.72,6.42,6.35,6.18,6.15,5.98,6.18,6.47,6.94,6.65,6.42,6.72,6.75,6.7,6.38,6.52,6.3,6.3,6.45,6.42,6.89,6.47,6.5
40085,6.08,6.23,6.72,6.42,6.35,6.18,6.15,5.98,6.18,6.47,6.94,6.65,6.42,6.72,6.75,6.7,6.38,6.52,6.3,6.3,6.45,6.42,6.89,6.47,6.5
40087,6.08,6.23,6.72,6.42,6.35,6.18,6.15,5.98,6.18,6.47,6.94,6.65,6.42,6.72,6.75,6.7,6.38,6.52,6.3,6.3,6.45,6.42,6.89,6.47,6.5
40089,6.08,6.23,6.72,6.42,6.35,6.18,6.15,5.98,6.18,6.47,6.94,6.65,6.42,6.72,6.75,6.7,6.38,6.52,6.3,6.3,6.45,6.42,6.89,6.47,6.5
40091,6.08,6.23,6.72,6.42,6.35,6.18,6.15,5.98,6.18,6.47,6.94,6.65,6.42,6.72,6.75,6.7,6.38,6.52,6.3,6.3,6.45,6.42,6.89,6.47,6.5
40093,6.08,6.23,6.72,6.42,6.35,6.18,6.15,5.98,6.18,6.47,6.94,6.65,6.42,6.72,6.75,6.7,6.38,6.52,6.3,6.3,6.45,6.42,6.89,6.47,6.5
40095,6.08,6.23,6.72,6.42,6.35,6.18,6.15,5.98,6.18,6.47,6.94,6.65,6.42,6.72,6.75,6.7,6.38,6.52,6.3,6.3,6.45,6.42,6.89,6.47,6.5
40097,6.08,6.23,6.72,6.42,6.35,6.18,6.15,5.98,6.18,6.47,6.94,6.65,6.42,6.72,6.75,6.7,6.38,6.52,6.3,6.3,6.45,6.42,6.89,6.47,6.5
40099,6.08,6.23,6.72,6.42,6.35,6.18,6.15,5.98,6.18,6.47,6.94,6.65,6.42,6.72,6.75,6.7,6.38,6.52,6.3,6.3,6.45,6.42,6.89,6.47,6.5
40101,6.08,6.23,6.72,6.42,6.35,6.18,6.15,5.98,6.18,6.47,6.94,6.65,6.42,6.72,6.75,6.7,6.38,6.52,6.3,6.3,6.45,6.42,6.89,6.47,6.5
40103,6.08,6.23,6.72,6.42,6.35,6.18,6.15,5.98,6.18,6.47,6.94,6.65,6.42,6.72,6.75,6.7,6.38,6.52,6.3,6.3,6.45,6.42,6.89,6.47,6.5
40105,6.08,6.23,6.72,6.42,6.35,6.18,6.15,5.98,6.18,6.47,6.94,6.65,6.42,6.72,6.75,6.7,6.38,6.52,6.3,6.3,6.45,6.42,6.89,6.47,6.5
40107,6.08,6.23,6.72,6.42,6.35,6.18,6.15,5.98,6.18,6.47,6.94,6.65,6.42,6.72,6.75,6.7,6.38,6.52,6.3,6.3,6.45,6.42,6.89,6.47,6.5
40109,6.08,6.23,6.72,6.42,6.35,6.18,6.15,5.98,6.18,6.47,6.94,6.65,6.42,6.72,6.75,6.7,6.38,6.52,6.3,6.3,6.45,6.42,6.89,6.47,6.5
40111,6.08,6.23,6.72,6.42,6.35,6.18,6.15,5.98,6.18,6.47,6.94,6.65,6.42,6.72,6.75,6.7,6.38,6.52,6.3,6.3,6.45,6.42,6.89,6.47,6.5
40113,6.08,6.23,6.72,6.42,6.35,6.18,6.15,5.98,6.18,6.47,6.94,6.65,6.42,6.72,6.75,6.7,6.38,6.52,6.3,6.3,6.45,6.42,6.89,6.47,6.5
40115,6.08,6.23,6.72,6.42,6.35,6.18,6.15,5.98,6.18,6.47,6.94,6.65,6.42,6.72,6.75,6.7,6.38,6.52,6.3,6.3,6.45,6.42,6.89,6.47,6.5
40117,6.08,6.23,6.72,6.42,6.35,6.18,6.15,5.98,6.18,6.47,6.94,6.65,6.42,6.72,6.75,6.7,6.38,6.52,6.3,6.3,6.45,6.42,6.89,6.47,6.5
40119,6.08,6.23,6.72,6.42,6.35,6.18,6.15,5.98,6.18,6.47,6.94,6.65,6.42,6.72,6.75,6.7,6.38,6.52,6.3,6.3,6.45,6.42,6.89,6.47,6.5
40121,6.08,6.23,6.72,6.42,6.35,6.18,6.15,5.98,6.18,6.47,6.94,6.65,6.42,6.72,6.75,6.7,6.38,6.52,6.3,6.3,6.45,6.42,6.89,6.47,6.5
40123,6.08,6.23,6.72,6.42,6.35,6.18,6.15,5.98,6.18,6.47,6.94,6.65,6.42,6.72,6.75,6.7,6.38,6.52,6.3,6.3,6.45,6.42,6.89,6.47,6.5
40125,6.08,6.23,6.72,6.42,6.35,6.18,6.15,5.98,6.18,6.47,6.94,6.65,6.42,6.72,6.75,6.7,6.38,6.52,6.3,6.3,6.45,6.42,6.89,6.47,6.5
40127,6.08,6.23,6.72,6.42,6.35,6.18,6.15,5.98,6.18,6.47,6.94,6.65,6.42,6.72,6.75,6.7,6.38,6.52,6.3,6.3,6.45,6.42,6.89,6.47,6.5
40129,6.08,6.23,6.72,6.42,6.35,6.18,6.15,5.98,6.18,6.47,6.94,6.65,6.42,6.72,6.75,6.7,6.38,6.52,6.3,6.3,6.45,6.42,6.89,6.47,6.5
40131,6.08,6.23,6.72,6.42,6.35,6.18,6.15,5.98,6.18,6.47,6.94,6.65,6.42,6.72,6.75,6.7,6.38,6.52,6.3,6.3,6.45,6.42,6.89,6.47,6.5
40133,6.08,6.23,6.72,6.42,6.35,6.18,6.15,5.98,6.18,6.47,6.94,6.65,6.42,6.72,6.75,6.7,6.38,6.52,6.3,6.3,6.45,6.42,6.89,6.47,6.5
40135,6.08,6.23,6.72,6.42,6.35,6.18,6.15,5.98,6.18,6.47,6.94,6.65,6.42,6.72,6.75,6.7,6.38,6.52,6.3,6.3,6.45,6.42,6.89,6.47,6.5
40137,6.08,6.23,6.72,6.42,6.35,6.18,6.15,5.98,6.18,6.47,6.94,6.65,6.42,6.72,6.75,6.7,6.38,6.52,6.3,6.3,6.45,6.42,6.89,6.47,6.5
40139,6.08,6.23,6.72,6.42,6.35,6.18,6.15,5.98,6.18,6.47,6.94,6.65,6.42,6.72,6.75,6.7,6.38,6.52,6.3,6.3,6.45,6.42,6.89,6.47,6.5
40141,6.08,6.23,6.72,6.42,6.35,6.18,6.15,5.98,6.18,6.47,6.94,6.65,6.42,6.72,6.75,6.7,6.38,6.52,6.3,6.3,6.45,6.42,6.89,6.47,6.5
40143,6.08,6.23,6.72,6.42,6.35,6.18,6.15,5.98,6.18,6.47,6.94,6.65,6.42,6.72,6.75,6.7,6.38,6.52,6.3,6.3,6.45,6.42,6.89,6.47,6.5
40145,6.08,6.23,6.72,6.42,6.35,6.18,6.15,5.98,6.18,6.47,6.94,6.65,6.42,6.72,6.75,6.7,6.38,6.52,6.3,6.3,6.45,6.42,6.89,6.47,6.5
40147,6.08,6.23,6.72,6.42,6.35,6.18,6.15,5.98,6.18,6.47,6.94,6.65,6.42,6.72,6.75,6.7,6.38,6.52,6.3,6.3,6.45,6.42,6.89,6.47,6.5
40149,6.08,6.23,6.72,6.42,6.35,6.18,6.15,5.98,6.18,6.47,6.94,6.65,6.42,6.72,6.75,6.7,6.38,6.52,6.3,6.3,6.45,6.42,6.89,6.47,6.5
40151,6.08,6.23,6.72,6.42,6.35,6.18,6.15,5.98,6.18,6.47,6.94,6.65,6.42,6.72,6.75,6.7,6.38,6.52,6.3,6.3,6.45,6.42,6.89,6.47,6.5
40153,6.08,6.23,6.72,6.42,6.35,6.18,6.15,5.98,6.18,6.47,6.94,6.65,6.42,6.72,6.75,6.7,6.38,6.52,6.3,6.3,6.45,6.42,6.89,6.47,6.5
41001,6.08,6.23,6.72,6.42,6.35,6.18,6.15,5.98,6.18,6.47,6.94,6.65,6.42,6.72,6.75,6.7,6.38,6.52,6.3,6.3,6.45,6.42,6.89,6.47,6.5
41003,6.08,6.23,6.72,6.42,6.35,6.18,6.15,5.98,6.18,6.47,6.94,6.65,6.42,6.72,6.75,6.7,6.38,6.52,6.3,6.3,6.45,6.42,6.89,6.47,6.5
41005,6.08,6.23,6.72,6.42,6.35,6.18,6.15,5.98,6.18,6.47,6.94,6.65,6.42,6.72,6.75,6.7,6.38,6.52,6.3,6.3,6.45,6.42,6.89,6.47,6.5
41007,6.08,6.23,6.72,6.42,6.35,6.18,6.15,5.98,6.18,6.47,6.94,6.65,6.42,6.72,6.75,6.7,6.38,6.52,6.3,6.3,6.45,6.42,6.89,6.47,6.5
41009,6.08,6.23,6.72,6.42,6.35,6.18,6.15,5.98,6.18,6.47,6.94,6.65,6.42,6.72,6.75,6.7,6.38,6.52,6.3,6.3,6.45,6.42,6.89,6.47,6.5
41011,6.08,6.23,6.72,6.42,6.35,6.18,6.15,5.98,6.18,6.47,6.94,6.65,6.42,6.72,6.75,6.7,6.38,6.52,6.3,6.3,6.45,6.42,6.89,6.47,6.5
41013,6.08,6.23,6.72,6.42,6.35,6.18,6.15,5.98,6.18,6.47,6.94,6.65,6.42,6.72,6.75,6.7,6.38,6.52,6.3,6.3,6.45,6.42,6.89,6.47,6.5
41015,6.08,6.23,6.72,6.42,6.35,6.18,6.15,5.98,6.18,6.47,6.94,6.65,6.42,6.72,6.75,6.7,6.38,6.52,6.3,6.3,6.45,6.42,6.89,6.47,6.5
41017,6.08,6.23,6.72,6.42,6.35,6.18,6.15,5.98,6.18,6.47,6.94,6.65,6.42,6.72,6.75,6.7,6.38,6.52,6.3,6.3,6.45,6.42,6.89,6.47,6.5
41019,6.08,6.23,6.72,6.42,6.35,6.18,6.15,5.98,6.18,6.47,6.94,6.65,6.42,6.72,6.75,6.7,6.38,6.52,6.3,6.3,6.45,6.42,6.89,6.47,6.5
41021,6.08,6.23,6.72,6.42,6.35,6.18,6.15,5.98,6.18,6.47,6.94,6.65,6.42,6.72,6.75,6.7,6.38,6.52,6.3,6.3,6.45,6.42,6.89,6.47,6.5
41023,6.08,6.23,6.72,6.42,6.35,6.18,6.15,5.98,6.18,6.47,6.94,6.65,6.42,6.72,6.75,6.7,6.38,6.52,6.3,6.3,6.45,6.42,6.89,6.47,6.5
41025,6.08,6.23,6.72,6.42,6.35,6.18,6.15,5.98,6.18,6.47,6.94,6.65,6.42,6.72,6.75,6.7,6.38,6.52,6.3,6.3,6.45,6.42,6.89,6.47,6.5
41027,6.08,6.23,6.72,6.42,6.35,6.18,6.15,5.98,6.18,6.47,6.94,6.65,6.42,6.72,6.75,6.7,6.38,6.52,6.3,6.3,6.45,6.42,6.89,6.47,6.5
41029,6.08,6.23,6.72,6.42,6.35,6.18,6.15,5.98,6.18,6.47,6.94,6.65,6.42,6.72,6.75,6.7,6.38,6.52,6.3,6.3,6.45,6.42,6.89,6.47,6.5
41031,6.08,6.23,6.72,6.42,6.35,6.18,6.15,5.98,6.18,6.47,6.94,6.65,6.42,6.72,6.75,6.7,6.38,6.52,6.3,6.3,6.45,6.42,6.89,6.47,6.5
41033,6.08,6.23,6.72,6.42,6.35,6.18,6.15,5.98,6.18,6.47,6.94,6.65,6.42,6.72,6.75,6.7,6.38,6.52,6.3,6.3,6.45,6.42,6.89,6.47,6.5
41035,6.08,6.23,6.72,6.42,6.35,6.18,6.15,5.98,6.18,6.47,6.94,6.65,6.42,6.72,6.75,6.7,6.38,6.52,6.3,6.3,6.45,6.42,6.89,6.47,6.5
41037,6.08,6.23,6.72,6.42,6.35,6.18,6.15,5.98,6.18,6.47,6.94,6.65,6.42,6.72,6.75,6.7,6.38,6.52,6.3,6.3,6.45,6.42,6.89,6.47,6.5
41039,6.08,6.23,6.72,6.42,6.35,6.18,6.15,5.98,6.18,6.47,6.94,6.65,6.42,6.72,6.75,6.7,6.38,6.52,6.3,6.3,6.45,6.42,6.89,6.47,6.5
41041,6.08,6.23,6.72,6.42,6.35,6.18,6.15,5.98,6.18,6.47,6.94,6.65,6.42,6.72,6.75,6.7,6.38,6.52,6.3,6.3,6.45,6.42,6.89,6.47,6.5
41043,6.08,6.23,6.72,6.42,6.35,6.18,6.15,5.98,6.18,6.47,6.94,6.65,6.42,6.72,6.75,6.7,6.38,6.52,6.3,6.3,6.45,6.42,6.89,6.47,6.5
41045,6.08,6.23,6.72,6.42,6.35,6.18,6.15,5.98,6.18,6.47,6.94,6.65,6.42,6.72,6.75,6.7,6.38,6.52,6.3,6.3,6.45,6.42,6.89,6.47,6.5
41047,6.08,6.23,6.72,6.42,6.35,6.18,6.15,5.98,6.18,6.47,6.94,6.65,6.42,6.72,6.75,6.7,6.38,6.52,6.3,6.3,6.45,6.42,6.89,6.47,6.5
41049,6.08,6.23,6.72,6.42,6.35,6.18,6.15,5.98,6.18,6.47,6.94,6.65,6.42,6.72,6.75,6.7,6.38,6.52,6.3,6.3,6.45,6.42,6.89,6.47,6.5
41051,6.08,6.23,6.72,6.42,6.35,6.18,6.15,5.98,6.18,6.47,6.94,6.65,6.42,6.72,6.75,6.7,6.38,6.52,6.3,6.3,6.45,6.42,6.89,6.47,6.5
41053,6.08,6.23,6.72,6.42,6.35,6.18,6.15,5.98,6.18,6.47,6.94,6.65,6.42,6.72,6.75,6.7,6.38,6.52,6.3,6.3,6.45,6.42,6.89,6.47,6.5
41055,6.08,6.23,6.72,6.42,6.35,6.18,6.15,5.98,6.18,6.47,6.94,6.65,6.42,6.72,6.75,6.7,6.38,6.52,6.3,6.3,6.45,6.42,6.89,6.47,6.5
41057,6.08,6.23,6.72,6.42,6.35,6.18,6.15,5.98,6.18,6.47,6.94,6.65,6.42,6.72,6.75,6.7,6.38,6.52,6.3,6.3,6.45,6.42,6.89,6.47,6.5
41059,6.08,6.23,6.72,6.42,6.35,6.18,6.15,5.98,6.18,6.47,6.94,6.65,6.42,6.72,6.75,6.7,6.38,6.52,6.3,6.3,6.45,6.42,6.89,6.47,6.5
41061,6.08,6.23,6.72,6.42,6.35,6.18,6.15,5.98,6.18,6.47,6.94,6.65,6.42,6.72,6.75,6.7,6.38,6.52,6.3,6.3,6.45,6.42,6.89,6.47,6.5
41063,6.08,6.23,6.72,6.42,6.35,6.18,6.15,5.98,6.18,6.47,6.94,6.65,6.42,6.72,6.75,6.7,6.38,6.52,6.3,6.3,6.45,6.42,6.89,6.47,6.5
41065,6.08,6.23,6.72,6.42,6.35,6.18,6.15,5.98,6.18,6.47,6.94,6.65,6.42,6.72,6.75,6.7,6.38,6.52,6.3,6.3,6.45,6.42,6.89,6.47,6.5
41067,6.08,6.23,6.72,6.42,6.35,6.18,6.15,5.98,6.18,6.47,6.94,6.65,6.42,6.72,6.75,6.7,6.38,6.52,6.3,6.3,6.45,6.42,6.89,6.47,6.5
41069,6.08,6.23,6.72,6.42,6.35,6.18,6.15,5.98,6.18,6.47,6.94,6.65,6.42,6.72,6.75,6.7,6.38,6.52,6.3,6.3,6.45,6.42,6.89,6.47,6.5
41071,6.08,6.23,6.72,6.42,6.35,6.18,6.15,5.98,6.18,6.47,6.94,6.65,6.42,6.72,6.75,6.7,6.38,6.52,6.3,6.3,6.45,6.42,6.89,6.47,6.5
42001,6.08,6.23,6.72,6.42,6.35,6.18,6.15,5.98,6.18,6.47,6.94,6.65,6.42,6.72,6.75,6.7,6.38,6.52,6.3,6.3,6.45,6.42,6.89,6.47,6.5
42003,6.08,6.23,6.72,6.42,6.35,6.18,6.15,5.98,6.18,6.47,6.94,6.65,6.42,6.72,6.75,6.7,6.38,6.52,6.3,6.3,6.45,6.42,6.89,6.47,6.5
42005,6.08,6.23,6.72,6.42,6.35,6.18,6.15,5.98,6.18,6.47,6.94,6.65,6.42,6.72,6.75,6.7,6.38,6.52,6.3,6.3,6.45,6.42,6.89,6.47,6.5
42007,6.08,6.23,6.72,6.42,6.35,6.18,6.15,5.98,6.18,6.47,6.94,6.65,6.42,6.72,6.75,6.7,6.38,6.52,6.3,6.3,6.45,6.42,6.89,6.47,6.5
42009,6.08,6.23,6.72,6.42,6.35,6.18,6.15,5.98,6.18,6.47,6.94,6.65,6.42,6.72,6.75,6.7,6.38,6.52,6.3,6.3,6.45,6.42,6.89,6.47,6.5
42011,6.08,6.23,6.72,6.42,6.35,6.18,6.15,5.98,6.18,6.47,6.94,6.65,6.42,6.72,6.75,6.7,6.38,6.52,6.3,6.3,6.45,6.42,6.89,6.47,6.5
42013,6.08,6.23,6.72,6.42,6.35,6.18,6.15,5.98,6.18,6.47,6.94,6.65,6.42,6.72,6.75,6.7,6.38,6.52,6.3,6.3,6.45,6.42,6.89,6.47,6.5
42015,6.08,6.23,6.72,6.42,6.35,6.18,6.15,5.98,6.18,6.47,6.94,6.65,6.42,6.72,6.75,6.7,6.38,6.52,6.3,6.3,6.45,6.42,6.89,6.47,6.5
42017,6.08,6.23,6.72,6.42,6.35,6.18,6.15,5.98,6.18,6.47,6.94,6.65,6.42,6.72,6.75,6.7,6.38,6.52,6.3,6.3,6.45,6.42,6.89,6.47,6.5
42019,6.08,6.23,6.72,6.42,6.35,6.18,6.15,5.98,6.18,6.47,6.94,6.65,6.42,6.72,6.75,6.7,6.38,6.52,6.3,6.3,6.45,6.42,6.89,6.47,6.5
42021,6.08,6.23,6.72,6.42,6.35,6.18,6.15,5.98,6.18,6.47,6.94,6.65,6.42,6.72,6.75,6.7,6.38,6.52,6.3,6.3,6.45,6.42,6.89,6.47,6.5
42023,6.08,6.23,6.72,6.42,6.35,6.18,6.15,5.98,6.18,6.47,6.94,6.65,6.42,6.72,6.75,6.7,6.38,6.52,6.3,6.3,6.45,6.42,6.89,6.47,6.5
42025,6.08,6.23,6.72,6.42,6.35,6.18,6.15,5.98,6.18,6.47,6.94,6.65,6.42,6.72,6.75,6.7,6.38,6.52,6.3,6.3,6.45,6.42,6.89,6.47,6.5
42027,6.08,6.23,6.72,6.42,6.35,6.18,6.15,5.98,6.18,6.47,6.94,6.65,6.42,6.72,6.75,6.7,6.38,6.52,6.3,6.3,6.45,6.42,6.89,6.47,6.5
42029,6.08,6.23,6.72,6.42,6.35,6.18,6.15,5.98,6.18,6.47,6.94,6.65,6.42,6.72,6.75,6.7,6.38,6.52,6.3,6.3,6.45,6.42,6.89,6.47,6.5
42031,6.08,6.23,6.72,6.42,6.35,6.18,6.15,5.98,6.18,6.47,6.94,6.65,6.42,6.72,6.75,6.7,6.38,6.52,6.3,6.3,6.45,6.42,6.89,6.47,6.5
42033,6.08,6.23,6.72,6.42,6.35,6.18,6.15,5.98,6.18,6.47,6.94,6.65,6.42,6.72,6.75,6.7,6.38,6.52,6.3,6.3,6.45,6.42,6.89,6.47,6.5
42035,6.08,6.23,6.72,6.42,6.35,6.18,6.15,5.98,6.18,6.47,6.94,6.65,6.42,6.72,6.75,6.7,6.38,6.52,6.3,6.3,6.45,6.42,6.89,6.47,6.5
42037,6.08,6.23,6.72,6.42,6.35,6.18,6.15,5.98,6.18,6.47,6.94,6.65,6.42,6.72,6.75,6.7,6.38,6.52,6.3,6.3,6.45,6.42,6.89,6.47,6.5
42039,6.08,6.23,6.72,6.42,6.35,6.18,6.15,5.98,6.18,6.47,6.94,6.65,6.42,6.72,6.75,6.7,6.38,6.52,6.3,6.3,6.45,6.42,6.89,6.47,6.5
42041,6.08,6.23,6.72,6.42,6.35,6.18,6.15,5.98,6.18,6.47,6.94,6.65,6.42,6.72,6.75,6.7,6.38,6.52,6.3,6.3,6.45,6.42,6.89,6.47,6.5
42043,6.08,6.23,6.72,6.42,6.35,6.18,6.15,5.98,6.18,6.47,6.94,6.65,6.42,6.72,6.75,6.7,6.38,6.52,6.3,6.3,6.45,6.42,6.89,6.47,6.5
42045,6.08,6.23,6.72,6.42,6.35,6.18,6.15,5.98,6.18,6.47,6.94,6.65,6.42,6.72,6.75,6.7,6.38,6.52,6.3,6.3,6.45,6.42,6.89,6.47,6.5
42047,6.08,6.23,6.72,6.42,6.35,6.18,6.15,5.98,6.18,6.47,6.94,6.65,6.42,6.72,6.75,6.7,6.38,6.52,6.3,6.3,6.45,6.42,6.89,6.47,6.5
42049,6.08,6.23,6.72,6.42,6.35,6.18,6.15,5.98,6.18,6.47,6.94,6.65,6.42,6.72,6.75,6.7,6.38,6.52,6.3,6.3,6.45,6.42,6.89,6.47,6.5
42051,6.08,6.23,6.72,6.42,6.35,6.18,6.15,5.98,6.18,6.47,6.94,6.65,6.42,6.72,6.75,6.7,6.38,6.52,6.3,6.3,6.45,6.42,6.89,6.47,6.5
42053,6.08,6.23,6.72,6.42,6.35,6.18,6.15,5.98,6.18,6.47,6.94,6.65,6.42,6.72,6.75,6.7,6.38,6.52,6.3,6.3,6.45,6.42,6.89,6.47,6.5
42055,6.08,6.23,6.72,6.42,6.35,6.18,6.15,5.98,6.18,6.47,6.94,6.65,6.42,6.72,6.75,6.7,6.38,6.52,6.3,6.3,6.45,6.42,6.89,6.47,6.5
42057,6.08,6.23,6.72,6.42,6.35,6.18,6.15,5.98,6.18,6.47,6.94,6.65,6.42,6.72,6.75,6.7,6.38,6.52,6.3,6.3,6.45,6.42,6.89,6.47,6.5
42059,6.08,6.23,6.72,6.42,6.35,6.18,6.15,5.98,6.18,6.47,6.94,6.65,6.42,6.72,6.75,6.7,6.38,6.52,6.3,6.3,6.45,6.42,6.89,6.47,6.5
42061,6.08,6.23,6.72,6.42,6.35,6.18,6.15,5.98,6.18,6.47,6.94,6.65,6.42,6.72,6.75,6.7,6.38,6.52,6.3,6.3,6.45,6.42,6.89,6.47,6.5
42063,6.08,6.23,6.72,6.42,6.35,6.18,6.15,5.98,6.18,6.47,6.94,6.65,6.42,6.72,6.75,6.7,6.38,6.52,6.3,6.3,6.45,6.42,6.89,6.47,6.5
42065,6.08,6.23,6.72,6.42,6.35,6.18,6.15,5.98,6.18,6.47,6.94,6.65,6.42,6.72,6.75,6.7,6.38,6.52,6.3,6.3,6.45,6.42,6.89,6.47,6.5
42067,6.08,6.23,6.72,6.42,6.35,6.18,6.15,5.98,6.18,6.47,6.94,6.65,6.42,6.72,6.75,6.7,6.38,6.52,6.3,6.3,6.45,6.42,6.89,6.47,6.5
42069,6.08,6.23,6.72,6.42,6.35,6.18,6.15,5.98,6.18,6.47,6.94,6.65,6.42,6.72,6.75,6.7,6.38,6.52,6.3,6.3,6.45,6.42,6.89,6.47,6.5
42071,6.08,6.23,6.72,6.42,6.35,6.18,6.15,5.98,6.18,6.47,6.94,6.65,6.42,6.72,6.75,6.7,6.38,6.52,6.3,6.3,6.45,6.42,6.89,6.47,6.5
42073,6.08,6.23,6.72,6.42,6.35,6.18,6.15,5.98,6.18,6.47,6.94,6.65,6.42,6.72,6.75,6.7,6.38,6.52,6.3,6.3,6.45,6.42,6.89,6.47,6.5
42075,6.08,6.23,6.72,6.42,6.35,6.18,6.15,5.98,6.18,6.47,6.94,6.65,6.42,6.72,6.75,6.7,6.38,6.52,6.3,6.3,6.45,6.42,6.89,6.47,6.5
42077,6.08,6.23,6.72,6.42,6.35,6.18,6.15,5.98,6.18,6.47,6.94,6.65,6.42,6.72,6.75,6.7,6.38,6.52,6.3,6.3,6.45,6.42,6.89,6.47,6.5
42079,6.08,6.23,6.72,6.42,6.35,6.18,6.15,5.98,6.18,6.47,6.94,6.65,6.42,6.72,6.75,6.7,6.38,6.52,6.3,6.3,6.45,6.42,6.89,6.47,6.5
42081,6.08,6.23,6.72,6.42,6.35,6.18,6.15,5.98,6.18,6.47,6.94,6.65,6.42,6.72,6.75,6.7,6.38,6.52,6.3,6.3,6.45,6.42,6.89,6.47,6.5
42083,6.08,6.23,6.72,6.42,6.35,6.18,6.15,5.98,6.18,6.47,6.94,6.65,6.42,6.72,6.75,6.7,6.38,6.52,6.3,6.3,6.45,6.42,6.89,6.47,6.5
42085,6.08,6.23,6.72,6.42,6.35,6.18,6.15,5.98,6.18,6.47,6.94,6.65,6.42,6.72,6.75,6.7,6.38,6.52,6.3,6.3,6.45,6.42,6.89,6.47,6.5
42087,6.08,6.23,6.72,6.42,6.35,6.18,6.15,5.98,6.18,6.47,6.94,6.65,6.42,6.72,6.75,6.7,6.38,6.52,6.3,6.3,6.45,6.42,6.89,6.47,6.5
42089,6.08,6.23,6.72,6.42,6.35,6.18,6.15,5.98,6.18,6.47,6.94,6.65,6.42,6.72,6.75,6.7,6.38,6.52,6.3,6.3,6.45,6.42,6.89,6.47,6.5
42091,6.08,6.23,6.72,6.42,6.35,6.18,6.15,5.98,6.18,6.47,6.94,6.65,6.42,6.72,6.75,6.7,6.38,6.52,6.3,6.3,6.45,6.42,6.89,6.47,6.5
42093,6.08,6.23,6.72,6.42,6.35,6.18,6.15,5.98,6.18,6.47,6.94,6.65,6.42,6.72,6.75,6.7,6.38,6.52,6.3,6.3,6.45,6.42,6.89,6.47,6.5
42095,6.08,6.23,6.72,6.42,6.35,6.18,6.15,5.98,6.18,6.47,6.94,6.65,6.42,6.72,6.75,6.7,6.38,6.52,6.3,6.3,6.45,6.42,6.89,6.47,6.5
42097,6.08,6.23,6.72,6.42,6.35,6.18,6.15,5.98,6.18,6.47,6.94,6.65,6.42,6.72,6.75,6.7,6.38,6.52,6.3,6.3,6.45,6.42,6.89,6.47,6.5
42099,6.08,6.23,6.72,6.42,6.35,6.18,6.15,5.98,6.18,6.47,6.94,6.65,6.42,6.72,6.75,6.7,6.38,6.52,6.3,6.3,6.45,6.42,6.89,6.47,6.5
42101,6.08,6.23,6.72,6.42,6.35,6.18,6.15,5.98,6.18,6.47,6.94,6.65,6.42,6.72,6.75,6.7,6.38,6.52,6.3,6.3,6.45,6.42,6.89,6.47,6.5
42103,6.08,6.23,6.72,6.42,6.35,6.18,6.15,5.98,6.18,6.47,6.94,6.65,6.42,6.72,6.75,6.7,6.38,6.52,6.3,6.3,6.45,6.42,6.89,6.47,6.5
42105,6.08,6.23,6.72,6.42,6.35,6.18,6.15,5.98,6.18,6.47,6.94,6.65,6.42,6.72,6.75,6.7,6.38,6.52,6.3,6.3,6.45,6.42,6.89,6.47,6.5
42107,6.08,6.23,6.72,6.42,6.35,6.18,6.15,5.98,6.18,6.47,6.94,6.65,6.42,6.72,6.75,6.7,6.38,6.52,6.3,6.3,6.45,6.42,6.89,6.47,6.5
42109,6.08,6.23,6.72,6.42,6.35,6.18,6.15,5.98,6.18,6.47,6.94,6.65,6.42,6.72,6.75,6.7,6.38,6.52,6.3,6.3,6.45,6.42,6.89,6.47,6.5
42111,6.08,6.23,6.72,6.42,6.35,6.18,6.15,5.98,6.18,6.47,6.94,6.65,6.42,6.72,6.75,6.7,6.38,6.52,6.3,6.3,6.45,6.42,6.89,6.47,6.5
42113,6.08,6.23,6.72,6.42,6.35,6.18,6.15,5.98,6.18,6.47,6.94,6.65,6.42,6.72,6.75,6.7,6.38,6.52,6.3,6.3,6.45,6.42,6.89,6.47,6.5
42115,6.08,6.23,6.72,6.42,6.35,6.18,6.15,5.98,6.18,6.47,6.94,6.65,6.42,6.72,6.75,6.7,6.38,6.52,6.3,6.3,6.45,6.42,6.89,6.47,6.5
42117,6.08,6.23,6.72,6.42,6.35,6.18,6.15,5.98,6.18,6.47,6.94,6.65,6.42,6.72,6.75,6.7,6.38,6.52,6.3,6.3,6.45,6.42,6.89,6.47,6.5
42119,6.08,6.23,6.72,6.42,6.35,6.18,6.15,5.98,6.18,6.47,6.94,6.65,6.42,6.72,6.75,6.7,6.38,6.52,6.3,6.3,6.45,6.42,6.89,6.47,6.5
42121,6.08,6.23,6.72,6.42,6.35,6.18,6.15,5.98,6.18,6.47,6.94,6.65,6.42,6.72,6.75,6.7,6.38,6.52,6.3,6.3,6.45,6.42,6.89,6.47,6.5
42123,6.08,6.23,6.72,6.42,6.35,6.18,6.15,5.98,6.18,6.47,6.94,6.65,6.42,6.72,6.75,6.7,6.38,6.52,6.3,6.3,6.45,6.42,6.89,6.47,6.5
42125,6.08,6.23,6.72,6.42,6.35,6.18,6.15,5.98,6.18,6.47,6.94,6.65,6.42,6.72,6.75,6.7,6.38,6.52,6.3,6.3,6.45,6.42,6.89,6.47,6.5
42127,6.08,6.23,6.72,6.42,6.35,6.18,6.15,5.98,6.18,6.47,6.94,6.65,6.42,6.72,6.75,6.7,6.38,6.52,6.3,6.3,6.45,6.42,6.89,6.47,6.5
42129,6.08,6.23,6.72,6.42,6.35,6.18,6.15,5.98,6.18,6.47,6.94,6.65,6.42,6.72,6.75,6.7,6.38,6.52,6.3,6.3,6.45,6.42,6.89,6.47,6.5
42131,6.08,6.23,6.72,6.42,6.35,6.18,6.15,5.98,6.18,6.47,6.94,6.65,6.42,6.72,6.75,6.7,6.38,6.52,6.3,6.3,6.45,6.42,6.89,6.47,6.5
42133,6.08,6.23,6.72,6.42,6.35,6.18,6.15,5.98,6.18,6.47,6.94,6.65,6.42,6.72,6.75,6.7,6.38,6.52,6.3,6.3,6.45,6.42,6.89,6.47,6.5
44001,6.08,6.23,6.72,6.42,6.35,6.18,6.15,5.98,6.18,6.47,6.94,6.65,6.42,6.72,6.75,6.7,6.38,6.52,6.3,6.3,6.45,6.42,6.89,6.47,6.5
44003,6.08,6.23,6.72,6.42,6.35,6.18,6.15,5.98,6.18,6.47,6.94,6.65,6.42,6.72,6.75,6.7,6.38,6.52,6.3,6.3,6.45,6.42,6.89,6.47,6.5
44005,6.08,6.23,6.72,6.42,6.35,6.18,6.15,5.98,6.18,6.47,6.94,6.65,6.42,6.72,6.75,6.7,6.38,6.52,6.3,6.3,6.45,6.42,6.89,6.47,6.5
44007,6.08,6.23,6.72,6.42,6.35,6.18,6.15,5.98,6.18,6.47,6.94,6.65,6.42,6.72,6.75,6.7,6.38,6.52,6.3,6.3,6.45,6.42,6.89,6.47,6.5
44009,6.08,6.23,6.72,6.42,6.35,6.18,6.15,5.98,6.18,6.47,6.94,6.65,6.42,6.72,6.75,6.7,6.38,6.52,6.3,6.3,6.45,6.42,6.89,6.47,6.5
45001,6.08,6.23,6.72,6.42,6.35,6.18,6.15,5.98,6.18,6.47,6.94,6.65,6.42,6.72,6.75,6.7,6.38,6.52,6.3,6.3,6.45,6.42,6.89,6.47,6.5
45003,6.08,6.23,6.72,6.42,6.35,6.18,6.15,5.98,6.18,6.47,6.94,6.65,6.42,6.72,6.75,6.7,6.38,6.52,6.3,6.3,6.45,6.42,6.89,6.47,6.5
45005,6.08,6.23,6.72,6.42,6.35,6.18,6.15,5.98,6.18,6.47,6.94,6.65,6.42,6.72,6.75,6.7,6.38,6.52,6.3,6.3,6.45,6.42,6.89,6.47,6.5
45007,6.08,6.23,6.72,6.42,6.35,6.18,6.15,5.98,6.18,6.47,6.94,6.65,6.42,6.72,6.75,6.7,6.38,6.52,6.3,6.3,6.45,6.42,6.89,6.47,6.5
45009,6.08,6.23,6.72,6.42,6.35,6.18,6.15,5.98,6.18,6.47,6.94,6.65,6.42,6.72,6.75,6.7,6.38,6.52,6.3,6.3,6.45,6.42,6.89,6.47,6.5
45011,6.08,6.23,6.72,6.42,6.35,6.18,6.15,5.98,6.18,6.47,6.94,6.65,6.42,6.72,6.75,6.7,6.38,6.52,6.3,6.3,6.45,6.42,6.89,6.47,6.5
45013,6.08,6.23,6.72,6.42,6.35,6.18,6.15,5.98,6.18,6.47,6.94,6.65,6.42,6.72,6.75,6.7,6.38,6.52,6.3,6.3,6.45,6.42,6.89,6.47,6.5
45015,6.08,6.23,6.72,6.42,6.35,6.18,6.15,5.98,6.18,6.47,6.94,6.65,6.42,6.72,6.75,6.7,6.38,6.52,6.3,6.3,6.45,6.42,6.89,6.47,6.5
45017,6.08,6.23,6.72,6.42,6.35,6.18,6.15,5.98,6.18,6.47,6.94,6.65,6.42,6.72,6.75,6.7,6.38,6.52,6.3,6.3,6.45,6.42,6.89,6.47,6.5
45019,6.08,6.23,6.72,6.42,6.35,6.18,6.15,5.98,6.18,6.47,6.94,6.65,6.42,6.72,6.75,6.7,6.38,6.52,6.3,6.3,6.45,6.42,6.89,6.47,6.5
45021,6.08,6.23,6.72,6.42,6.35,6.18,6.15,5.98,6.18,6.47,6.94,6.65,6.42,6.72,6.75,6.7,6.38,6.52,6.3,6.3,6.45,6.42,6.89,6.47,6.5
45023,6.08,6.23,6.72,6.42,6.35,6.18,6.15,5.98,6.18,6.47,6.94,6.65,6.42,6.72,6.75,6.7,6.38,6.52,6.3,6.3,6.45,6.42,6.89,6.47,6.5
45025,6.08,6.23,6.72,6.42,6.35,6.18,6.15,5.98,6.18,6.47,6.94,6.65,6.42,6.72,6.75,6.7,6.38,6.52,6.3,6.3,6.45,6.42,6.89,6.47,6.5
45027,6.08,6.23,6.72,6.42,6.35,6.18,6.15,5.98,6.18,6.47,6.94,6.65,6.42,6.72,6.75,6.7,6.38,6.52,6.3,6.3,6.45,6.42,6.89,6.47,6.5
45029,6.08,6.23,6.72,6.42,6.35,6.18,6.15,5.98,6.18,6.47,6.94,6.65,6.42,6.72,6.75,6.7,6.38,6.52,6.3,6.3,6.45,6.42,6.89,6.47,6.5
45031,6.08,6.23,6.72,6.42,6.35,6.18,6.15,5.98,6.18,6.47,6.94,6.65,6.42,6.72,6.75,6.7,6.38,6.52,6.3,6.3,6.45,6.42,6.89,6.47,6.5
45033,6.08,6.23,6.72,6.42,6.35,6.18,6.15,5.98,6.18,6.47,6.94,6.65,6.42,6.72,6.75,6.7,6.38,6.52,6.3,6.3,6.45,6.42,6.89,6.47,6.5
45035,6.08,6.23,6.72,6.42,6.35,6.18,6.15,5.98,6.18,6.47,6.94,6.65,6.42,6.72,6.75,6.7,6.38,6.52,6.3,6.3,6.45,6.42,6.89,6.47,6.5
45037,6.08,6.23,6.72,6.42,6.35,6.18,6.15,5.98,6.18,6.47,6.94,6.65,6.42,6.72,6.75,6.7,6.38,6.52,6.3,6.3,6.45,6.42,6.89,6.47,6.5
45039,6.08,6.23,6.72,6.42,6.35,6.18,6.15,5.98,6.18,6.47,6.94,6.65,6.42,6.72,6.75,6.7,6.38,6.52,6.3,6.3,6.45,6.42,6.89,6.47,6.5
45041,6.08,6.23,6.72,6.42,6.35,6.18,6.15,5.98,6.18,6.47,6.94,6.65,6.42,6.72,6.75,6.7,6.38,6.52,6.3,6.3,6.45,6.42,6.89,6.47,6.5
45043,6.08,6.23,6.72,6.42,6.35,6.18,6.15,5.98,6.18,6.47,6.94,6.65,6.42,6.72,6.75,6.7,6.38,6.52,6.3,6.3,6.45,6.42,6.89,6.47,6.5
45045,6.08,6.23,6.72,6.42,6.35,6.18,6.15,5.98,6.18,6.47,6.94,6.65,6.42,6.72,6.75,6.7,6.38,6.52,6.3,6.3,6.45,6.42,6.89,6.47,6.5
45047,6.08,6.23,6.72,6.42,6.35,6.18,6.15,5.98,6.18,6.47,6.94,6.65,6.42,6.72,6.75,6.7,6.38,6.52,6.3,6.3,6.45,6.42,6.89,6.47,6.5
45049,6.08,6.23,6.72,6.42,6.35,6.18,6.15,5.98,6.18,6.47,6.94,6.65,6.42,6.72,6.75,6.7,6.38,6.52,6.3,6.3,6.45,6.42,6.89,6.47,6.5
45051,6.08,6.23,6.72,6.42,6.35,6.18,6.15,5.98,6.18,6.47,6.94,6.65,6.42,6.72,6.75,6.7,6.38,6.52,6.3,6.3,6.45,6.42,6.89,6.47,6.5
45053,6.08,6.23,6.72,6.42,6.35,6.18,6.15,5.98,6.18,6.47,6.94,6.65,6.42,6.72,6.75,6.7,6.38,6.52,6.3,6.3,6.45,6.42,6.89,6.47,6.5
45055,6.08,6.23,6.72,6.42,6.35,6.18,6.15,5.98,6.18,6.47,6.94,6.65,6.42,6.72,6.75,6.7,6.38,6.52,6.3,6.3,6.45,6.42,6.89,6.47,6.5
45057,6.08,6.23,6.72,6.42,6.35,6.18,6.15,5.98,6.18,6.47,6.94,6.65,6.42,6.72,6.75,6.7,6.38,6.52,6.3,6.3,6.45,6.42,6.89,6.47,6.5
45059,6.08,6.23,6.72,6.42,6.35,6.18,6.15,5.98,6.18,6.47,6.94,6.65,6.42,6.72,6.75,6.7,6.38,6.52,6.3,6.3,6.45,6.42,6.89,6.47,6.5
45061,6.08,6.23,6.72,6.42,6.35,6.18,6.15,5.98,6.18,6.47,6.94,6.65,6.42,6.72,6.75,6.7,6.38,6.52,6.3,6.3,6.45,6.42,6.89,6.47,6.5
45063,6.08,6.23,6.72,6.42,6.35,6.18,6.15,5.98,6.18,6.47,6.94,6.65,6.42,6.72,6.75,6.7,6.38,6.52,6.3,6.3,6.45,6.42,6.89,6.47,6.5
45065,6.08,6.23,6.72,6.42,6.35,6.18,6.15,5.98,6.18,6.47,6.94,6.65,6.42,6.72,6.75,6.7,6.38,6.52,6.3,6.3,6.45,6.42,6.89,6.47,6.5
45067,6.08,6.23,6.72,6.42,6.35,6.18,6.15,5.98,6.18,6.47,6.94,6.65,6.42,6.72,6.75,6.7,6.38,6.52,6.3,6.3,6.45,6.42,6.89,6.47,6.5
45069,6.08,6.23,6.72,6.42,6.35,6.18,6.15,5.98,6.18,6.47,6.94,6.65,6.42,6.72,6.75,6.7,6.38,6.52,6.3,6.3,6.45,6.42,6.89,6.47,6.5
45071,6.08,6.23,6.72,6.42,6.35,6.18,6.15,5.98,6.18,6.47,6.94,6.65,6.42,6.72,6.75,6.7,6.38,6.52,6.3,6.3,6.45,6.42,6.89,6.47,6.5
45073,6.08,6.23,6.72,6.42,6.35,6.18,6.15,5.98,6.18,6.47,6.94,6.65,6.42,6.72,6.75,6.7,6.38,6.52,6.3,6.3,6.45,6.42,6.89,6.47,6.5
45075,6.08,6.23,6.72,6.42,6.35,6.18,6.15,5.98,6.18,6.47,6.94,6.65,6.42,6.72,6.75,6.7,6.38,6.52,6.3,6.3,6.45,6.42,6.89,6.47,6.5
45077,6.08,6.23,6.72,6.42,6.35,6.18,6.15,5.98,6.18,6.47,6.94,6.65,6.42,6.72,6.75,6.7,6.38,6.52,6.3,6.3,6.45,6.42,6.89,6.47,6.5
45079,6.08,6.23,6.72,6.42,6.35,6.18,6.15,5.98,6.18,6.47,6.94,6.65,6.42,6.72,6.75,6.7,6.38,6.52,6.3,6.3,6.45,6.42,6.89,6.47,6.5
45081,6.08,6.23,6.72,6.42,6.35,6.18,6.15,5.98,6.18,6.47,6.94,6.65,6.42,6.72,6.75,6.7,6.38,6.52,6.3,6.3,6.45,6.42,6.89,6.47,6.5
45083,6.08,6.23,6.72,6.42,6.35,6.18,6.15,5.98,6.18,6.47,6.94,6.65,6.42,6.72,6.75,6.7,6.38,6.52,6.3,6.3,6.45,6.42,6.89,6.47,6.5
45085,6.08,6.23,6.72,6.42,6.35,6.18,6.15,5.98,6.18,6.47,6.94,6.65,6.42,6.72,6.75,6.7,6.38,6.52,6.3,6.3,6.45,6.42,6.89,6.47,6.5
45087,6.08,6.23,6.72,6.42,6.35,6.18,6.15,5.98,6.18,6.47,6.94,6.65,6.42,6.72,6.75,6.7,6.38,6.52,6.3,6.3,6.45,6.42,6.89,6.47,6.5
45089,6.08,6.23,6.72,6.42,6.35,6.18,6.15,5.98,6.18,6.47,6.94,6.65,6.42,6.72,6.75,6.7,6.38,6.52,6.3,6.3,6.45,6.42,6.89,6.47,6.5
45091,6.08,6.23,6.72,6.42,6.35,6.18,6.15,5.98,6.18,6.47,6.94,6.65,6.42,6.72,6.75,6.7,6.38,6.52,6.3,6.3,6.45,6.42,6.89,6.47,6.5
46003,6.08,6.23,6.72,6.42,6.35,6.18,6.15,5.98,6.18,6.47,6.94,6.65,6.42,6.72,6.75,6.7,6.38,6.52,6.3,6.3,6.45,6.42,6.89,6.47,6.5
46005,6.08,6.23,6.72,6.42,6.35,6.18,6.15,5.98,6.18,6.47,6.94,6.65,6.42,6.72,6.75,6.7,6.38,6.52,6.3,6.3,6.45,6.42,6.89,6.47,6.5
46007,6.08,6.23,6.72,6.42,6.35,6.18,6.15,5.98,6.18,6.47,6.94,6.65,6.42,6.72,6.75,6.7,6.38,6.52,6.3,6.3,6.45,6.42,6.89,6.47,6.5
46009,6.08,6.23,6.72,6.42,6.35,6.18,6.15,5.98,6.18,6.47,6.94,6.65,6.42,6.72,6.75,6.7,6.38,6.52,6.3,6.3,6.45,6.42,6.89,6.47,6.5
46011,6.08,6.23,6.72,6.42,6.35,6.18,6.15,5.98,6.18,6.47,6.94,6.65,6.42,6.72,6.75,6.7,6.38,6.52,6.3,6.3,6.45,6.42,6.89,6.47,6.5
46013,6.08,6.23,6.72,6.42,6.35,6.18,6.15,5.98,6.18,6.47,6.94,6.65,6.42,6.72,6.75,6.7,6.38,6.52,6.3,6.3,6.45,6.42,6.89,6.47,6.5
46015,6.08,6.23,6.72,6.42,6.35,6.18,6.15,5.98,6.18,6.47,6.94,6.65,6.42,6.72,6.75,6.7,6.38,6.52,6.3,6.3,6.45,6.42,6.89,6.47,6.5
46017,6.08,6.23,6.72,6.42,6.35,6.18,6.15,5.98,6.18,6.47,6.94,6.65,6.42,6.72,6.75,6.7,6.38,6.52,6.3,6.3,6.45,6.42,6.89,6.47,6.5
46019,6.08,6.23,6.72,6.42,6.35,6.18,6.15,5.98,6.18,6.47,6.94,6.65,6.42,6.72,6.75,6.7,6.38,6.52,6.3,6.3,6.45,6.42,6.89,6.47,6.5
46021,6.08,6.23,6.72,6.42,6.35,6.18,6.15,5.98,6.18,6.47,6.94,6.65,6.42,6.72,6.75,6.7,6.38,6.52,6.3,6.3,6.45,6.42,6.89,6.47,6.5
46023,6.08,6.23,6.72,6.42,6.35,6.18,6.15,5.98,6.18,6.47,6.94,6.65,6.42,6.72,6.75,6.7,6.38,6.52,6.3,6.3,6.45,6.42,6.89,6.47,6.5
46025,6.08,6.23,6.72,6.42,6.35,6.18,6.15,5.98,6.18,6.47,6.94,6.65,6.42,6.72,6.75,6.7,6.38,6.52,6.3,6.3,6.45,6.42,6.89,6.47,6.5
46027,6.08,6.23,6.72,6.42,6.35,6.18,6.15,5.98,6.18,6.47,6.94,6.65,6.42,6.72,6.75,6.7,6.38,6.52,6.3,6.3,6.45,6.42,6.89,6.47,6.5
46029,6.08,6.23,6.72,6.42,6.35,6.18,6.15,5.98,6.18,6.47,6.94,6.65,6.42,6.72,6.75,6.7,6.38,6.52,6.3,6.3,6.45,6.42,6.89,6.47,6.5
46031,6.08,6.23,6.72,6.42,6.35,6.18,6.15,5.98,6.18,6.47,6.94,6.65,6.42,6.72,6.75,6.7,6.38,6.52,6.3,6.3,6.45,6.42,6.89,6.47,6.5
46033,6.08,6.23,6.72,6.42,6.35,6.18,6.15,5.98,6.18,6.47,6.94,6.65,6.42,6.72,6.75,6.7,6.38,6.52,6.3,6.3,6.45,6.42,6.89,6.47,6.5
46035,6.08,6.23,6.72,6.42,6.35,6.18,6.15,5.98,6.18,6.47,6.94,6.65,6.42,6.72,6.75,6.7,6.38,6.52,6.3,6.3,6.45,6.42,6.89,6.47,6.5
46037,6.08,6.23,6.72,6.42,6.35,6.18,6.15,5.98,6.18,6.47,6.94,6.65,6.42,6.72,6.75,6.7,6.38,6.52,6.3,6.3,6.45,6.42,6.89,6.47,6.5
46039,6.08,6.23,6.72,6.42,6.35,6.18,6.15,5.98,6.18,6.47,6.94,6.65,6.42,6.72,6.75,6.7,6.38,6.52,6.3,6.3,6.45,6.42,6.89,6.47,6.5
46041,6.08,6.23,6.72,6.42,6.35,6.18,6.15,5.98,6.18,6.47,6.94,6.65,6.42,6.72,6.75,6.7,6.38,6.52,6.3,6.3,6.45,6.42,6.89,6.47,6.5
46043,6.08,6.23,6.72,6.42,6.35,6.18,6.15,5.98,6.18,6.47,6.94,6.65,6.42,6.72,6.75,6.7,6.38,6.52,6.3,6.3,6.45,6.42,6.89,6.47,6.5
46045,6.08,6.23,6.72,6.42,6.35,6.18,6.15,5.98,6.18,6.47,6.94,6.65,6.42,6.72,6.75,6.7,6.38,6.52,6.3,6.3,6.45,6.42,6.89,6.47,6.5
46047,6.08,6.23,6.72,6.42,6.35,6.18,6.15,5.98,6.18,6.47,6.94,6.65,6.42,6.72,6.75,6.7,6.38,6.52,6.3,6.3,6.45,6.42,6.89,6.47,6.5
46049,6.08,6.23,6.72,6.42,6.35,6.18,6.15,5.98,6.18,6.47,6.94,6.65,6.42,6.72,6.75,6.7,6.38,6.52,6.3,6.3,6.45,6.42,6.89,6.47,6.5
46051,6.08,6.23,6.72,6.42,6.35,6.18,6.15,5.98,6.18,6.47,6.94,6.65,6.42,6.72,6.75,6.7,6.38,6.52,6.3,6.3,6.45,6.42,6.89,6.47,6.5
46053,6.08,6.23,6.72,6.42,6.35,6.18,6.15,5.98,6.18,6.47,6.94,6.65,6.42,6.72,6.75,6.7,6.38,6.52,6.3,6.3,6.45,6.42,6.89,6.47,6.5
46055,6.08,6.23,6.72,6.42,6.35,6.18,6.15,5.98,6.18,6.47,6.94,6.65,6.42,6.72,6.75,6.7,6.38,6.52,6.3,6.3,6.45,6.42,6.89,6.47,6.5
46057,6.08,6.23,6.72,6.42,6.35,6.18,6.15,5.98,6.18,6.47,6.94,6.65,6.42,6.72,6.75,6.7,6.38,6.52,6.3,6.3,6.45,6.42,6.89,6.47,6.5
46059,6.08,6.23,6.72,6.42,6.35,6.18,6.15,5.98,6.18,6.47,6.94,6.65,6.42,6.72,6.75,6.7,6.38,6.52,6.3,6.3,6.45,6.42,6.89,6.47,6.5
46061,6.08,6.23,6.72,6.42,6.35,6.18,6.15,5.98,6.18,6.47,6.94,6.65,6.42,6.72,6.75,6.7,6.38,6.52,6.3,6.3,6.45,6.42,6.89,6.47,6.5
46063,6.08,6.23,6.72,6.42,6.35,6.18,6.15,5.98,6.18,6.47,6.94,6.65,6.42,6.72,6.75,6.7,6.38,6.52,6.3,6.3,6.45,6.42,6.89,6.47,6.5
46065,6.08,6.23,6.72,6.42,6.35,6.18,6.15,5.98,6.18,6.47,6.94,6.65,6.42,6.72,6.75,6.7,6.38,6.52,6.3,6.3,6.45,6.42,6.89,6.47,6.5
46067,6.08,6.23,6.72,6.42,6.35,6.18,6.15,5.98,6.18,6.47,6.94,6.65,6.42,6.72,6.75,6.7,6.38,6.52,6.3,6.3,6.45,6.42,6.89,6.47,6.5
46069,6.08,6.23,6.72,6.42,6.35,6.18,6.15,5.98,6.18,6.47,6.94,6.65,6.42,6.72,6.75,6.7,6.38,6.52,6.3,6.3,6.45,6.42,6.89,6.47,6.5
46071,6.08,6.23,6.72,6.42,6.35,6.18,6.15,5.98,6.18,6.47,6.94,6.65,6.42,6.72,6.75,6.7,6.38,6.52,6.3,6.3,6.45,6.42,6.89,6.47,6.5
46073,6.08,6.23,6.72,6.42,6.35,6.18,6.15,5.98,6.18,6.47,6.94,6.65,6.42,6.72,6.75,6.7,6.38,6.52,6.3,6.3,6.45,6.42,6.89,6.47,6.5
46075,6.08,6.23,6.72,6.42,6.35,6.18,6.15,5.98,6.18,6.47,6.94,6.65,6.42,6.72,6.75,6.7,6.38,6.52,6.3,6.3,6.45,6.42,6.89,6.47,6.5
46077,6.08,6.23,6.72,6.42,6.35,6.18,6.15,5.98,6.18,6.47,6.94,6.65,6.42,6.72,6.75,6.7,6.38,6.52,6.3,6.3,6.45,6.42,6.89,6.47,6.5
46079,6.08,6.23,6.72,6.42,6.35,6.18,6.15,5.98,6.18,6.47,6.94,6.65,6.42,6.72,6.75,6.7,6.38,6.52,6.3,6.3,6.45,6.42,6.89,6.47,6.5
46081,6.08,6.23,6.72,6.42,6.35,6.18,6.15,5.98,6.18,6.47,6.94,6.65,6.42,6.72,6.75,6.7,6.38,6.52,6.3,6.3,6.45,6.42,6.89,6.47,6.5
46083,6.08,6.23,6.72,6.42,6.35,6.18,6.15,5.98,6.18,6.47,6.94,6.65,6.42,6.72,6.75,6.7,6.38,6.52,6.3,6.3,6.45,6.42,6.89,6.47,6.5
46085,6.08,6.23,6.72,6.42,6.35,6.18,6.15,5.98,6.18,6.47,6.94,6.65,6.42,6.72,6.75,6.7,6.38,6.52,6.3,6.3,6.45,6.42,6.89,6.47,6.5
46087,6.08,6.23,6.72,6.42,6.35,6.18,6.15,5.98,6.18,6.47,6.94,6.65,6.42,6.72,6.75,6.7,6.38,6.52,6.3,6.3,6.45,6.42,6.89,6.47,6.5
46089,6.08,6.23,6.72,6.42,6.35,6.18,6.15,5.98,6.18,6.47,6.94,6.65,6.42,6.72,6.75,6.7,6.38,6.52,6.3,6.3,6.45,6.42,6.89,6.47,6.5
46091,6.08,6.23,6.72,6.42,6.35,6.18,6.15,5.98,6.18,6.47,6.94,6.65,6.42,6.72,6.75,6.7,6.38,6.52,6.3,6.3,6.45,6.42,6.89,6.47,6.5
46093,6.08,6.23,6.72,6.42,6.35,6.18,6.15,5.98,6.18,6.47,6.94,6.65,6.42,6.72,6.75,6.7,6.38,6.52,6.3,6.3,6.45,6.42,6.89,6.47,6.5
46095,6.08,6.23,6.72,6.42,6.35,6.18,6.15,5.98,6.18,6.47,6.94,6.65,6.42,6.72,6.75,6.7,6.38,6.52,6.3,6.3,6.45,6.42,6.89,6.47,6.5
46097,6.08,6.23,6.72,6.42,6.35,6.18,6.15,5.98,6.18,6.47,6.94,6.65,6.42,6.72,6.75,6.7,6.38,6.52,6.3,6.3,6.45,6.42,6.89,6.47,6.5
46099,6.08,6.23,6.72,6.42,6.35,6.18,6.15,5.98,6.18,6.47,6.94,6.65,6.42,6.72,6.75,6.7,6.38,6.52,6.3,6.3,6.45,6.42,6.89,6.47,6.5
46101,6.08,6.23,6.72,6.42,6.35,6.18,6.15,5.98,6.18,6.47,6.94,6.65,6.42,6.72,6.75,6.7,6.38,6.52,6.3,6.3,6.45,6.42,6.89,6.47,6.5
46102,6.08,6.23,6.72,6.42,6.35,6.18,6.15,5.98,6.18,6.47,6.94,6.65,6.42,6.72,6.75,6.7,6.38,6.52,6.3,6.3,6.45,6.42,6.89,6.47,6.5
46103,6.08,6.23,6.72,6.42,6.35,6.18,6.15,5.98,6.18,6.47,6.94,6.65,6.42,6.72,6.75,6.7,6.38,6.52,6.3,6.3,6.45,6.42,6.89,6.47,6.5
46105,6.08,6.23,6.72,6.42,6.35,6.18,6.15,5.98,6.18,6.47,6.94,6.65,6.42,6.72,6.75,6.7,6.38,6.52,6.3,6.3,6.45,6.42,6.89,6.47,6.5
46107,6.08,6.23,6.72,6.42,6.35,6.18,6.15,5.98,6.18,6.47,6.94,6.65,6.42,6.72,6.75,6.7,6.38,6.52,6.3,6.3,6.45,6.42,6.89,6.47,6.5
46109,6.08,6.23,6.72,6.42,6.35,6.18,6.15,5.98,6.18,6.47,6.94,6.65,6.42,6.72,6.75,6.7,6.38,6.52,6.3,6.3,6.45,6.42,6.89,6.47,6.5
46111,6.08,6.23,6.72,6.42,6.35,6.18,6.15,5.98,6.18,6.47,6.94,6.65,6.42,6.72,6.75,6.7,6.38,6.52,6.3,6.3,6.45,6.42,6.89,6.47,6.5
46115,6.08,6.23,6.72,6.42,6.35,6.18,6.15,5.98,6.18,6.47,6.94,6.65,6.42,6.72,6.75,6.7,6.38,6.52,6.3,6.3,6.45,6.42,6.89,6.47,6.5
46117,6.08,6.23,6.72,6.42,6.35,6.18,6.15,5.98,6.18,6.47,6.94,6.65,6.42,6.72,6.75,6.7,6.38,6.52,6.3,6.3,6.45,6.42,6.89,6.47,6.5
46119,6.08,6.23,6.72,6.42,6.35,6.18,6.15,5.98,6.18,6.47,6.94,6.65,6.42,6.72,6.75,6.7,6.38,6.52,6.3,6.3,6.45,6.42,6.89,6.47,6.5
46121,6.08,6.23,6.72,6.42,6.35,6.18,6.15,5.98,6.18,6.47,6.94,6.65,6.42,6.72,6.75,6.7,6.38,6.52,6.3,6.3,6.45,6.42,6.89,6.47,6.5
46123,6.08,6.23,6.72,6.42,6.35,6.18,6.15,5.98,6.18,6.47,6.94,6.65,6.42,6.72,6.75,6.7,6.38,6.52,6.3,6.3,6.45,6.42,6.89,6.47,6.5
46125,6.08,6.23,6.72,6.42,6.35,6.18,6.15,5.98,6.18,6.47,6.94,6.65,6.42,6.72,6.75,6.7,6.38,6.52,6.3,6.3,6.45,6.42,6.89,6.47,6.5
46127,6.08,6.23,6.72,6.42,6.35,6.18,6.15,5.98,6.18,6.47,6.94,6.65,6.42,6.72,6.75,6.7,6.38,6.52,6.3,6.3,6.45,6.42,6.89,6.47,6.5
46129,6.08,6.23,6.72,6.42,6.35,6.18,6.15,5.98,6.18,6.47,6.94,6.65,6.42,6.72,6.75,6.7,6.38,6.52,6.3,6.3,6.45,6.42,6.89,6.47,6.5
46135,6.08,6.23,6.72,6.42,6.35,6.18,6.15,5.98,6.18,6.47,6.94,6.65,6.42,6.72,6.75,6.7,6.38,6.52,6.3,6.3,6.45,6.42,6.89,6.47,6.5
46137,6.08,6.23,6.72,6.42,6.35,6.18,6.15,5.98,6.18,6.47,6.94,6.65,6.42,6.72,6.75,6.7,6.38,6.52,6.3,6.3,6.45,6.42,6.89,6.47,6.5
47001,6.08,6.23,6.72,6.42,6.35,6.18,6.15,5.98,6.18,6.47,6.94,6.65,6.42,6.72,6.75,6.7,6.38,6.52,6.3,6.3,6.45,6.42,6.89,6.47,6.5
47003,6.08,6.23,6.72,6.42,6.35,6.18,6.15,5.98,6.18,6.47,6.94,6.65,6.42,6.72,6.75,6.7,6.38,6.52,6.3,6.3,6.45,6.42,6.89,6.47,6.5
47005,6.08,6.23,6.72,6.42,6.35,6.18,6.15,5.98,6.18,6.47,6.94,6.65,6.42,6.72,6.75,6.7,6.38,6.52,6.3,6.3,6.45,6.42,6.89,6.47,6.5
47007,6.08,6.23,6.72,6.42,6.35,6.18,6.15,5.98,6.18,6.47,6.94,6.65,6.42,6.72,6.75,6.7,6.38,6.52,6.3,6.3,6.45,6.42,6.89,6.47,6.5
47009,6.08,6.23,6.72,6.42,6.35,6.18,6.15,5.98,6.18,6.47,6.94,6.65,6.42,6.72,6.75,6.7,6.38,6.52,6.3,6.3,6.45,6.42,6.89,6.47,6.5
47011,6.08,6.23,6.72,6.42,6.35,6.18,6.15,5.98,6.18,6.47,6.94,6.65,6.42,6.72,6.75,6.7,6.38,6.52,6.3,6.3,6.45,6.42,6.89,6.47,6.5
47013,6.08,6.23,6.72,6.42,6.35,6.18,6.15,5.98,6.18,6.47,6.94,6.65,6.42,6.72,6.75,6.7,6.38,6.52,6.3,6.3,6.45,6.42,6.89,6.47,6.5
47015,6.08,6.23,6.72,6.42,6.35,6.18,6.15,5.98,6.18,6.47,6.94,6.65,6.42,6.72,6.75,6.7,6.38,6.52,6.3,6.3,6.45,6.42,6.89,6.47,6.5
47017,6.08,6.23,6.72,6.42,6.35,6.18,6.15,5.98,6.18,6.47,6.94,6.65,6.42,6.72,6.75,6.7,6.38,6.52,6.3,6.3,6.45,6.42,6.89,6.47,6.5
47019,6.08,6.23,6.72,6.42,6.35,6.18,6.15,5.98,6.18,6.47,6.94,6.65,6.42,6.72,6.75,6.7,6.38,6.52,6.3,6.3,6.45,6.42,6.89,6.47,6.5
47021,6.08,6.23,6.72,6.42,6.35,6.18,6.15,5.98,6.18,6.47,6.94,6.65,6.42,6.72,6.75,6.7,6.38,6.52,6.3,6.3,6.45,6.42,6.89,6.47,6.5
47023,6.08,6.23,6.72,6.42,6.35,6.18,6.15,5.98,6.18,6.47,6.94,6.65,6.42,6.72,6.75,6.7,6.38,6.52,6.3,6.3,6.45,6.42,6.89,6.47,6.5
47025,6.08,6.23,6.72,6.42,6.35,6.18,6.15,5.98,6.18,6.47,6.94,6.65,6.42,6.72,6.75,6.7,6.38,6.52,6.3,6.3,6.45,6.42,6.89,6.47,6.5
47027,6.08,6.23,6.72,6.42,6.35,6.18,6.15,5.98,6.18,6.47,6.94,6.65,6.42,6.72,6.75,6.7,6.38,6.52,6.3,6.3,6.45,6.42,6.89,6.47,6.5
47029,6.08,6.23,6.72,6.42,6.35,6.18,6.15,5.98,6.18,6.47,6.94,6.65,6.42,6.72,6.75,6.7,6.38,6.52,6.3,6.3,6.45,6.42,6.89,6.47,6.5
47031,6.08,6.23,6.72,6.42,6.35,6.18,6.15,5.98,6.18,6.47,6.94,6.65,6.42,6.72,6.75,6.7,6.38,6.52,6.3,6.3,6.45,6.42,6.89,6.47,6.5
47033,6.08,6.23,6.72,6.42,6.35,6.18,6.15,5.98,6.18,6.47,6.94,6.65,6.42,6.72,6.75,6.7,6.38,6.52,6.3,6.3,6.45,6.42,6.89,6.47,6.5
47035,6.08,6.23,6.72,6.42,6.35,6.18,6.15,5.98,6.18,6.47,6.94,6.65,6.42,6.72,6.75,6.7,6.38,6.52,6.3,6.3,6.45,6.42,6.89,6.47,6.5
47037,6.08,6.23,6.72,6.42,6.35,6.18,6.15,5.98,6.18,6.47,6.94,6.65,6.42,6.72,6.75,6.7,6.38,6.52,6.3,6.3,6.45,6.42,6.89,6.47,6.5
47039,6.08,6.23,6.72,6.42,6.35,6.18,6.15,5.98,6.18,6.47,6.94,6.65,6.42,6.72,6.75,6.7,6.38,6.52,6.3,6.3,6.45,6.42,6.89,6.47,6.5
47041,6.08,6.23,6.72,6.42,6.35,6.18,6.15,5.98,6.18,6.47,6.94,6.65,6.42,6.72,6.75,6.7,6.38,6.52,6.3,6.3,6.45,6.42,6.89,6.47,6.5
47043,6.08,6.23,6.72,6.42,6.35,6.18,6.15,5.98,6.18,6.47,6.94,6.65,6.42,6.72,6.75,6.7,6.38,6.52,6.3,6.3,6.45,6.42,6.89,6.47,6.5
47045,6.08,6.23,6.72,6.42,6.35,6.18,6.15,5.98,6.18,6.47,6.94,6.65,6.42,6.72,6.75,6.7,6.38,6.52,6.3,6.3,6.45,6.42,6.89,6.47,6.5
47047,6.08,6.23,6.72,6.42,6.35,6.18,6.15,5.98,6.18,6.47,6.94,6.65,6.42,6.72,6.75,6.7,6.38,6.52,6.3,6.3,6.45,6.42,6.89,6.47,6.5
47049,6.08,6.23,6.72,6.42,6.35,6.18,6.15,5.98,6.18,6.47,6.94,6.65,6.42,6.72,6.75,6.7,6.38,6.52,6.3,6.3,6.45,6.42,6.89,6.47,6.5
47051,6.08,6.23,6.72,6.42,6.35,6.18,6.15,5.98,6.18,6.47,6.94,6.65,6.42,6.72,6.75,6.7,6.38,6.52,6.3,6.3,6.45,6.42,6.89,6.47,6.5
47053,6.08,6.23,6.72,6.42,6.35,6.18,6.15,5.98,6.18,6.47,6.94,6.65,6.42,6.72,6.75,6.7,6.38,6.52,6.3,6.3,6.45,6.42,6.89,6.47,6.5
47055,6.08,6.23,6.72,6.42,6.35,6.18,6.15,5.98,6.18,6.47,6.94,6.65,6.42,6.72,6.75,6.7,6.38,6.52,6.3,6.3,6.45,6.42,6.89,6.47,6.5
47057,6.08,6.23,6.72,6.42,6.35,6.18,6.15,5.98,6.18,6.47,6.94,6.65,6.42,6.72,6.75,6.7,6.38,6.52,6.3,6.3,6.45,6.42,6.89,6.47,6.5
47059,6.08,6.23,6.72,6.42,6.35,6.18,6.15,5.98,6.18,6.47,6.94,6.65,6.42,6.72,6.75,6.7,6.38,6.52,6.3,6.3,6.45,6.42,6.89,6.47,6.5
47061,6.08,6.23,6.72,6.42,6.35,6.18,6.15,5.98,6.18,6.47,6.94,6.65,6.42,6.72,6.75,6.7,6.38,6.52,6.3,6.3,6.45,6.42,6.89,6.47,6.5
47063,6.08,6.23,6.72,6.42,6.35,6.18,6.15,5.98,6.18,6.47,6.94,6.65,6.42,6.72,6.75,6.7,6.38,6.52,6.3,6.3,6.45,6.42,6.89,6.47,6.5
47065,6.08,6.23,6.72,6.42,6.35,6.18,6.15,5.98,6.18,6.47,6.94,6.65,6.42,6.72,6.75,6.7,6.38,6.52,6.3,6.3,6.45,6.42,6.89,6.47,6.5
47067,6.08,6.23,6.72,6.42,6.35,6.18,6.15,5.98,6.18,6.47,6.94,6.65,6.42,6.72,6.75,6.7,6.38,6.52,6.3,6.3,6.45,6.42,6.89,6.47,6.5
47069,6.08,6.23,6.72,6.42,6.35,6.18,6.15,5.98,6.18,6.47,6.94,6.65,6.42,6.72,6.75,6.7,6.38,6.52,6.3,6.3,6.45,6.42,6.89,6.47,6.5
47071,6.08,6.23,6.72,6.42,6.35,6.18,6.15,5.98,6.18,6.47,6.94,6.65,6.42,6.72,6.75,6.7,6.38,6.52,6.3,6.3,6.45,6.42,6.89,6.47,6.5
47073,6.08,6.23,6.72,6.42,6.35,6.18,6.15,5.98,6.18,6.47,6.94,6.65,6.42,6.72,6.75,6.7,6.38,6.52,6.3,6.3,6.45,6.42,6.89,6.47,6.5
47075,6.08,6.23,6.72,6.42,6.35,6.18,6.15,5.98,6.18,6.47,6.94,6.65,6.42,6.72,6.75,6.7,6.38,6.52,6.3,6.3,6.45,6.42,6.89,6.47,6.5
47077,6.08,6.23,6.72,6.42,6.35,6.18,6.15,5.98,6.18,6.47,6.94,6.65,6.42,6.72,6.75,6.7,6.38,6.52,6.3,6.3,6.45,6.42,6.89,6.47,6.5
47079,6.08,6.23,6.72,6.42,6.35,6.18,6.15,5.98,6.18,6.47,6.94,6.65,6.42,6.72,6.75,6.7,6.38,6.52,6.3,6.3,6.45,6.42,6.89,6.47,6.5
47081,6.08,6.23,6.72,6.42,6.35,6.18,6.15,5.98,6.18,6.47,6.94,6.65,6.42,6.72,6.75,6.7,6.38,6.52,6.3,6.3,6.45,6.42,6.89,6.47,6.5
47083,6.08,6.23,6.72,6.42,6.35,6.18,6.15,5.98,6.18,6.47,6.94,6.65,6.42,6.72,6.75,6.7,6.38,6.52,6.3,6.3,6.45,6.42,6.89,6.47,6.5
47085,6.08,6.23,6.72,6.42,6.35,6.18,6.15,5.98,6.18,6.47,6.94,6.65,6.42,6.72,6.75,6.7,6.38,6.52,6.3,6.3,6.45,6.42,6.89,6.47,6.5
47087,6.08,6.23,6.72,6.42,6.35,6.18,6.15,5.98,6.18,6.47,6.94,6.65,6.42,6.72,6.75,6.7,6.38,6.52,6.3,6.3,6.45,6.42,6.89,6.47,6.5
47089,6.08,6.23,6.72,6.42,6.35,6.18,6.15,5.98,6.18,6.47,6.94,6.65,6.42,6.72,6.75,6.7,6.38,6.52,6.3,6.3,6.45,6.42,6.89,6.47,6.5
47091,6.08,6.23,6.72,6.42,6.35,6.18,6.15,5.98,6.18,6.47,6.94,6.65,6.42,6.72,6.75,6.7,6.38,6.52,6.3,6.3,6.45,6.42,6.89,6.47,6.5
47093,6.08,6.23,6.72,6.42,6.35,6.18,6.15,5.98,6.18,6.47,6.94,6.65,6.42,6.72,6.75,6.7,6.38,6.52,6.3,6.3,6.45,6.42,6.89,6.47,6.5
47095,6.08,6.23,6.72,6.42,6.35,6.18,6.15,5.98,6.18,6.47,6.94,6.65,6.42,6.72,6.75,6.7,6.38,6.52,6.3,6.3,6.45,6.42,6.89,6.47,6.5
47097,6.08,6.23,6.72,6.42,6.35,6.18,6.15,5.98,6.18,6.47,6.94,6.65,6.42,6.72,6.75,6.7,6.38,6.52,6.3,6.3,6.45,6.42,6.89,6.47,6.5
47099,6.08,6.23,6.72,6.42,6.35,6.18,6.15,5.98,6.18,6.47,6.94,6.65,6.42,6.72,6.75,6.7,6.38,6.52,6.3,6.3,6.45,6.42,6.89,6.47,6.5
47101,6.08,6.23,6.72,6.42,6.35,6.18,6.15,5.98,6.18,6.47,6.94,6.65,6.42,6.72,6.75,6.7,6.38,6.52,6.3,6.3,6.45,6.42,6.89,6.47,6.5
47103,6.08,6.23,6.72,6.42,6.35,6.18,6.15,5.98,6.18,6.47,6.94,6.65,6.42,6.72,6.75,6.7,6.38,6.52,6.3,6.3,6.45,6.42,6.89,6.47,6.5
47105,6.08,6.23,6.72,6.42,6.35,6.18,6.15,5.98,6.18,6.47,6.94,6.65,6.42,6.72,6.75,6.7,6.38,6.52,6.3,6.3,6.45,6.42,6.89,6.47,6.5
47107,6.08,6.23,6.72,6.42,6.35,6.18,6.15,5.98,6.18,6.47,6.94,6.65,6.42,6.72,6.75,6.7,6.38,6.52,6.3,6.3,6.45,6.42,6.89,6.47,6.5
47109,6.08,6.23,6.72,6.42,6.35,6.18,6.15,5.98,6.18,6.47,6.94,6.65,6.42,6.72,6.75,6.7,6.38,6.52,6.3,6.3,6.45,6.42,6.89,6.47,6.5
47111,6.08,6.23,6.72,6.42,6.35,6.18,6.15,5.98,6.18,6.47,6.94,6.65,6.42,6.72,6.75,6.7,6.38,6.52,6.3,6.3,6.45,6.42,6.89,6.47,6.5
47113,6.08,6.23,6.72,6.42,6.35,6.18,6.15,5.98,6.18,6.47,6.94,6.65,6.42,6.72,6.75,6.7,6.38,6.52,6.3,6.3,6.45,6.42,6.89,6.47,6.5
47115,6.08,6.23,6.72,6.42,6.35,6.18,6.15,5.98,6.18,6.47,6.94,6.65,6.42,6.72,6.75,6.7,6.38,6.52,6.3,6.3,6.45,6.42,6.89,6.47,6.5
47117,6.08,6.23,6.72,6.42,6.35,6.18,6.15,5.98,6.18,6.47,6.94,6.65,6.42,6.72,6.75,6.7,6.38,6.52,6.3,6.3,6.45,6.42,6.89,6.47,6.5
47119,6.08,6.23,6.72,6.42,6.35,6.18,6.15,5.98,6.18,6.47,6.94,6.65,6.42,6.72,6.75,6.7,6.38,6.52,6.3,6.3,6.45,6.42,6.89,6.47,6.5
47121,6.08,6.23,6.72,6.42,6.35,6.18,6.15,5.98,6.18,6.47,6.94,6.65,6.42,6.72,6.75,6.7,6.38,6.52,6.3,6.3,6.45,6.42,6.89,6.47,6.5
47123,6.08,6.23,6.72,6.42,6.35,6.18,6.15,5.98,6.18,6.47,6.94,6.65,6.42,6.72,6.75,6.7,6.38,6.52,6.3,6.3,6.45,6.42,6.89,6.47,6.5
47125,6.08,6.23,6.72,6.42,6.35,6.18,6.15,5.98,6.18,6.47,6.94,6.65,6.42,6.72,6.75,6.7,6.38,6.52,6.3,6.3,6.45,6.42,6.89,6.47,6.5
47127,6.08,6.23,6.72,6.42,6.35,6.18,6.15,5.98,6.18,6.47,6.94,6.65,6.42,6.72,6.75,6.7,6.38,6.52,6.3,6.3,6.45,6.42,6.89,6.47,6.5
47129,6.08,6.23,6.72,6.42,6.35,6.18,6.15,5.98,6.18,6.47,6.94,6.65,6.42,6.72,6.75,6.7,6.38,6.52,6.3,6.3,6.45,6.42,6.89,6.47,6.5
47131,6.08,6.23,6.72,6.42,6.35,6.18,6.15,5.98,6.18,6.47,6.94,6.65,6.42,6.72,6.75,6.7,6.38,6.52,6.3,6.3,6.45,6.42,6.89,6.47,6.5
47133,6.08,6.23,6.72,6.42,6.35,6.18,6.15,5.98,6.18,6.47,6.94,6.65,6.42,6.72,6.75,6.7,6.38,6.52,6.3,6.3,6.45,6.42,6.89,6.47,6.5
47135,6.08,6.23,6.72,6.42,6.35,6.18,6.15,5.98,6.18,6.47,6.94,6.65,6.42,6.72,6.75,6.7,6.38,6.52,6.3,6.3,6.45,6.42,6.89,6.47,6.5
47137,6.08,6.23,6.72,6.42,6.35,6.18,6.15,5.98,6.18,6.47,6.94,6.65,6.42,6.72,6.75,6.7,6.38,6.52,6.3,6.3,6.45,6.42,6.89,6.47,6.5
47139,6.08,6.23,6.72,6.42,6.35,6.18,6.15,5.98,6.18,6.47,6.94,6.65,6.42,6.72,6.75,6.7,6.38,6.52,6.3,6.3,6.45,6.42,6.89,6.47,6.5
47141,6.08,6.23,6.72,6.42,6.35,6.18,6.15,5.98,6.18,6.47,6.94,6.65,6.42,6.72,6.75,6.7,6.38,6.52,6.3,6.3,6.45,6.42,6.89,6.47,6.5
47143,6.08,6.23,6.72,6.42,6.35,6.18,6.15,5.98,6.18,6.47,6.94,6.65,6.42,6.72,6.75,6.7,6.38,6.52,6.3,6.3,6.45,6.42,6.89,6.47,6.5
47145,6.08,6.23,6.72,6.42,6.35,6.18,6.15,5.98,6.18,6.47,6.94,6.65,6.42,6.72,6.75,6.7,6.38,6.52,6.3,6.3,6.45,6.42,6.89,6.47,6.5
47147,6.08,6.23,6.72,6.42,6.35,6.18,6.15,5.98,6.18,6.47,6.94,6.65,6.42,6.72,6.75,6.7,6.38,6.52,6.3,6.3,6.45,6.42,6.89,6.47,6.5
47149,6.08,6.23,6.72,6.42,6.35,6.18,6.15,5.98,6.18,6.47,6.94,6.65,6.42,6.72,6.75,6.7,6.38,6.52,6.3,6.3,6.45,6.42,6.89,6.47,6.5
47151,6.08,6.23,6.72,6.42,6.35,6.18,6.15,5.98,6.18,6.47,6.94,6.65,6.42,6.72,6.75,6.7,6.38,6.52,6.3,6.3,6.45,6.42,6.89,6.47,6.5
47153,6.08,6.23,6.72,6.42,6.35,6.18,6.15,5.98,6.18,6.47,6.94,6.65,6.42,6.72,6.75,6.7,6.38,6.52,6.3,6.3,6.45,6.42,6.89,6.47,6.5
47155,6.08,6.23,6.72,6.42,6.35,6.18,6.15,5.98,6.18,6.47,6.94,6.65,6.42,6.72,6.75,6.7,6.38,6.52,6.3,6.3,6.45,6.42,6.89,6.47,6.5
47157,6.08,6.23,6.72,6.42,6.35,6.18,6.15,5.98,6.18,6.47,6.94,6.65,6.42,6.72,6.75,6.7,6.38,6.52,6.3,6.3,6.45,6.42,6.89,6.47,6.5
47159,6.08,6.23,6.72,6.42,6.35,6.18,6.15,5.98,6.18,6.47,6.94,6.65,6.42,6.72,6.75,6.7,6.38,6.52,6.3,6.3,6.45,6.42,6.89,6.47,6.5
47161,6.08,6.23,6.72,6.42,6.35,6.18,6.15,5.98,6.18,6.47,6.94,6.65,6.42,6.72,6.75,6.7,6.38,6.52,6.3,6.3,6.45,6.42,6.89,6.47,6.5
47163,6.08,6.23,6.72,6.42,6.35,6.18,6.15,5.98,6.18,6.47,6.94,6.65,6.42,6.72,6.75,6.7,6.38,6.52,6.3,6.3,6.45,6.42,6.89,6.47,6.5
47165,6.08,6.23,6.72,6.42,6.35,6.18,6.15,5.98,6.18,6.47,6.94,6.65,6.42,6.72,6.75,6.7,6.38,6.52,6.3,6.3,6.45,6.42,6.89,6.47,6.5
47167,6.08,6.23,6.72,6.42,6.35,6.18,6.15,5.98,6.18,6.47,6.94,6.65,6.42,6.72,6.75,6.7,6.38,6.52,6.3,6.3,6.45,6.42,6.89,6.47,6.5
47169,6.08,6.23,6.72,6.42,6.35,6.18,6.15,5.98,6.18,6.47,6.94,6.65,6.42,6.72,6.75,6.7,6.38,6.52,6.3,6.3,6.45,6.42,6.89,6.47,6.5
47171,6.08,6.23,6.72,6.42,6.35,6.18,6.15,5.98,6.18,6.47,6.94,6.65,6.42,6.72,6.75,6.7,6.38,6.52,6.3,6.3,6.45,6.42,6.89,6.47,6.5
47173,6.08,6.23,6.72,6.42,6.35,6.18,6.15,5.98,6.18,6.47,6.94,6.65,6.42,6.72,6.75,6.7,6.38,6.52,6.3,6.3,6.45,6.42,6.89,6.47,6.5
47175,6.08,6.23,6.72,6.42,6.35,6.18,6.15,5.98,6.18,6.47,6.94,6.65,6.42,6.72,6.75,6.7,6.38,6.52,6.3,6.3,6.45,6.42,6.89,6.47,6.5
47177,6.08,6.23,6.72,6.42,6.35,6.18,6.15,5.98,6.18,6.47,6.94,6.65,6.42,6.72,6.75,6.7,6.38,6.52,6.3,6.3,6.45,6.42,6.89,6.47,6.5
47179,6.08,6.23,6.72,6.42,6.35,6.18,6.15,5.98,6.18,6.47,6.94,6.65,6.42,6.72,6.75,6.7,6.38,6.52,6.3,6.3,6.45,6.42,6.89,6.47,6.5
47181,6.08,6.23,6.72,6.42,6.35,6.18,6.15,5.98,6.18,6.47,6.94,6.65,6.42,6.72,6.75,6.7,6.38,6.52,6.3,6.3,6.45,6.42,6.89,6.47,6.5
47183,6.08,6.23,6.72,6.42,6.35,6.18,6.15,5.98,6.18,6.47,6.94,6.65,6.42,6.72,6.75,6.7,6.38,6.52,6.3,6.3,6.45,6.42,6.89,6.47,6.5
47185,6.08,6.23,6.72,6.42,6.35,6.18,6.15,5.98,6.18,6.47,6.94,6.65,6.42,6.72,6.75,6.7,6.38,6.52,6.3,6.3,6.45,6.42,6.89,6.47,6.5
47187,6.08,6.23,6.72,6.42,6.35,6.18,6.15,5.98,6.18,6.47,6.94,6.65,6.42,6.72,6.75,6.7,6.38,6.52,6.3,6.3,6.45,6.42,6.89,6.47,6.5
47189,6.08,6.23,6.72,6.42,6.35,6.18,6.15,5.98,6.18,6.47,6.94,6.65,6.42,6.72,6.75,6.7,6.38,6.52,6.3,6.3,6.45,6.42,6.89,6.47,6.5
48001,6.08,6.23,6.72,6.42,6.35,6.18,6.15,5.98,6.18,6.47,6.94,6.65,6.42,6.72,6.75,6.7,6.38,6.52,6.3,6.3,6.45,6.42,6.89,6.47,6.5
48003,6.08,6.23,6.72,6.42,6.35,6.18,6.15,5.98,6.18,6.47,6.94,6.65,6.42,6.72,6.75,6.7,6.38,6.52,6.3,6.3,6.45,6.42,6.89,6.47,6.5
48005,6.08,6.23,6.72,6.42,6.35,6.18,6.15,5.98,6.18,6.47,6.94,6.65,6.42,6.72,6.75,6.7,6.38,6.52,6.3,6.3,6.45,6.42,6.89,6.47,6.5
48007,6.08,6.23,6.72,6.42,6.35,6.18,6.15,5.98,6.18,6.47,6.94,6.65,6.42,6.72,6.75,6.7,6.38,6.52,6.3,6.3,6.45,6.42,6.89,6.47,6.5
48009,6.08,6.23,6.72,6.42,6.35,6.18,6.15,5.98,6.18,6.47,6.94,6.65,6.42,6.72,6.75,6.7,6.38,6.52,6.3,6.3,6.45,6.42,6.89,6.47,6.5
48011,6.08,6.23,6.72,6.42,6.35,6.18,6.15,5.98,6.18,6.47,6.94,6.65,6.42,6.72,6.75,6.7,6.38,6.52,6.3,6.3,6.45,6.42,6.89,6.47,6.5
48013,6.08,6.23,6.72,6.42,6.35,6.18,6.15,5.98,6.18,6.47,6.94,6.65,6.42,6.72,6.75,6.7,6.38,6.52,6.3,6.3,6.45,6.42,6.89,6.47,6.5
48015,6.08,6.23,6.72,6.42,6.35,6.18,6.15,5.98,6.18,6.47,6.94,6.65,6.42,6.72,6.75,6.7,6.38,6.52,6.3,6.3,6.45,6.42,6.89,6.47,6.5
48017,6.08,6.23,6.72,6.42,6.35,6.18,6.15,5.98,6.18,6.47,6.94,6.65,6.42,6.72,6.75,6.7,6.38,6.52,6.3,6.3,6.45,6.42,6.89,6.47,6.5
48019,6.08,6.23,6.72,6.42,6.35,6.18,6.15,5.98,6.18,6.47,6.94,6.65,6.42,6.72,6.75,6.7,6.38,6.52,6.3,6.3,6.45,6.42,6.89,6.47,6.5
48021,6.08,6.23,6.72,6.42,6.35,6.18,6.15,5.98,6.18,6.47,6.94,6.65,6.42,6.72,6.75,6.7,6.38,6.52,6.3,6.3,6.45,6.42,6.89,6.47,6.5
48023,6.08,6.23,6.72,6.42,6.35,6.18,6.15,5.98,6.18,6.47,6.94,6.65,6.42,6.72,6.75,6.7,6.38,6.52,6.3,6.3,6.45,6.42,6.89,6.47,6.5
48025,6.08,6.23,6.72,6.42,6.35,6.18,6.15,5.98,6.18,6.47,6.94,6.65,6.42,6.72,6.75,6.7,6.38,6.52,6.3,6.3,6.45,6.42,6.89,6.47,6.5
48027,6.08,6.23,6.72,6.42,6.35,6.18,6.15,5.98,6.18,6.47,6.94,6.65,6.42,6.72,6.75,6.7,6.38,6.52,6.3,6.3,6.45,6.42,6.89,6.47,6.5
48029,6.08,6.23,6.72,6.42,6.35,6.18,6.15,5.98,6.18,6.47,6.94,6.65,6.42,6.72,6.75,6.7,6.38,6.52,6.3,6.3,6.45,6.42,6.89,6.47,6.5
48031,6.08,6.23,6.72,6.42,6.35,6.18,6.15,5.98,6.18,6.47,6.94,6.65,6.42,6.72,6.75,6.7,6.38,6.52,6.3,6.3,6.45,6.42,6.89,6.47,6.5
48033,6.08,6.23,6.72,6.42,6.35,6.18,6.15,5.98,6.18,6.47,6.94,6.65,6.42,6.72,6.75,6.7,6.38,6.52,6.3,6.3,6.45,6.42,6.89,6.47,6.5
48035,6.08,6.23,6.72,6.42,6.35,6.18,6.15,5.98,6.18,6.47,6.94,6.65,6.42,6.72,6.75,6.7,6.38,6.52,6.3,6.3,6.45,6.42,6.89,6.47,6.5
48037,6.08,6.23,6.72,6.42,6.35,6.18,6.15,5.98,6.18,6.47,6.94,6.65,6.42,6.72,6.75,6.7,6.38,6.52,6.3,6.3,6.45,6.42,6.89,6.47,6.5
48039,6.08,6.23,6.72,6.42,6.35,6.18,6.15,5.98,6.18,6.47,6.94,6.65,6.42,6.72,6.75,6.7,6.38,6.52,6.3,6.3,6.45,6.42,6.89,6.47,6.5
48041,6.08,6.23,6.72,6.42,6.35,6.18,6.15,5.98,6.18,6.47,6.94,6.65,6.42,6.72,6.75,6.7,6.38,6.52,6.3,6.3,6.45,6.42,6.89,6.47,6.5
48043,6.08,6.23,6.72,6.42,6.35,6.18,6.15,5.98,6.18,6.47,6.94,6.65,6.42,6.72,6.75,6.7,6.38,6.52,6.3,6.3,6.45,6.42,6.89,6.47,6.5
48045,6.08,6.23,6.72,6.42,6.35,6.18,6.15,5.98,6.18,6.47,6.94,6.65,6.42,6.72,6.75,6.7,6.38,6.52,6.3,6.3,6.45,6.42,6.89,6.47,6.5
48047,6.08,6.23,6.72,6.42,6.35,6.18,6.15,5.98,6.18,6.47,6.94,6.65,6.42,6.72,6.75,6.7,6.38,6.52,6.3,6.3,6.45,6.42,6.89,6.47,6.5
48049,6.08,6.23,6.72,6.42,6.35,6.18,6.15,5.98,6.18,6.47,6.94,6.65,6.42,6.72,6.75,6.7,6.38,6.52,6.3,6.3,6.45,6.42,6.89,6.47,6.5
48051,6.08,6.23,6.72,6.42,6.35,6.18,6.15,5.98,6.18,6.47,6.94,6.65,6.42,6.72,6.75,6.7,6.38,6.52,6.3,6.3,6.45,6.42,6.89,6.47,6.5
48053,6.08,6.23,6.72,6.42,6.35,6.18,6.15,5.98,6.18,6.47,6.94,6.65,6.42,6.72,6.75,6.7,6.38,6.52,6.3,6.3,6.45,6.42,6.89,6.47,6.5
48055,6.08,6.23,6.72,6.42,6.35,6.18,6.15,5.98,6.18,6.47,6.94,6.65,6.42,6.72,6.75,6.7,6.38,6.52,6.3,6.3,6.45,6.42,6.89,6.47,6.5
48057,6.08,6.23,6.72,6.42,6.35,6.18,6.15,5.98,6.18,6.47,6.94,6.65,6.42,6.72,6.75,6.7,6.38,6.52,6.3,6.3,6.45,6.42,6.89,6.47,6.5
48059,6.08,6.23,6.72,6.42,6.35,6.18,6.15,5.98,6.18,6.47,6.94,6.65,6.42,6.72,6.75,6.7,6.38,6.52,6.3,6.3,6.45,6.42,6.89,6.47,6.5
48061,6.08,6.23,6.72,6.42,6.35,6.18,6.15,5.98,6.18,6.47,6.94,6.65,6.42,6.72,6.75,6.7,6.38,6.52,6.3,6.3,6.45,6.42,6.89,6.47,6.5
48063,6.08,6.23,6.72,6.42,6.35,6.18,6.15,5.98,6.18,6.47,6.94,6.65,6.42,6.72,6.75,6.7,6.38,6.52,6.3,6.3,6.45,6.42,6.89,6.47,6.5
48065,6.08,6.23,6.72,6.42,6.35,6.18,6.15,5.98,6.18,6.47,6.94,6.65,6.42,6.72,6.75,6.7,6.38,6.52,6.3,6.3,6.45,6.42,6.89,6.47,6.5
48067,6.08,6.23,6.72,6.42,6.35,6.18,6.15,5.98,6.18,6.47,6.94,6.65,6.42,6.72,6.75,6.7,6.38,6.52,6.3,6.3,6.45,6.42,6.89,6.47,6.5
48069,6.08,6.23,6.72,6.42,6.35,6.18,6.15,5.98,6.18,6.47,6.94,6.65,6.42,6.72,6.75,6.7,6.38,6.52,6.3,6.3,6.45,6.42,6.89,6.47,6.5
48071,6.08,6.23,6.72,6.42,6.35,6.18,6.15,5.98,6.18,6.47,6.94,6.65,6.42,6.72,6.75,6.7,6.38,6.52,6.3,6.3,6.45,6.42,6.89,6.47,6.5
48073,6.08,6.23,6.72,6.42,6.35,6.18,6.15,5.98,6.18,6.47,6.94,6.65,6.42,6.72,6.75,6.7,6.38,6.52,6.3,6.3,6.45,6.42,6.89,6.47,6.5
48075,6.08,6.23,6.72,6.42,6.35,6.18,6.15,5.98,6.18,6.47,6.94,6.65,6.42,6.72,6.75,6.7,6.38,6.52,6.3,6.3,6.45,6.42,6.89,6.47,6.5
48077,6.08,6.23,6.72,6.42,6.35,6.18,6.15,5.98,6.18,6.47,6.94,6.65,6.42,6.72,6.75,6.7,6.38,6.52,6.3,6.3,6.45,6.42,6.89,6.47,6.5
48079,6.08,6.23,6.72,6.42,6.35,6.18,6.15,5.98,6.18,6.47,6.94,6.65,6.42,6.72,6.75,6.7,6.38,6.52,6.3,6.3,6.45,6.42,6.89,6.47,6.5
48081,6.08,6.23,6.72,6.42,6.35,6.18,6.15,5.98,6.18,6.47,6.94,6.65,6.42,6.72,6.75,6.7,6.38,6.52,6.3,6.3,6.45,6.42,6.89,6.47,6.5
48083,6.08,6.23,6.72,6.42,6.35,6.18,6.15,5.98,6.18,6.47,6.94,6.65,6.42,6.72,6.75,6.7,6.38,6.52,6.3,6.3,6.45,6.42,6.89,6.47,6.5
48085,6.08,6.23,6.72,6.42,6.35,6.18,6.15,5.98,6.18,6.47,6.94,6.65,6.42,6.72,6.75,6.7,6.38,6.52,6.3,6.3,6.45,6.42,6.89,6.47,6.5
48087,6.08,6.23,6.72,6.42,6.35,6.18,6.15,5.98,6.18,6.47,6.94,6.65,6.42,6.72,6.75,6.7,6.38,6.52,6.3,6.3,6.45,6.42,6.89,6.47,6.5
48089,6.08,6.23,6.72,6.42,6.35,6.18,6.15,5.98,6.18,6.47,6.94,6.65,6.42,6.72,6.75,6.7,6.38,6.52,6.3,6.3,6.45,6.42,6.89,6.47,6.5
48091,6.08,6.23,6.72,6.42,6.35,6.18,6.15,5.98,6.18,6.47,6.94,6.65,6.42,6.72,6.75,6.7,6.38,6.52,6.3,6.3,6.45,6.42,6.89,6.47,6.5
48093,6.08,6.23,6.72,6.42,6.35,6.18,6.15,5.98,6.18,6.47,6.94,6.65,6.42,6.72,6.75,6.7,6.38,6.52,6.3,6.3,6.45,6.42,6.89,6.47,6.5
48095,6.08,6.23,6.72,6.42,6.35,6.18,6.15,5.98,6.18,6.47,6.94,6.65,6.42,6.72,6.75,6.7,6.38,6.52,6.3,6.3,6.45,6.42,6.89,6.47,6.5
48097,6.08,6.23,6.72,6.42,6.35,6.18,6.15,5.98,6.18,6.47,6.94,6.65,6.42,6.72,6.75,6.7,6.38,6.52,6.3,6.3,6.45,6.42,6.89,6.47,6.5
48099,6.08,6.23,6.72,6.42,6.35,6.18,6.15,5.98,6.18,6.47,6.94,6.65,6.42,6.72,6.75,6.7,6.38,6.52,6.3,6.3,6.45,6.42,6.89,6.47,6.5
48101,6.08,6.23,6.72,6.42,6.35,6.18,6.15,5.98,6.18,6.47,6.94,6.65,6.42,6.72,6.75,6.7,6.38,6.52,6.3,6.3,6.45,6.42,6.89,6.47,6.5
48103,6.08,6.23,6.72,6.42,6.35,6.18,6.15,5.98,6.18,6.47,6.94,6.65,6.42,6.72,6.75,6.7,6.38,6.52,6.3,6.3,6.45,6.42,6.89,6.47,6.5
48105,6.08,6.23,6.72,6.42,6.35,6.18,6.15,5.98,6.18,6.47,6.94,6.65,6.42,6.72,6.75,6.7,6.38,6.52,6.3,6.3,6.45,6.42,6.89,6.47,6.5
48107,6.08,6.23,6.72,6.42,6.35,6.18,6.15,5.98,6.18,6.47,6.94,6.65,6.42,6.72,6.75,6.7,6.38,6.52,6.3,6.3,6.45,6.42,6.89,6.47,6.5
48109,6.08,6.23,6.72,6.42,6.35,6.18,6.15,5.98,6.18,6.47,6.94,6.65,6.42,6.72,6.75,6.7,6.38,6.52,6.3,6.3,6.45,6.42,6.89,6.47,6.5
48111,6.08,6.23,6.72,6.42,6.35,6.18,6.15,5.98,6.18,6.47,6.94,6.65,6.42,6.72,6.75,6.7,6.38,6.52,6.3,6.3,6.45,6.42,6.89,6.47,6.5
48113,6.08,6.23,6.72,6.42,6.35,6.18,6.15,5.98,6.18,6.47,6.94,6.65,6.42,6.72,6.75,6.7,6.38,6.52,6.3,6.3,6.45,6.42,6.89,6.47,6.5
48115,6.08,6.23,6.72,6.42,6.35,6.18,6.15,5.98,6.18,6.47,6.94,6.65,6.42,6.72,6.75,6.7,6.38,6.52,6.3,6.3,6.45,6.42,6.89,6.47,6.5
48117,6.08,6.23,6.72,6.42,6.35,6.18,6.15,5.98,6.18,6.47,6.94,6.65,6.42,6.72,6.75,6.7,6.38,6.52,6.3,6.3,6.45,6.42,6.89,6.47,6.5
48119,6.08,6.23,6.72,6.42,6.35,6.18,6.15,5.98,6.18,6.47,6.94,6.65,6.42,6.72,6.75,6.7,6.38,6.52,6.3,6.3,6.45,6.42,6.89,6.47,6.5
48121,6.08,6.23,6.72,6.42,6.35,6.18,6.15,5.98,6.18,6.47,6.94,6.65,6.42,6.72,6.75,6.7,6.38,6.52,6.3,6.3,6.45,6.42,6.89,6.47,6.5
48123,6.08,6.23,6.72,6.42,6.35,6.18,6.15,5.98,6.18,6.47,6.94,6.65,6.42,6.72,6.75,6.7,6.38,6.52,6.3,6.3,6.45,6.42,6.89,6.47,6.5
48125,6.08,6.23,6.72,6.42,6.35,6.18,6.15,5.98,6.18,6.47,6.94,6.65,6.42,6.72,6.75,6.7,6.38,6.52,6.3,6.3,6.45,6.42,6.89,6.47,6.5
48127,6.08,6.23,6.72,6.42,6.35,6.18,6.15,5.98,6.18,6.47,6.94,6.65,6.42,6.72,6.75,6.7,6.38,6.52,6.3,6.3,6.45,6.42,6.89,6.47,6.5
48129,6.08,6.23,6.72,6.42,6.35,6.18,6.15,5.98,6.18,6.47,6.94,6.65,6.42,6.72,6.75,6.7,6.38,6.52,6.3,6.3,6.45,6.42,6.89,6.47,6.5
48131,6.08,6.23,6.72,6.42,6.35,6.18,6.15,5.98,6.18,6.47,6.94,6.65,6.42,6.72,6.75,6.7,6.38,6.52,6.3,6.3,6.45,6.42,6.89,6.47,6.5
48133,6.08,6.23,6.72,6.42,6.35,6.18,6.15,5.98,6.18,6.47,6.94,6.65,6.42,6.72,6.75,6.7,6.38,6.52,6.3,6.3,6.45,6.42,6.89,6.47,6.5
48135,6.08,6.23,6.72,6.42,6.35,6.18,6.15,5.98,6.18,6.47,6.94,6.65,6.42,6.72,6.75,6.7,6.38,6.52,6.3,6.3,6.45,6.42,6.89,6.47,6.5
48137,6.08,6.23,6.72,6.42,6.35,6.18,6.15,5.98,6.18,6.47,6.94,6.65,6.42,6.72,6.75,6.7,6.38,6.52,6.3,6.3,6.45,6.42,6.89,6.47,6.5
48139,6.08,6.23,6.72,6.42,6.35,6.18,6.15,5.98,6.18,6.47,6.94,6.65,6.42,6.72,6.75,6.7,6.38,6.52,6.3,6.3,6.45,6.42,6.89,6.47,6.5
48141,6.08,6.23,6.72,6.42,6.35,6.18,6.15,5.98,6.18,6.47,6.94,6.65,6.42,6.72,6.75,6.7,6.38,6.52,6.3,6.3,6.45,6.42,6.89,6.47,6.5
48143,6.08,6.23,6.72,6.42,6.35,6.18,6.15,5.98,6.18,6.47,6.94,6.65,6.42,6.72,6.75,6.7,6.38,6.52,6.3,6.3,6.45,6.42,6.89,6.47,6.5
48145,6.08,6.23,6.72,6.42,6.35,6.18,6.15,5.98,6.18,6.47,6.94,6.65,6.42,6.72,6.75,6.7,6.38,6.52,6.3,6.3,6.45,6.42,6.89,6.47,6.5
48147,6.08,6.23,6.72,6.42,6.35,6.18,6.15,5.98,6.18,6.47,6.94,6.65,6.42,6.72,6.75,6.7,6.38,6.52,6.3,6.3,6.45,6.42,6.89,6.47,6.5
48149,6.08,6.23,6.72,6.42,6.35,6.18,6.15,5.98,6.18,6.47,6.94,6.65,6.42,6.72,6.75,6.7,6.38,6.52,6.3,6.3,6.45,6.42,6.89,6.47,6.5
48151,6.08,6.23,6.72,6.42,6.35,6.18,6.15,5.98,6.18,6.47,6.94,6.65,6.42,6.72,6.75,6.7,6.38,6.52,6.3,6.3,6.45,6.42,6.89,6.47,6.5
48153,6.08,6.23,6.72,6.42,6.35,6.18,6.15,5.98,6.18,6.47,6.94,6.65,6.42,6.72,6.75,6.7,6.38,6.52,6.3,6.3,6.45,6.42,6.89,6.47,6.5
48155,6.08,6.23,6.72,6.42,6.35,6.18,6.15,5.98,6.18,6.47,6.94,6.65,6.42,6.72,6.75,6.7,6.38,6.52,6.3,6.3,6.45,6.42,6.89,6.47,6.5
48157,6.08,6.23,6.72,6.42,6.35,6.18,6.15,5.98,6.18,6.47,6.94,6.65,6.42,6.72,6.75,6.7,6.38,6.52,6.3,6.3,6.45,6.42,6.89,6.47,6.5
48159,6.08,6.23,6.72,6.42,6.35,6.18,6.15,5.98,6.18,6.47,6.94,6.65,6.42,6.72,6.75,6.7,6.38,6.52,6.3,6.3,6.45,6.42,6.89,6.47,6.5
48161,6.08,6.23,6.72,6.42,6.35,6.18,6.15,5.98,6.18,6.47,6.94,6.65,6.42,6.72,6.75,6.7,6.38,6.52,6.3,6.3,6.45,6.42,6.89,6.47,6.5
48163,6.08,6.23,6.72,6.42,6.35,6.18,6.15,5.98,6.18,6.47,6.94,6.65,6.42,6.72,6.75,6.7,6.38,6.52,6.3,6.3,6.45,6.42,6.89,6.47,6.5
48165,6.08,6.23,6.72,6.42,6.35,6.18,6.15,5.98,6.18,6.47,6.94,6.65,6.42,6.72,6.75,6.7,6.38,6.52,6.3,6.3,6.45,6.42,6.89,6.47,6.5
48167,6.08,6.23,6.72,6.42,6.35,6.18,6.15,5.98,6.18,6.47,6.94,6.65,6.42,6.72,6.75,6.7,6.38,6.52,6.3,6.3,6.45,6.42,6.89,6.47,6.5
48169,6.08,6.23,6.72,6.42,6.35,6.18,6.15,5.98,6.18,6.47,6.94,6.65,6.42,6.72,6.75,6.7,6.38,6.52,6.3,6.3,6.45,6.42,6.89,6.47,6.5
48171,6.08,6.23,6.72,6.42,6.35,6.18,6.15,5.98,6.18,6.47,6.94,6.65,6.42,6.72,6.75,6.7,6.38,6.52,6.3,6.3,6.45,6.42,6.89,6.47,6.5
48173,6.08,6.23,6.72,6.42,6.35,6.18,6.15,5.98,6.18,6.47,6.94,6.65,6.42,6.72,6.75,6.7,6.38,6.52,6.3,6.3,6.45,6.42,6.89,6.47,6.5
48175,6.08,6.23,6.72,6.42,6.35,6.18,6.15,5.98,6.18,6.47,6.94,6.65,6.42,6.72,6.75,6.7,6.38,6.52,6.3,6.3,6.45,6.42,6.89,6.47,6.5
48177,6.08,6.23,6.72,6.42,6.35,6.18,6.15,5.98,6.18,6.47,6.94,6.65,6.42,6.72,6.75,6.7,6.38,6.52,6.3,6.3,6.45,6.42,6.89,6.47,6.5
48179,6.08,6.23,6.72,6.42,6.35,6.18,6.15,5.98,6.18,6.47,6.94,6.65,6.42,6.72,6.75,6.7,6.38,6.52,6.3,6.3,6.45,6.42,6.89,6.47,6.5
48181,6.08,6.23,6.72,6.42,6.35,6.18,6.15,5.98,6.18,6.47,6.94,6.65,6.42,6.72,6.75,6.7,6.38,6.52,6.3,6.3,6.45,6.42,6.89,6.47,6.5
48183,6.08,6.23,6.72,6.42,6.35,6.18,6.15,5.98,6.18,6.47,6.94,6.65,6.42,6.72,6.75,6.7,6.38,6.52,6.3,6.3,6.45,6.42,6.89,6.47,6.5
48185,6.08,6.23,6.72,6.42,6.35,6.18,6.15,5.98,6.18,6.47,6.94,6.65,6.42,6.72,6.75,6.7,6.38,6.52,6.3,6.3,6.45,6.42,6.89,6.47,6.5
48187,6.08,6.23,6.72,6.42,6.35,6.18,6.15,5.98,6.18,6.47,6.94,6.65,6.42,6.72,6.75,6.7,6.38,6.52,6.3,6.3,6.45,6.42,6.89,6.47,6.5
48189,6.08,6.23,6.72,6.42,6.35,6.18,6.15,5.98,6.18,6.47,6.94,6.65,6.42,6.72,6.75,6.7,6.38,6.52,6.3,6.3,6.45,6.42,6.89,6.47,6.5
48191,6.08,6.23,6.72,6.42,6.35,6.18,6.15,5.98,6.18,6.47,6.94,6.65,6.42,6.72,6.75,6.7,6.38,6.52,6.3,6.3,6.45,6.42,6.89,6.47,6.5
48193,6.08,6.23,6.72,6.42,6.35,6.18,6.15,5.98,6.18,6.47,6.94,6.65,6.42,6.72,6.75,6.7,6.38,6.52,6.3,6.3,6.45,6.42,6.89,6.47,6.5
48195,6.08,6.23,6.72,6.42,6.35,6.18,6.15,5.98,6.18,6.47,6.94,6.65,6.42,6.72,6.75,6.7,6.38,6.52,6.3,6.3,6.45,6.42,6.89,6.47,6.5
48197,6.08,6.23,6.72,6.42,6.35,6.18,6.15,5.98,6.18,6.47,6.94,6.65,6.42,6.72,6.75,6.7,6.38,6.52,6.3,6.3,6.45,6.42,6.89,6.47,6.5
48199,6.08,6.23,6.72,6.42,6.35,6.18,6.15,5.98,6.18,6.47,6.94,6.65,6.42,6.72,6.75,6.7,6.38,6.52,6.3,6.3,6.45,6.42,6.89,6.47,6.5
48201,6.08,6.23,6.72,6.42,6.35,6.18,6.15,5.98,6.18,6.47,6.94,6.65,6.42,6.72,6.75,6.7,6.38,6.52,6.3,6.3,6.45,6.42,6.89,6.47,6.5
48203,6.08,6.23,6.72,6.42,6.35,6.18,6.15,5.98,6.18,6.47,6.94,6.65,6.42,6.72,6.75,6.7,6.38,6.52,6.3,6.3,6.45,6.42,6.89,6.47,6.5
48205,6.08,6.23,6.72,6.42,6.35,6.18,6.15,5.98,6.18,6.47,6.94,6.65,6.42,6.72,6.75,6.7,6.38,6.52,6.3,6.3,6.45,6.42,6.89,6.47,6.5
48207,6.08,6.23,6.72,6.42,6.35,6.18,6.15,5.98,6.18,6.47,6.94,6.65,6.42,6.72,6.75,6.7,6.38,6.52,6.3,6.3,6.45,6.42,6.89,6.47,6.5
48209,6.08,6.23,6.72,6.42,6.35,6.18,6.15,5.98,6.18,6.47,6.94,6.65,6.42,6.72,6.75,6.7,6.38,6.52,6.3,6.3,6.45,6.42,6.89,6.47,6.5
48211,6.08,6.23,6.72,6.42,6.35,6.18,6.15,5.98,6.18,6.47,6.94,6.65,6.42,6.72,6.75,6.7,6.38,6.52,6.3,6.3,6.45,6.42,6.89,6.47,6.5
48213,6.08,6.23,6.72,6.42,6.35,6.18,6.15,5.98,6.18,6.47,6.94,6.65,6.42,6.72,6.75,6.7,6.38,6.52,6.3,6.3,6.45,6.42,6.89,6.47,6.5
48215,6.08,6.23,6.72,6.42,6.35,6.18,6.15,5.98,6.18,6.47,6.94,6.65,6.42,6.72,6.75,6.7,6.38,6.52,6.3,6.3,6.45,6.42,6.89,6.47,6.5
48217,6.08,6.23,6.72,6.42,6.35,6.18,6.15,5.98,6.18,6.47,6.94,6.65,6.42,6.72,6.75,6.7,6.38,6.52,6.3,6.3,6.45,6.42,6.89,6.47,6.5
48219,6.08,6.23,6.72,6.42,6.35,6.18,6.15,5.98,6.18,6.47,6.94,6.65,6.42,6.72,6.75,6.7,6.38,6.52,6.3,6.3,6.45,6.42,6.89,6.47,6.5
48221,6.08,6.23,6.72,6.42,6.35,6.18,6.15,5.98,6.18,6.47,6.94,6.65,6.42,6.72,6.75,6.7,6.38,6.52,6.3,6.3,6.45,6.42,6.89,6.47,6.5
48223,6.08,6.23,6.72,6.42,6.35,6.18,6.15,5.98,6.18,6.47,6.94,6.65,6.42,6.72,6.75,6.7,6.38,6.52,6.3,6.3,6.45,6.42,6.89,6.47,6.5
48225,6.08,6.23,6.72,6.42,6.35,6.18,6.15,5.98,6.18,6.47,6.94,6.65,6.42,6.72,6.75,6.7,6.38,6.52,6.3,6.3,6.45,6.42,6.89,6.47,6.5
48227,6.08,6.23,6.72,6.42,6.35,6.18,6.15,5.98,6.18,6.47,6.94,6.65,6.42,6.72,6.75,6.7,6.38,6.52,6.3,6.3,6.45,6.42,6.89,6.47,6.5
48229,6.08,6.23,6.72,6.42,6.35,6.18,6.15,5.98,6.18,6.47,6.94,6.65,6.42,6.72,6.75,6.7,6.38,6.52,6.3,6.3,6.45,6.42,6.89,6.47,6.5
48231,6.08,6.23,6.72,6.42,6.35,6.18,6.15,5.98,6.18,6.47,6.94,6.65,6.42,6.72,6.75,6.7,6.38,6.52,6.3,6.3,6.45,6.42,6.89,6.47,6.5
48233,6.08,6.23,6.72,6.42,6.35,6.18,6.15,5.98,6.18,6.47,6.94,6.65,6.42,6.72,6.75,6.7,6.38,6.52,6.3,6.3,6.45,6.42,6.89,6.47,6.5
48235,6.08,6.23,6.72,6.42,6.35,6.18,6.15,5.98,6.18,6.47,6.94,6.65,6.42,6.72,6.75,6.7,6.38,6.52,6.3,6.3,6.45,6.42,6.89,6.47,6.5
48237,6.08,6.23,6.72,6.42,6.35,6.18,6.15,5.98,6.18,6.47,6.94,6.65,6.42,6.72,6.75,6.7,6.38,6.52,6.3,6.3,6.45,6.42,6.89,6.47,6.5
48239,6.08,6.23,6.72,6.42,6.35,6.18,6.15,5.98,6.18,6.47,6.94,6.65,6.42,6.72,6.75,6.7,6.38,6.52,6.3,6.3,6.45,6.42,6.89,6.47,6.5
48241,6.08,6.23,6.72,6.42,6.35,6.18,6.15,5.98,6.18,6.47,6.94,6.65,6.42,6.72,6.75,6.7,6.38,6.52,6.3,6.3,6.45,6.42,6.89,6.47,6.5
48243,6.08,6.23,6.72,6.42,6.35,6.18,6.15,5.98,6.18,6.47,6.94,6.65,6.42,6.72,6.75,6.7,6.38,6.52,6.3,6.3,6.45,6.42,6.89,6.47,6.5
48245,6.08,6.23,6.72,6.42,6.35,6.18,6.15,5.98,6.18,6.47,6.94,6.65,6.42,6.72,6.75,6.7,6.38,6.52,6.3,6.3,6.45,6.42,6.89,6.47,6.5
48247,6.08,6.23,6.72,6.42,6.35,6.18,6.15,5.98,6.18,6.47,6.94,6.65,6.42,6.72,6.75,6.7,6.38,6.52,6.3,6.3,6.45,6.42,6.89,6.47,6.5
48249,6.08,6.23,6.72,6.42,6.35,6.18,6.15,5.98,6.18,6.47,6.94,6.65,6.42,6.72,6.75,6.7,6.38,6.52,6.3,6.3,6.45,6.42,6.89,6.47,6.5
48251,6.08,6.23,6.72,6.42,6.35,6.18,6.15,5.98,6.18,6.47,6.94,6.65,6.42,6.72,6.75,6.7,6.38,6.52,6.3,6.3,6.45,6.42,6.89,6.47,6.5
48253,6.08,6.23,6.72,6.42,6.35,6.18,6.15,5.98,6.18,6.47,6.94,6.65,6.42,6.72,6.75,6.7,6.38,6.52,6.3,6.3,6.45,6.42,6.89,6.47,6.5
48255,6.08,6.23,6.72,6.42,6.35,6.18,6.15,5.98,6.18,6.47,6.94,6.65,6.42,6.72,6.75,6.7,6.38,6.52,6.3,6.3,6.45,6.42,6.89,6.47,6.5
48257,6.08,6.23,6.72,6.42,6.35,6.18,6.15,5.98,6.18,6.47,6.94,6.65,6.42,6.72,6.75,6.7,6.38,6.52,6.3,6.3,6.45,6.42,6.89,6.47,6.5
48259,6.08,6.23,6.72,6.42,6.35,6.18,6.15,5.98,6.18,6.47,6.94,6.65,6.42,6.72,6.75,6.7,6.38,6.52,6.3,6.3,6.45,6.42,6.89,6.47,6.5
48261,6.08,6.23,6.72,6.42,6.35,6.18,6.15,5.98,6.18,6.47,6.94,6.65,6.42,6.72,6.75,6.7,6.38,6.52,6.3,6.3,6.45,6.42,6.89,6.47,6.5
48263,6.08,6.23,6.72,6.42,6.35,6.18,6.15,5.98,6.18,6.47,6.94,6.65,6.42,6.72,6.75,6.7,6.38,6.52,6.3,6.3,6.45,6.42,6.89,6.47,6.5
48265,6.08,6.23,6.72,6.42,6.35,6.18,6.15,5.98,6.18,6.47,6.94,6.65,6.42,6.72,6.75,6.7,6.38,6.52,6.3,6.3,6.45,6.42,6.89,6.47,6.5
48267,6.08,6.23,6.72,6.42,6.35,6.18,6.15,5.98,6.18,6.47,6.94,6.65,6.42,6.72,6.75,6.7,6.38,6.52,6.3,6.3,6.45,6.42,6.89,6.47,6.5
48269,6.08,6.23,6.72,6.42,6.35,6.18,6.15,5.98,6.18,6.47,6.94,6.65,6.42,6.72,6.75,6.7,6.38,6.52,6.3,6.3,6.45,6.42,6.89,6.47,6.5
48271,6.08,6.23,6.72,6.42,6.35,6.18,6.15,5.98,6.18,6.47,6.94,6.65,6.42,6.72,6.75,6.7,6.38,6.52,6.3,6.3,6.45,6.42,6.89,6.47,6.5
48273,6.08,6.23,6.72,6.42,6.35,6.18,6.15,5.98,6.18,6.47,6.94,6.65,6.42,6.72,6.75,6.7,6.38,6.52,6.3,6.3,6.45,6.42,6.89,6.47,6.5
48275,6.08,6.23,6.72,6.42,6.35,6.18,6.15,5.98,6.18,6.47,6.94,6.65,6.42,6.72,6.75,6.7,6.38,6.52,6.3,6.3,6.45,6.42,6.89,6.47,6.5
48277,6.08,6.23,6.72,6.42,6.35,6.18,6.15,5.98,6.18,6.47,6.94,6.65,6.42,6.72,6.75,6.7,6.38,6.52,6.3,6.3,6.45,6.42,6.89,6.47,6.5
48279,6.08,6.23,6.72,6.42,6.35,6.18,6.15,5.98,6.18,6.47,6.94,6.65,6.42,6.72,6.75,6.7,6.38,6.52,6.3,6.3,6.45,6.42,6.89,6.47,6.5
48281,6.08,6.23,6.72,6.42,6.35,6.18,6.15,5.98,6.18,6.47,6.94,6.65,6.42,6.72,6.75,6.7,6.38,6.52,6.3,6.3,6.45,6.42,6.89,6.47,6.5
48283,6.08,6.23,6.72,6.42,6.35,6.18,6.15,5.98,6.18,6.47,6.94,6.65,6.42,6.72,6.75,6.7,6.38,6.52,6.3,6.3,6.45,6.42,6.89,6.47,6.5
48285,6.08,6.23,6.72,6.42,6.35,6.18,6.15,5.98,6.18,6.47,6.94,6.65,6.42,6.72,6.75,6.7,6.38,6.52,6.3,6.3,6.45,6.42,6.89,6.47,6.5
48287,6.08,6.23,6.72,6.42,6.35,6.18,6.15,5.98,6.18,6.47,6.94,6.65,6.42,6.72,6.75,6.7,6.38,6.52,6.3,6.3,6.45,6.42,6.89,6.47,6.5
48289,6.08,6.23,6.72,6.42,6.35,6.18,6.15,5.98,6.18,6.47,6.94,6.65,6.42,6.72,6.75,6.7,6.38,6.52,6.3,6.3,6.45,6.42,6.89,6.47,6.5
48291,6.08,6.23,6.72,6.42,6.35,6.18,6.15,5.98,6.18,6.47,6.94,6.65,6.42,6.72,6.75,6.7,6.38,6.52,6.3,6.3,6.45,6.42,6.89,6.47,6.5
48293,6.08,6.23,6.72,6.42,6.35,6.18,6.15,5.98,6.18,6.47,6.94,6.65,6.42,6.72,6.75,6.7,6.38,6.52,6.3,6.3,6.45,6.42,6.89,6.47,6.5
48295,6.08,6.23,6.72,6.42,6.35,6.18,6.15,5.98,6.18,6.47,6.94,6.65,6.42,6.72,6.75,6.7,6.38,6.52,6.3,6.3,6.45,6.42,6.89,6.47,6.5
48297,6.08,6.23,6.72,6.42,6.35,6.18,6.15,5.98,6.18,6.47,6.94,6.65,6.42,6.72,6.75,6.7,6.38,6.52,6.3,6.3,6.45,6.42,6.89,6.47,6.5
48299,6.08,6.23,6.72,6.42,6.35,6.18,6.15,5.98,6.18,6.47,6.94,6.65,6.42,6.72,6.75,6.7,6.38,6.52,6.3,6.3,6.45,6.42,6.89,6.47,6.5
48301,6.08,6.23,6.72,6.42,6.35,6.18,6.15,5.98,6.18,6.47,6.94,6.65,6.42,6.72,6.75,6.7,6.38,6.52,6.3,6.3,6.45,6.42,6.89,6.47,6.5
48303,6.08,6.23,6.72,6.42,6.35,6.18,6.15,5.98,6.18,6.47,6.94,6.65,6.42,6.72,6.75,6.7,6.38,6.52,6.3,6.3,6.45,6.42,6.89,6.47,6.5
48305,6.08,6.23,6.72,6.42,6.35,6.18,6.15,5.98,6.18,6.47,6.94,6.65,6.42,6.72,6.75,6.7,6.38,6.52,6.3,6.3,6.45,6.42,6.89,6.47,6.5
48307,6.08,6.23,6.72,6.42,6.35,6.18,6.15,5.98,6.18,6.47,6.94,6.65,6.42,6.72,6.75,6.7,6.38,6.52,6.3,6.3,6.45,6.42,6.89,6.47,6.5
48309,6.08,6.23,6.72,6.42,6.35,6.18,6.15,5.98,6.18,6.47,6.94,6.65,6.42,6.72,6.75,6.7,6.38,6.52,6.3,6.3,6.45,6.42,6.89,6.47,6.5
48311,6.08,6.23,6.72,6.42,6.35,6.18,6.15,5.98,6.18,6.47,6.94,6.65,6.42,6.72,6.75,6.7,6.38,6.52,6.3,6.3,6.45,6.42,6.89,6.47,6.5
48313,6.08,6.23,6.72,6.42,6.35,6.18,6.15,5.98,6.18,6.47,6.94,6.65,6.42,6.72,6.75,6.7,6.38,6.52,6.3,6.3,6.45,6.42,6.89,6.47,6.5
48315,6.08,6.23,6.72,6.42,6.35,6.18,6.15,5.98,6.18,6.47,6.94,6.65,6.42,6.72,6.75,6.7,6.38,6.52,6.3,6.3,6.45,6.42,6.89,6.47,6.5
48317,6.08,6.23,6.72,6.42,6.35,6.18,6.15,5.98,6.18,6.47,6.94,6.65,6.42,6.72,6.75,6.7,6.38,6.52,6.3,6.3,6.45,6.42,6.89,6.47,6.5
48319,6.08,6.23,6.72,6.42,6.35,6.18,6.15,5.98,6.18,6.47,6.94,6.65,6.42,6.72,6.75,6.7,6.38,6.52,6.3,6.3,6.45,6.42,6.89,6.47,6.5
48321,6.08,6.23,6.72,6.42,6.35,6.18,6.15,5.98,6.18,6.47,6.94,6.65,6.42,6.72,6.75,6.7,6.38,6.52,6.3,6.3,6.45,6.42,6.89,6.47,6.5
48323,6.08,6.23,6.72,6.42,6.35,6.18,6.15,5.98,6.18,6.47,6.94,6.65,6.42,6.72,6.75,6.7,6.38,6.52,6.3,6.3,6.45,6.42,6.89,6.47,6.5
48325,6.08,6.23,6.72,6.42,6.35,6.18,6.15,5.98,6.18,6.47,6.94,6.65,6.42,6.72,6.75,6.7,6.38,6.52,6.3,6.3,6.45,6.42,6.89,6.47,6.5
48327,6.08,6.23,6.72,6.42,6.35,6.18,6.15,5.98,6.18,6.47,6.94,6.65,6.42,6.72,6.75,6.7,6.38,6.52,6.3,6.3,6.45,6.42,6.89,6.47,6.5
48329,6.08,6.23,6.72,6.42,6.35,6.18,6.15,5.98,6.18,6.47,6.94,6.65,6.42,6.72,6.75,6.7,6.38,6.52,6.3,6.3,6.45,6.42,6.89,6.47,6.5
48331,6.08,6.23,6.72,6.42,6.35,6.18,6.15,5.98,6.18,6.47,6.94,6.65,6.42,6.72,6.75,6.7,6.38,6.52,6.3,6.3,6.45,6.42,6.89,6.47,6.5
48333,6.08,6.23,6.72,6.42,6.35,6.18,6.15,5.98,6.18,6.47,6.94,6.65,6.42,6.72,6.75,6.7,6.38,6.52,6.3,6.3,6.45,6.42,6.89,6.47,6.5
48335,6.08,6.23,6.72,6.42,6.35,6.18,6.15,5.98,6.18,6.47,6.94,6.65,6.42,6.72,6.75,6.7,6.38,6.52,6.3,6.3,6.45,6.42,6.89,6.47,6.5
48337,6.08,6.23,6.72,6.42,6.35,6.18,6.15,5.98,6.18,6.47,6.94,6.65,6.42,6.72,6.75,6.7,6.38,6.52,6.3,6.3,6.45,6.42,6.89,6.47,6.5
48339,6.08,6.23,6.72,6.42,6.35,6.18,6.15,5.98,6.18,6.47,6.94,6.65,6.42,6.72,6.75,6.7,6.38,6.52,6.3,6.3,6.45,6.42,6.89,6.47,6.5
48341,6.08,6.23,6.72,6.42,6.35,6.18,6.15,5.98,6.18,6.47,6.94,6.65,6.42,6.72,6.75,6.7,6.38,6.52,6.3,6.3,6.45,6.42,6.89,6.47,6.5
48343,6.08,6.23,6.72,6.42,6.35,6.18,6.15,5.98,6.18,6.47,6.94,6.65,6.42,6.72,6.75,6.7,6.38,6.52,6.3,6.3,6.45,6.42,6.89,6.47,6.5
48345,6.08,6.23,6.72,6.42,6.35,6.18,6.15,5.98,6.18,6.47,6.94,6.65,6.42,6.72,6.75,6.7,6.38,6.52,6.3,6.3,6.45,6.42,6.89,6.47,6.5
48347,6.08,6.23,6.72,6.42,6.35,6.18,6.15,5.98,6.18,6.47,6.94,6.65,6.42,6.72,6.75,6.7,6.38,6.52,6.3,6.3,6.45,6.42,6.89,6.47,6.5
48349,6.08,6.23,6.72,6.42,6.35,6.18,6.15,5.98,6.18,6.47,6.94,6.65,6.42,6.72,6.75,6.7,6.38,6.52,6.3,6.3,6.45,6.42,6.89,6.47,6.5
48351,6.08,6.23,6.72,6.42,6.35,6.18,6.15,5.98,6.18,6.47,6.94,6.65,6.42,6.72,6.75,6.7,6.38,6.52,6.3,6.3,6.45,6.42,6.89,6.47,6.5
48353,6.08,6.23,6.72,6.42,6.35,6.18,6.15,5.98,6.18,6.47,6.94,6.65,6.42,6.72,6.75,6.7,6.38,6.52,6.3,6.3,6.45,6.42,6.89,6.47,6.5
48355,6.08,6.23,6.72,6.42,6.35,6.18,6.15,5.98,6.18,6.47,6.94,6.65,6.42,6.72,6.75,6.7,6.38,6.52,6.3,6.3,6.45,6.42,6.89,6.47,6.5
48357,6.08,6.23,6.72,6.42,6.35,6.18,6.15,5.98,6.18,6.47,6.94,6.65,6.42,6.72,6.75,6.7,6.38,6.52,6.3,6.3,6.45,6.42,6.89,6.47,6.5
48359,6.08,6.23,6.72,6.42,6.35,6.18,6.15,5.98,6.18,6.47,6.94,6.65,6.42,6.72,6.75,6.7,6.38,6.52,6.3,6.3,6.45,6.42,6.89,6.47,6.5
48361,6.08,6.23,6.72,6.42,6.35,6.18,6.15,5.98,6.18,6.47,6.94,6.65,6.42,6.72,6.75,6.7,6.38,6.52,6.3,6.3,6.45,6.42,6.89,6.47,6.5
48363,6.08,6.23,6.72,6.42,6.35,6.18,6.15,5.98,6.18,6.47,6.94,6.65,6.42,6.72,6.75,6.7,6.38,6.52,6.3,6.3,6.45,6.42,6.89,6.47,6.5
48365,6.08,6.23,6.72,6.42,6.35,6.18,6.15,5.98,6.18,6.47,6.94,6.65,6.42,6.72,6.75,6.7,6.38,6.52,6.3,6.3,6.45,6.42,6.89,6.47,6.5
48367,6.08,6.23,6.72,6.42,6.35,6.18,6.15,5.98,6.18,6.47,6.94,6.65,6.42,6.72,6.75,6.7,6.38,6.52,6.3,6.3,6.45,6.42,6.89,6.47,6.5
48369,6.08,6.23,6.72,6.42,6.35,6.18,6.15,5.98,6.18,6.47,6.94,6.65,6.42,6.72,6.75,6.7,6.38,6.52,6.3,6.3,6.45,6.42,6.89,6.47,6.5
48371,6.08,6.23,6.72,6.42,6.35,6.18,6.15,5.98,6.18,6.47,6.94,6.65,6.42,6.72,6.75,6.7,6.38,6.52,6.3,6.3,6.45,6.42,6.89,6.47,6.5
48373,6.08,6.23,6.72,6.42,6.35,6.18,6.15,5.98,6.18,6.47,6.94,6.65,6.42,6.72,6.75,6.7,6.38,6.52,6.3,6.3,6.45,6.42,6.89,6.47,6.5
48375,6.08,6.23,6.72,6.42,6.35,6.18,6.15,5.98,6.18,6.47,6.94,6.65,6.42,6.72,6.75,6.7,6.38,6.52,6.3,6.3,6.45,6.42,6.89,6.47,6.5
48377,6.08,6.23,6.72,6.42,6.35,6.18,6.15,5.98,6.18,6.47,6.94,6.65,6.42,6.72,6.75,6.7,6.38,6.52,6.3,6.3,6.45,6.42,6.89,6.47,6.5
48379,6.08,6.23,6.72,6.42,6.35,6.18,6.15,5.98,6.18,6.47,6.94,6.65,6.42,6.72,6.75,6.7,6.38,6.52,6.3,6.3,6.45,6.42,6.89,6.47,6.5
48381,6.08,6.23,6.72,6.42,6.35,6.18,6.15,5.98,6.18,6.47,6.94,6.65,6.42,6.72,6.75,6.7,6.38,6.52,6.3,6.3,6.45,6.42,6.89,6.47,6.5
48383,6.08,6.23,6.72,6.42,6.35,6.18,6.15,5.98,6.18,6.47,6.94,6.65,6.42,6.72,6.75,6.7,6.38,6.52,6.3,6.3,6.45,6.42,6.89,6.47,6.5
48385,6.08,6.23,6.72,6.42,6.35,6.18,6.15,5.98,6.18,6.47,6.94,6.65,6.42,6.72,6.75,6.7,6.38,6.52,6.3,6.3,6.45,6.42,6.89,6.47,6.5
48387,6.08,6.23,6.72,6.42,6.35,6.18,6.15,5.98,6.18,6.47,6.94,6.65,6.42,6.72,6.75,6.7,6.38,6.52,6.3,6.3,6.45,6.42,6.89,6.47,6.5
48389,6.08,6.23,6.72,6.42,6.35,6.18,6.15,5.98,6.18,6.47,6.94,6.65,6.42,6.72,6.75,6.7,6.38,6.52,6.3,6.3,6.45,6.42,6.89,6.47,6.5
48391,6.08,6.23,6.72,6.42,6.35,6.18,6.15,5.98,6.18,6.47,6.94,6.65,6.42,6.72,6.75,6.7,6.38,6.52,6.3,6.3,6.45,6.42,6.89,6.47,6.5
48393,6.08,6.23,6.72,6.42,6.35,6.18,6.15,5.98,6.18,6.47,6.94,6.65,6.42,6.72,6.75,6.7,6.38,6.52,6.3,6.3,6.45,6.42,6.89,6.47,6.5
48395,6.08,6.23,6.72,6.42,6.35,6.18,6.15,5.98,6.18,6.47,6.94,6.65,6.42,6.72,6.75,6.7,6.38,6.52,6.3,6.3,6.45,6.42,6.89,6.47,6.5
48397,6.08,6.23,6.72,6.42,6.35,6.18,6.15,5.98,6.18,6.47,6.94,6.65,6.42,6.72,6.75,6.7,6.38,6.52,6.3,6.3,6.45,6.42,6.89,6.47,6.5
48399,6.08,6.23,6.72,6.42,6.35,6.18,6.15,5.98,6.18,6.47,6.94,6.65,6.42,6.72,6.75,6.7,6.38,6.52,6.3,6.3,6.45,6.42,6.89,6.47,6.5
48401,6.08,6.23,6.72,6.42,6.35,6.18,6.15,5.98,6.18,6.47,6.94,6.65,6.42,6.72,6.75,6.7,6.38,6.52,6.3,6.3,6.45,6.42,6.89,6.47,6.5
48403,6.08,6.23,6.72,6.42,6.35,6.18,6.15,5.98,6.18,6.47,6.94,6.65,6.42,6.72,6.75,6.7,6.38,6.52,6.3,6.3,6.45,6.42,6.89,6.47,6.5
48405,6.08,6.23,6.72,6.42,6.35,6.18,6.15,5.98,6.18,6.47,6.94,6.65,6.42,6.72,6.75,6.7,6.38,6.52,6.3,6.3,6.45,6.42,6.89,6.47,6.5
48407,6.08,6.23,6.72,6.42,6.35,6.18,6.15,5.98,6.18,6.47,6.94,6.65,6.42,6.72,6.75,6.7,6.38,6.52,6.3,6.3,6.45,6.42,6.89,6.47,6.5
48409,6.08,6.23,6.72,6.42,6.35,6.18,6.15,5.98,6.18,6.47,6.94,6.65,6.42,6.72,6.75,6.7,6.38,6.52,6.3,6.3,6.45,6.42,6.89,6.47,6.5
48411,6.08,6.23,6.72,6.42,6.35,6.18,6.15,5.98,6.18,6.47,6.94,6.65,6.42,6.72,6.75,6.7,6.38,6.52,6.3,6.3,6.45,6.42,6.89,6.47,6.5
48413,6.08,6.23,6.72,6.42,6.35,6.18,6.15,5.98,6.18,6.47,6.94,6.65,6.42,6.72,6.75,6.7,6.38,6.52,6.3,6.3,6.45,6.42,6.89,6.47,6.5
48415,6.08,6.23,6.72,6.42,6.35,6.18,6.15,5.98,6.18,6.47,6.94,6.65,6.42,6.72,6.75,6.7,6.38,6.52,6.3,6.3,6.45,6.42,6.89,6.47,6.5
48417,6.08,6.23,6.72,6.42,6.35,6.18,6.15,5.98,6.18,6.47,6.94,6.65,6.42,6.72,6.75,6.7,6.38,6.52,6.3,6.3,6.45,6.42,6.89,6.47,6.5
48419,6.08,6.23,6.72,6.42,6.35,6.18,6.15,5.98,6.18,6.47,6.94,6.65,6.42,6.72,6.75,6.7,6.38,6.52,6.3,6.3,6.45,6.42,6.89,6.47,6.5
48421,6.08,6.23,6.72,6.42,6.35,6.18,6.15,5.98,6.18,6.47,6.94,6.65,6.42,6.72,6.75,6.7,6.38,6.52,6.3,6.3,6.45,6.42,6.89,6.47,6.5
48423,6.08,6.23,6.72,6.42,6.35,6.18,6.15,5.98,6.18,6.47,6.94,6.65,6.42,6.72,6.75,6.7,6.38,6.52,6.3,6.3,6.45,6.42,6.89,6.47,6.5
48425,6.08,6.23,6.72,6.42,6.35,6.18,6.15,5.98,6.18,6.47,6.94,6.65,6.42,6.72,6.75,6.7,6.38,6.52,6.3,6.3,6.45,6.42,6.89,6.47,6.5
48427,6.08,6.23,6.72,6.42,6.35,6.18,6.15,5.98,6.18,6.47,6.94,6.65,6.42,6.72,6.75,6.7,6.38,6.52,6.3,6.3,6.45,6.42,6.89,6.47,6.5
48429,6.08,6.23,6.72,6.42,6.35,6.18,6.15,5.98,6.18,6.47,6.94,6.65,6.42,6.72,6.75,6.7,6.38,6.52,6.3,6.3,6.45,6.42,6.89,6.47,6.5
48431,6.08,6.23,6.72,6.42,6.35,6.18,6.15,5.98,6.18,6.47,6.94,6.65,6.42,6.72,6.75,6.7,6.38,6.52,6.3,6.3,6.45,6.42,6.89,6.47,6.5
48433,6.08,6.23,6.72,6.42,6.35,6.18,6.15,5.98,6.18,6.47,6.94,6.65,6.42,6.72,6.75,6.7,6.38,6.52,6.3,6.3,6.45,6.42,6.89,6.47,6.5
48435,6.08,6.23,6.72,6.42,6.35,6.18,6.15,5.98,6.18,6.47,6.94,6.65,6.42,6.72,6.75,6.7,6.38,6.52,6.3,6.3,6.45,6.42,6.89,6.47,6.5
48437,6.08,6.23,6.72,6.42,6.35,6.18,6.15,5.98,6.18,6.47,6.94,6.65,6.42,6.72,6.75,6.7,6.38,6.52,6.3,6.3,6.45,6.42,6.89,6.47,6.5
48439,6.08,6.23,6.72,6.42,6.35,6.18,6.15,5.98,6.18,6.47,6.94,6.65,6.42,6.72,6.75,6.7,6.38,6.52,6.3,6.3,6.45,6.42,6.89,6.47,6.5
48441,6.08,6.23,6.72,6.42,6.35,6.18,6.15,5.98,6.18,6.47,6.94,6.65,6.42,6.72,6.75,6.7,6.38,6.52,6.3,6.3,6.45,6.42,6.89,6.47,6.5
48443,6.08,6.23,6.72,6.42,6.35,6.18,6.15,5.98,6.18,6.47,6.94,6.65,6.42,6.72,6.75,6.7,6.38,6.52,6.3,6.3,6.45,6.42,6.89,6.47,6.5
48445,6.08,6.23,6.72,6.42,6.35,6.18,6.15,5.98,6.18,6.47,6.94,6.65,6.42,6.72,6.75,6.7,6.38,6.52,6.3,6.3,6.45,6.42,6.89,6.47,6.5
48447,6.08,6.23,6.72,6.42,6.35,6.18,6.15,5.98,6.18,6.47,6.94,6.65,6.42,6.72,6.75,6.7,6.38,6.52,6.3,6.3,6.45,6.42,6.89,6.47,6.5
48449,6.08,6.23,6.72,6.42,6.35,6.18,6.15,5.98,6.18,6.47,6.94,6.65,6.42,6.72,6.75,6.7,6.38,6.52,6.3,6.3,6.45,6.42,6.89,6.47,6.5
48451,6.08,6.23,6.72,6.42,6.35,6.18,6.15,5.98,6.18,6.47,6.94,6.65,6.42,6.72,6.75,6.7,6.38,6.52,6.3,6.3,6.45,6.42,6.89,6.47,6.5
48453,6.08,6.23,6.72,6.42,6.35,6.18,6.15,5.98,6.18,6.47,6.94,6.65,6.42,6.72,6.75,6.7,6.38,6.52,6.3,6.3,6.45,6.42,6.89,6.47,6.5
48455,6.08,6.23,6.72,6.42,6.35,6.18,6.15,5.98,6.18,6.47,6.94,6.65,6.42,6.72,6.75,6.7,6.38,6.52,6.3,6.3,6.45,6.42,6.89,6.47,6.5
48457,6.08,6.23,6.72,6.42,6.35,6.18,6.15,5.98,6.18,6.47,6.94,6.65,6.42,6.72,6.75,6.7,6.38,6.52,6.3,6.3,6.45,6.42,6.89,6.47,6.5
48459,6.08,6.23,6.72,6.42,6.35,6.18,6.15,5.98,6.18,6.47,6.94,6.65,6.42,6.72,6.75,6.7,6.38,6.52,6.3,6.3,6.45,6.42,6.89,6.47,6.5
48461,6.08,6.23,6.72,6.42,6.35,6.18,6.15,5.98,6.18,6.47,6.94,6.65,6.42,6.72,6.75,6.7,6.38,6.52,6.3,6.3,6.45,6.42,6.89,6.47,6.5
48463,6.08,6.23,6.72,6.42,6.35,6.18,6.15,5.98,6.18,6.47,6.94,6.65,6.42,6.72,6.75,6.7,6.38,6.52,6.3,6.3,6.45,6.42,6.89,6.47,6.5
48465,6.08,6.23,6.72,6.42,6.35,6.18,6.15,5.98,6.18,6.47,6.94,6.65,6.42,6.72,6.75,6.7,6.38,6.52,6.3,6.3,6.45,6.42,6.89,6.47,6.5
48467,6.08,6.23,6.72,6.42,6.35,6.18,6.15,5.98,6.18,6.47,6.94,6.65,6.42,6.72,6.75,6.7,6.38,6.52,6.3,6.3,6.45,6.42,6.89,6.47,6.5
48469,6.08,6.23,6.72,6.42,6.35,6.18,6.15,5.98,6.18,6.47,6.94,6.65,6.42,6.72,6.75,6.7,6.38,6.52,6.3,6.3,6.45,6.42,6.89,6.47,6.5
48471,6.08,6.23,6.72,6.42,6.35,6.18,6.15,5.98,6.18,6.47,6.94,6.65,6.42,6.72,6.75,6.7,6.38,6.52,6.3,6.3,6.45,6.42,6.89,6.47,6.5
48473,6.08,6.23,6.72,6.42,6.35,6.18,6.15,5.98,6.18,6.47,6.94,6.65,6.42,6.72,6.75,6.7,6.38,6.52,6.3,6.3,6.45,6.42,6.89,6.47,6.5
48475,6.08,6.23,6.72,6.42,6.35,6.18,6.15,5.98,6.18,6.47,6.94,6.65,6.42,6.72,6.75,6.7,6.38,6.52,6.3,6.3,6.45,6.42,6.89,6.47,6.5
48477,6.08,6.23,6.72,6.42,6.35,6.18,6.15,5.98,6.18,6.47,6.94,6.65,6.42,6.72,6.75,6.7,6.38,6.52,6.3,6.3,6.45,6.42,6.89,6.47,6.5
48479,6.08,6.23,6.72,6.42,6.35,6.18,6.15,5.98,6.18,6.47,6.94,6.65,6.42,6.72,6.75,6.7,6.38,6.52,6.3,6.3,6.45,6.42,6.89,6.47,6.5
48481,6.08,6.23,6.72,6.42,6.35,6.18,6.15,5.98,6.18,6.47,6.94,6.65,6.42,6.72,6.75,6.7,6.38,6.52,6.3,6.3,6.45,6.42,6.89,6.47,6.5
48483,6.08,6.23,6.72,6.42,6.35,6.18,6.15,5.98,6.18,6.47,6.94,6.65,6.42,6.72,6.75,6.7,6.38,6.52,6.3,6.3,6.45,6.42,6.89,6.47,6.5
48485,6.08,6.23,6.72,6.42,6.35,6.18,6.15,5.98,6.18,6.47,6.94,6.65,6.42,6.72,6.75,6.7,6.38,6.52,6.3,6.3,6.45,6.42,6.89,6.47,6.5
48487,6.08,6.23,6.72,6.42,6.35,6.18,6.15,5.98,6.18,6.47,6.94,6.65,6.42,6.72,6.75,6.7,6.38,6.52,6.3,6.3,6.45,6.42,6.89,6.47,6.5
48489,6.08,6.23,6.72,6.42,6.35,6.18,6.15,5.98,6.18,6.47,6.94,6.65,6.42,6.72,6.75,6.7,6.38,6.52,6.3,6.3,6.45,6.42,6.89,6.47,6.5
48491,6.08,6.23,6.72,6.42,6.35,6.18,6.15,5.98,6.18,6.47,6.94,6.65,6.42,6.72,6.75,6.7,6.38,6.52,6.3,6.3,6.45,6.42,6.89,6.47,6.5
48493,6.08,6.23,6.72,6.42,6.35,6.18,6.15,5.98,6.18,6.47,6.94,6.65,6.42,6.72,6.75,6.7,6.38,6.52,6.3,6.3,6.45,6.42,6.89,6.47,6.5
48495,6.08,6.23,6.72,6.42,6.35,6.18,6.15,5.98,6.18,6.47,6.94,6.65,6.42,6.72,6.75,6.7,6.38,6.52,6.3,6.3,6.45,6.42,6.89,6.47,6.5
48497,6.08,6.23,6.72,6.42,6.35,6.18,6.15,5.98,6.18,6.47,6.94,6.65,6.42,6.72,6.75,6.7,6.38,6.52,6.3,6.3,6.45,6.42,6.89,6.47,6.5
48499,6.08,6.23,6.72,6.42,6.35,6.18,6.15,5.98,6.18,6.47,6.94,6.65,6.42,6.72,6.75,6.7,6.38,6.52,6.3,6.3,6.45,6.42,6.89,6.47,6.5
48501,6.08,6.23,6.72,6.42,6.35,6.18,6.15,5.98,6.18,6.47,6.94,6.65,6.42,6.72,6.75,6.7,6.38,6.52,6.3,6.3,6.45,6.42,6.89,6.47,6.5
48503,6.08,6.23,6.72,6.42,6.35,6.18,6.15,5.98,6.18,6.47,6.94,6.65,6.42,6.72,6.75,6.7,6.38,6.52,6.3,6.3,6.45,6.42,6.89,6.47,6.5
48505,6.08,6.23,6.72,6.42,6.35,6.18,6.15,5.98,6.18,6.47,6.94,6.65,6.42,6.72,6.75,6.7,6.38,6.52,6.3,6.3,6.45,6.42,6.89,6.47,6.5
48507,6.08,6.23,6.72,6.42,6.35,6.18,6.15,5.98,6.18,6.47,6.94,6.65,6.42,6.72,6.75,6.7,6.38,6.52,6.3,6.3,6.45,6.42,6.89,6.47,6.5
49001,6.08,6.23,6.72,6.42,6.35,6.18,6.15,5.98,6.18,6.47,6.94,6.65,6.42,6.72,6.75,6.7,6.38,6.52,6.3,6.3,6.45,6.42,6.89,6.47,6.5
49003,6.08,6.23,6.72,6.42,6.35,6.18,6.15,5.98,6.18,6.47,6.94,6.65,6.42,6.72,6.75,6.7,6.38,6.52,6.3,6.3,6.45,6.42,6.89,6.47,6.5
49005,6.08,6.23,6.72,6.42,6.35,6.18,6.15,5.98,6.18,6.47,6.94,6.65,6.42,6.72,6.75,6.7,6.38,6.52,6.3,6.3,6.45,6.42,6.89,6.47,6.5
49007,6.08,6.23,6.72,6.42,6.35,6.18,6.15,5.98,6.18,6.47,6.94,6.65,6.42,6.72,6.75,6.7,6.38,6.52,6.3,6.3,6.45,6.42,6.89,6.47,6.5
49009,6.08,6.23,6.72,6.42,6.35,6.18,6.15,5.98,6.18,6.47,6.94,6.65,6.42,6.72,6.75,6.7,6.38,6.52,6.3,6.3,6.45,6.42,6.89,6.47,6.5
49011,6.08,6.23,6.72,6.42,6.35,6.18,6.15,5.98,6.18,6.47,6.94,6.65,6.42,6.72,6.75,6.7,6.38,6.52,6.3,6.3,6.45,6.42,6.89,6.47,6.5
49013,6.08,6.23,6.72,6.42,6.35,6.18,6.15,5.98,6.18,6.47,6.94,6.65,6.42,6.72,6.75,6.7,6.38,6.52,6.3,6.3,6.45,6.42,6.89,6.47,6.5
49015,6.08,6.23,6.72,6.42,6.35,6.18,6.15,5.98,6.18,6.47,6.94,6.65,6.42,6.72,6.75,6.7,6.38,6.52,6.3,6.3,6.45,6.42,6.89,6.47,6.5
49017,6.08,6.23,6.72,6.42,6.35,6.18,6.15,5.98,6.18,6.47,6.94,6.65,6.42,6.72,6.75,6.7,6.38,6.52,6.3,6.3,6.45,6.42,6.89,6.47,6.5
49019,6.08,6.23,6.72,6.42,6.35,6.18,6.15,5.98,6.18,6.47,6.94,6.65,6.42,6.72,6.75,6.7,6.38,6.52,6.3,6.3,6.45,6.42,6.89,6.47,6.5
49021,6.08,6.23,6.72,6.42,6.35,6.18,6.15,5.98,6.18,6.47,6.94,6.65,6.42,6.72,6.75,6.7,6.38,6.52,6.3,6.3,6.45,6.42,6.89,6.47,6.5
49023,6.08,6.23,6.72,6.42,6.35,6.18,6.15,5.98,6.18,6.47,6.94,6.65,6.42,6.72,6.75,6.7,6.38,6.52,6.3,6.3,6.45,6.42,6.89,6.47,6.5
49025,6.08,6.23,6.72,6.42,6.35,6.18,6.15,5.98,6.18,6.47,6.94,6.65,6.42,6.72,6.75,6.7,6.38,6.52,6.3,6.3,6.45,6.42,6.89,6.47,6.5
49027,6.08,6.23,6.72,6.42,6.35,6.18,6.15,5.98,6.18,6.47,6.94,6.65,6.42,6.72,6.75,6.7,6.38,6.52,6.3,6.3,6.45,6.42,6.89,6.47,6.5
49029,6.08,6.23,6.72,6.42,6.35,6.18,6.15,5.98,6.18,6.47,6.94,6.65,6.42,6.72,6.75,6.7,6.38,6.52,6.3,6.3,6.45,6.42,6.89,6.47,6.5
49031,6.08,6.23,6.72,6.42,6.35,6.18,6.15,5.98,6.18,6.47,6.94,6.65,6.42,6.72,6.75,6.7,6.38,6.52,6.3,6.3,6.45,6.42,6.89,6.47,6.5
49033,6.08,6.23,6.72,6.42,6.35,6.18,6.15,5.98,6.18,6.47,6.94,6.65,6.42,6.72,6.75,6.7,6.38,6.52,6.3,6.3,6.45,6.42,6.89,6.47,6.5
49035,6.08,6.23,6.72,6.42,6.35,6.18,6.15,5.98,6.18,6.47,6.94,6.65,6.42,6.72,6.75,6.7,6.38,6.52,6.3,6.3,6.45,6.42,6.89,6.47,6.5
49037,6.08,6.23,6.72,6.42,6.35,6.18,6.15,5.98,6.18,6.47,6.94,6.65,6.42,6.72,6.75,6.7,6.38,6.52,6.3,6.3,6.45,6.42,6.89,6.47,6.5
49039,6.08,6.23,6.72,6.42,6.35,6.18,6.15,5.98,6.18,6.47,6.94,6.65,6.42,6.72,6.75,6.7,6.38,6.52,6.3,6.3,6.45,6.42,6.89,6.47,6.5
49041,6.08,6.23,6.72,6.42,6.35,6.18,6.15,5.98,6.18,6.47,6.94,6.65,6.42,6.72,6.75,6.7,6.38,6.52,6.3,6.3,6.45,6.42,6.89,6.47,6.5
49043,6.08,6.23,6.72,6.42,6.35,6.18,6.15,5.98,6.18,6.47,6.94,6.65,6.42,6.72,6.75,6.7,6.38,6.52,6.3,6.3,6.45,6.42,6.89,6.47,6.5
49045,6.08,6.23,6.72,6.42,6.35,6.18,6.15,5.98,6.18,6.47,6.94,6.65,6.42,6.72,6.75,6.7,6.38,6.52,6.3,6.3,6.45,6.42,6.89,6.47,6.5
49047,6.08,6.23,6.72,6.42,6.35,6.18,6.15,5.98,6.18,6.47,6.94,6.65,6.42,6.72,6.75,6.7,6.38,6.52,6.3,6.3,6.45,6.42,6.89,6.47,6.5
49049,6.08,6.23,6.72,6.42,6.35,6.18,6.15,5.98,6.18,6.47,6.94,6.65,6.42,6.72,6.75,6.7,6.38,6.52,6.3,6.3,6.45,6.42,6.89,6.47,6.5
49051,6.08,6.23,6.72,6.42,6.35,6.18,6.15,5.98,6.18,6.47,6.94,6.65,6.42,6.72,6.75,6.7,6.38,6.52,6.3,6.3,6.45,6.42,6.89,6.47,6.5
49053,6.08,6.23,6.72,6.42,6.35,6.18,6.15,5.98,6.18,6.47,6.94,6.65,6.42,6.72,6.75,6.7,6.38,6.52,6.3,6.3,6.45,6.42,6.89,6.47,6.5
49055,6.08,6.23,6.72,6.42,6.35,6.18,6.15,5.98,6.18,6.47,6.94,6.65,6.42,6.72,6.75,6.7,6.38,6.52,6.3,6.3,6.45,6.42,6.89,6.47,6.5
49057,6.08,6.23,6.72,6.42,6.35,6.18,6.15,5.98,6.18,6.47,6.94,6.65,6.42,6.72,6.75,6.7,6.38,6.52,6.3,6.3,6.45,6.42,6.89,6.47,6.5
50001,6.08,6.23,6.72,6.42,6.35,6.18,6.15,5.98,6.18,6.47,6.94,6.65,6.42,6.72,6.75,6.7,6.38,6.52,6.3,6.3,6.45,6.42,6.89,6.47,6.5
50003,6.08,6.23,6.72,6.42,6.35,6.18,6.15,5.98,6.18,6.47,6.94,6.65,6.42,6.72,6.75,6.7,6.38,6.52,6.3,6.3,6.45,6.42,6.89,6.47,6.5
50005,6.08,6.23,6.72,6.42,6.35,6.18,6.15,5.98,6.18,6.47,6.94,6.65,6.42,6.72,6.75,6.7,6.38,6.52,6.3,6.3,6.45,6.42,6.89,6.47,6.5
50007,6.08,6.23,6.72,6.42,6.35,6.18,6.15,5.98,6.18,6.47,6.94,6.65,6.42,6.72,6.75,6.7,6.38,6.52,6.3,6.3,6.45,6.42,6.89,6.47,6.5
50009,6.08,6.23,6.72,6.42,6.35,6.18,6.15,5.98,6.18,6.47,6.94,6.65,6.42,6.72,6.75,6.7,6.38,6.52,6.3,6.3,6.45,6.42,6.89,6.47,6.5
50011,6.08,6.23,6.72,6.42,6.35,6.18,6.15,5.98,6.18,6.47,6.94,6.65,6.42,6.72,6.75,6.7,6.38,6.52,6.3,6.3,6.45,6.42,6.89,6.47,6.5
50013,6.08,6.23,6.72,6.42,6.35,6.18,6.15,5.98,6.18,6.47,6.94,6.65,6.42,6.72,6.75,6.7,6.38,6.52,6.3,6.3,6.45,6.42,6.89,6.47,6.5
50015,6.08,6.23,6.72,6.42,6.35,6.18,6.15,5.98,6.18,6.47,6.94,6.65,6.42,6.72,6.75,6.7,6.38,6.52,6.3,6.3,6.45,6.42,6.89,6.47,6.5
50017,6.08,6.23,6.72,6.42,6.35,6.18,6.15,5.98,6.18,6.47,6.94,6.65,6.42,6.72,6.75,6.7,6.38,6.52,6.3,6.3,6.45,6.42,6.89,6.47,6.5
50019,6.08,6.23,6.72,6.42,6.35,6.18,6.15,5.98,6.18,6.47,6.94,6.65,6.42,6.72,6.75,6.7,6.38,6.52,6.3,6.3,6.45,6.42,6.89,6.47,6.5
50021,6.08,6.23,6.72,6.42,6.35,6.18,6.15,5.98,6.18,6.47,6.94,6.65,6.42,6.72,6.75,6.7,6.38,6.52,6.3,6.3,6.45,6.42,6.89,6.47,6.5
50023,6.08,6.23,6.72,6.42,6.35,6.18,6.15,5.98,6.18,6.47,6.94,6.65,6.42,6.72,6.75,6.7,6.38,6.52,6.3,6.3,6.45,6.42,6.89,6.47,6.5
50025,6.08,6.23,6.72,6.42,6.35,6.18,6.15,5.98,6.18,6.47,6.94,6.65,6.42,6.72,6.75,6.7,6.38,6.52,6.3,6.3,6.45,6.42,6.89,6.47,6.5
50027,6.08,6.23,6.72,6.42,6.35,6.18,6.15,5.98,6.18,6.47,6.94,6.65,6.42,6.72,6.75,6.7,6.38,6.52,6.3,6.3,6.45,6.42,6.89,6.47,6.5
51001,6.08,6.23,6.72,6.42,6.35,6.18,6.15,5.98,6.18,6.47,6.94,6.65,6.42,6.72,6.75,6.7,6.38,6.52,6.3,6.3,6.45,6.42,6.89,6.47,6.5
51003,6.08,6.23,6.72,6.42,6.35,6.18,6.15,5.98,6.18,6.47,6.94,6.65,6.42,6.72,6.75,6.7,6.38,6.52,6.3,6.3,6.45,6.42,6.89,6.47,6.5
51005,6.08,6.23,6.72,6.42,6.35,6.18,6.15,5.98,6.18,6.47,6.94,6.65,6.42,6.72,6.75,6.7,6.38,6.52,6.3,6.3,6.45,6.42,6.89,6.47,6.5
51007,6.08,6.23,6.72,6.42,6.35,6.18,6.15,5.98,6.18,6.47,6.94,6.65,6.42,6.72,6.75,6.7,6.38,6.52,6.3,6.3,6.45,6.42,6.89,6.47,6.5
51009,6.08,6.23,6.72,6.42,6.35,6.18,6.15,5.98,6.18,6.47,6.94,6.65,6.42,6.72,6.75,6.7,6.38,6.52,6.3,6.3,6.45,6.42,6.89,6.47,6.5
51011,6.08,6.23,6.72,6.42,6.35,6.18,6.15,5.98,6.18,6.47,6.94,6.65,6.42,6.72,6.75,6.7,6.38,6.52,6.3,6.3,6.45,6.42,6.89,6.47,6.5
51013,6.08,6.23,6.72,6.42,6.35,6.18,6.15,5.98,6.18,6.47,6.94,6.65,6.42,6.72,6.75,6.7,6.38,6.52,6.3,6.3,6.45,6.42,6.89,6.47,6.5
51015,6.08,6.23,6.72,6.42,6.35,6.18,6.15,5.98,6.18,6.47,6.94,6.65,6.42,6.72,6.75,6.7,6.38,6.52,6.3,6.3,6.45,6.42,6.89,6.47,6.5
51017,6.08,6.23,6.72,6.42,6.35,6.18,6.15,5.98,6.18,6.47,6.94,6.65,6.42,6.72,6.75,6.7,6.38,6.52,6.3,6.3,6.45,6.42,6.89,6.47,6.5
51019,6.08,6.23,6.72,6.42,6.35,6.18,6.15,5.98,6.18,6.47,6.94,6.65,6.42,6.72,6.75,6.7,6.38,6.52,6.3,6.3,6.45,6.42,6.89,6.47,6.5
51021,6.08,6.23,6.72,6.42,6.35,6.18,6.15,5.98,6.18,6.47,6.94,6.65,6.42,6.72,6.75,6.7,6.38,6.52,6.3,6.3,6.45,6.42,6.89,6.47,6.5
51023,6.08,6.23,6.72,6.42,6.35,6.18,6.15,5.98,6.18,6.47,6.94,6.65,6.42,6.72,6.75,6.7,6.38,6.52,6.3,6.3,6.45,6.42,6.89,6.47,6.5
51025,6.08,6.23,6.72,6.42,6.35,6.18,6.15,5.98,6.18,6.47,6.94,6.65,6.42,6.72,6.75,6.7,6.38,6.52,6.3,6.3,6.45,6.42,6.89,6.47,6.5
51027,6.08,6.23,6.72,6.42,6.35,6.18,6.15,5.98,6.18,6.47,6.94,6.65,6.42,6.72,6.75,6.7,6.38,6.52,6.3,6.3,6.45,6.42,6.89,6.47,6.5
51029,6.08,6.23,6.72,6.42,6.35,6.18,6.15,5.98,6.18,6.47,6.94,6.65,6.42,6.72,6.75,6.7,6.38,6.52,6.3,6.3,6.45,6.42,6.89,6.47,6.5
51031,6.08,6.23,6.72,6.42,6.35,6.18,6.15,5.98,6.18,6.47,6.94,6.65,6.42,6.72,6.75,6.7,6.38,6.52,6.3,6.3,6.45,6.42,6.89,6.47,6.5
51033,6.08,6.23,6.72,6.42,6.35,6.18,6.15,5.98,6.18,6.47,6.94,6.65,6.42,6.72,6.75,6.7,6.38,6.52,6.3,6.3,6.45,6.42,6.89,6.47,6.5
51035,6.08,6.23,6.72,6.42,6.35,6.18,6.15,5.98,6.18,6.47,6.94,6.65,6.42,6.72,6.75,6.7,6.38,6.52,6.3,6.3,6.45,6.42,6.89,6.47,6.5
51036,6.08,6.23,6.72,6.42,6.35,6.18,6.15,5.98,6.18,6.47,6.94,6.65,6.42,6.72,6.75,6.7,6.38,6.52,6.3,6.3,6.45,6.42,6.89,6.47,6.5
51037,6.08,6.23,6.72,6.42,6.35,6.18,6.15,5.98,6.18,6.47,6.94,6.65,6.42,6.72,6.75,6.7,6.38,6.52,6.3,6.3,6.45,6.42,6.89,6.47,6.5
51041,6.08,6.23,6.72,6.42,6.35,6.18,6.15,5.98,6.18,6.47,6.94,6.65,6.42,6.72,6.75,6.7,6.38,6.52,6.3,6.3,6.45,6.42,6.89,6.47,6.5
51043,6.08,6.23,6.72,6.42,6.35,6.18,6.15,5.98,6.18,6.47,6.94,6.65,6.42,6.72,6.75,6.7,6.38,6.52,6.3,6.3,6.45,6.42,6.89,6.47,6.5
51045,6.08,6.23,6.72,6.42,6.35,6.18,6.15,5.98,6.18,6.47,6.94,6.65,6.42,6.72,6.75,6.7,6.38,6.52,6.3,6.3,6.45,6.42,6.89,6.47,6.5
51047,6.08,6.23,6.72,6.42,6.35,6.18,6.15,5.98,6.18,6.47,6.94,6.65,6.42,6.72,6.75,6.7,6.38,6.52,6.3,6.3,6.45,6.42,6.89,6.47,6.5
51049,6.08,6.23,6.72,6.42,6.35,6.18,6.15,5.98,6.18,6.47,6.94,6.65,6.42,6.72,6.75,6.7,6.38,6.52,6.3,6.3,6.45,6.42,6.89,6.47,6.5
51051,6.08,6.23,6.72,6.42,6.35,6.18,6.15,5.98,6.18,6.47,6.94,6.65,6.42,6.72,6.75,6.7,6.38,6.52,6.3,6.3,6.45,6.42,6.89,6.47,6.5
51053,6.08,6.23,6.72,6.42,6.35,6.18,6.15,5.98,6.18,6.47,6.94,6.65,6.42,6.72,6.75,6.7,6.38,6.52,6.3,6.3,6.45,6.42,6.89,6.47,6.5
51057,6.08,6.23,6.72,6.42,6.35,6.18,6.15,5.98,6.18,6.47,6.94,6.65,6.42,6.72,6.75,6.7,6.38,6.52,6.3,6.3,6.45,6.42,6.89,6.47,6.5
51059,6.08,6.23,6.72,6.42,6.35,6.18,6.15,5.98,6.18,6.47,6.94,6.65,6.42,6.72,6.75,6.7,6.38,6.52,6.3,6.3,6.45,6.42,6.89,6.47,6.5
51061,6.08,6.23,6.72,6.42,6.35,6.18,6.15,5.98,6.18,6.47,6.94,6.65,6.42,6.72,6.75,6.7,6.38,6.52,6.3,6.3,6.45,6.42,6.89,6.47,6.5
51063,6.08,6.23,6.72,6.42,6.35,6.18,6.15,5.98,6.18,6.47,6.94,6.65,6.42,6.72,6.75,6.7,6.38,6.52,6.3,6.3,6.45,6.42,6.89,6.47,6.5
51065,6.08,6.23,6.72,6.42,6.35,6.18,6.15,5.98,6.18,6.47,6.94,6.65,6.42,6.72,6.75,6.7,6.38,6.52,6.3,6.3,6.45,6.42,6.89,6.47,6.5
51067,6.08,6.23,6.72,6.42,6.35,6.18,6.15,5.98,6.18,6.47,6.94,6.65,6.42,6.72,6.75,6.7,6.38,6.52,6.3,6.3,6.45,6.42,6.89,6.47,6.5
51069,6.08,6.23,6.72,6.42,6.35,6.18,6.15,5.98,6.18,6.47,6.94,6.65,6.42,6.72,6.75,6.7,6.38,6.52,6.3,6.3,6.45,6.42,6.89,6.47,6.5
51071,6.08,6.23,6.72,6.42,6.35,6.18,6.15,5.98,6.18,6.47,6.94,6.65,6.42,6.72,6.75,6.7,6.38,6.52,6.3,6.3,6.45,6.42,6.89,6.47,6.5
51073,6.08,6.23,6.72,6.42,6.35,6.18,6.15,5.98,6.18,6.47,6.94,6.65,6.42,6.72,6.75,6.7,6.38,6.52,6.3,6.3,6.45,6.42,6.89,6.47,6.5
51075,6.08,6.23,6.72,6.42,6.35,6.18,6.15,5.98,6.18,6.47,6.94,6.65,6.42,6.72,6.75,6.7,6.38,6.52,6.3,6.3,6.45,6.42,6.89,6.47,6.5
51077,6.08,6.23,6.72,6.42,6.35,6.18,6.15,5.98,6.18,6.47,6.94,6.65,6.42,6.72,6.75,6.7,6.38,6.52,6.3,6.3,6.45,6.42,6.89,6.47,6.5
51079,6.08,6.23,6.72,6.42,6.35,6.18,6.15,5.98,6.18,6.47,6.94,6.65,6.42,6.72,6.75,6.7,6.38,6.52,6.3,6.3,6.45,6.42,6.89,6.47,6.5
51081,6.08,6.23,6.72,6.42,6.35,6.18,6.15,5.98,6.18,6.47,6.94,6.65,6.42,6.72,6.75,6.7,6.38,6.52,6.3,6.3,6.45,6.42,6.89,6.47,6.5
51083,6.08,6.23,6.72,6.42,6.35,6.18,6.15,5.98,6.18,6.47,6.94,6.65,6.42,6.72,6.75,6.7,6.38,6.52,6.3,6.3,6.45,6.42,6.89,6.47,6.5
51085,6.08,6.23,6.72,6.42,6.35,6.18,6.15,5.98,6.18,6.47,6.94,6.65,6.42,6.72,6.75,6.7,6.38,6.52,6.3,6.3,6.45,6.42,6.89,6.47,6.5
51087,6.08,6.23,6.72,6.42,6.35,6.18,6.15,5.98,6.18,6.47,6.94,6.65,6.42,6.72,6.75,6.7,6.38,6.52,6.3,6.3,6.45,6.42,6.89,6.47,6.5
51089,6.08,6.23,6.72,6.42,6.35,6.18,6.15,5.98,6.18,6.47,6.94,6.65,6.42,6.72,6.75,6.7,6.38,6.52,6.3,6.3,6.45,6.42,6.89,6.47,6.5
51091,6.08,6.23,6.72,6.42,6.35,6.18,6.15,5.98,6.18,6.47,6.94,6.65,6.42,6.72,6.75,6.7,6.38,6.52,6.3,6.3,6.45,6.42,6.89,6.47,6.5
51093,6.08,6.23,6.72,6.42,6.35,6.18,6.15,5.98,6.18,6.47,6.94,6.65,6.42,6.72,6.75,6.7,6.38,6.52,6.3,6.3,6.45,6.42,6.89,6.47,6.5
51095,6.08,6.23,6.72,6.42,6.35,6.18,6.15,5.98,6.18,6.47,6.94,6.65,6.42,6.72,6.75,6.7,6.38,6.52,6.3,6.3,6.45,6.42,6.89,6.47,6.5
51097,6.08,6.23,6.72,6.42,6.35,6.18,6.15,5.98,6.18,6.47,6.94,6.65,6.42,6.72,6.75,6.7,6.38,6.52,6.3,6.3,6.45,6.42,6.89,6.47,6.5
51099,6.08,6.23,6.72,6.42,6.35,6.18,6.15,5.98,6.18,6.47,6.94,6.65,6.42,6.72,6.75,6.7,6.38,6.52,6.3,6.3,6.45,6.42,6.89,6.47,6.5
51101,6.08,6.23,6.72,6.42,6.35,6.18,6.15,5.98,6.18,6.47,6.94,6.65,6.42,6.72,6.75,6.7,6.38,6.52,6.3,6.3,6.45,6.42,6.89,6.47,6.5
51103,6.08,6.23,6.72,6.42,6.35,6.18,6.15,5.98,6.18,6.47,6.94,6.65,6.42,6.72,6.75,6.7,6.38,6.52,6.3,6.3,6.45,6.42,6.89,6.47,6.5
51105,6.08,6.23,6.72,6.42,6.35,6.18,6.15,5.98,6.18,6.47,6.94,6.65,6.42,6.72,6.75,6.7,6.38,6.52,6.3,6.3,6.45,6.42,6.89,6.47,6.5
51107,6.08,6.23,6.72,6.42,6.35,6.18,6.15,5.98,6.18,6.47,6.94,6.65,6.42,6.72,6.75,6.7,6.38,6.52,6.3,6.3,6.45,6.42,6.89,6.47,6.5
51109,6.08,6.23,6.72,6.42,6.35,6.18,6.15,5.98,6.18,6.47,6.94,6.65,6.42,6.72,6.75,6.7,6.38,6.52,6.3,6.3,6.45,6.42,6.89,6.47,6.5
51111,6.08,6.23,6.72,6.42,6.35,6.18,6.15,5.98,6.18,6.47,6.94,6.65,6.42,6.72,6.75,6.7,6.38,6.52,6.3,6.3,6.45,6.42,6.89,6.47,6.5
51113,6.08,6.23,6.72,6.42,6.35,6.18,6.15,5.98,6.18,6.47,6.94,6.65,6.42,6.72,6.75,6.7,6.38,6.52,6.3,6.3,6.45,6.42,6.89,6.47,6.5
51115,6.08,6.23,6.72,6.42,6.35,6.18,6.15,5.98,6.18,6.47,6.94,6.65,6.42,6.72,6.75,6.7,6.38,6.52,6.3,6.3,6.45,6.42,6.89,6.47,6.5
51117,6.08,6.23,6.72,6.42,6.35,6.18,6.15,5.98,6.18,6.47,6.94,6.65,6.42,6.72,6.75,6.7,6.38,6.52,6.3,6.3,6.45,6.42,6.89,6.47,6.5
51119,6.08,6.23,6.72,6.42,6.35,6.18,6.15,5.98,6.18,6.47,6.94,6.65,6.42,6.72,6.75,6.7,6.38,6.52,6.3,6.3,6.45,6.42,6.89,6.47,6.5
51121,6.08,6.23,6.72,6.42,6.35,6.18,6.15,5.98,6.18,6.47,6.94,6.65,6.42,6.72,6.75,6.7,6.38,6.52,6.3,6.3,6.45,6.42,6.89,6.47,6.5
51125,6.08,6.23,6.72,6.42,6.35,6.18,6.15,5.98,6.18,6.47,6.94,6.65,6.42,6.72,6.75,6.7,6.38,6.52,6.3,6.3,6.45,6.42,6.89,6.47,6.5
51127,6.08,6.23,6.72,6.42,6.35,6.18,6.15,5.98,6.18,6.47,6.94,6.65,6.42,6.72,6.75,6.7,6.38,6.52,6.3,6.3,6.45,6.42,6.89,6.47,6.5
51131,6.08,6.23,6.72,6.42,6.35,6.18,6.15,5.98,6.18,6.47,6.94,6.65,6.42,6.72,6.75,6.7,6.38,6.52,6.3,6.3,6.45,6.42,6.89,6.47,6.5
51133,6.08,6.23,6.72,6.42,6.35,6.18,6.15,5.98,6.18,6.47,6.94,6.65,6.42,6.72,6.75,6.7,6.38,6.52,6.3,6.3,6.45,6.42,6.89,6.47,6.5
51135,6.08,6.23,6.72,6.42,6.35,6.18,6.15,5.98,6.18,6.47,6.94,6.65,6.42,6.72,6.75,6.7,6.38,6.52,6.3,6.3,6.45,6.42,6.89,6.47,6.5
51137,6.08,6.23,6.72,6.42,6.35,6.18,6.15,5.98,6.18,6.47,6.94,6.65,6.42,6.72,6.75,6.7,6.38,6.52,6.3,6.3,6.45,6.42,6.89,6.47,6.5
51139,6.08,6.23,6.72,6.42,6.35,6.18,6.15,5.98,6.18,6.47,6.94,6.65,6.42,6.72,6.75,6.7,6.38,6.52,6.3,6.3,6.45,6.42,6.89,6.47,6.5
51141,6.08,6.23,6.72,6.42,6.35,6.18,6.15,5.98,6.18,6.47,6.94,6.65,6.42,6.72,6.75,6.7,6.38,6.52,6.3,6.3,6.45,6.42,6.89,6.47,6.5
51143,6.08,6.23,6.72,6.42,6.35,6.18,6.15,5.98,6.18,6.47,6.94,6.65,6.42,6.72,6.75,6.7,6.38,6.52,6.3,6.3,6.45,6.42,6.89,6.47,6.5
51145,6.08,6.23,6.72,6.42,6.35,6.18,6.15,5.98,6.18,6.47,6.94,6.65,6.42,6.72,6.75,6.7,6.38,6.52,6.3,6.3,6.45,6.42,6.89,6.47,6.5
51147,6.08,6.23,6.72,6.42,6.35,6.18,6.15,5.98,6.18,6.47,6.94,6.65,6.42,6.72,6.75,6.7,6.38,6.52,6.3,6.3,6.45,6.42,6.89,6.47,6.5
51149,6.08,6.23,6.72,6.42,6.35,6.18,6.15,5.98,6.18,6.47,6.94,6.65,6.42,6.72,6.75,6.7,6.38,6.52,6.3,6.3,6.45,6.42,6.89,6.47,6.5
51153,6.08,6.23,6.72,6.42,6.35,6.18,6.15,5.98,6.18,6.47,6.94,6.65,6.42,6.72,6.75,6.7,6.38,6.52,6.3,6.3,6.45,6.42,6.89,6.47,6.5
51155,6.08,6.23,6.72,6.42,6.35,6.18,6.15,5.98,6.18,6.47,6.94,6.65,6.42,6.72,6.75,6.7,6.38,6.52,6.3,6.3,6.45,6.42,6.89,6.47,6.5
51157,6.08,6.23,6.72,6.42,6.35,6.18,6.15,5.98,6.18,6.47,6.94,6.65,6.42,6.72,6.75,6.7,6.38,6.52,6.3,6.3,6.45,6.42,6.89,6.47,6.5
51159,6.08,6.23,6.72,6.42,6.35,6.18,6.15,5.98,6.18,6.47,6.94,6.65,6.42,6.72,6.75,6.7,6.38,6.52,6.3,6.3,6.45,6.42,6.89,6.47,6.5
51161,6.08,6.23,6.72,6.42,6.35,6.18,6.15,5.98,6.18,6.47,6.94,6.65,6.42,6.72,6.75,6.7,6.38,6.52,6.3,6.3,6.45,6.42,6.89,6.47,6.5
51163,6.08,6.23,6.72,6.42,6.35,6.18,6.15,5.98,6.18,6.47,6.94,6.65,6.42,6.72,6.75,6.7,6.38,6.52,6.3,6.3,6.45,6.42,6.89,6.47,6.5
51165,6.08,6.23,6.72,6.42,6.35,6.18,6.15,5.98,6.18,6.47,6.94,6.65,6.42,6.72,6.75,6.7,6.38,6.52,6.3,6.3,6.45,6.42,6.89,6.47,6.5
51167,6.08,6.23,6.72,6.42,6.35,6.18,6.15,5.98,6.18,6.47,6.94,6.65,6.42,6.72,6.75,6.7,6.38,6.52,6.3,6.3,6.45,6.42,6.89,6.47,6.5
51169,6.08,6.23,6.72,6.42,6.35,6.18,6.15,5.98,6.18,6.47,6.94,6.65,6.42,6.72,6.75,6.7,6.38,6.52,6.3,6.3,6.45,6.42,6.89,6.47,6.5
51171,6.08,6.23,6.72,6.42,6.35,6.18,6.15,5.98,6.18,6.47,6.94,6.65,6.42,6.72,6.75,6.7,6.38,6.52,6.3,6.3,6.45,6.42,6.89,6.47,6.5
51173,6.08,6.23,6.72,6.42,6.35,6.18,6.15,5.98,6.18,6.47,6.94,6.65,6.42,6.72,6.75,6.7,6.38,6.52,6.3,6.3,6.45,6.42,6.89,6.47,6.5
51175,6.08,6.23,6.72,6.42,6.35,6.18,6.15,5.98,6.18,6.47,6.94,6.65,6.42,6.72,6.75,6.7,6.38,6.52,6.3,6.3,6.45,6.42,6.89,6.47,6.5
51177,6.08,6.23,6.72,6.42,6.35,6.18,6.15,5.98,6.18,6.47,6.94,6.65,6.42,6.72,6.75,6.7,6.38,6.52,6.3,6.3,6.45,6.42,6.89,6.47,6.5
51179,6.08,6.23,6.72,6.42,6.35,6.18,6.15,5.98,6.18,6.47,6.94,6.65,6.42,6.72,6.75,6.7,6.38,6.52,6.3,6.3,6.45,6.42,6.89,6.47,6.5
51181,6.08,6.23,6.72,6.42,6.35,6.18,6.15,5.98,6.18,6.47,6.94,6.65,6.42,6.72,6.75,6.7,6.38,6.52,6.3,6.3,6.45,6.42,6.89,6.47,6.5
51183,6.08,6.23,6.72,6.42,6.35,6.18,6.15,5.98,6.18,6.47,6.94,6.65,6.42,6.72,6.75,6.7,6.38,6.52,6.3,6.3,6.45,6.42,6.89,6.47,6.5
51185,6.08,6.23,6.72,6.42,6.35,6.18,6.15,5.98,6.18,6.47,6.94,6.65,6.42,6.72,6.75,6.7,6.38,6.52,6.3,6.3,6.45,6.42,6.89,6.47,6.5
51187,6.08,6.23,6.72,6.42,6.35,6.18,6.15,5.98,6.18,6.47,6.94,6.65,6.42,6.72,6.75,6.7,6.38,6.52,6.3,6.3,6.45,6.42,6.89,6.47,6.5
51191,6.08,6.23,6.72,6.42,6.35,6.18,6.15,5.98,6.18,6.47,6.94,6.65,6.42,6.72,6.75,6.7,6.38,6.52,6.3,6.3,6.45,6.42,6.89,6.47,6.5
51193,6.08,6.23,6.72,6.42,6.35,6.18,6.15,5.98,6.18,6.47,6.94,6.65,6.42,6.72,6.75,6.7,6.38,6.52,6.3,6.3,6.45,6.42,6.89,6.47,6.5
51195,6.08,6.23,6.72,6.42,6.35,6.18,6.15,5.98,6.18,6.47,6.94,6.65,6.42,6.72,6.75,6.7,6.38,6.52,6.3,6.3,6.45,6.42,6.89,6.47,6.5
51197,6.08,6.23,6.72,6.42,6.35,6.18,6.15,5.98,6.18,6.47,6.94,6.65,6.42,6.72,6.75,6.7,6.38,6.52,6.3,6.3,6.45,6.42,6.89,6.47,6.5
51199,6.08,6.23,6.72,6.42,6.35,6.18,6.15,5.98,6.18,6.47,6.94,6.65,6.42,6.72,6.75,6.7,6.38,6.52,6.3,6.3,6.45,6.42,6.89,6.47,6.5
51510,6.08,6.23,6.72,6.42,6.35,6.18,6.15,5.98,6.18,6.47,6.94,6.65,6.42,6.72,6.75,6.7,6.38,6.52,6.3,6.3,6.45,6.42,6.89,6.47,6.5
51520,6.08,6.23,6.72,6.42,6.35,6.18,6.15,5.98,6.18,6.47,6.94,6.65,6.42,6.72,6.75,6.7,6.38,6.52,6.3,6.3,6.45,6.42,6.89,6.47,6.5
51530,6.08,6.23,6.72,6.42,6.35,6.18,6.15,5.98,6.18,6.47,6.94,6.65,6.42,6.72,6.75,6.7,6.38,6.52,6.3,6.3,6.45,6.42,6.89,6.47,6.5
51540,6.08,6.23,6.72,6.42,6.35,6.18,6.15,5.98,6.18,6.47,6.94,6.65,6.42,6.72,6.75,6.7,6.38,6.52,6.3,6.3,6.45,6.42,6.89,6.47,6.5
51550,6.08,6.23,6.72,6.42,6.35,6.18,6.15,5.98,6.18,6.47,6.94,6.65,6.42,6.72,6.75,6.7,6.38,6.52,6.3,6.3,6.45,6.42,6.89,6.47,6.5
51570,6.08,6.23,6.72,6.42,6.35,6.18,6.15,5.98,6.18,6.47,6.94,6.65,6.42,6.72,6.75,6.7,6.38,6.52,6.3,6.3,6.45,6.42,6.89,6.47,6.5
51580,6.08,6.23,6.72,6.42,6.35,6.18,6.15,5.98,6.18,6.47,6.94,6.65,6.42,6.72,6.75,6.7,6.38,6.52,6.3,6.3,6.45,6.42,6.89,6.47,6.5
51590,6.08,6.23,6.72,6.42,6.35,6.18,6.15,5.98,6.18,6.47,6.94,6.65,6.42,6.72,6.75,6.7,6.38,6.52,6.3,6.3,6.45,6.42,6.89,6.47,6.5
51595,6.08,6.23,6.72,6.42,6.35,6.18,6.15,5.98,6.18,6.47,6.94,6.65,6.42,6.72,6.75,6.7,6.38,6.52,6.3,6.3,6.45,6.42,6.89,6.47,6.5
51600,6.08,6.23,6.72,6.42,6.35,6.18,6.15,5.98,6.18,6.47,6.94,6.65,6.42,6.72,6.75,6.7,6.38,6.52,6.3,6.3,6.45,6.42,6.89,6.47,6.5
51610,6.08,6.23,6.72,6.42,6.35,6.18,6.15,5.98,6.18,6.47,6.94,6.65,6.42,6.72,6.75,6.7,6.38,6.52,6.3,6.3,6.45,6.42,6.89,6.47,6.5
51620,6.08,6.23,6.72,6.42,6.35,6.18,6.15,5.98,6.18,6.47,6.94,6.65,6.42,6.72,6.75,6.7,6.38,6.52,6.3,6.3,6.45,6.42,6.89,6.47,6.5
51630,6.08,6.23,6.72,6.42,6.35,6.18,6.15,5.98,6.18,6.47,6.94,6.65,6.42,6.72,6.75,6.7,6.38,6.52,6.3,6.3,6.45,6.42,6.89,6.47,6.5
51640,6.08,6.23,6.72,6.42,6.35,6.18,6.15,5.98,6.18,6.47,6.94,6.65,6.42,6.72,6.75,6.7,6.38,6.52,6.3,6.3,6.45,6.42,6.89,6.47,6.5
51650,6.08,6.23,6.72,6.42,6.35,6.18,6.15,5.98,6.18,6.47,6.94,6.65,6.42,6.72,6.75,6.7,6.38,6.52,6.3,6.3,6.45,6.42,6.89,6.47,6.5
51660,6.08,6.23,6.72,6.42,6.35,6.18,6.15,5.98,6.18,6.47,6.94,6.65,6.42,6.72,6.75,6.7,6.38,6.52,6.3,6.3,6.45,6.42,6.89,6.47,6.5
51670,6.08,6.23,6.72,6.42,6.35,6.18,6.15,5.98,6.18,6.47,6.94,6.65,6.42,6.72,6.75,6.7,6.38,6.52,6.3,6.3,6.45,6.42,6.89,6.47,6.5
51678,6.08,6.23,6.72,6.42,6.35,6.18,6.15,5.98,6.18,6.47,6.94,6.65,6.42,6.72,6.75,6.7,6.38,6.52,6.3,6.3,6.45,6.42,6.89,6.47,6.5
51680,6.08,6.23,6.72,6.42,6.35,6.18,6.15,5.98,6.18,6.47,6.94,6.65,6.42,6.72,6.75,6.7,6.38,6.52,6.3,6.3,6.45,6.42,6.89,6.47,6.5
51683,6.08,6.23,6.72,6.42,6.35,6.18,6.15,5.98,6.18,6.47,6.94,6.65,6.42,6.72,6.75,6.7,6.38,6.52,6.3,6.3,6.45,6.42,6.89,6.47,6.5
51685,6.08,6.23,6.72,6.42,6.35,6.18,6.15,5.98,6.18,6.47,6.94,6.65,6.42,6.72,6.75,6.7,6.38,6.52,6.3,6.3,6.45,6.42,6.89,6.47,6.5
51690,6.08,6.23,6.72,6.42,6.35,6.18,6.15,5.98,6.18,6.47,6.94,6.65,6.42,6.72,6.75,6.7,6.38,6.52,6.3,6.3,6.45,6.42,6.89,6.47,6.5
51700,6.08,6.23,6.72,6.42,6.35,6.18,6.15,5.98,6.18,6.47,6.94,6.65,6.42,6.72,6.75,6.7,6.38,6.52,6.3,6.3,6.45,6.42,6.89,6.47,6.5
51710,6.08,6.23,6.72,6.42,6.35,6.18,6.15,5.98,6.18,6.47,6.94,6.65,6.42,6.72,6.75,6.7,6.38,6.52,6.3,6.3,6.45,6.42,6.89,6.47,6.5
51720,6.08,6.23,6.72,6.42,6.35,6.18,6.15,5.98,6.18,6.47,6.94,6.65,6.42,6.72,6.75,6.7,6.38,6.52,6.3,6.3,6.45,6.42,6.89,6.47,6.5
51730,6.08,6.23,6.72,6.42,6.35,6.18,6.15,5.98,6.18,6.47,6.94,6.65,6.42,6.72,6.75,6.7,6.38,6.52,6.3,6.3,6.45,6.42,6.89,6.47,6.5
51735,6.08,6.23,6.72,6.42,6.35,6.18,6.15,5.98,6.18,6.47,6.94,6.65,6.42,6.72,6.75,6.7,6.38,6.52,6.3,6.3,6.45,6.42,6.89,6.47,6.5
51740,6.08,6.23,6.72,6.42,6.35,6.18,6.15,5.98,6.18,6.47,6.94,6.65,6.42,6.72,6.75,6.7,6.38,6.52,6.3,6.3,6.45,6.42,6.89,6.47,6.5
51750,6.08,6.23,6.72,6.42,6.35,6.18,6.15,5.98,6.18,6.47,6.94,6.65,6.42,6.72,6.75,6.7,6.38,6.52,6.3,6.3,6.45,6.42,6.89,6.47,6.5
51760,6.08,6.23,6.72,6.42,6.35,6.18,6.15,5.98,6.18,6.47,6.94,6.65,6.42,6.72,6.75,6.7,6.38,6.52,6.3,6.3,6.45,6.42,6.89,6.47,6.5
51770,6.08,6.23,6.72,6.42,6.35,6.18,6.15,5.98,6.18,6.47,6.94,6.65,6.42,6.72,6.75,6.7,6.38,6.52,6.3,6.3,6.45,6.42,6.89,6.47,6.5
51775,6.08,6.23,6.72,6.42,6.35,6.18,6.15,5.98,6.18,6.47,6.94,6.65,6.42,6.72,6.75,6.7,6.38,6.52,6.3,6.3,6.45,6.42,6.89,6.47,6.5
51790,6.08,6.23,6.72,6.42,6.35,6.18,6.15,5.98,6.18,6.47,6.94,6.65,6.42,6.72,6.75,6.7,6.38,6.52,6.3,6.3,6.45,6.42,6.89,6.47,6.5
51800,6.08,6.23,6.72,6.42,6.35,6.18,6.15,5.98,6.18,6.47,6.94,6.65,6.42,6.72,6.75,6.7,6.38,6.52,6.3,6.3,6.45,6.42,6.89,6.47,6.5
51810,6.08,6.23,6.72,6.42,6.35,6.18,6.15,5.98,6.18,6.47,6.94,6.65,6.42,6.72,6.75,6.7,6.38,6.52,6.3,6.3,6.45,6.42,6.89,6.47,6.5
51820,6.08,6.23,6.72,6.42,6.35,6.18,6.15,5.98,6.18,6.47,6.94,6.65,6.42,6.72,6.75,6.7,6.38,6.52,6.3,6.3,6.45,6.42,6.89,6.47,6.5
51830,6.08,6.23,6.72,6.42,6.35,6.18,6.15,5.98,6.18,6.47,6.94,6.65,6.42,6.72,6.75,6.7,6.38,6.52,6.3,6.3,6.45,6.42,6.89,6.47,6.5
51840,6.08,6.23,6.72,6.42,6.35,6.18,6.15,5.98,6.18,6.47,6.94,6.65,6.42,6.72,6.75,6.7,6.38,6.52,6.3,6.3,6.45,6.42,6.89,6.47,6.5
53001,6.08,6.23,6.72,6.42,6.35,6.18,6.15,5.98,6.18,6.47,6.94,6.65,6.42,6.72,6.75,6.7,6.38,6.52,6.3,6.3,6.45,6.42,6.89,6.47,6.5
53003,6.08,6.23,6.72,6.42,6.35,6.18,6.15,5.98,6.18,6.47,6.94,6.65,6.42,6.72,6.75,6.7,6.38,6.52,6.3,6.3,6.45,6.42,6.89,6.47,6.5
53005,6.08,6.23,6.72,6.42,6.35,6.18,6.15,5.98,6.18,6.47,6.94,6.65,6.42,6.72,6.75,6.7,6.38,6.52,6.3,6.3,6.45,6.42,6.89,6.47,6.5
53007,6.08,6.23,6.72,6.42,6.35,6.18,6.15,5.98,6.18,6.47,6.94,6.65,6.42,6.72,6.75,6.7,6.38,6.52,6.3,6.3,6.45,6.42,6.89,6.47,6.5
53009,6.08,6.23,6.72,6.42,6.35,6.18,6.15,5.98,6.18,6.47,6.94,6.65,6.42,6.72,6.75,6.7,6.38,6.52,6.3,6.3,6.45,6.42,6.89,6.47,6.5
53011,6.08,6.23,6.72,6.42,6.35,6.18,6.15,5.98,6.18,6.47,6.94,6.65,6.42,6.72,6.75,6.7,6.38,6.52,6.3,6.3,6.45,6.42,6.89,6.47,6.5
53013,6.08,6.23,6.72,6.42,6.35,6.18,6.15,5.98,6.18,6.47,6.94,6.65,6.42,6.72,6.75,6.7,6.38,6.52,6.3,6.3,6.45,6.42,6.89,6.47,6.5
53015,6.08,6.23,6.72,6.42,6.35,6.18,6.15,5.98,6.18,6.47,6.94,6.65,6.42,6.72,6.75,6.7,6.38,6.52,6.3,6.3,6.45,6.42,6.89,6.47,6.5
53017,6.08,6.23,6.72,6.42,6.35,6.18,6.15,5.98,6.18,6.47,6.94,6.65,6.42,6.72,6.75,6.7,6.38,6.52,6.3,6.3,6.45,6.42,6.89,6.47,6.5
53019,6.08,6.23,6.72,6.42,6.35,6.18,6.15,5.98,6.18,6.47,6.94,6.65,6.42,6.72,6.75,6.7,6.38,6.52,6.3,6.3,6.45,6.42,6.89,6.47,6.5
53021,6.08,6.23,6.72,6.42,6.35,6.18,6.15,5.98,6.18,6.47,6.94,6.65,6.42,6.72,6.75,6.7,6.38,6.52,6.3,6.3,6.45,6.42,6.89,6.47,6.5
53023,6.08,6.23,6.72,6.42,6.35,6.18,6.15,5.98,6.18,6.47,6.94,6.65,6.42,6.72,6.75,6.7,6.38,6.52,6.3,6.3,6.45,6.42,6.89,6.47,6.5
53025,6.08,6.23,6.72,6.42,6.35,6.18,6.15,5.98,6.18,6.47,6.94,6.65,6.42,6.72,6.75,6.7,6.38,6.52,6.3,6.3,6.45,6.42,6.89,6.47,6.5
53027,6.08,6.23,6.72,6.42,6.35,6.18,6.15,5.98,6.18,6.47,6.94,6.65,6.42,6.72,6.75,6.7,6.38,6.52,6.3,6.3,6.45,6.42,6.89,6.47,6.5
53029,6.08,6.23,6.72,6.42,6.35,6.18,6.15,5.98,6.18,6.47,6.94,6.65,6.42,6.72,6.75,6.7,6.38,6.52,6.3,6.3,6.45,6.42,6.89,6.47,6.5
53031,6.08,6.23,6.72,6.42,6.35,6.18,6.15,5.98,6.18,6.47,6.94,6.65,6.42,6.72,6.75,6.7,6.38,6.52,6.3,6.3,6.45,6.42,6.89,6.47,6.5
53033,6.08,6.23,6.72,6.42,6.35,6.18,6.15,5.98,6.18,6.47,6.94,6.65,6.42,6.72,6.75,6.7,6.38,6.52,6.3,6.3,6.45,6.42,6.89,6.47,6.5
53035,6.08,6.23,6.72,6.42,6.35,6.18,6.15,5.98,6.18,6.47,6.94,6.65,6.42,6.72,6.75,6.7,6.38,6.52,6.3,6.3,6.45,6.42,6.89,6.47,6.5
53037,6.08,6.23,6.72,6.42,6.35,6.18,6.15,5.98,6.18,6.47,6.94,6.65,6.42,6.72,6.75,6.7,6.38,6.52,6.3,6.3,6.45,6.42,6.89,6.47,6.5
53039,6.08,6.23,6.72,6.42,6.35,6.18,6.15,5.98,6.18,6.47,6.94,6.65,6.42,6.72,6.75,6.7,6.38,6.52,6.3,6.3,6.45,6.42,6.89,6.47,6.5
53041,6.08,6.23,6.72,6.42,6.35,6.18,6.15,5.98,6.18,6.47,6.94,6.65,6.42,6.72,6.75,6.7,6.38,6.52,6.3,6.3,6.45,6.42,6.89,6.47,6.5
53043,6.08,6.23,6.72,6.42,6.35,6.18,6.15,5.98,6.18,6.47,6.94,6.65,6.42,6.72,6.75,6.7,6.38,6.52,6.3,6.3,6.45,6.42,6.89,6.47,6.5
53045,6.08,6.23,6.72,6.42,6.35,6.18,6.15,5.98,6.18,6.47,6.94,6.65,6.42,6.72,6.75,6.7,6.38,6.52,6.3,6.3,6.45,6.42,6.89,6.47,6.5
53047,6.08,6.23,6.72,6.42,6.35,6.18,6.15,5.98,6.18,6.47,6.94,6.65,6.42,6.72,6.75,6.7,6.38,6.52,6.3,6.3,6.45,6.42,6.89,6.47,6.5
53049,6.08,6.23,6.72,6.42,6.35,6.18,6.15,5.98,6.18,6.47,6.94,6.65,6.42,6.72,6.75,6.7,6.38,6.52,6.3,6.3,6.45,6.42,6.89,6.47,6.5
53051,6.08,6.23,6.72,6.42,6.35,6.18,6.15,5.98,6.18,6.47,6.94,6.65,6.42,6.72,6.75,6.7,6.38,6.52,6.3,6.3,6.45,6.42,6.89,6.47,6.5
53053,6.08,6.23,6.72,6.42,6.35,6.18,6.15,5.98,6.18,6.47,6.94,6.65,6.42,6.72,6.75,6.7,6.38,6.52,6.3,6.3,6.45,6.42,6.89,6.47,6.5
53055,6.08,6.23,6.72,6.42,6.35,6.18,6.15,5.98,6.18,6.47,6.94,6.65,6.42,6.72,6.75,6.7,6.38,6.52,6.3,6.3,6.45,6.42,6.89,6.47,6.5
53057,6.08,6.23,6.72,6.42,6.35,6.18,6.15,5.98,6.18,6.47,6.94,6.65,6.42,6.72,6.75,6.7,6.38,6.52,6.3,6.3,6.45,6.42,6.89,6.47,6.5
53059,6.08,6.23,6.72,6.42,6.35,6.18,6.15,5.98,6.18,6.47,6.94,6.65,6.42,6.72,6.75,6.7,6.38,6.52,6.3,6.3,6.45,6.42,6.89,6.47,6.5
53061,6.08,6.23,6.72,6.42,6.35,6.18,6.15,5.98,6.18,6.47,6.94,6.65,6.42,6.72,6.75,6.7,6.38,6.52,6.3,6.3,6.45,6.42,6.89,6.47,6.5
53063,6.08,6.23,6.72,6.42,6.35,6.18,6.15,5.98,6.18,6.47,6.94,6.65,6.42,6.72,6.75,6.7,6.38,6.52,6.3,6.3,6.45,6.42,6.89,6.47,6.5
53065,6.08,6.23,6.72,6.42,6.35,6.18,6.15,5.98,6.18,6.47,6.94,6.65,6.42,6.72,6.75,6.7,6.38,6.52,6.3,6.3,6.45,6.42,6.89,6.47,6.5
53067,6.08,6.23,6.72,6.42,6.35,6.18,6.15,5.98,6.18,6.47,6.94,6.65,6.42,6.72,6.75,6.7,6.38,6.52,6.3,6.3,6.45,6.42,6.89,6.47,6.5
53069,6.08,6.23,6.72,6.42,6.35,6.18,6.15,5.98,6.18,6.47,6.94,6.65,6.42,6.72,6.75,6.7,6.38,6.52,6.3,6.3,6.45,6.42,6.89,6.47,6.5
53071,6.08,6.23,6.72,6.42,6.35,6.18,6.15,5.98,6.18,6.47,6.94,6.65,6.42,6.72,6.75,6.7,6.38,6.52,6.3,6.3,6.45,6.42,6.89,6.47,6.5
53073,6.08,6.23,6.72,6.42,6.35,6.18,6.15,5.98,6.18,6.47,6.94,6.65,6.42,6.72,6.75,6.7,6.38,6.52,6.3,6.3,6.45,6.42,6.89,6.47,6.5
53075,6.08,6.23,6.72,6.42,6.35,6.18,6.15,5.98,6.18,6.47,6.94,6.65,6.42,6.72,6.75,6.7,6.38,6.52,6.3,6.3,6.45,6.42,6.89,6.47,6.5
53077,6.08,6.23,6.72,6.42,6.35,6.18,6.15,5.98,6.18,6.47,6.94,6.65,6.42,6.72,6.75,6.7,6.38,6.52,6.3,6.3,6.45,6.42,6.89,6.47,6.5
54001,6.08,6.23,6.72,6.42,6.35,6.18,6.15,5.98,6.18,6.47,6.94,6.65,6.42,6.72,6.75,6.7,6.38,6.52,6.3,6.3,6.45,6.42,6.89,6.47,6.5
54003,6.08,6.23,6.72,6.42,6.35,6.18,6.15,5.98,6.18,6.47,6.94,6.65,6.42,6.72,6.75,6.7,6.38,6.52,6.3,6.3,6.45,6.42,6.89,6.47,6.5
54005,6.08,6.23,6.72,6.42,6.35,6.18,6.15,5.98,6.18,6.47,6.94,6.65,6.42,6.72,6.75,6.7,6.38,6.52,6.3,6.3,6.45,6.42,6.89,6.47,6.5
54007,6.08,6.23,6.72,6.42,6.35,6.18,6.15,5.98,6.18,6.47,6.94,6.65,6.42,6.72,6.75,6.7,6.38,6.52,6.3,6.3,6.45,6.42,6.89,6.47,6.5
54009,6.08,6.23,6.72,6.42,6.35,6.18,6.15,5.98,6.18,6.47,6.94,6.65,6.42,6.72,6.75,6.7,6.38,6.52,6.3,6.3,6.45,6.42,6.89,6.47,6.5
54011,6.08,6.23,6.72,6.42,6.35,6.18,6.15,5.98,6.18,6.47,6.94,6.65,6.42,6.72,6.75,6.7,6.38,6.52,6.3,6.3,6.45,6.42,6.89,6.47,6.5
54013,6.08,6.23,6.72,6.42,6.35,6.18,6.15,5.98,6.18,6.47,6.94,6.65,6.42,6.72,6.75,6.7,6.38,6.52,6.3,6.3,6.45,6.42,6.89,6.47,6.5
54015,6.08,6.23,6.72,6.42,6.35,6.18,6.15,5.98,6.18,6.47,6.94,6.65,6.42,6.72,6.75,6.7,6.38,6.52,6.3,6.3,6.45,6.42,6.89,6.47,6.5
54017,6.08,6.23,6.72,6.42,6.35,6.18,6.15,5.98,6.18,6.47,6.94,6.65,6.42,6.72,6.75,6.7,6.38,6.52,6.3,6.3,6.45,6.42,6.89,6.47,6.5
54019,6.08,6.23,6.72,6.42,6.35,6.18,6.15,5.98,6.18,6.47,6.94,6.65,6.42,6.72,6.75,6.7,6.38,6.52,6.3,6.3,6.45,6.42,6.89,6.47,6.5
54021,6.08,6.23,6.72,6.42,6.35,6.18,6.15,5.98,6.18,6.47,6.94,6.65,6.42,6.72,6.75,6.7,6.38,6.52,6.3,6.3,6.45,6.42,6.89,6.47,6.5
54023,6.08,6.23,6.72,6.42,6.35,6.18,6.15,5.98,6.18,6.47,6.94,6.65,6.42,6.72,6.75,6.7,6.38,6.52,6.3,6.3,6.45,6.42,6.89,6.47,6.5
54025,6.08,6.23,6.72,6.42,6.35,6.18,6.15,5.98,6.18,6.47,6.94,6.65,6.42,6.72,6.75,6.7,6.38,6.52,6.3,6.3,6.45,6.42,6.89,6.47,6.5
54027,6.08,6.23,6.72,6.42,6.35,6.18,6.15,5.98,6.18,6.47,6.94,6.65,6.42,6.72,6.75,6.7,6.38,6.52,6.3,6.3,6.45,6.42,6.89,6.47,6.5
54029,6.08,6.23,6.72,6.42,6.35,6.18,6.15,5.98,6.18,6.47,6.94,6.65,6.42,6.72,6.75,6.7,6.38,6.52,6.3,6.3,6.45,6.42,6.89,6.47,6.5
54031,6.08,6.23,6.72,6.42,6.35,6.18,6.15,5.98,6.18,6.47,6.94,6.65,6.42,6.72,6.75,6.7,6.38,6.52,6.3,6.3,6.45,6.42,6.89,6.47,6.5
54033,6.08,6.23,6.72,6.42,6.35,6.18,6.15,5.98,6.18,6.47,6.94,6.65,6.42,6.72,6.75,6.7,6.38,6.52,6.3,6.3,6.45,6.42,6.89,6.47,6.5
54035,6.08,6.23,6.72,6.42,6.35,6.18,6.15,5.98,6.18,6.47,6.94,6.65,6.42,6.72,6.75,6.7,6.38,6.52,6.3,6.3,6.45,6.42,6.89,6.47,6.5
54037,6.08,6.23,6.72,6.42,6.35,6.18,6.15,5.98,6.18,6.47,6.94,6.65,6.42,6.72,6.75,6.7,6.38,6.52,6.3,6.3,6.45,6.42,6.89,6.47,6.5
54039,6.08,6.23,6.72,6.42,6.35,6.18,6.15,5.98,6.18,6.47,6.94,6.65,6.42,6.72,6.75,6.7,6.38,6.52,6.3,6.3,6.45,6.42,6.89,6.47,6.5
54041,6.08,6.23,6.72,6.42,6.35,6.18,6.15,5.98,6.18,6.47,6.94,6.65,6.42,6.72,6.75,6.7,6.38,6.52,6.3,6.3,6.45,6.42,6.89,6.47,6.5
54043,6.08,6.23,6.72,6.42,6.35,6.18,6.15,5.98,6.18,6.47,6.94,6.65,6.42,6.72,6.75,6.7,6.38,6.52,6.3,6.3,6.45,6.42,6.89,6.47,6.5
54045,6.08,6.23,6.72,6.42,6.35,6.18,6.15,5.98,6.18,6.47,6.94,6.65,6.42,6.72,6.75,6.7,6.38,6.52,6.3,6.3,6.45,6.42,6.89,6.47,6.5
54047,6.08,6.23,6.72,6.42,6.35,6.18,6.15,5.98,6.18,6.47,6.94,6.65,6.42,6.72,6.75,6.7,6.38,6.52,6.3,6.3,6.45,6.42,6.89,6.47,6.5
54049,6.08,6.23,6.72,6.42,6.35,6.18,6.15,5.98,6.18,6.47,6.94,6.65,6.42,6.72,6.75,6.7,6.38,6.52,6.3,6.3,6.45,6.42,6.89,6.47,6.5
54051,6.08,6.23,6.72,6.42,6.35,6.18,6.15,5.98,6.18,6.47,6.94,6.65,6.42,6.72,6.75,6.7,6.38,6.52,6.3,6.3,6.45,6.42,6.89,6.47,6.5
54053,6.08,6.23,6.72,6.42,6.35,6.18,6.15,5.98,6.18,6.47,6.94,6.65,6.42,6.72,6.75,6.7,6.38,6.52,6.3,6.3,6.45,6.42,6.89,6.47,6.5
54055,6.08,6.23,6.72,6.42,6.35,6.18,6.15,5.98,6.18,6.47,6.94,6.65,6.42,6.72,6.75,6.7,6.38,6.52,6.3,6.3,6.45,6.42,6.89,6.47,6.5
54057,6.08,6.23,6.72,6.42,6.35,6.18,6.15,5.98,6.18,6.47,6.94,6.65,6.42,6.72,6.75,6.7,6.38,6.52,6.3,6.3,6.45,6.42,6.89,6.47,6.5
54059,6.08,6.23,6.72,6.42,6.35,6.18,6.15,5.98,6.18,6.47,6.94,6.65,6.42,6.72,6.75,6.7,6.38,6.52,6.3,6.3,6.45,6.42,6.89,6.47,6.5
54061,6.08,6.23,6.72,6.42,6.35,6.18,6.15,5.98,6.18,6.47,6.94,6.65,6.42,6.72,6.75,6.7,6.38,6.52,6.3,6.3,6.45,6.42,6.89,6.47,6.5
54063,6.08,6.23,6.72,6.42,6.35,6.18,6.15,5.98,6.18,6.47,6.94,6.65,6.42,6.72,6.75,6.7,6.38,6.52,6.3,6.3,6.45,6.42,6.89,6.47,6.5
54065,6.08,6.23,6.72,6.42,6.35,6.18,6.15,5.98,6.18,6.47,6.94,6.65,6.42,6.72,6.75,6.7,6.38,6.52,6.3,6.3,6.45,6.42,6.89,6.47,6.5
54067,6.08,6.23,6.72,6.42,6.35,6.18,6.15,5.98,6.18,6.47,6.94,6.65,6.42,6.72,6.75,6.7,6.38,6.52,6.3,6.3,6.45,6.42,6.89,6.47,6.5
54069,6.08,6.23,6.72,6.42,6.35,6.18,6.15,5.98,6.18,6.47,6.94,6.65,6.42,6.72,6.75,6.7,6.38,6.52,6.3,6.3,6.45,6.42,6.89,6.47,6.5
54071,6.08,6.23,6.72,6.42,6.35,6.18,6.15,5.98,6.18,6.47,6.94,6.65,6.42,6.72,6.75,6.7,6.38,6.52,6.3,6.3,6.45,6.42,6.89,6.47,6.5
54073,6.08,6.23,6.72,6.42,6.35,6.18,6.15,5.98,6.18,6.47,6.94,6.65,6.42,6.72,6.75,6.7,6.38,6.52,6.3,6.3,6.45,6.42,6.89,6.47,6.5
54075,6.08,6.23,6.72,6.42,6.35,6.18,6.15,5.98,6.18,6.47,6.94,6.65,6.42,6.72,6.75,6.7,6.38,6.52,6.3,6.3,6.45,6.42,6.89,6.47,6.5
54077,6.08,6.23,6.72,6.42,6.35,6.18,6.15,5.98,6.18,6.47,6.94,6.65,6.42,6.72,6.75,6.7,6.38,6.52,6.3,6.3,6.45,6.42,6.89,6.47,6.5
54079,6.08,6.23,6.72,6.42,6.35,6.18,6.15,5.98,6.18,6.47,6.94,6.65,6.42,6.72,6.75,6.7,6.38,6.52,6.3,6.3,6.45,6.42,6.89,6.47,6.5
54081,6.08,6.23,6.72,6.42,6.35,6.18,6.15,5.98,6.18,6.47,6.94,6.65,6.42,6.72,6.75,6.7,6.38,6.52,6.3,6.3,6.45,6.42,6.89,6.47,6.5
54083,6.08,6.23,6.72,6.42,6.35,6.18,6.15,5.98,6.18,6.47,6.94,6.65,6.42,6.72,6.75,6.7,6.38,6.52,6.3,6.3,6.45,6.42,6.89,6.47,6.5
54085,6.08,6.23,6.72,6.42,6.35,6.18,6.15,5.98,6.18,6.47,6.94,6.65,6.42,6.72,6.75,6.7,6.38,6.52,6.3,6.3,6.45,6.42,6.89,6.47,6.5
54087,6.08,6.23,6.72,6.42,6.35,6.18,6.15,5.98,6.18,6.47,6.94,6.65,6.42,6.72,6.75,6.7,6.38,6.52,6.3,6.3,6.45,6.42,6.89,6.47,6.5
54089,6.08,6.23,6.72,6.42,6.35,6.18,6.15,5.98,6.18,6.47,6.94,6.65,6.42,6.72,6.75,6.7,6.38,6.52,6.3,6.3,6.45,6.42,6.89,6.47,6.5
54091,6.08,6.23,6.72,6.42,6.35,6.18,6.15,5.98,6.18,6.47,6.94,6.65,6.42,6.72,6.75,6.7,6.38,6.52,6.3,6.3,6.45,6.42,6.89,6.47,6.5
54093,6.08,6.23,6.72,6.42,6.35,6.18,6.15,5.98,6.18,6.47,6.94,6.65,6.42,6.72,6.75,6.7,6.38,6.52,6.3,6.3,6.45,6.42,6.89,6.47,6.5
54095,6.08,6.23,6.72,6.42,6.35,6.18,6.15,5.98,6.18,6.47,6.94,6.65,6.42,6.72,6.75,6.7,6.38,6.52,6.3,6.3,6.45,6.42,6.89,6.47,6.5
54097,6.08,6.23,6.72,6.42,6.35,6.18,6.15,5.98,6.18,6.47,6.94,6.65,6.42,6.72,6.75,6.7,6.38,6.52,6.3,6.3,6.45,6.42,6.89,6.47,6.5
54099,6.08,6.23,6.72,6.42,6.35,6.18,6.15,5.98,6.18,6.47,6.94,6.65,6.42,6.72,6.75,6.7,6.38,6.52,6.3,6.3,6.45,6.42,6.89,6.47,6.5
54101,6.08,6.23,6.72,6.42,6.35,6.18,6.15,5.98,6.18,6.47,6.94,6.65,6.42,6.72,6.75,6.7,6.38,6.52,6.3,6.3,6.45,6.42,6.89,6.47,6.5
54103,6.08,6.23,6.72,6.42,6.35,6.18,6.15,5.98,6.18,6.47,6.94,6.65,6.42,6.72,6.75,6.7,6.38,6.52,6.3,6.3,6.45,6.42,6.89,6.47,6.5
54105,6.08,6.23,6.72,6.42,6.35,6.18,6.15,5.98,6.18,6.47,6.94,6.65,6.42,6.72,6.75,6.7,6.38,6.52,6.3,6.3,6.45,6.42,6.89,6.47,6.5
54107,6.08,6.23,6.72,6.42,6.35,6.18,6.15,5.98,6.18,6.47,6.94,6.65,6.42,6.72,6.75,6.7,6.38,6.52,6.3,6.3,6.45,6.42,6.89,6.47,6.5
54109,6.08,6.23,6.72,6.42,6.35,6.18,6.15,5.98,6.18,6.47,6.94,6.65,6.42,6.72,6.75,6.7,6.38,6.52,6.3,6.3,6.45,6.42,6.89,6.47,6.5
55001,6.08,6.23,6.72,6.42,6.35,6.18,6.15,5.98,6.18,6.47,6.94,6.65,6.42,6.72,6.75,6.7,6.38,6.52,6.3,6.3,6.45,6.42,6.89,6.47,6.5
55003,6.08,6.23,6.72,6.42,6.35,6.18,6.15,5.98,6.18,6.47,6.94,6.65,6.42,6.72,6.75,6.7,6.38,6.52,6.3,6.3,6.45,6.42,6.89,6.47,6.5
55005,6.08,6.23,6.72,6.42,6.35,6.18,6.15,5.98,6.18,6.47,6.94,6.65,6.42,6.72,6.75,6.7,6.38,6.52,6.3,6.3,6.45,6.42,6.89,6.47,6.5
55007,6.08,6.23,6.72,6.42,6.35,6.18,6.15,5.98,6.18,6.47,6.94,6.65,6.42,6.72,6.75,6.7,6.38,6.52,6.3,6.3,6.45,6.42,6.89,6.47,6.5
55009,6.08,6.23,6.72,6.42,6.35,6.18,6.15,5.98,6.18,6.47,6.94,6.65,6.42,6.72,6.75,6.7,6.38,6.52,6.3,6.3,6.45,6.42,6.89,6.47,6.5
55011,6.08,6.23,6.72,6.42,6.35,6.18,6.15,5.98,6.18,6.47,6.94,6.65,6.42,6.72,6.75,6.7,6.38,6.52,6.3,6.3,6.45,6.42,6.89,6.47,6.5
55013,6.08,6.23,6.72,6.42,6.35,6.18,6.15,5.98,6.18,6.47,6.94,6.65,6.42,6.72,6.75,6.7,6.38,6.52,6.3,6.3,6.45,6.42,6.89,6.47,6.5
55015,6.08,6.23,6.72,6.42,6.35,6.18,6.15,5.98,6.18,6.47,6.94,6.65,6.42,6.72,6.75,6.7,6.38,6.52,6.3,6.3,6.45,6.42,6.89,6.47,6.5
55017,6.08,6.23,6.72,6.42,6.35,6.18,6.15,5.98,6.18,6.47,6.94,6.65,6.42,6.72,6.75,6.7,6.38,6.52,6.3,6.3,6.45,6.42,6.89,6.47,6.5
55019,6.08,6.23,6.72,6.42,6.35,6.18,6.15,5.98,6.18,6.47,6.94,6.65,6.42,6.72,6.75,6.7,6.38,6.52,6.3,6.3,6.45,6.42,6.89,6.47,6.5
55021,6.08,6.23,6.72,6.42,6.35,6.18,6.15,5.98,6.18,6.47,6.94,6.65,6.42,6.72,6.75,6.7,6.38,6.52,6.3,6.3,6.45,6.42,6.89,6.47,6.5
55023,6.08,6.23,6.72,6.42,6.35,6.18,6.15,5.98,6.18,6.47,6.94,6.65,6.42,6.72,6.75,6.7,6.38,6.52,6.3,6.3,6.45,6.42,6.89,6.47,6.5
55025,6.08,6.23,6.72,6.42,6.35,6.18,6.15,5.98,6.18,6.47,6.94,6.65,6.42,6.72,6.75,6.7,6.38,6.52,6.3,6.3,6.45,6.42,6.89,6.47,6.5
55027,6.08,6.23,6.72,6.42,6.35,6.18,6.15,5.98,6.18,6.47,6.94,6.65,6.42,6.72,6.75,6.7,6.38,6.52,6.3,6.3,6.45,6.42,6.89,6.47,6.5
55029,6.08,6.23,6.72,6.42,6.35,6.18,6.15,5.98,6.18,6.47,6.94,6.65,6.42,6.72,6.75,6.7,6.38,6.52,6.3,6.3,6.45,6.42,6.89,6.47,6.5
55031,6.08,6.23,6.72,6.42,6.35,6.18,6.15,5.98,6.18,6.47,6.94,6.65,6.42,6.72,6.75,6.7,6.38,6.52,6.3,6.3,6.45,6.42,6.89,6.47,6.5
55033,6.08,6.23,6.72,6.42,6.35,6.18,6.15,5.98,6.18,6.47,6.94,6.65,6.42,6.72,6.75,6.7,6.38,6.52,6.3,6.3,6.45,6.42,6.89,6.47,6.5
55035,6.08,6.23,6.72,6.42,6.35,6.18,6.15,5.98,6.18,6.47,6.94,6.65,6.42,6.72,6.75,6.7,6.38,6.52,6.3,6.3,6.45,6.42,6.89,6.47,6.5
55037,6.08,6.23,6.72,6.42,6.35,6.18,6.15,5.98,6.18,6.47,6.94,6.65,6.42,6.72,6.75,6.7,6.38,6.52,6.3,6.3,6.45,6.42,6.89,6.47,6.5
55039,6.08,6.23,6.72,6.42,6.35,6.18,6.15,5.98,6.18,6.47,6.94,6.65,6.42,6.72,6.75,6.7,6.38,6.52,6.3,6.3,6.45,6.42,6.89,6.47,6.5
55041,6.08,6.23,6.72,6.42,6.35,6.18,6.15,5.98,6.18,6.47,6.94,6.65,6.42,6.72,6.75,6.7,6.38,6.52,6.3,6.3,6.45,6.42,6.89,6.47,6.5
55043,6.08,6.23,6.72,6.42,6.35,6.18,6.15,5.98,6.18,6.47,6.94,6.65,6.42,6.72,6.75,6.7,6.38,6.52,6.3,6.3,6.45,6.42,6.89,6.47,6.5
55045,6.08,6.23,6.72,6.42,6.35,6.18,6.15,5.98,6.18,6.47,6.94,6.65,6.42,6.72,6.75,6.7,6.38,6.52,6.3,6.3,6.45,6.42,6.89,6.47,6.5
55047,6.08,6.23,6.72,6.42,6.35,6.18,6.15,5.98,6.18,6.47,6.94,6.65,6.42,6.72,6.75,6.7,6.38,6.52,6.3,6.3,6.45,6.42,6.89,6.47,6.5
55049,6.08,6.23,6.72,6.42,6.35,6.18,6.15,5.98,6.18,6.47,6.94,6.65,6.42,6.72,6.75,6.7,6.38,6.52,6.3,6.3,6.45,6.42,6.89,6.47,6.5
55051,6.08,6.23,6.72,6.42,6.35,6.18,6.15,5.98,6.18,6.47,6.94,6.65,6.42,6.72,6.75,6.7,6.38,6.52,6.3,6.3,6.45,6.42,6.89,6.47,6.5
55053,6.08,6.23,6.72,6.42,6.35,6.18,6.15,5.98,6.18,6.47,6.94,6.65,6.42,6.72,6.75,6.7,6.38,6.52,6.3,6.3,6.45,6.42,6.89,6.47,6.5
55055,6.08,6.23,6.72,6.42,6.35,6.18,6.15,5.98,6.18,6.47,6.94,6.65,6.42,6.72,6.75,6.7,6.38,6.52,6.3,6.3,6.45,6.42,6.89,6.47,6.5
55057,6.08,6.23,6.72,6.42,6.35,6.18,6.15,5.98,6.18,6.47,6.94,6.65,6.42,6.72,6.75,6.7,6.38,6.52,6.3,6.3,6.45,6.42,6.89,6.47,6.5
55059,6.08,6.23,6.72,6.42,6.35,6.18,6.15,5.98,6.18,6.47,6.94,6.65,6.42,6.72,6.75,6.7,6.38,6.52,6.3,6.3,6.45,6.42,6.89,6.47,6.5
55061,6.08,6.23,6.72,6.42,6.35,6.18,6.15,5.98,6.18,6.47,6.94,6.65,6.42,6.72,6.75,6.7,6.38,6.52,6.3,6.3,6.45,6.42,6.89,6.47,6.5
55063,6.08,6.23,6.72,6.42,6.35,6.18,6.15,5.98,6.18,6.47,6.94,6.65,6.42,6.72,6.75,6.7,6.38,6.52,6.3,6.3,6.45,6.42,6.89,6.47,6.5
55065,6.08,6.23,6.72,6.42,6.35,6.18,6.15,5.98,6.18,6.47,6.94,6.65,6.42,6.72,6.75,6.7,6.38,6.52,6.3,6.3,6.45,6.42,6.89,6.47,6.5
55067,6.08,6.23,6.72,6.42,6.35,6.18,6.15,5.98,6.18,6.47,6.94,6.65,6.42,6.72,6.75,6.7,6.38,6.52,6.3,6.3,6.45,6.42,6.89,6.47,6.5
55069,6.08,6.23,6.72,6.42,6.35,6.18,6.15,5.98,6.18,6.47,6.94,6.65,6.42,6.72,6.75,6.7,6.38,6.52,6.3,6.3,6.45,6.42,6.89,6.47,6.5
55071,6.08,6.23,6.72,6.42,6.35,6.18,6.15,5.98,6.18,6.47,6.94,6.65,6.42,6.72,6.75,6.7,6.38,6.52,6.3,6.3,6.45,6.42,6.89,6.47,6.5
55073,6.08,6.23,6.72,6.42,6.35,6.18,6.15,5.98,6.18,6.47,6.94,6.65,6.42,6.72,6.75,6.7,6.38,6.52,6.3,6.3,6.45,6.42,6.89,6.47,6.5
55075,6.08,6.23,6.72,6.42,6.35,6.18,6.15,5.98,6.18,6.47,6.94,6.65,6.42,6.72,6.75,6.7,6.38,6.52,6.3,6.3,6.45,6.42,6.89,6.47,6.5
55077,6.08,6.23,6.72,6.42,6.35,6.18,6.15,5.98,6.18,6.47,6.94,6.65,6.42,6.72,6.75,6.7,6.38,6.52,6.3,6.3,6.45,6.42,6.89,6.47,6.5
55078,6.08,6.23,6.72,6.42,6.35,6.18,6.15,5.98,6.18,6.47,6.94,6.65,6.42,6.72,6.75,6.7,6.38,6.52,6.3,6.3,6.45,6.42,6.89,6.47,6.5
55079,6.08,6.23,6.72,6.42,6.35,6.18,6.15,5.98,6.18,6.47,6.94,6.65,6.42,6.72,6.75,6.7,6.38,6.52,6.3,6.3,6.45,6.42,6.89,6.47,6.5
55081,6.08,6.23,6.72,6.42,6.35,6.18,6.15,5.98,6.18,6.47,6.94,6.65,6.42,6.72,6.75,6.7,6.38,6.52,6.3,6.3,6.45,6.42,6.89,6.47,6.5
55083,6.08,6.23,6.72,6.42,6.35,6.18,6.15,5.98,6.18,6.47,6.94,6.65,6.42,6.72,6.75,6.7,6.38,6.52,6.3,6.3,6.45,6.42,6.89,6.47,6.5
55085,6.08,6.23,6.72,6.42,6.35,6.18,6.15,5.98,6.18,6.47,6.94,6.65,6.42,6.72,6.75,6.7,6.38,6.52,6.3,6.3,6.45,6.42,6.89,6.47,6.5
55087,6.08,6.23,6.72,6.42,6.35,6.18,6.15,5.98,6.18,6.47,6.94,6.65,6.42,6.72,6.75,6.7,6.38,6.52,6.3,6.3,6.45,6.42,6.89,6.47,6.5
55089,6.08,6.23,6.72,6.42,6.35,6.18,6.15,5.98,6.18,6.47,6.94,6.65,6.42,6.72,6.75,6.7,6.38,6.52,6.3,6.3,6.45,6.42,6.89,6.47,6.5
55091,6.08,6.23,6.72,6.42,6.35,6.18,6.15,5.98,6.18,6.47,6.94,6.65,6.42,6.72,6.75,6.7,6.38,6.52,6.3,6.3,6.45,6.42,6.89,6.47,6.5
55093,6.08,6.23,6.72,6.42,6.35,6.18,6.15,5.98,6.18,6.47,6.94,6.65,6.42,6.72,6.75,6.7,6.38,6.52,6.3,6.3,6.45,6.42,6.89,6.47,6.5
55095,6.08,6.23,6.72,6.42,6.35,6.18,6.15,5.98,6.18,6.47,6.94,6.65,6.42,6.72,6.75,6.7,6.38,6.52,6.3,6.3,6.45,6.42,6.89,6.47,6.5
55097,6.08,6.23,6.72,6.42,6.35,6.18,6.15,5.98,6.18,6.47,6.94,6.65,6.42,6.72,6.75,6.7,6.38,6.52,6.3,6.3,6.45,6.42,6.89,6.47,6.5
55099,6.08,6.23,6.72,6.42,6.35,6.18,6.15,5.98,6.18,6.47,6.94,6.65,6.42,6.72,6.75,6.7,6.38,6.52,6.3,6.3,6.45,6.42,6.89,6.47,6.5
55101,6.08,6.23,6.72,6.42,6.35,6.18,6.15,5.98,6.18,6.47,6.94,6.65,6.42,6.72,6.75,6.7,6.38,6.52,6.3,6.3,6.45,6.42,6.89,6.47,6.5
55103,6.08,6.23,6.72,6.42,6.35,6.18,6.15,5.98,6.18,6.47,6.94,6.65,6.42,6.72,6.75,6.7,6.38,6.52,6.3,6.3,6.45,6.42,6.89,6.47,6.5
55105,6.08,6.23,6.72,6.42,6.35,6.18,6.15,5.98,6.18,6.47,6.94,6.65,6.42,6.72,6.75,6.7,6.38,6.52,6.3,6.3,6.45,6.42,6.89,6.47,6.5
55107,6.08,6.23,6.72,6.42,6.35,6.18,6.15,5.98,6.18,6.47,6.94,6.65,6.42,6.72,6.75,6.7,6.38,6.52,6.3,6.3,6.45,6.42,6.89,6.47,6.5
55109,6.08,6.23,6.72,6.42,6.35,6.18,6.15,5.98,6.18,6.47,6.94,6.65,6.42,6.72,6.75,6.7,6.38,6.52,6.3,6.3,6.45,6.42,6.89,6.47,6.5
55111,6.08,6.23,6.72,6.42,6.35,6.18,6.15,5.98,6.18,6.47,6.94,6.65,6.42,6.72,6.75,6.7,6.38,6.52,6.3,6.3,6.45,6.42,6.89,6.47,6.5
55113,6.08,6.23,6.72,6.42,6.35,6.18,6.15,5.98,6.18,6.47,6.94,6.65,6.42,6.72,6.75,6.7,6.38,6.52,6.3,6.3,6.45,6.42,6.89,6.47,6.5
55115,6.08,6.23,6.72,6.42,6.35,6.18,6.15,5.98,6.18,6.47,6.94,6.65,6.42,6.72,6.75,6.7,6.38,6.52,6.3,6.3,6.45,6.42,6.89,6.47,6.5
55117,6.08,6.23,6.72,6.42,6.35,6.18,6.15,5.98,6.18,6.47,6.94,6.65,6.42,6.72,6.75,6.7,6.38,6.52,6.3,6.3,6.45,6.42,6.89,6.47,6.5
55119,6.08,6.23,6.72,6.42,6.35,6.18,6.15,5.98,6.18,6.47,6.94,6.65,6.42,6.72,6.75,6.7,6.38,6.52,6.3,6.3,6.45,6.42,6.89,6.47,6.5
55121,6.08,6.23,6.72,6.42,6.35,6.18,6.15,5.98,6.18,6.47,6.94,6.65,6.42,6.72,6.75,6.7,6.38,6.52,6.3,6.3,6.45,6.42,6.89,6.47,6.5
55123,6.08,6.23,6.72,6.42,6.35,6.18,6.15,5.98,6.18,6.47,6.94,6.65,6.42,6.72,6.75,6.7,6.38,6.52,6.3,6.3,6.45,6.42,6.89,6.47,6.5
55125,6.08,6.23,6.72,6.42,6.35,6.18,6.15,5.98,6.18,6.47,6.94,6.65,6.42,6.72,6.75,6.7,6.38,6.52,6.3,6.3,6.45,6.42,6.89,6.47,6.5
55127,6.08,6.23,6.72,6.42,6.35,6.18,6.15,5.98,6.18,6.47,6.94,6.65,6.42,6.72,6.75,6.7,6.38,6.52,6.3,6.3,6.45,6.42,6.89,6.47,6.5
55129,6.08,6.23,6.72,6.42,6.35,6.18,6.15,5.98,6.18,6.47,6.94,6.65,6.42,6.72,6.75,6.7,6.38,6.52,6.3,6.3,6.45,6.42,6.89,6.47,6.5
55131,6.08,6.23,6.72,6.42,6.35,6.18,6.15,5.98,6.18,6.47,6.94,6.65,6.42,6.72,6.75,6.7,6.38,6.52,6.3,6.3,6.45,6.42,6.89,6.47,6.5
55133,6.08,6.23,6.72,6.42,6.35,6.18,6.15,5.98,6.18,6.47,6.94,6.65,6.42,6.72,6.75,6.7,6.38,6.52,6.3,6.3,6.45,6.42,6.89,6.47,6.5
55135,6.08,6.23,6.72,6.42,6.35,6.18,6.15,5.98,6.18,6.47,6.94,6.65,6.42,6.72,6.75,6.7,6.38,6.52,6.3,6.3,6.45,6.42,6.89,6.47,6.5
55137,6.08,6.23,6.72,6.42,6.35,6.18,6.15,5.98,6.18,6.47,6.94,6.65,6.42,6.72,6.75,6.7,6.38,6.52,6.3,6.3,6.45,6.42,6.89,6.47,6.5
55139,6.08,6.23,6.72,6.42,6.35,6.18,6.15,5.98,6.18,6.47,6.94,6.65,6.42,6.72,6.75,6.7,6.38,6.52,6.3,6.3,6.45,6.42,6.89,6.47,6.5
55141,6.08,6.23,6.72,6.42,6.35,6.18,6.15,5.98,6.18,6.47,6.94,6.65,6.42,6.72,6.75,6.7,6.38,6.52,6.3,6.3,6.45,6.42,6.89,6.47,6.5
56001,6.08,6.23,6.72,6.42,6.35,6.18,6.15,5.98,6.18,6.47,6.94,6.65,6.42,6.72,6.75,6.7,6.38,6.52,6.3,6.3,6.45,6.42,6.89,6.47,6.5
56003,6.08,6.23,6.72,6.42,6.35,6.18,6.15,5.98,6.18,6.47,6.94,6.65,6.42,6.72,6.75,6.7,6.38,6.52,6.3,6.3,6.45,6.42,6.89,6.47,6.5
56005,6.08,6.23,6.72,6.42,6.35,6.18,6.15,5.98,6.18,6.47,6.94,6.65,6.42,6.72,6.75,6.7,6.38,6.52,6.3,6.3,6.45,6.42,6.89,6.47,6.5
56007,6.08,6.23,6.72,6.42,6.35,6.18,6.15,5.98,6.18,6.47,6.94,6.65,6.42,6.72,6.75,6.7,6.38,6.52,6.3,6.3,6.45,6.42,6.89,6.47,6.5
56009,6.08,6.23,6.72,6.42,6.35,6.18,6.15,5.98,6.18,6.47,6.94,6.65,6.42,6.72,6.75,6.7,6.38,6.52,6.3,6.3,6.45,6.42,6.89,6.47,6.5
56011,6.08,6.23,6.72,6.42,6.35,6.18,6.15,5.98,6.18,6.47,6.94,6.65,6.42,6.72,6.75,6.7,6.38,6.52,6.3,6.3,6.45,6.42,6.89,6.47,6.5
56013,6.08,6.23,6.72,6.42,6.35,6.18,6.15,5.98,6.18,6.47,6.94,6.65,6.42,6.72,6.75,6.7,6.38,6.52,6.3,6.3,6.45,6.42,6.89,6.47,6.5
56015,6.08,6.23,6.72,6.42,6.35,6.18,6.15,5.98,6.18,6.47,6.94,6.65,6.42,6.72,6.75,6.7,6.38,6.52,6.3,6.3,6.45,6.42,6.89,6.47,6.5
56017,6.08,6.23,6.72,6.42,6.35,6.18,6.15,5.98,6.18,6.47,6.94,6.65,6.42,6.72,6.75,6.7,6.38,6.52,6.3,6.3,6.45,6.42,6.89,6.47,6.5
56019,6.08,6.23,6.72,6.42,6.35,6.18,6.15,5.98,6.18,6.47,6.94,6.65,6.42,6.72,6.75,6.7,6.38,6.52,6.3,6.3,6.45,6.42,6.89,6.47,6.5
56021,6.08,6.23,6.72,6.42,6.35,6.18,6.15,5.98,6.18,6.47,6.94,6.65,6.42,6.72,6.75,6.7,6.38,6.52,6.3,6.3,6.45,6.42,6.89,6.47,6.5
56023,6.08,6.23,6.72,6.42,6.35,6.18,6.15,5.98,6.18,6.47,6.94,6.65,6.42,6.72,6.75,6.7,6.38,6.52,6.3,6.3,6.45,6.42,6.89,6.47,6.5
56025,6.08,6.23,6.72,6.42,6.35,6.18,6.15,5.98,6.18,6.47,6.94,6.65,6.42,6.72,6.75,6.7,6.38,6.52,6.3,6.3,6.45,6.42,6.89,6.47,6.5
56027,6.08,6.23,6.72,6.42,6.35,6.18,6.15,5.98,6.18,6.47,6.94,6.65,6.42,6.72,6.75,6.7,6.38,6.52,6.3,6.3,6.45,6.42,6.89,6.47,6.5
56029,6.08,6.23,6.72,6.42,6.35,6.18,6.15,5.98,6.18,6.47,6.94,6.65,6.42,6.72,6.75,6.7,6.38,6.52,6.3,6.3,6.45,6.42,6.89,6.47,6.5
56031,6.08,6.23,6.72,6.42,6.35,6.18,6.15,5.98,6.18,6.47,6.94,6.65,6.42,6.72,6.75,6.7,6.38,6.52,6.3,6.3,6.45,6.42,6.89,6.47,6.5
56033,6.08,6.23,6.72,6.42,6.35,6.18,6.15,5.98,6.18,6.47,6.94,6.65,6.42,6.72,6.75,6.7,6.38,6.52,6.3,6.3,6.45,6.42,6.89,6.47,6.5
56035,6.08,6.23,6.72,6.42,6.35,6.18,6.15,5.98,6.18,6.47,6.94,6.65,6.42,6.72,6.75,6.7,6.38,6.52,6.3,6.3,6.45,6.42,6.89,6.47,6.5
56037,6.08,6.23,6.72,6.42,6.35,6.18,6.15,5.98,6.18,6.47,6.94,6.65,6.42,6.72,6.75,6.7,6.38,6.52,6.3,6.3,6.45,6.42,6.89,6.47,6.5
56039,6.08,6.23,6.72,6.42,6.35,6.18,6.15,5.98,6.18,6.47,6.94,6.65,6.42,6.72,6.75,6.7,6.38,6.52,6.3,6.3,6.45,6.42,6.89,6.47,6.5
56041,6.08,6.23,6.72,6.42,6.35,6.18,6.15,5.98,6.18,6.47,6.94,6.65,6.42,6.72,6.75,6.7,6.38,6.52,6.3,6.3,6.45,6.42,6.89,6.47,6.5
56043,6.08,6.23,6.72,6.42,6.35,6.18,6.15,5.98,6.18,6.47,6.94,6.65,6.42,6.72,6.75,6.7,6.38,6.52,6.3,6.3,6.45,6.42,6.89,6.47,6.5
56045,6.08,6.23,6.72,6.42,6.35,6.18,6.15,5.98,6.18,6.47,6.94,6.65,6.42,6.72,6.75,6.7,6.38,6.52,6.3,6.3,6.45,6.42,6.89,6.47,6.5