fips,2000,2001,2002,2003,2004,2005,2006,2007,2008,2009,2010,2011,2012,2013,2014,2015,2016,2017,2018,2019,2020,2021,2022,2023,2024
01,34.644036,35.990556,40.991916,40.116678,39.328002,39.318384,39.81852,40.8765,39.491508,38.52009,41.40549,37.94301,38.750922,38.510472,39.28953,41.30931,41.241984,43.213674,39.222204,37.587144,39.328002,37.212042,37.183188,37.26975,38.27964
01001,34.644036,35.990556,40.991916,40.116678,39.328002,39.318384,39.81852,40.8765,39.491508,38.52009,41.40549,37.94301,38.750922,38.510472,39.28953,41.30931,41.241984,43.213674,39.222204,37.587144,39.328002,37.212042,37.183188,37.26975,38.27964
01003,34.644036,35.990556,40.991916,40.116678,39.328002,39.318384,39.81852,40.8765,39.491508,38.52009,41.40549,37.94301,38.750922,38.510472,39.28953,41.30931,41.241984,43.213674,39.222204,37.587144,39.328002,37.212042,37.183188,37.26975,38.27964
01005,34.644036,35.990556,40.991916,40.116678,39.328002,39.318384,39.81852,40.8765,39.491508,38.52009,41.40549,37.94301,38.750922,38.510472,39.28953,41.30931,41.241984,43.213674,39.222204,37.587144,39.328002,37.212042,37.183188,37.26975,38.27964
01007,34.644036,35.990556,40.991916,40.116678,39.328002,39.318384,39.81852,40.8765,39.491508,38.52009,41.40549,37.94301,38.750922,38.510472,39.28953,41.30931,41.241984,43.213674,39.222204,37.587144,39.328002,37.212042,37.183188,37.26975,38.27964
01009,34.644036,35.990556,40.991916,40.116678,39.328002,39.318384,39.81852,40.8765,39.491508,38.52009,41.40549,37.94301,38.750922,38.510472,39.28953,41.30931,41.241984,43.213674,39.222204,37.587144,39.328002,37.212042,37.183188,37.26975,38.27964
01011,34.644036,35.990556,40.991916,40.116678,39.328002,39.318384,39.81852,40.8765,39.491508,38.52009,41.40549,37.94301,38.750922,38.510472,39.28953,41.30931,41.241984,43.213674,39.222204,37.587144,39.328002,37.212042,37.183188,37.26975,38.27964
01013,34.644036,35.990556,40.991916,40.116678,39.328002,39.318384,39.81852,40.8765,39.491508,38.52009,41.40549,37.94301,38.750922,38.510472,39.28953,41.30931,41.241984,43.213674,39.222204,37.587144,39.328002,37.212042,37.183188,37.26975,38.27964
01015,34.644036,35.990556,40.991916,40.116678,39.328002,39.318384,39.81852,40.8765,39.491508,38.52009,41.40549,37.94301,38.750922,38.510472,39.28953,41.30931,41.241984,43.213674,39.222204,37.587144,39.328002,37.212042,37.183188,37.26975,38.27964
01017,34.644036,35.990556,40.991916,40.116678,39.328002,39.318384,39.81852,40.8765,39.491508,38.52009,41.40549,37.94301,38.750922,38.510472,39.28953,41.30931,41.241984,43.213674,39.222204,37.587144,39.328002,37.212042,37.183188,37.26975,38.27964
01019,34.644036,35.990556,40.991916,40.116678,39.328002,39.318384,39.81852,40.8765,39.491508,38.52009,41.40549,37.94301,38.750922,38.510472,39.28953,41.30931,41.241984,43.213674,39.222204,37.587144,39.328002,37.212042,37.183188,37.26975,38.27964
01021,34.644036,35.990556,40.991916,40.116678,39.328002,39.318384,39.81852,40.8765,39.491508,38.52009,41.40549,37.94301,38.750922,38.510472,39.28953,41.30931,41.241984,43.213674,39.222204,37.587144,39.328002,37.212042,37.183188,37.26975,38.27964
01023,34.644036,35.990556,40.991916,40.116678,39.328002,39.318384,39.81852,40.8765,39.491508,38.52009,41.40549,37.94301,38.750922,38.510472,39.28953,41.30931,41.241984,43.213674,39.222204,37.587144,39.328002,37.212042,37.183188,37.26975,38.27964
01025,34.644036,35.990556,40.991916,40.116678,39.328002,39.318384,39.81852,40.8765,39.491508,38.52009,41.40549,37.94301,38.750922,38.510472,39.28953,41.30931,41.241984,43.213674,39.222204,37.587144,39.328002,37.212042,37.183188,37.26975,38.27964
01027,34.644036,35.990556,40.991916,40.116678,39.328002,39.318384,39.81852,40.8765,39.491508,38.52009,41.40549,37.94301,38.750922,38.510472,39.28953,41.30931,41.241984,43.213674,39.222204,37.587144,39.328002,37.212042,37.183188,37.26975,38.27964
01029,34.644036,35.990556,40.991916,40.116678,39.328002,39.318384,39.81852,40.8765,39.491508,38.52009,41.40549,37.94301,38.750922,38.510472,39.28953,41.30931,41.241984,43.213674,39.222204,37.587144,39.328002,37.212042,37.183188,37.26975,38.27964
01031,34.644036,35.990556,40.991916,40.116678,39.328002,39.318384,39.81852,40.8765,39.491508,38.52009,41.40549,37.94301,38.750922,38.510472,39.28953,41.30931,41.241984,43.213674,39.222204,37.587144,39.328002,37.212042,37.183188,37.26975,38.27964
01033,34.644036,35.990556,40.991916,40.116678,39.328002,39.318384,39.81852,40.8765,39.491508,38.52009,41.40549,37.94301,38.750922,38.510472,39.28953,41.30931,41.241984,43.213674,39.222204,37.587144,39.328002,37.212042,37.183188,37.26975,38.27964
01035,34.644036,35.990556,40.991916,40.116678,39.328002,39.318384,39.81852,40.8765,39.491508,38.52009,41.40549,37.94301,38.750922,38.510472,39.28953,41.30931,41.241984,43.213674,39.222204,37.587144,39.328002,37.212042,37.183188,37.26975,38.27964
01037,34.644036,35.990556,40.991916,40.116678,39.328002,39.318384,39.81852,40.8765,39.491508,38.52009,41.40549,37.94301,38.750922,38.510472,39.28953,41.30931,41.241984,43.213674,39.222204,37.587144,39.328002,37.212042,37.183188,37.26975,38.27964
01039,34.644036,35.990556,40.991916,40.116678,39.328002,39.318384,39.81852,40.8765,39.491508,38.52009,41.40549,37.94301,38.750922,38.510472,39.28953,41.30931,41.241984,43.213674,39.222204,37.587144,39.328002,37.212042,37.183188,37.26975,38.27964
01041,34.644036,35.990556,40.991916,40.116678,39.328002,39.318384,39.81852,40.8765,39.491508,38.52009,41.40549,37.94301,38.750922,38.510472,39.28953,41.30931,41.241984,43.213674,39.222204,37.587144,39.328002,37.212042,37.183188,37.26975,38.27964
01043,34.644036,35.990556,40.991916,40.116678,39.328002,39.318384,39.81852,40.8765,39.491508,38.52009,41.40549,37.94301,38.750922,38.510472,39.28953,41.30931,41.241984,43.213674,39.222204,37.587144,39.328002,37.212042,37.183188,37.26975,38.27964
01045,34.644036,35.990556,40.991916,40.116678,39.328002,39.318384,39.81852,40.8765,39.491508,38.52009,41.40549,37.94301,38.750922,38.510472,39.28953,41.30931,41.241984,43.213674,39.222204,37.587144,39.328002,37.212042,37.183188,37.26975,38.27964
01047,34.644036,35.990556,40.991916,40.116678,39.328002,39.318384,39.81852,40.8765,39.491508,38.52009,41.40549,37.94301,38.750922,38.510472,39.28953,41.30931,41.241984,43.213674,39.222204,37.587144,39.328002,37.212042,37.183188,37.26975,38.27964
01049,34.644036,35.990556,40.991916,40.116678,39.328002,39.318384,39.81852,40.8765,39.491508,38.52009,41.40549,37.94301,38.750922,38.510472,39.28953,41.30931,41.241984,43.213674,39.222204,37.587144,39.328002,37.212042,37.183188,37.26975,38.27964
01051,34.644036,35.990556,40.991916,40.116678,39.328002,39.318384,39.81852,40.8765,39.491508,38.52009,41.40549,37.94301,38.750922,38.510472,39.28953,41.30931,41.241984,43.213674,39.222204,37.587144,39.328002,37.212042,37.183188,37.26975,38.27964
01053,34.644036,35.990556,40.991916,40.116678,39.328002,39.318384,39.81852,40.8765,39.491508,38.52009,41.40549,37.94301,38.750922,38.510472,39.28953,41.30931,41.241984,43.213674,39.222204,37.587144,39.328002,37.212042,37.183188,37.26975,38.27964
01055,34.644036,35.990556,40.991916,40.116678,39.328002,39.318384,39.81852,40.8765,39.491508,38.52009,41.40549,37.94301,38.750922,38.510472,39.28953,41.30931,41.241984,43.213674,39.222204,37.587144,39.328002,37.212042,37.183188,37.26975,38.27964
01057,34.644036,35.990556,40.991916,40.116678,39.328002,39.318384,39.81852,40.8765,39.491508,38.52009,41.40549,37.94301,38.750922,38.510472,39.28953,41.30931,41.241984,43.213674,39.222204,37.587144,39.328002,37.212042,37.183188,37.26975,38.27964
01059,34.644036,35.990556,40.991916,40.116678,39.328002,39.318384,39.81852,40.8765,39.491508,38.52009,41.40549,37.94301,38.750922,38.510472,39.28953,41.30931,41.241984,43.213674,39.222204,37.587144,39.328002,37.212042,37.183188,37.26975,38.27964
01061,34.644036,35.990556,40.991916,40.116678,39.328002,39.318384,39.81852,40.8765,39.491508,38.52009,41.40549,37.94301,38.750922,38.510472,39.28953,41.30931,41.241984,43.213674,39.222204,37.587144,39.328002,37.212042,37.183188,37.26975,38.27964
01063,34.644036,35.990556,40.991916,40.116678,39.328002,39.318384,39.81852,40.8765,39.491508,38.52009,41.40549,37.94301,38.750922,38.510472,39.28953,41.30931,41.241984,43.213674,39.222204,37.587144,39.328002,37.212042,37.183188,37.26975,38.27964
01065,34.644036,35.990556,40.991916,40.116678,39.328002,39.318384,39.81852,40.8765,39.491508,38.52009,41.40549,37.94301,38.750922,38.510472,39.28953,41.30931,41.241984,43.213674,39.222204,37.587144,39.328002,37.212042,37.183188,37.26975,38.27964
01067,34.644036,35.990556,40.991916,40.116678,39.328002,39.318384,39.81852,40.8765,39.491508,38.52009,41.40549,37.94301,38.750922,38.510472,39.28953,41.30931,41.241984,43.213674,39.222204,37.587144,39.328002,37.212042,37.183188,37.26975,38.27964
01069,34.644036,35.990556,40.991916,40.116678,39.328002,39.318384,39.81852,40.8765,39.491508,38.52009,41.40549,37.94301,38.750922,38.510472,39.28953,41.30931,41.241984,43.213674,39.222204,37.587144,39.328002,37.212042,37.183188,37.26975,38.27964
01071,34.644036,35.990556,40.991916,40.116678,39.328002,39.318384,39.81852,40.8765,39.491508,38.52009,41.40549,37.94301,38.750922,38.510472,39.28953,41.30931,41.241984,43.213674,39.222204,37.587144,39.328002,37.212042,37.183188,37.26975,38.27964
01073,34.644036,35.990556,40.991916,40.116678,39.328002,39.318384,39.81852,40.8765,39.491508,38.52009,41.40549,37.94301,38.750922,38.510472,39.28953,41.30931,41.241984,43.213674,39.222204,37.587144,39.328002,37.212042,37.183188,37.26975,38.27964
01075,34.644036,35.990556,40.991916,40.116678,39.328002,39.318384,39.81852,40.8765,39.491508,38.52009,41.40549,37.94301,38.750922,38.510472,39.28953,41.30931,41.241984,43.213674,39.222204,37.587144,39.328002,37.212042,37.183188,37.26975,38.27964
01077,34.644036,35.990556,40.991916,40.116678,39.328002,39.318384,39.81852,40.8765,39.491508,38.52009,41.40549,37.94301,38.750922,38.510472,39.28953,41.30931,41.241984,43.213674,39.222204,37.587144,39.328002,37.212042,37.183188,37.26975,38.27964
01079,34.644036,35.990556,40.991916,40.116678,39.328002,39.318384,39.81852,40.8765,39.491508,38.52009,41.40549,37.94301,38.750922,38.510472,39.28953,41.30931,41.241984,43.213674,39.222204,37.587144,39.328002,37.212042,37.183188,37.26975,38.27964
01081,34.644036,35.990556,40.991916,40.116678,39.328002,39.318384,39.81852,40.8765,39.491508,38.52009,41.40549,37.94301,38.750922,38.510472,39.28953,41.30931,41.241984,43.213674,39.222204,37.587144,39.328002,37.212042,37.183188,37.26975,38.27964
01083,34.644036,35.990556,40.991916,40.116678,39.328002,39.318384,39.81852,40.8765,39.491508,38.52009,41.40549,37.94301,38.750922,38.510472,39.28953,41.30931,41.241984,43.213674,39.222204,37.587144,39.328002,37.212042,37.183188,37.26975,38.27964
01085,34.644036,35.990556,40.991916,40.116678,39.328002,39.318384,39.81852,40.8765,39.491508,38.52009,41.40549,37.94301,38.750922,38.510472,39.28953,41.30931,41.241984,43.213674,39.222204,37.587144,39.328002,37.212042,37.183188,37.26975,38.27964
01087,34.644036,35.990556,40.991916,40.116678,39.328002,39.318384,39.81852,40.8765,39.491508,38.52009,41.40549,37.94301,38.750922,38.510472,39.28953,41.30931,41.241984,43.213674,39.222204,37.587144,39.328002,37.212042,37.183188,37.26975,38.27964
01089,34.644036,35.990556,40.991916,40.116678,39.328002,39.318384,39.81852,40.8765,39.491508,38.52009,41.40549,37.94301,38.750922,38.510472,39.28953,41.30931,41.241984,43.213674,39.222204,37.587144,39.328002,37.212042,37.183188,37.26975,38.27964
01091,34.644036,35.990556,40.991916,40.116678,39.328002,39.318384,39.81852,40.8765,39.491508,38.52009,41.40549,37.94301,38.750922,38.510472,39.28953,41.30931,41.241984,43.213674,39.222204,37.587144,39.328002,37.212042,37.183188,37.26975,38.27964
01093,34.644036,35.990556,40.991916,40.116678,39.328002,39.318384,39.81852,40.8765,39.491508,38.52009,41.40549,37.94301,38.750922,38.510472,39.28953,41.30931,41.241984,43.213674,39.222204,37.587144,39.328002,37.212042,37.183188,37.26975,38.27964
01095,34.644036,35.990556,40.991916,40.116678,39.328002,39.318384,39.81852,40.8765,39.491508,38.52009,41.40549,37.94301,38.750922,38.510472,39.28953,41.30931,41.241984,43.213674,39.222204,37.587144,39.328002,37.212042,37.183188,37.26975,38.27964
01097,34.644036,35.990556,40.991916,40.116678,39.328002,39.318384,39.81852,40.8765,39.491508,38.52009,41.40549,37.94301,38.750922,38.510472,39.28953,41.30931,41.241984,43.213674,39.222204,37.587144,39.328002,37.212042,37.183188,37.26975,38.27964
01099,34.644036,35.990556,40.991916,40.116678,39.328002,39.318384,39.81852,40.8765,39.491508,38.52009,41.40549,37.94301,38.750922,38.510472,39.28953,41.30931,41.241984,43.213674,39.222204,37.587144,39.328002,37.212042,37.183188,37.26975,38.27964
01101,34.644036,35.990556,40.991916,40.116678,39.328002,39.318384,39.81852,40.8765,39.491508,38.52009,41.40549,37.94301,38.750922,38.510472,39.28953,41.30931,41.241984,43.213674,39.222204,37.587144,39.328002,37.212042,37.183188,37.26975,38.27964
01103,34.644036,35.990556,40.991916,40.116678,39.328002,39.318384,39.81852,40.8765,39.491508,38.52009,41.40549,37.94301,38.750922,38.510472,39.28953,41.30931,41.241984,43.213674,39.222204,37.587144,39.328002,37.212042,37.183188,37.26975,38.27964
01105,34.644036,35.990556,40.991916,40.116678,39.328002,39.318384,39.81852,40.8765,39.491508,38.52009,41.40549,37.94301,38.750922,38.510472,39.28953,41.30931,41.241984,43.213674,39.222204,37.587144,39.328002,37.212042,37.183188,37.26975,38.27964
01107,34.644036,35.990556,40.991916,40.116678,39.328002,39.318384,39.81852,40.8765,39.491508,38.52009,41.40549,37.94301,38.750922,38.510472,39.28953,41.30931,41.241984,43.213674,39.222204,37.587144,39.328002,37.212042,37.183188,37.26975,38.27964
01109,34.644036,35.990556,40.991916,40.116678,39.328002,39.318384,39.81852,40.8765,39.491508,38.52009,41.40549,37.94301,38.750922,38.510472,39.28953,41.30931,41.241984,43.213674,39.222204,37.587144,39.328002,37.212042,37.183188,37.26975,38.27964
01111,34.644036,35.990556,40.991916,40.116678,39.328002,39.318384,39.81852,40.8765,39.491508,38.52009,41.40549,37.94301,38.750922,38.510472,39.28953,41.30931,41.241984,43.213674,39.222204,37.587144,39.328002,37.212042,37.183188,37.26975,38.27964
01113,34.644036,35.990556,40.991916,40.116678,39.328002,39.318384,39.81852,40.8765,39.491508,38.52009,41.40549,37.94301,38.750922,38.510472,39.28953,41.30931,41.241984,43.213674,39.222204,37.587144,39.328002,37.212042,37.183188,37.26975,38.27964
01115,34.644036,35.990556,40.991916,40.116678,39.328002,39.318384,39.81852,40.8765,39.491508,38.52009,41.40549,37.94301,38.750922,38.510472,39.28953,41.30931,41.241984,43.213674,39.222204,37.587144,39.328002,37.212042,37.183188,37.26975,38.27964
01117,34.644036,35.990556,40.991916,40.116678,39.328002,39.318384,39.81852,40.8765,39.491508,38.52009,41.40549,37.94301,38.750922,38.510472,39.28953,41.30931,41.241984,43.213674,39.222204,37.587144,39.328002,37.212042,37.183188,37.26975,38.27964
01119,34.644036,35.990556,40.991916,40.116678,39.328002,39.318384,39.81852,40.8765,39.491508,38.52009,41.40549,37.94301,38.750922,38.510472,39.28953,41.30931,41.241984,43.213674,39.222204,37.587144,39.328002,37.212042,37.183188,37.26975,38.27964
01121,34.644036,35.990556,40.991916,40.116678,39.328002,39.318384,39.81852,40.8765,39.491508,38.52009,41.40549,37.94301,38.750922,38.510472,39.28953,41.30931,41.241984,43.213674,39.222204,37.587144,39.328002,37.212042,37.183188,37.26975,38.27964
01123,34.644036,35.990556,40.991916,40.116678,39.328002,39.318384,39.81852,40.8765,39.491508,38.52009,41.40549,37.94301,38.750922,38.510472,39.28953,41.30931,41.241984,43.213674,39.222204,37.587144,39.328002,37.212042,37.183188,37.26975,38.27964
01125,34.644036,35.990556,40.991916,40.116678,39.328002,39.318384,39.81852,40.8765,39.491508,38.52009,41.40549,37.94301,38.750922,38.510472,39.28953,41.30931,41.241984,43.213674,39.222204,37.587144,39.328002,37.212042,37.183188,37.26975,38.27964
01127,34.644036,35.990556,40.991916,40.116678,39.328002,39.318384,39.81852,40.8765,39.491508,38.52009,41.40549,37.94301,38.750922,38.510472,39.28953,41.30931,41.241984,43.213674,39.222204,37.587144,39.328002,37.212042,37.183188,37.26975,38.27964
01129,34.644036,35.990556,40.991916,40.116678,39.328002,39.318384,39.81852,40.8765,39.491508,38.52009,41.40549,37.94301,38.750922,38.510472,39.28953,41.30931,41.241984,43.213674,39.222204,37.587144,39.328002,37.212042,37.183188,37.26975,38.27964
01131,34.644036,35.990556,40.991916,40.116678,39.328002,39.318384,39.81852,40.8765,39.491508,38.52009,41.40549,37.94301,38.750922,38.510472,39.28953,41.30931,41.241984,43.213674,39.222204,37.587144,39.328002,37.212042,37.183188,37.26975,38.27964
01133,34.644036,35.990556,40.991916,40.116678,39.328002,39.318384,39.81852,40.8765,39.491508,38.52009,41.40549,37.94301,38.750922,38.510472,39.28953,41.30931,41.241984,43.213674,39.222204,37.587144,39.328002,37.212042,37.183188,37.26975,38.27964
04001,34.644036,35.990556,40.991916,40.116678,39.328002,39.318384,39.81852,40.8765,39.491508,38.52009,41.40549,37.94301,38.750922,38.510472,39.28953,41.30931,41.241984,43.213674,39.222204,37.587144,39.328002,37.212042,37.183188,37.26975,38.27964
04003,34.644036,35.990556,40.991916,40.116678,39.328002,39.318384,39.81852,40.8765,39.491508,38.52009,41.40549,37.94301,38.750922,38.510472,39.28953,41.30931,41.241984,43.213674,39.222204,37.587144,39.328002,37.212042,37.183188,37.26975,38.27964
04005,34.644036,35.990556,40.991916,40.116678,39.328002,39.318384,39.81852,40.8765,39.491508,38.52009,41.40549,37.94301,38.750922,38.510472,39.28953,41.30931,41.241984,43.213674,39.222204,37.587144,39.328002,37.212042,37.183188,37.26975,38.27964
04007,34.644036,35.990556,40.991916,40.116678,39.328002,39.318384,39.81852,40.8765,39.491508,38.52009,41.40549,37.94301,38.750922,38.510472,39.28953,41.30931,41.241984,43.213674,39.222204,37.587144,39.328002,37.212042,37.183188,37.26975,38.27964
04009,34.644036,35.990556,40.991916,40.116678,39.328002,39.318384,39.81852,40.8765,39.491508,38.52009,41.40549,37.94301,38.750922,38.510472,39.28953,41.30931,41.241984,43.213674,39.222204,37.587144,39.328002,37.212042,37.183188,37.26975,38.27964
04011,34.644036,35.990556,40.991916,40.116678,39.328002,39.318384,39.81852,40.8765,39.491508,38.52009,41.40549,37.94301,38.750922,38.510472,39.28953,41.30931,41.241984,43.213674,39.222204,37.587144,39.328002,37.212042,37.183188,37.26975,38.27964
04012,34.644036,35.990556,40.991916,40.116678,39.328002,39.318384,39.81852,40.8765,39.491508,38.52009,41.40549,37.94301,38.750922,38.510472,39.28953,41.30931,41.241984,43.213674,39.222204,37.587144,39.328002,37.212042,37.183188,37.26975,38.27964
04013,34.644036,35.990556,40.991916,40.116678,39.328002,39.318384,39.81852,40.8765,39.491508,38.52009,41.40549,37.94301,38.750922,38.510472,39.28953,41.30931,41.241984,43.213674,39.222204,37.587144,39.328002,37.212042,37.183188,37.26975,38.27964
04015,34.644036,35.990556,40.991916,40.116678,39.328002,39.318384,39.81852,40.8765,39.491508,38.52009,41.40549,37.94301,38.750922,38.510472,39.28953,41.30931,41.241984,43.213674,39.222204,37.587144,39.328002,37.212042,37.183188,37.26975,38.27964
04017,34.644036,35.990556,40.991916,40.116678,39.328002,39.318384,39.81852,40.8765,39.491508,38.52009,41.40549,37.94301,38.750922,38.510472,39.28953,41.30931,41.241984,43.213674,39.222204,37.587144,39.328002,37.212042,37.183188,37.26975,38.27964
04019,34.644036,35.990556,40.991916,40.116678,39.328002,39.318384,39.81852,40.8765,39.491508,38.52009,41.40549,37.94301,38.750922,38.510472,39.28953,41.30931,41.241984,43.213674,39.222204,37.587144,39.328002,37.212042,37.183188,37.26975,38.27964
04021,34.644036,35.990556,40.991916,40.116678,39.328002,39.318384,39.81852,40.8765,39.491508,38.52009,41.40549,37.94301,38.750922,38.510472,39.28953,41.30931,41.241984,43.213674,39.222204,37.587144,39.328002,37.212042,37.183188,37.26975,38.27964
04023,34.644036,35.990556,40.991916,40.116678,39.328002,39.318384,39.81852,40.8765,39.491508,38.52009,41.40549,37.94301,38.750922,38.510472,39.28953,41.30931,41.241984,43.213674,39.222204,37.587144,39.328002,37.212042,37.183188,37.26975,38.27964
04025,34.644036,35.990556,40.991916,40.116678,39.328002,39.318384,39.81852,40.8765,39.491508,38.52009,41.40549,37.94301,38.750922,38.510472,39.28953,41.30931,41.241984,43.213674,39.222204,37.587144,39.328002,37.212042,37.183188,37.26975,38.27964
04027,34.644036,35.990556,40.991916,40.116678,39.328002,39.318384,39.81852,40.8765,39.491508,38.52009,41.40549,37.94301,38.750922,38.510472,39.28953,41.30931,41.241984,43.213674,39.222204,37.587144,39.328002,37.212042,37.183188,37.26975,38.27964
05001,34.644036,35.990556,40.991916,40.116678,39.328002,39.318384,39.81852,40.8765,39.491508,38.52009,41.40549,37.94301,38.750922,38.510472,39.28953,41.30931,41.241984,43.213674,39.222204,37.587144,39.328002,37.212042,37.183188,37.26975,38.27964
05003,34.644036,35.990556,40.991916,40.116678,39.328002,39.318384,39.81852,40.8765,39.491508,38.52009,41.40549,37.94301,38.750922,38.510472,39.28953,41.30931,41.241984,43.213674,39.222204,37.587144,39.328002,37.212042,37.183188,37.26975,38.27964
05005,34.644036,35.990556,40.991916,40.116678,39.328002,39.318384,39.81852,40.8765,39.491508,38.52009,41.40549,37.94301,38.750922,38.510472,39.28953,41.30931,41.241984,43.213674,39.222204,37.587144,39.328002,37.212042,37.183188,37.26975,38.27964
05007,34.644036,35.990556,40.991916,40.116678,39.328002,39.318384,39.81852,40.8765,39.491508,38.52009,41.40549,37.94301,38.750922,38.510472,39.28953,41.30931,41.241984,43.213674,39.222204,37.587144,39.328002,37.212042,37.183188,37.26975,38.27964
05009,34.644036,35.990556,40.991916,40.116678,39.328002,39.318384,39.81852,40.8765,39.491508,38.52009,41.40549,37.94301,38.750922,38.510472,39.28953,41.30931,41.241984,43.213674,39.222204,37.587144,39.328002,37.212042,37.183188,37.26975,38.27964
05011,34.644036,35.990556,40.991916,40.116678,39.328002,39.318384,39.81852,40.8765,39.491508,38.52009,41.40549,37.94301,38.750922,38.510472,39.28953,41.30931,41.241984,43.213674,39.222204,37.587144,39.328002,37.212042,37.183188,37.26975,38.27964
05013,34.644036,35.990556,40.991916,40.116678,39.328002,39.318384,39.81852,40.8765,39.491508,38.52009,41.40549,37.94301,38.750922,38.510472,39.28953,41.30931,41.241984,43.213674,39.222204,37.587144,39.328002,37.212042,37.183188,37.26975,38.27964
05015,34.644036,35.990556,40.991916,40.116678,39.328002,39.318384,39.81852,40.8765,39.491508,38.52009,41.40549,37.94301,38.750922,38.510472,39.28953,41.30931,41.241984,43.213674,39.222204,37.587144,39.328002,37.212042,37.183188,37.26975,38.27964
05017,34.644036,35.990556,40.991916,40.116678,39.328002,39.318384,39.81852,40.8765,39.491508,38.52009,41.40549,37.94301,38.750922,38.510472,39.28953,41.30931,41.241984,43.213674,39.222204,37.587144,39.328002,37.212042,37.183188,37.26975,38.27964
05019,34.644036,35.990556,40.991916,40.116678,39.328002,39.318384,39.81852,40.8765,39.491508,38.52009,41.40549,37.94301,38.750922,38.510472,39.28953,41.30931,41.241984,43.213674,39.222204,37.587144,39.328002,37.212042,37.183188,37.26975,38.27964
05021,34.644036,35.990556,40.991916,40.116678,39.328002,39.318384,39.81852,40.8765,39.491508,38.52009,41.40549,37.94301,38.750922,38.510472,39.28953,41.30931,41.241984,43.213674,39.222204,37.587144,39.328002,37.212042,37.183188,37.26975,38.27964
05023,34.644036,35.990556,40.991916,40.116678,39.328002,39.318384,39.81852,40.8765,39.491508,38.52009,41.40549,37.94301,38.750922,38.510472,39.28953,41.30931,41.241984,43.213674,39.222204,37.587144,39.328002,37.212042,37.183188,37.26975,38.27964
05025,34.644036,35.990556,40.991916,40.116678,39.328002,39.318384,39.81852,40.8765,39.491508,38.52009,41.40549,37.94301,38.750922,38.510472,39.28953,41.30931,41.241984,43.213674,39.222204,37.587144,39.328002,37.212042,37.183188,37.26975,38.27964
05027,34.644036,35.990556,40.991916,40.116678,39.328002,39.318384,39.81852,40.8765,39.491508,38.52009,41.40549,37.94301,38.750922,38.510472,39.28953,41.30931,41.241984,43.213674,39.222204,37.587144,39.328002,37.212042,37.183188,37.26975,38.27964
05029,34.644036,35.990556,40.991916,40.116678,39.328002,39.318384,39.81852,40.8765,39.491508,38.52009,41.40549,37.94301,38.750922,38.510472,39.28953,41.30931,41.241984,43.213674,39.222204,37.587144,39.328002,37.212042,37.183188,37.26975,38.27964
05031,34.644036,35.990556,40.991916,40.116678,39.328002,39.318384,39.81852,40.8765,39.491508,38.52009,41.40549,37.94301,38.750922,38.510472,39.28953,41.30931,41.241984,43.213674,39.222204,37.587144,39.328002,37.212042,37.183188,37.26975,38.27964
05033,34.644036,35.990556,40.991916,40.116678,39.328002,39.318384,39.81852,40.8765,39.491508,38.52009,41.40549,37.94301,38.750922,38.510472,39.28953,41.30931,41.241984,43.213674,39.222204,37.587144,39.328002,37.212042,37.183188,37.26975,38.27964
05035,34.644036,35.990556,40.991916,40.116678,39.328002,39.318384,39.81852,40.8765,39.491508,38.52009,41.40549,37.94301,38.750922,38.510472,39.28953,41.30931,41.241984,43.213674,39.222204,37.587144,39.328002,37.212042,37.183188,37.26975,38.27964
05037,34.644036,35.990556,40.991916,40.116678,39.328002,39.318384,39.81852,40.8765,39.491508,38.52009,41.40549,37.94301,38.750922,38.510472,39.28953,41.30931,41.241984,43.213674,39.222204,37.587144,39.328002,37.212042,37.183188,37.26975,38.27964
05039,34.644036,35.990556,40.991916,40.116678,39.328002,39.318384,39.81852,40.8765,39.491508,38.52009,41.40549,37.94301,38.750922,38.510472,39.28953,41.30931,41.241984,43.213674,39.222204,37.587144,39.328002,37.212042,37.183188,37.26975,38.27964
05041,34.644036,35.990556,40.991916,40.116678,39.328002,39.318384,39.81852,40.8765,39.491508,38.52009,41.40549,37.94301,38.750922,38.510472,39.28953,41.30931,41.241984,43.213674,39.222204,37.587144,39.328002,37.212042,37.183188,37.26975,38.27964
05043,34.644036,35.990556,40.991916,40.116678,39.328002,39.318384,39.81852,40.8765,39.491508,38.52009,41.40549,37.94301,38.750922,38.510472,39.28953,41.30931,41.241984,43.213674,39.222204,37.587144,39.328002,37.212042,37.183188,37.26975,38.27964
05045,34.644036,35.990556,40.991916,40.116678,39.328002,39.318384,39.81852,40.8765,39.491508,38.52009,41.40549,37.94301,38.750922,38.510472,39.28953,41.30931,41.241984,43.213674,39.222204,37.587144,39.328002,37.212042,37.183188,37.26975,38.27964
05047,34.644036,35.990556,40.991916,40.116678,39.328002,39.318384,39.81852,40.8765,39.491508,38.52009,41.40549,37.94301,38.750922,38.510472,39.28953,41.30931,41.241984,43.213674,39.222204,37.587144,39.328002,37.212042,37.183188,37.26975,38.27964
05049,34.644036,35.990556,40.991916,40.116678,39.328002,39.318384,39.81852,40.8765,39.491508,38.52009,41.40549,37.94301,38.750922,38.510472,39.28953,41.30931,41.241984,43.213674,39.222204,37.587144,39.328002,37.212042,37.183188,37.26975,38.27964
05051,34.644036,35.990556,40.991916,40.116678,39.328002,39.318384,39.81852,40.8765,39.491508,38.52009,41.40549,37.94301,38.750922,38.510472,39.28953,41.30931,41.241984,43.213674,39.222204,37.587144,39.328002,37.212042,37.183188,37.26975,38.27964
05053,34.644036,35.990556,40.991916,40.116678,39.328002,39.318384,39.81852,40.8765,39.491508,38.52009,41.40549,37.94301,38.750922,38.510472,39.28953,41.30931,41.241984,43.213674,39.222204,37.587144,39.328002,37.212042,37.183188,37.26975,38.27964
05055,34.644036,35.990556,40.991916,40.116678,39.328002,39.318384,39.81852,40.8765,39.491508,38.52009,41.40549,37.94301,38.750922,38.510472,39.28953,41.30931,41.241984,43.213674,39.222204,37.587144,39.328002,37.212042,37.183188,37.26975,38.27964
05057,34.644036,35.990556,40.991916,40.116678,39.328002,39.318384,39.81852,40.8765,39.491508,38.52009,41.40549,37.94301,38.750922,38.510472,39.28953,41.30931,41.241984,43.213674,39.222204,37.587144,39.328002,37.212042,37.183188,37.26975,38.27964
05059,34.644036,35.990556,40.991916,40.116678,39.328002,39.318384,39.81852,40.8765,39.491508,38.52009,41.40549,37.94301,38.750922,38.510472,39.28953,41.30931,41.241984,43.213674,39.222204,37.587144,39.328002,37.212042,37.183188,37.26975,38.27964
05061,34.644036,35.990556,40.991916,40.116678,39.328002,39.318384,39.81852,40.8765,39.491508,38.52009,41.40549,37.94301,38.750922,38.510472,39.28953,41.30931,41.241984,43.213674,39.222204,37.587144,39.328002,37.212042,37.183188,37.26975,38.27964
05063,34.644036,35.990556,40.991916,40.116678,39.328002,39.318384,39.81852,40.8765,39.491508,38.52009,41.40549,37.94301,38.750922,38.510472,39.28953,41.30931,41.241984,43.213674,39.222204,37.587144,39.328002,37.212042,37.183188,37.26975,38.27964
05065,34.644036,35.990556,40.991916,40.116678,39.328002,39.318384,39.81852,40.8765,39.491508,38.52009,41.40549,37.94301,38.750922,38.510472,39.28953,41.30931,41.241984,43.213674,39.222204,37.587144,39.328002,37.212042,37.183188,37.26975,38.27964
05067,34.644036,35.990556,40.991916,40.116678,39.328002,39.318384,39.81852,40.8765,39.491508,38.52009,41.40549,37.94301,38.750922,38.510472,39.28953,41.30931,41.241984,43.213674,39.222204,37.587144,39.328002,37.212042,37.183188,37.26975,38.27964
05069,34.644036,35.990556,40.991916,40.116678,39.328002,39.318384,39.81852,40.8765,39.491508,38.52009,41.40549,37.94301,38.750922,38.510472,39.28953,41.30931,41.241984,43.213674,39.222204,37.587144,39.328002,37.212042,37.183188,37.26975,38.27964
05071,34.644036,35.990556,40.991916,40.116678,39.328002,39.318384,39.81852,40.8765,39.491508,38.52009,41.40549,37.94301,38.750922,38.510472,39.28953,41.30931,41.241984,43.213674,39.222204,37.587144,39.328002,37.212042,37.183188,37.26975,38.27964
05073,34.644036,35.990556,40.991916,40.116678,39.328002,39.318384,39.81852,40.8765,39.491508,38.52009,41.40549,37.94301,38.750922,38.510472,39.28953,41.30931,41.241984,43.213674,39.222204,37.587144,39.328002,37.212042,37.183188,37.26975,38.27964
05075,34.644036,35.990556,40.991916,40.116678,39.328002,39.318384,39.81852,40.8765,39.491508,38.52009,41.40549,37.94301,38.750922,38.510472,39.28953,41.30931,41.241984,43.213674,39.222204,37.587144,39.328002,37.212042,37.183188,37.26975,38.27964
05077,34.644036,35.990556,40.991916,40.116678,39.328002,39.318384,39.81852,40.8765,39.491508,38.52009,41.40549,37.94301,38.750922,38.510472,39.28953,41.30931,41.241984,43.213674,39.222204,37.587144,39.328002,37.212042,37.183188,37.26975,38.27964
05079,34.644036,35.990556,40.991916,40.116678,39.328002,39.318384,39.81852,40.8765,39.491508,38.52009,41.40549,37.94301,38.750922,38.510472,39.28953,41.30931,41.241984,43.213674,39.222204,37.587144,39.328002,37.212042,37.183188,37.26975,38.27964
05081,34.644036,35.990556,40.991916,40.116678,39.328002,39.318384,39.81852,40.8765,39.491508,38.52009,41.40549,37.94301,38.750922,38.510472,39.28953,41.30931,41.241984,43.213674,39.222204,37.587144,39.328002,37.212042,37.183188,37.26975,38.27964
05083,34.644036,35.990556,40.991916,40.116678,39.328002,39.318384,39.81852,40.8765,39.491508,38.52009,41.40549,37.94301,38.750922,38.510472,39.28953,41.30931,41.241984,43.213674,39.222204,37.587144,39.328002,37.212042,37.183188,37.26975,38.27964
05085,34.644036,35.990556,40.991916,40.116678,39.328002,39.318384,39.81852,40.8765,39.491508,38.52009,41.40549,37.94301,38.750922,38.510472,39.28953,41.30931,41.241984,43.213674,39.222204,37.587144,39.328002,37.212042,37.183188,37.26975,38.27964
05087,34.644036,35.990556,40.991916,40.116678,39.328002,39.318384,39.81852,40.8765,39.491508,38.52009,41.40549,37.94301,38.750922,38.510472,39.28953,41.30931,41.241984,43.213674,39.222204,37.587144,39.328002,37.212042,37.183188,37.26975,38.27964
05089,34.644036,35.990556,40.991916,40.116678,39.328002,39.318384,39.81852,40.8765,39.491508,38.52009,41.40549,37.94301,38.750922,38.510472,39.28953,41.30931,41.241984,43.213674,39.222204,37.587144,39.328002,37.212042,37.183188,37.26975,38.27964
05091,34.644036,35.990556,40.991916,40.116678,39.328002,39.318384,39.81852,40.8765,39.491508,38.52009,41.40549,37.94301,38.750922,38.510472,39.28953,41.30931,41.241984,43.213674,39.222204,37.587144,39.328002,37.212042,37.183188,37.26975,38.27964
05093,34.644036,35.990556,40.991916,40.116678,39.328002,39.318384,39.81852,40.8765,39.491508,38.52009,41.40549,37.94301,38.750922,38.510472,39.28953,41.30931,41.241984,43.213674,39.222204,37.587144,39.328002,37.212042,37.183188,37.26975,38.27964
05095,34.644036,35.990556,40.991916,40.116678,39.328002,39.318384,39.81852,40.8765,39.491508,38.52009,41.40549,37.94301,38.750922,38.510472,39.28953,41.30931,41.241984,43.213674,39.222204,37.587144,39.328002,37.212042,37.183188,37.26975,38.27964
05097,34.644036,35.990556,40.991916,40.116678,39.328002,39.318384,39.81852,40.8765,39.491508,38.52009,41.40549,37.94301,38.750922,38.510472,39.28953,41.30931,41.241984,43.213674,39.222204,37.587144,39.328002,37.212042,37.183188,37.26975,38.27964
05099,34.644036,35.990556,40.991916,40.116678,39.328002,39.318384,39.81852,40.8765,39.491508,38.52009,41.40549,37.94301,38.750922,38.510472,39.28953,41.30931,41.241984,43.213674,39.222204,37.587144,39.328002,37.212042,37.183188,37.26975,38.27964
05101,34.644036,35.990556,40.991916,40.116678,39.328002,39.318384,39.81852,40.8765,39.491508,38.52009,41.40549,37.94301,38.750922,38.510472,39.28953,41.30931,41.241984,43.213674,39.222204,37.587144,39.328002,37.212042,37.183188,37.26975,38.27964
05103,34.644036,35.990556,40.991916,40.116678,39.328002,39.318384,39.81852,40.8765,39.491508,38.52009,41.40549,37.94301,38.750922,38.510472,39.28953,41.30931,41.241984,43.213674,39.222204,37.587144,39.328002,37.212042,37.183188,37.26975,38.27964
05105,34.644036,35.990556,40.991916,40.116678,39.328002,39.318384,39.81852,40.8765,39.491508,38.52009,41.40549,37.94301,38.750922,38.510472,39.28953,41.30931,41.241984,43.213674,39.222204,37.587144,39.328002,37.212042,37.183188,37.26975,38.27964
05107,34.644036,35.990556,40.991916,40.116678,39.328002,39.318384,39.81852,40.8765,39.491508,38.52009,41.40549,37.94301,38.750922,38.510472,39.28953,41.30931,41.241984,43.213674,39.222204,37.587144,39.328002,37.212042,37.183188,37.26975,38.27964
05109,34.644036,35.990556,40.991916,40.116678,39.328002,39.318384,39.81852,40.8765,39.491508,38.52009,41.40549,37.94301,38.750922,38.510472,39.28953,41.30931,41.241984,43.213674,39.222204,37.587144,39.328002,37.212042,37.183188,37.26975,38.27964
05111,34.644036,35.990556,40.991916,40.116678,39.328002,39.318384,39.81852,40.8765,39.491508,38.52009,41.40549,37.94301,38.750922,38.510472,39.28953,41.30931,41.241984,43.213674,39.222204,37.587144,39.328002,37.212042,37.183188,37.26975,38.27964
05113,34.644036,35.990556,40.991916,40.116678,39.328002,39.318384,39.81852,40.8765,39.491508,38.52009,41.40549,37.94301,38.750922,38.510472,39.28953,41.30931,41.241984,43.213674,39.222204,37.587144,39.328002,37.212042,37.183188,37.26975,38.27964
05115,34.644036,35.990556,40.991916,40.116678,39.328002,39.318384,39.81852,40.8765,39.491508,38.52009,41.40549,37.94301,38.750922,38.510472,39.28953,41.30931,41.241984,43.213674,39.222204,37.587144,39.328002,37.212042,37.183188,37.26975,38.27964
05117,34.644036,35.990556,40.991916,40.116678,39.328002,39.318384,39.81852,40.8765,39.491508,38.52009,41.40549,37.94301,38.750922,38.510472,39.28953,41.30931,41.241984,43.213674,39.222204,37.587144,39.328002,37.212042,37.183188,37.26975,38.27964
05119,34.644036,35.990556,40.991916,40.116678,39.328002,39.318384,39.81852,40.8765,39.491508,38.52009,41.40549,37.94301,38.750922,38.510472,39.28953,41.30931,41.241984,43.213674,39.222204,37.587144,39.328002,37.212042,37.183188,37.26975,38.27964
05121,34.644036,35.990556,40.991916,40.116678,39.328002,39.318384,39.81852,40.8765,39.491508,38.52009,41.40549,37.94301,38.750922,38.510472,39.28953,41.30931,41.241984,43.213674,39.222204,37.587144,39.328002,37.212042,37.183188,37.26975,38.27964
05123,34.644036,35.990556,40.991916,40.116678,39.328002,39.318384,39.81852,40.8765,39.491508,38.52009,41.40549,37.94301,38.750922,38.510472,39.28953,41.30931,41.241984,43.213674,39.222204,37.587144,39.328002,37.212042,37.183188,37.26975,38.27964
05125,34.644036,35.990556,40.991916,40.116678,39.328002,39.318384,39.81852,40.8765,39.491508,38.52009,41.40549,37.94301,38.750922,38.510472,39.28953,41.30931,41.241984,43.213674,39.222204,37.587144,39.328002,37.212042,37.183188,37.26975,38.27964
05127,34.644036,35.990556,40.991916,40.116678,39.328002,39.318384,39.81852,40.8765,39.491508,38.52009,41.40549,37.94301,38.750922,38.510472,39.28953,41.30931,41.241984,43.213674,39.222204,37.587144,39.328002,37.212042,37.183188,37.26975,38.27964
05129,34.644036,35.990556,40.991916,40.116678,39.328002,39.318384,39.81852,40.8765,39.491508,38.52009,41.40549,37.94301,38.750922,38.510472,39.28953,41.30931,41.241984,43.213674,39.222204,37.587144,39.328002,37.212042,37.183188,37.26975,38.27964
05131,34.644036,35.990556,40.991916,40.116678,39.328002,39.318384,39.81852,40.8765,39.491508,38.52009,41.40549,37.94301,38.750922,38.510472,39.28953,41.30931,41.241984,43.213674,39.222204,37.587144,39.328002,37.212042,37.183188,37.26975,38.27964
05133,34.644036,35.990556,40.991916,40.116678,39.328002,39.318384,39.81852,40.8765,39.491508,38.52009,41.40549,37.94301,38.750922,38.510472,39.28953,41.30931,41.241984,43.213674,39.222204,37.587144,39.328002,37.212042,37.183188,37.26975,38.27964
05135,34.644036,35.990556,40.991916,40.116678,39.328002,39.318384,39.81852,40.8765,39.491508,38.52009,41.40549,37.94301,38.750922,38.510472,39.28953,41.30931,41.241984,43.213674,39.222204,37.587144,39.328002,37.212042,37.183188,37.26975,38.27964
05137,34.644036,35.990556,40.991916,40.116678,39.328002,39.318384,39.81852,40.8765,39.491508,38.52009,41.40549,37.94301,38.750922,38.510472,39.28953,41.30931,41.241984,43.213674,39.222204,37.587144,39.328002,37.212042,37.183188,37.26975,38.27964
05139,34.644036,35.990556,40.991916,40.116678,39.328002,39.318384,39.81852,40.8765,39.491508,38.52009,41.40549,37.94301,38.750922,38.510472,39.28953,41.30931,41.241984,43.213674,39.222204,37.587144,39.328002,37.212042,37.183188,37.26975,38.27964
05141,34.644036,35.990556,40.991916,40.116678,39.328002,39.318384,39.81852,40.8765,39.491508,38.52009,41.40549,37.94301,38.750922,38.510472,39.28953,41.30931,41.241984,43.213674,39.222204,37.587144,39.328002,37.212042,37.183188,37.26975,38.27964
05143,34.644036,35.990556,40.991916,40.116678,39.328002,39.318384,39.81852,40.8765,39.491508,38.52009,41.40549,37.94301,38.750922,38.510472,39.28953,41.30931,41.241984,43.213674,39.222204,37.587144,39.328002,37.212042,37.183188,37.26975,38.27964
05145,34.644036,35.990556,40.991916,40.116678,39.328002,39.318384,39.81852,40.8765,39.491508,38.52009,41.40549,37.94301,38.750922,38.510472,39.28953,41.30931,41.241984,43.213674,39.222204,37.587144,39.328002,37.212042,37.183188,37.26975,38.27964
05147,34.644036,35.990556,40.991916,40.116678,39.328002,39.318384,39.81852,40.8765,39.491508,38.52009,41.40549,37.94301,38.750922,38.510472,39.28953,41.30931,41.241984,43.213674,39.222204,37.587144,39.328002,37.212042,37.183188,37.26975,38.27964
05149,34.644036,35.990556,40.991916,40.116678,39.328002,39.318384,39.81852,40.8765,39.491508,38.52009,41.40549,37.94301,38.750922,38.510472,39.28953,41.30931,41.241984,43.213674,39.222204,37.587144,39.328002,37.212042,37.183188,37.26975,38.27964
06001,34.644036,35.990556,40.991916,40.116678,39.328002,39.318384,39.81852,40.8765,39.491508,38.52009,41.40549,37.94301,38.750922,38.510472,39.28953,41.30931,41.241984,43.213674,39.222204,37.587144,39.328002,37.212042,37.183188,37.26975,38.27964
06003,34.644036,35.990556,40.991916,40.116678,39.328002,39.318384,39.81852,40.8765,39.491508,38.52009,41.40549,37.94301,38.750922,38.510472,39.28953,41.30931,41.241984,43.213674,39.222204,37.587144,39.328002,37.212042,37.183188,37.26975,38.27964
06005,34.644036,35.990556,40.991916,40.116678,39.328002,39.318384,39.81852,40.8765,39.491508,38.52009,41.40549,37.94301,38.750922,38.510472,39.28953,41.30931,41.241984,43.213674,39.222204,37.587144,39.328002,37.212042,37.183188,37.26975,38.27964
06007,34.644036,35.990556,40.991916,40.116678,39.328002,39.318384,39.81852,40.8765,39.491508,38.52009,41.40549,37.94301,38.750922,38.510472,39.28953,41.30931,41.241984,43.213674,39.222204,37.587144,39.328002,37.212042,37.183188,37.26975,38.27964
06009,34.644036,35.990556,40.991916,40.116678,39.328002,39.318384,39.81852,40.8765,39.491508,38.52009,41.40549,37.94301,38.750922,38.510472,39.28953,41.30931,41.241984,43.213674,39.222204,37.587144,39.328002,37.212042,37.183188,37.26975,38.27964
06011,34.644036,35.990556,40.991916,40.116678,39.328002,39.318384,39.81852,40.8765,39.491508,38.52009,41.40549,37.94301,38.750922,38.510472,39.28953,41.30931,41.241984,43.213674,39.222204,37.587144,39.328002,37.212042,37.183188,37.26975,38.27964
06013,34.644036,35.990556,40.991916,40.116678,39.328002,39.318384,39.81852,40.8765,39.491508,38.52009,41.40549,37.94301,38.750922,38.510472,39.28953,41.30931,41.241984,43.213674,39.222204,37.587144,39.328002,37.212042,37.183188,37.26975,38.27964
06015,34.644036,35.990556,40.991916,40.116678,39.328002,39.318384,39.81852,40.8765,39.491508,38.52009,41.40549,37.94301,38.750922,38.510472,39.28953,41.30931,41.241984,43.213674,39.222204,37.587144,39.328002,37.212042,37.183188,37.26975,38.27964
06017,34.644036,35.990556,40.991916,40.116678,39.328002,39.318384,39.81852,40.8765,39.491508,38.52009,41.40549,37.94301,38.750922,38.510472,39.28953,41.30931,41.241984,43.213674,39.222204,37.587144,39.328002,37.212042,37.183188,37.26975,38.27964
06019,34.644036,35.990556,40.991916,40.116678,39.328002,39.318384,39.81852,40.8765,39.491508,38.52009,41.40549,37.94301,38.750922,38.510472,39.28953,41.30931,41.241984,43.213674,39.222204,37.587144,39.328002,37.212042,37.183188,37.26975,38.27964
06021,34.644036,35.990556,40.991916,40.116678,39.328002,39.318384,39.81852,40.8765,39.491508,38.52009,41.40549,37.94301,38.750922,38.510472,39.28953,41.30931,41.241984,43.213674,39.222204,37.587144,39.328002,37.212042,37.183188,37.26975,38.27964
06023,34.644036,35.990556,40.991916,40.116678,39.328002,39.318384,39.81852,40.8765,39.491508,38.52009,41.40549,37.94301,38.750922,38.510472,39.28953,41.30931,41.241984,43.213674,39.222204,37.587144,39.328002,37.212042,37.183188,37.26975,38.27964
06025,34.644036,35.990556,40.991916,40.116678,39.328002,39.318384,39.81852,40.8765,39.491508,38.52009,41.40549,37.94301,38.750922,38.510472,39.28953,41.30931,41.241984,43.213674,39.222204,37.587144,39.328002,37.212042,37.183188,37.26975,38.27964
06027,34.644036,35.990556,40.991916,40.116678,39.328002,39.318384,39.81852,40.8765,39.491508,38.52009,41.40549,37.94301,38.750922,38.510472,39.28953,41.30931,41.241984,43.213674,39.222204,37.587144,39.328002,37.212042,37.183188,37.26975,38.27964
06029,34.644036,35.990556,40.991916,40.116678,39.328002,39.318384,39.81852,40.8765,39.491508,38.52009,41.40549,37.94301,38.750922,38.510472,39.28953,41.30931,41.241984,43.213674,39.222204,37.587144,39.328002,37.212042,37.183188,37.26975,38.27964
06031,34.644036,35.990556,40.991916,40.116678,39.328002,39.318384,39.81852,40.8765,39.491508,38.52009,41.40549,37.94301,38.750922,38.510472,39.28953,41.30931,41.241984,43.213674,39.222204,37.587144,39.328002,37.212042,37.183188,37.26975,38.27964
06033,34.644036,35.990556,40.991916,40.116678,39.328002,39.318384,39.81852,40.8765,39.491508,38.52009,41.40549,37.94301,38.750922,38.510472,39.28953,41.30931,41.241984,43.213674,39.222204,37.587144,39.328002,37.212042,37.183188,37.26975,38.27964
06035,34.644036,35.990556,40.991916,40.116678,39.328002,39.318384,39.81852,40.8765,39.491508,38.52009,41.40549,37.94301,38.750922,38.510472,39.28953,41.30931,41.241984,43.213674,39.222204,37.587144,39.328002,37.212042,37.183188,37.26975,38.27964
06037,34.644036,35.990556,40.991916,40.116678,39.328002,39.318384,39.81852,40.8765,39.491508,38.52009,41.40549,37.94301,38.750922,38.510472,39.28953,41.30931,41.241984,43.213674,39.222204,37.587144,39.328002,37.212042,37.183188,37.26975,38.27964
06039,34.644036,35.990556,40.991916,40.116678,39.328002,39.318384,39.81852,40.8765,39.491508,38.52009,41.40549,37.94301,38.750922,38.510472,39.28953,41.30931,41.241984,43.213674,39.222204,37.587144,39.328002,37.212042,37.183188,37.26975,38.27964
06041,34.644036,35.990556,40.991916,40.116678,39.328002,39.318384,39.81852,40.8765,39.491508,38.52009,41.40549,37.94301,38.750922,38.510472,39.28953,41.30931,41.241984,43.213674,39.222204,37.587144,39.328002,37.212042,37.183188,37.26975,38.27964
06043,34.644036,35.990556,40.991916,40.116678,39.328002,39.318384,39.81852,40.8765,39.491508,38.52009,41.40549,37.94301,38.750922,38.510472,39.28953,41.30931,41.241984,43.213674,39.222204,37.587144,39.328002,37.212042,37.183188,37.26975,38.27964
06045,34.644036,35.990556,40.991916,40.116678,39.328002,39.318384,39.81852,40.8765,39.491508,38.52009,41.40549,37.94301,38.750922,38.510472,39.28953,41.30931,41.241984,43.213674,39.222204,37.587144,39.328002,37.212042,37.183188,37.26975,38.27964
06047,34.644036,35.990556,40.991916,40.116678,39.328002,39.318384,39.81852,40.8765,39.491508,38.52009,41.40549,37.94301,38.750922,38.510472,39.28953,41.30931,41.241984,43.213674,39.222204,37.587144,39.328002,37.212042,37.183188,37.26975,38.27964
06049,34.644036,35.990556,40.991916,40.116678,39.328002,39.318384,39.81852,40.8765,39.491508,38.52009,41.40549,37.94301,38.750922,38.510472,39.28953,41.30931,41.241984,43.213674,39.222204,37.587144,39.328002,37.212042,37.183188,37.26975,38.27964
06051,34.644036,35.990556,40.991916,40.116678,39.328002,39.318384,39.81852,40.8765,39.491508,38.52009,41.40549,37.94301,38.750922,38.510472,39.28953,41.30931,41.241984,43.213674,39.222204,37.587144,39.328002,37.212042,37.183188,37.26975,38.27964
06053,34.644036,35.990556,40.991916,40.116678,39.328002,39.318384,39.81852,40.8765,39.491508,38.52009,41.40549,37.94301,38.750922,38.510472,39.28953,41.30931,41.241984,43.213674,39.222204,37.587144,39.328002,37.212042,37.183188,37.26975,38.27964
06055,34.644036,35.990556,40.991916,40.116678,39.328002,39.318384,39.81852,40.8765,39.491508,38.52009,41.40549,37.94301,38.750922,38.510472,39.28953,41.30931,41.241984,43.213674,39.222204,37.587144,39.328002,37.212042,37.183188,37.26975,38.27964
06057,34.644036,35.990556,40.991916,40.116678,39.328002,39.318384,39.81852,40.8765,39.491508,38.52009,41.40549,37.94301,38.750922,38.510472,39.28953,41.30931,41.241984,43.213674,39.222204,37.587144,39.328002,37.212042,37.183188,37.26975,38.27964
06059,34.644036,35.990556,40.991916,40.116678,39.328002,39.318384,39.81852,40.8765,39.491508,38.52009,41.40549,37.94301,38.750922,38.510472,39.28953,41.30931,41.241984,43.213674,39.222204,37.587144,39.328002,37.212042,37.183188,37.26975,38.27964
06061,34.644036,35.990556,40.991916,40.116678,39.328002,39.318384,39.81852,40.8765,39.491508,38.52009,41.40549,37.94301,38.750922,38.510472,39.28953,41.30931,41.241984,43.213674,39.222204,37.587144,39.328002,37.212042,37.183188,37.26975,38.27964
06063,34.644036,35.990556,40.991916,40.116678,39.328002,39.318384,39.81852,40.8765,39.491508,38.52009,41.40549,37.94301,38.750922,38.510472,39.28953,41.30931,41.241984,43.213674,39.222204,37.587144,39.328002,37.212042,37.183188,37.26975,38.27964
06065,34.644036,35.990556,40.991916,40.116678,39.328002,39.318384,39.81852,40.8765,39.491508,38.52009,41.40549,37.94301,38.750922,38.510472,39.28953,41.30931,41.241984,43.213674,39.222204,37.587144,39.328002,37.212042,37.183188,37.26975,38.27964
06067,34.644036,35.990556,40.991916,40.116678,39.328002,39.318384,39.81852,40.8765,39.491508,38.52009,41.40549,37.94301,38.750922,38.510472,39.28953,41.30931,41.241984,43.213674,39.222204,37.587144,39.328002,37.212042,37.183188,37.26975,38.27964
06069,34.644036,35.990556,40.991916,40.116678,39.328002,39.318384,39.81852,40.8765,39.491508,38.52009,41.40549,37.94301,38.750922,38.510472,39.28953,41.30931,41.241984,43.213674,39.222204,37.587144,39.328002,37.212042,37.183188,37.26975,38.27964
06071,34.644036,35.990556,40.991916,40.116678,39.328002,39.318384,39.81852,40.8765,39.491508,38.52009,41.40549,37.94301,38.750922,38.510472,39.28953,41.30931,41.241984,43.213674,39.222204,37.587144,39.328002,37.212042,37.183188,37.26975,38.27964
06073,34.644036,35.990556,40.991916,40.116678,39.328002,39.318384,39.81852,40.8765,39.491508,38.52009,41.40549,37.94301,38.750922,38.510472,39.28953,41.30931,41.241984,43.213674,39.222204,37.587144,39.328002,37.212042,37.183188,37.26975,38.27964
06075,34.644036,35.990556,40.991916,40.116678,39.328002,39.318384,39.81852,40.8765,39.491508,38.52009,41.40549,37.94301,38.750922,38.510472,39.28953,41.30931,41.241984,43.213674,39.222204,37.587144,39.328002,37.212042,37.183188,37.26975,38.27964
06077,34.644036,35.990556,40.991916,40.116678,39.328002,39.318384,39.81852,40.8765,39.491508,38.52009,41.40549,37.94301,38.750922,38.510472,39.28953,41.30931,41.241984,43.213674,39.222204,37.587144,39.328002,37.212042,37.183188,37.26975,38.27964
06079,34.644036,35.990556,40.991916,40.116678,39.328002,39.318384,39.81852,40.8765,39.491508,38.52009,41.40549,37.94301,38.750922,38.510472,39.28953,41.30931,41.241984,43.213674,39.222204,37.587144,39.328002,37.212042,37.183188,37.26975,38.27964
06081,34.644036,35.990556,40.991916,40.116678,39.328002,39.318384,39.81852,40.8765,39.491508,38.52009,41.40549,37.94301,38.750922,38.510472,39.28953,41.30931,41.241984,43.213674,39.222204,37.587144,39.328002,37.212042,37.183188,37.26975,38.27964
06083,34.644036,35.990556,40.991916,40.116678,39.328002,39.318384,39.81852,40.8765,39.491508,38.52009,41.40549,37.94301,38.750922,38.510472,39.28953,41.30931,41.241984,43.213674,39.222204,37.587144,39.328002,37.212042,37.183188,37.26975,38.27964
06085,34.644036,35.990556,40.991916,40.116678,39.328002,39.318384,39.81852,40.8765,39.491508,38.52009,41.40549,37.94301,38.750922,38.510472,39.28953,41.30931,41.241984,43.213674,39.222204,37.587144,39.328002,37.212042,37.183188,37.26975,38.27964
06087,34.644036,35.990556,40.991916,40.116678,39.328002,39.318384,39.81852,40.8765,39.491508,38.52009,41.40549,37.94301,38.750922,38.510472,39.28953,41.30931,41.241984,43.213674,39.222204,37.587144,39.328002,37.212042,37.183188,37.26975,38.27964
06089,34.644036,35.990556,40.991916,40.116678,39.328002,39.318384,39.81852,40.8765,39.491508,38.52009,41.40549,37.94301,38.750922,38.510472,39.28953,41.30931,41.241984,43.213674,39.222204,37.587144,39.328002,37.212042,37.183188,37.26975,38.27964
06091,34.644036,35.990556,40.991916,40.116678,39.328002,39.318384,39.81852,40.8765,39.491508,38.52009,41.40549,37.94301,38.750922,38.510472,39.28953,41.30931,41.241984,43.213674,39.222204,37.587144,39.328002,37.212042,37.183188,37.26975,38.27964
06093,34.644036,35.990556,40.991916,40.116678,39.328002,39.318384,39.81852,40.8765,39.491508,38.52009,41.40549,37.94301,38.750922,38.510472,39.28953,41.30931,41.241984,43.213674,39.222204,37.587144,39.328002,37.212042,37.183188,37.26975,38.27964
06095,34.644036,35.990556,40.991916,40.116678,39.328002,39.318384,39.81852,40.8765,39.491508,38.52009,41.40549,37.94301,38.750922,38.510472,39.28953,41.30931,41.241984,43.213674,39.222204,37.587144,39.328002,37.212042,37.183188,37.26975,38.27964
06097,34.644036,35.990556,40.991916,40.116678,39.328002,39.318384,39.81852,40.8765,39.491508,38.52009,41.40549,37.94301,38.750922,38.510472,39.28953,41.30931,41.241984,43.213674,39.222204,37.587144,39.328002,37.212042,37.183188,37.26975,38.27964
06099,34.644036,35.990556,40.991916,40.116678,39.328002,39.318384,39.81852,40.8765,39.491508,38.52009,41.40549,37.94301,38.750922,38.510472,39.28953,41.30931,41.241984,43.213674,39.222204,37.587144,39.328002,37.212042,37.183188,37.26975,38.27964
06101,34.644036,35.990556,40.991916,40.116678,39.328002,39.318384,39.81852,40.8765,39.491508,38.52009,41.40549,37.94301,38.750922,38.510472,39.28953,41.30931,41.241984,43.213674,39.222204,37.587144,39.328002,37.212042,37.183188,37.26975,38.27964
06103,34.644036,35.990556,40.991916,40.116678,39.328002,39.318384,39.81852,40.8765,39.491508,38.52009,41.40549,37.94301,38.750922,38.510472,39.28953,41.30931,41.241984,43.213674,39.222204,37.587144,39.328002,37.212042,37.183188,37.26975,38.27964
06105,34.644036,35.990556,40.991916,40.116678,39.328002,39.318384,39.81852,40.8765,39.491508,38.52009,41.40549,37.94301,38.750922,38.510472,39.28953,41.30931,41.241984,43.213674,39.222204,37.587144,39.328002,37.212042,37.183188,37.26975,38.27964
06107,34.644036,35.990556,40.991916,40.116678,39.328002,39.318384,39.81852,40.8765,39.491508,38.52009,41.40549,37.94301,38.750922,38.510472,39.28953,41.30931,41.241984,43.213674,39.222204,37.587144,39.328002,37.212042,37.183188,37.26975,38.27964
06109,34.644036,35.990556,40.991916,40.116678,39.328002,39.318384,39.81852,40.8765,39.491508,38.52009,41.40549,37.94301,38.750922,38.510472,39.28953,41.30931,41.241984,43.213674,39.222204,37.587144,39.328002,37.212042,37.183188,37.26975,38.27964
06111,34.644036,35.990556,40.991916,40.116678,39.328002,39.318384,39.81852,40.8765,39.491508,38.52009,41.40549,37.94301,38.750922,38.510472,39.28953,41.30931,41.241984,43.213674,39.222204,37.587144,39.328002,37.212042,37.183188,37.26975,38.27964
06113,34.644036,35.990556,40.991916,40.116678,39.328002,39.318384,39.81852,40.8765,39.491508,38.52009,41.40549,37.94301,38.750922,38.510472,39.28953,41.30931,41.241984,43.213674,39.222204,37.587144,39.328002,37.212042,37.183188,37.26975,38.27964
06115,34.644036,35.990556,40.991916,40.116678,39.328002,39.318384,39.81852,40.8765,39.491508,38.52009,41.40549,37.94301,38.750922,38.510472,39.28953,41.30931,41.241984,43.213674,39.222204,37.587144,39.328002,37.212042,37.183188,37.26975,38.27964
08001,34.644036,35.990556,40.991916,40.116678,39.328002,39.318384,39.81852,40.8765,39.491508,38.52009,41.40549,37.94301,38.750922,38.510472,39.28953,41.30931,41.241984,43.213674,39.222204,37.587144,39.328002,37.212042,37.183188,37.26975,38.27964
08003,34.644036,35.990556,40.991916,40.116678,39.328002,39.318384,39.81852,40.8765,39.491508,38.52009,41.40549,37.94301,38.750922,38.510472,39.28953,41.30931,41.241984,43.213674,39.222204,37.587144,39.328002,37.212042,37.183188,37.26975,38.27964
08005,34.644036,35.990556,40.991916,40.116678,39.328002,39.318384,39.81852,40.8765,39.491508,38.52009,41.40549,37.94301,38.750922,38.510472,39.28953,41.30931,41.241984,43.213674,39.222204,37.587144,39.328002,37.212042,37.183188,37.26975,38.27964
08007,34.644036,35.990556,40.991916,40.116678,39.328002,39.318384,39.81852,40.8765,39.491508,38.52009,41.40549,37.94301,38.750922,38.510472,39.28953,41.30931,41.241984,43.213674,39.222204,37.587144,39.328002,37.212042,37.183188,37.26975,38.27964
08009,34.644036,35.990556,40.991916,40.116678,39.328002,39.318384,39.81852,40.8765,39.491508,38.52009,41.40549,37.94301,38.750922,38.510472,39.28953,41.30931,41.241984,43.213674,39.222204,37.587144,39.328002,37.212042,37.183188,37.26975,38.27964
08011,34.644036,35.990556,40.991916,40.116678,39.328002,39.318384,39.81852,40.8765,39.491508,38.52009,41.40549,37.94301,38.750922,38.510472,39.28953,41.30931,41.241984,43.213674,39.222204,37.587144,39.328002,37.212042,37.183188,37.26975,38.27964
08013,34.644036,35.990556,40.991916,40.116678,39.328002,39.318384,39.81852,40.8765,39.491508,38.52009,41.40549,37.94301,38.750922,38.510472,39.28953,41.30931,41.241984,43.213674,39.222204,37.587144,39.328002,37.212042,37.183188,37.26975,38.27964
08014,34.644036,35.990556,40.991916,40.116678,39.328002,39.318384,39.81852,40.8765,39.491508,38.52009,41.40549,37.94301,38.750922,38.510472,39.28953,41.30931,41.241984,43.213674,39.222204,37.587144,39.328002,37.212042,37.183188,37.26975,38.27964
08015,34.644036,35.990556,40.991916,40.116678,39.328002,39.318384,39.81852,40.8765,39.491508,38.52009,41.40549,37.94301,38.750922,38.510472,39.28953,41.30931,41.241984,43.213674,39.222204,37.587144,39.328002,37.212042,37.183188,37.26975,38.27964
08017,34.644036,35.990556,40.991916,40.116678,39.328002,39.318384,39.81852,40.8765,39.491508,38.52009,41.40549,37.94301,38.750922,38.510472,39.28953,41.30931,41.241984,43.213674,39.222204,37.587144,39.328002,37.212042,37.183188,37.26975,38.27964
08019,34.644036,35.990556,40.991916,40.116678,39.328002,39.318384,39.81852,40.8765,39.491508,38.52009,41.40549,37.94301,38.750922,38.510472,39.28953,41.30931,41.241984,43.213674,39.222204,37.587144,39.328002,37.212042,37.183188,37.26975,38.27964
08021,34.644036,35.990556,40.991916,40.116678,39.328002,39.318384,39.81852,40.8765,39.491508,38.52009,41.40549,37.94301,38.750922,38.510472,39.28953,41.30931,41.241984,43.213674,39.222204,37.587144,39.328002,37.212042,37.183188,37.26975,38.27964
08023,34.644036,35.990556,40.991916,40.116678,39.328002,39.318384,39.81852,40.8765,39.491508,38.52009,41.40549,37.94301,38.750922,38.510472,39.28953,41.30931,41.241984,43.213674,39.222204,37.587144,39.328002,37.212042,37.183188,37.26975,38.27964
08025,34.644036,35.990556,40.991916,40.116678,39.328002,39.318384,39.81852,40.8765,39.491508,38.52009,41.40549,37.94301,38.750922,38.510472,39.28953,41.30931,41.241984,43.213674,39.222204,37.587144,39.328002,37.212042,37.183188,37.26975,38.27964
08027,34.644036,35.990556,40.991916,40.116678,39.328002,39.318384,39.81852,40.8765,39.491508,38.52009,41.40549,37.94301,38.750922,38.510472,39.28953,41.30931,41.241984,43.213674,39.222204,37.587144,39.328002,37.212042,37.183188,37.26975,38.27964
08029,34.644036,35.990556,40.991916,40.116678,39.328002,39.318384,39.81852,40.8765,39.491508,38.52009,41.40549,37.94301,38.750922,38.510472,39.28953,41.30931,41.241984,43.213674,39.222204,37.587144,39.328002,37.212042,37.183188,37.26975,38.27964
08031,34.644036,35.990556,40.991916,40.116678,39.328002,39.318384,39.81852,40.8765,39.491508,38.52009,41.40549,37.94301,38.750922,38.510472,39.28953,41.30931,41.241984,43.213674,39.222204,37.587144,39.328002,37.212042,37.183188,37.26975,38.27964
08033,34.644036,35.990556,40.991916,40.116678,39.328002,39.318384,39.81852,40.8765,39.491508,38.52009,41.40549,37.94301,38.750922,38.510472,39.28953,41.30931,41.241984,43.213674,39.222204,37.587144,39.328002,37.212042,37.183188,37.26975,38.27964
08035,34.644036,35.990556,40.991916,40.116678,39.328002,39.318384,39.81852,40.8765,39.491508,38.52009,41.40549,37.94301,38.750922,38.510472,39.28953,41.30931,41.241984,43.213674,39.222204,37.587144,39.328002,37.212042,37.183188,37.26975,38.27964
08037,34.644036,35.990556,40.991916,40.116678,39.328002,39.318384,39.81852,40.8765,39.491508,38.52009,41.40549,37.94301,38.750922,38.510472,39.28953,41.30931,41.241984,43.213674,39.222204,37.587144,39.328002,37.212042,37.183188,37.26975,38.27964
08039,34.644036,35.990556,40.991916,40.116678,39.328002,39.318384,39.81852,40.8765,39.491508,38.52009,41.40549,37.94301,38.750922,38.510472,39.28953,41.30931,41.241984,43.213674,39.222204,37.587144,39.328002,37.212042,37.183188,37.26975,38.27964
08041,34.644036,35.990556,40.991916,40.116678,39.328002,39.318384,39.81852,40.8765,39.491508,38.52009,41.40549,37.94301,38.750922,38.510472,39.28953,41.30931,41.241984,43.213674,39.222204,37.587144,39.328002,37.212042,37.183188,37.26975,38.27964
08043,34.644036,35.990556,40.991916,40.116678,39.328002,39.318384,39.81852,40.8765,39.491508,38.52009,41.40549,37.94301,38.750922,38.510472,39.28953,41.30931,41.241984,43.213674,39.222204,37.587144,39.328002,37.212042,37.183188,37.26975,38.27964
08045,34.644036,35.990556,40.991916,40.116678,39.328002,39.318384,39.81852,40.8765,39.491508,38.52009,41.40549,37.94301,38.750922,38.510472,39.28953,41.30931,41.241984,43.213674,39.222204,37.587144,39.328002,37.212042,37.183188,37.26975,38.27964
08047,34.644036,35.990556,40.991916,40.116678,39.328002,39.318384,39.81852,40.8765,39.491508,38.52009,41.40549,37.94301,38.750922,38.510472,39.28953,41.30931,41.241984,43.213674,39.222204,37.587144,39.328002,37.212042,37.183188,37.26975,38.27964
08049,34.644036,35.990556,40.991916,40.116678,39.328002,39.318384,39.81852,40.8765,39.491508,38.52009,41.40549,37.94301,38.750922,38.510472,39.28953,41.30931,41.241984,43.213674,39.222204,37.587144,39.328002,37.212042,37.183188,37.26975,38.27964
08051,34.644036,35.990556,40.991916,40.116678,39.328002,39.318384,39.81852,40.8765,39.491508,38.52009,41.40549,37.94301,38.750922,38.510472,39.28953,41.30931,41.241984,43.213674,39.222204,37.587144,39.328002,37.212042,37.183188,37.26975,38.27964
08053,34.644036,35.990556,40.991916,40.116678,39.328002,39.318384,39.81852,40.8765,39.491508,38.52009,41.40549,37.94301,38.750922,38.510472,39.28953,41.30931,41.241984,43.213674,39.222204,37.587144,39.328002,37.212042,37.183188,37.26975,38.27964
08055,34.644036,35.990556,40.991916,40.116678,39.328002,39.318384,39.81852,40.8765,39.491508,38.52009,41.40549,37.94301,38.750922,38.510472,39.28953,41.30931,41.241984,43.213674,39.222204,37.587144,39.328002,37.212042,37.183188,37.26975,38.27964
08057,34.644036,35.990556,40.991916,40.116678,39.328002,39.318384,39.81852,40.8765,39.491508,38.52009,41.40549,37.94301,38.750922,38.510472,39.28953,41.30931,41.241984,43.213674,39.222204,37.587144,39.328002,37.212042,37.183188,37.26975,38.27964
08059,34.644036,35.990556,40.991916,40.116678,39.328002,39.318384,39.81852,40.8765,39.491508,38.52009,41.40549,37.94301,38.750922,38.510472,39.28953,41.30931,41.241984,43.213674,39.222204,37.587144,39.328002,37.212042,37.183188,37.26975,38.27964
08061,34.644036,35.990556,40.991916,40.116678,39.328002,39.318384,39.81852,40.8765,39.491508,38.52009,41.40549,37.94301,38.750922,38.510472,39.28953,41.30931,41.241984,43.213674,39.222204,37.587144,39.328002,37.212042,37.183188,37.26975,38.27964
08063,34.644036,35.990556,40.991916,40.116678,39.328002,39.318384,39.81852,40.8765,39.491508,38.52009,41.40549,37.94301,38.750922,38.510472,39.28953,41.30931,41.241984,43.213674,39.222204,37.587144,39.328002,37.212042,37.183188,37.26975,38.27964
08065,34.644036,35.990556,40.991916,40.116678,39.328002,39.318384,39.81852,40.8765,39.491508,38.52009,41.40549,37.94301,38.750922,38.510472,39.28953,41.30931,41.241984,43.213674,39.222204,37.587144,39.328002,37.212042,37.183188,37.26975,38.27964
08067,34.644036,35.990556,40.991916,40.116678,39.328002,39.318384,39.81852,40.8765,39.491508,38.52009,41.40549,37.94301,38.750922,38.510472,39.28953,41.30931,41.241984,43.213674,39.222204,37.587144,39.328002,37.212042,37.183188,37.26975,38.27964
08069,34.644036,35.990556,40.991916,40.116678,39.328002,39.318384,39.81852,40.8765,39.491508,38.52009,41.40549,37.94301,38.750922,38.510472,39.28953,41.30931,41.241984,43.213674,39.222204,37.587144,39.328002,37.212042,37.183188,37.26975,38.27964
08071,34.644036,35.990556,40.991916,40.116678,39.328002,39.318384,39.81852,40.8765,39.491508,38.52009,41.40549,37.94301,38.750922,38.510472,39.28953,41.30931,41.241984,43.213674,39.222204,37.587144,39.328002,37.212042,37.183188,37.26975,38.27964
08073,34.644036,35.990556,40.991916,40.116678,39.328002,39.318384,39.81852,40.8765,39.491508,38.52009,41.40549,37.94301,38.750922,38.510472,39.28953,41.30931,41.241984,43.213674,39.222204,37.587144,39.328002,37.212042,37.183188,37.26975,38.27964
08075,34.644036,35.990556,40.991916,40.116678,39.328002,39.318384,39.81852,40.8765,39.491508,38.52009,41.40549,37.94301,38.750922,38.510472,39.28953,41.30931,41.241984,43.213674,39.222204,37.587144,39.328002,37.212042,37.183188,37.26975,38.27964
08077,34.644036,35.990556,40.991916,40.116678,39.328002,39.318384,39.81852,40.8765,39.491508,38.52009,41.40549,37.94301,38.750922,38.510472,39.28953,41.30931,41.241984,43.213674,39.222204,37.587144,39.328002,37.212042,37.183188,37.26975,38.27964
08079,34.644036,35.990556,40.991916,40.116678,39.328002,39.318384,39.81852,40.8765,39.491508,38.52009,41.40549,37.94301,38.750922,38.510472,39.28953,41.30931,41.241984,43.213674,39.222204,37.587144,39.328002,37.212042,37.183188,37.26975,38.27964
08081,34.644036,35.990556,40.991916,40.116678,39.328002,39.318384,39.81852,40.8765,39.491508,38.52009,41.40549,37.94301,38.750922,38.510472,39.28953,41.30931,41.241984,43.213674,39.222204,37.587144,39.328002,37.212042,37.183188,37.26975,38.27964
08083,34.644036,35.990556,40.991916,40.116678,39.328002,39.318384,39.81852,40.8765,39.491508,38.52009,41.40549,37.94301,38.750922,38.510472,39.28953,41.30931,41.241984,43.213674,39.222204,37.587144,39.328002,37.212042,37.183188,37.26975,38.27964
08085,34.644036,35.990556,40.991916,40.116678,39.328002,39.318384,39.81852,40.8765,39.491508,38.52009,41.40549,37.94301,38.750922,38.510472,39.28953,41.30931,41.241984,43.213674,39.222204,37.587144,39.328002,37.212042,37.183188,37.26975,38.27964
08087,34.644036,35.990556,40.991916,40.116678,39.328002,39.318384,39.81852,40.8765,39.491508,38.52009,41.40549,37.94301,38.750922,38.510472,39.28953,41.30931,41.241984,43.213674,39.222204,37.587144,39.328002,37.212042,37.183188,37.26975,38.27964
08089,34.644036,35.990556,40.991916,40.116678,39.328002,39.318384,39.81852,40.8765,39.491508,38.52009,41.40549,37.94301,38.750922,38.510472,39.28953,41.30931,41.241984,43.213674,39.222204,37.587144,39.328002,37.212042,37.183188,37.26975,38.27964
08091,34.644036,35.990556,40.991916,40.116678,39.328002,39.318384,39.81852,40.8765,39.491508,38.52009,41.40549,37.94301,38.750922,38.510472,39.28953,41.30931,41.241984,43.213674,39.222204,37.587144,39.328002,37.212042,37.183188,37.26975,38.27964
08093,34.644036,35.990556,40.991916,40.116678,39.328002,39.318384,39.81852,40.8765,39.491508,38.52009,41.40549,37.94301,38.750922,38.510472,39.28953,41.30931,41.241984,43.213674,39.222204,37.587144,39.328002,37.212042,37.183188,37.26975,38.27964
08095,34.644036,35.990556,40.991916,40.116678,39.328002,39.318384,39.81852,40.8765,39.491508,38.52009,41.40549,37.94301,38.750922,38.510472,39.28953,41.30931,41.241984,43.213674,39.222204,37.587144,39.328002,37.212042,37.183188,37.26975,38.27964
08097,34.644036,35.990556,40.991916,40.116678,39.328002,39.318384,39.81852,40.8765,39.491508,38.52009,41.40549,37.94301,38.750922,38.510472,39.28953,41.30931,41.241984,43.213674,39.222204,37.587144,39.328002,37.212042,37.183188,37.26975,38.27964
08099,34.644036,35.990556,40.991916,40.116678,39.328002,39.318384,39.81852,40.8765,39.491508,38.52009,41.40549,37.94301,38.750922,38.510472,39.28953,41.30931,41.241984,43.213674,39.222204,37.587144,39.328002,37.212042,37.183188,37.26975,38.27964
08101,34.644036,35.990556,40.991916,40.116678,39.328002,39.318384,39.81852,40.8765,39.491508,38.52009,41.40549,37.94301,38.750922,38.510472,39.28953,41.30931,41.241984,43.213674,39.222204,37.587144,39.328002,37.212042,37.183188,37.26975,38.27964
08103,34.644036,35.990556,40.991916,40.116678,39.328002,39.318384,39.81852,40.8765,39.491508,38.52009,41.40549,37.94301,38.750922,38.510472,39.28953,41.30931,41.241984,43.213674,39.222204,37.587144,39.328002,37.212042,37.183188,37.26975,38.27964
08105,34.644036,35.990556,40.991916,40.116678,39.328002,39.318384,39.81852,40.8765,39.491508,38.52009,41.40549,37.94301,38.750922,38.510472,39.28953,41.30931,41.241984,43.213674,39.222204,37.587144,39.328002,37.212042,37.183188,37.26975,38.27964
08107,34.644036,35.990556,40.991916,40.116678,39.328002,39.318384,39.81852,40.8765,39.491508,38.52009,41.40549,37.94301,38.750922,38.510472,39.28953,41.30931,41.241984,43.213674,39.222204,37.587144,39.328002,37.212042,37.183188,37.26975,38.27964
08109,34.644036,35.990556,40.991916,40.116678,39.328002,39.318384,39.81852,40.8765,39.491508,38.52009,41.40549,37.94301,38.750922,38.510472,39.28953,41.30931,41.241984,43.213674,39.222204,37.587144,39.328002,37.212042,37.183188,37.26975,38.27964
08111,34.644036,35.990556,40.991916,40.116678,39.328002,39.318384,39.81852,40.8765,39.491508,38.52009,41.40549,37.94301,38.750922,38.510472,39.28953,41.30931,41.241984,43.213674,39.222204,37.587144,39.328002,37.212042,37.183188,37.26975,38.27964
08113,34.644036,35.990556,40.991916,40.116678,39.328002,39.318384,39.81852,40.8765,39.491508,38.52009,41.40549,37.94301,38.750922,38.510472,39.28953,41.30931,41.241984,43.213674,39.222204,37.587144,39.328002,37.212042,37.183188,37.26975,38.27964
08115,34.644036,35.990556,40.991916,40.116678,39.328002,39.318384,39.81852,40.8765,39.491508,38.52009,41.40549,37.94301,38.750922,38.510472,39.28953,41.30931,41.241984,43.213674,39.222204,37.587144,39.328002,37.212042,37.183188,37.26975,38.27964
08117,34.644036,35.990556,40.991916,40.116678,39.328002,39.318384,39.81852,40.8765,39.491508,38.52009,41.40549,37.94301,38.750922,38.510472,39.28953,41.30931,41.241984,43.213674,39.222204,37.587144,39.328002,37.212042,37.183188,37.26975,38.27964
08119,34.644036,35.990556,40.991916,40.116678,39.328002,39.318384,39.81852,40.8765,39.491508,38.52009,41.40549,37.94301,38.750922,38.510472,39.28953,41.30931,41.241984,43.213674,39.222204,37.587144,39.328002,37.212042,37.183188,37.26975,38.27964
08121,34.644036,35.990556,40.991916,40.116678,39.328002,39.318384,39.81852,40.8765,39.491508,38.52009,41.40549,37.94301,38.750922,38.510472,39.28953,41.30931,41.241984,43.213674,39.222204,37.587144,39.328002,37.212042,37.183188,37.26975,38.27964
08123,34.644036,35.990556,40.991916,40.116678,39.328002,39.318384,39.81852,40.8765,39.491508,38.52009,41.40549,37.94301,38.750922,38.510472,39.28953,41.30931,41.241984,43.213674,39.222204,37.587144,39.328002,37.212042,37.183188,37.26975,38.27964
08125,34.644036,35.990556,40.991916,40.116678,39.328002,39.318384,39.81852,40.8765,39.491508,38.52009,41.40549,37.94301,38.750922,38.510472,39.28953,41.30931,41.241984,43.213674,39.222204,37.587144,39.328002,37.212042,37.183188,37.26975,38.27964
09001,34.644036,35.990556,40.991916,40.116678,39.328002,39.318384,39.81852,40.8765,39.491508,38.52009,41.40549,37.94301,38.750922,38.510472,39.28953,41.30931,41.241984,43.213674,39.222204,37.587144,39.328002,37.212042,37.183188,37.26975,38.27964
09003,34.644036,35.990556,40.991916,40.116678,39.328002,39.318384,39.81852,40.8765,39.491508,38.52009,41.40549,37.94301,38.750922,38.510472,39.28953,41.30931,41.241984,43.213674,39.222204,37.587144,39.328002,37.212042,37.183188,37.26975,38.27964
09005,34.644036,35.990556,40.991916,40.116678,39.328002,39.318384,39.81852,40.8765,39.491508,38.52009,41.40549,37.94301,38.750922,38.510472,39.28953,41.30931,41.241984,43.213674,39.222204,37.587144,39.328002,37.212042,37.183188,37.26975,38.27964
09007,34.644036,35.990556,40.991916,40.116678,39.328002,39.318384,39.81852,40.8765,39.491508,38.52009,41.40549,37.94301,38.750922,38.510472,39.28953,41.30931,41.241984,43.213674,39.222204,37.587144,39.328002,37.212042,37.183188,37.26975,38.27964
09009,34.644036,35.990556,40.991916,40.116678,39.328002,39.318384,39.81852,40.8765,39.491508,38.52009,41.40549,37.94301,38.750922,38.510472,39.28953,41.30931,41.241984,43.213674,39.222204,37.587144,39.328002,37.212042,37.183188,37.26975,38.27964
09011,34.644036,35.990556,40.991916,40.116678,39.328002,39.318384,39.81852,40.8765,39.491508,38.52009,41.40549,37.94301,38.750922,38.510472,39.28953,41.30931,41.241984,43.213674,39.222204,37.587144,39.328002,37.212042,37.183188,37.26975,38.27964
09013,34.644036,35.990556,40.991916,40.116678,39.328002,39.318384,39.81852,40.8765,39.491508,38.52009,41.40549,37.94301,38.750922,38.510472,39.28953,41.30931,41.241984,43.213674,39.222204,37.587144,39.328002,37.212042,37.183188,37.26975,38.27964
09015,34.644036,35.990556,40.991916,40.116678,39.328002,39.318384,39.81852,40.8765,39.491508,38.52009,41.40549,37.94301,38.750922,38.510472,39.28953,41.30931,41.241984,43.213674,39.222204,37.587144,39.328002,37.212042,37.183188,37.26975,38.27964
10001,34.644036,35.990556,40.991916,40.116678,39.328002,39.318384,39.81852,40.8765,39.491508,38.52009,41.40549,37.94301,38.750922,38.510472,39.28953,41.30931,41.241984,43.213674,39.222204,37.587144,39.328002,37.212042,37.183188,37.26975,38.27964
10003,34.644036,35.990556,40.991916,40.116678,39.328002,39.318384,39.81852,40.8765,39.491508,38.52009,41.40549,37.94301,38.750922,38.510472,39.28953,41.30931,41.241984,43.213674,39.222204,37.587144,39.328002,37.212042,37.183188,37.26975,38.27964
10005,34.644036,35.990556,40.991916,40.116678,39.328002,39.318384,39.81852,40.8765,39.491508,38.52009,41.40549,37.94301,38.750922,38.510472,39.28953,41.30931,41.241984,43.213674,39.222204,37.587144,39.328002,37.212042,37.183188,37.26975,38.27964
11001,34.644036,35.990556,40.991916,40.116678,39.328002,39.318384,39.81852,40.8765,39.491508,38.52009,41.40549,37.94301,38.750922,38.510472,39.28953,41.30931,41.241984,43.213674,39.222204,37.587144,39.328002,37.212042,37.183188,37.26975,38.27964
12001,34.644036,35.990556,40.991916,40.116678,39.328002,39.318384,39.81852,40.8765,39.491508,38.52009,41.40549,37.94301,38.750922,38.510472,39.28953,41.30931,41.241984,43.213674,39.222204,37.587144,39.328002,37.212042,37.183188,37.26975,38.27964
12003,34.644036,35.990556,40.991916,40.116678,39.328002,39.318384,39.81852,40.8765,39.491508,38.52009,41.40549,37.94301,38.750922,38.510472,39.28953,41.30931,41.241984,43.213674,39.222204,37.587144,39.328002,37.212042,37.183188,37.26975,38.27964
12005,34.644036,35.990556,40.991916,40.116678,39.328002,39.318384,39.81852,40.8765,39.491508,38.52009,41.40549,37.94301,38.750922,38.510472,39.28953,41.30931,41.241984,43.213674,39.222204,37.587144,39.328002,37.212042,37.183188,37.26975,38.27964
12007,34.644036,35.990556,40.991916,40.116678,39.328002,39.318384,39.81852,40.8765,39.491508,38.52009,41.40549,37.94301,38.750922,38.510472,39.28953,41.30931,41.241984,43.213674,39.222204,37.587144,39.328002,37.212042,37.183188,37.26975,38.27964
12009,34.644036,35.990556,40.991916,40.116678,39.328002,39.318384,39.81852,40.8765,39.491508,38.52009,41.40549,37.94301,38.750922,38.510472,39.28953,41.30931,41.241984,43.213674,39.222204,37.587144,39.328002,37.212042,37.183188,37.26975,38.27964
12011,34.644036,35.990556,40.991916,40.116678,39.328002,39.318384,39.81852,40.8765,39.491508,38.52009,41.40549,37.94301,38.750922,38.510472,39.28953,41.30931,41.241984,43.213674,39.222204,37.587144,39.328002,37.212042,37.183188,37.26975,38.27964
12013,34.644036,35.990556,40.991916,40.116678,39.328002,39.318384,39.81852,40.8765,39.491508,38.52009,41.40549,37.94301,38.750922,38.510472,39.28953,41.30931,41.241984,43.213674,39.222204,37.587144,39.328002,37.212042,37.183188,37.26975,38.27964
12015,34.644036,35.990556,40.991916,40.116678,39.328002,39.318384,39.81852,40.8765,39.491508,38.52009,41.40549,37.94301,38.750922,38.510472,39.28953,41.30931,41.241984,43.213674,39.222204,37.587144,39.328002,37.212042,37.183188,37.26975,38.27964
12017,34.644036,35.990556,40.991916,40.116678,39.328002,39.318384,39.81852,40.8765,39.491508,38.52009,41.40549,37.94301,38.750922,38.510472,39.28953,41.30931,41.241984,43.213674,39.222204,37.587144,39.328002,37.212042,37.183188,37.26975,38.27964
12019,34.644036,35.990556,40.991916,40.116678,39.328002,39.318384,39.81852,40.8765,39.491508,38.52009,41.40549,37.94301,38.750922,38.510472,39.28953,41.30931,41.241984,43.213674,39.222204,37.587144,39.328002,37.212042,37.183188,37.26975,38.27964
12021,34.644036,35.990556,40.991916,40.116678,39.328002,39.318384,39.81852,40.8765,39.491508,38.52009,41.40549,37.94301,38.750922,38.510472,39.28953,41.30931,41.241984,43.213674,39.222204,37.587144,39.328002,37.212042,37.183188,37.26975,38.27964
12023,34.644036,35.990556,40.991916,40.116678,39.328002,39.318384,39.81852,40.8765,39.491508,38.52009,41.40549,37.94301,38.750922,38.510472,39.28953,41.30931,41.241984,43.213674,39.222204,37.587144,39.328002,37.212042,37.183188,37.26975,38.27964
12027,34.644036,35.990556,40.991916,40.116678,39.328002,39.318384,39.81852,40.8765,39.491508,38.52009,41.40549,37.94301,38.750922,38.510472,39.28953,41.30931,41.241984,43.213674,39.222204,37.587144,39.328002,37.212042,37.183188,37.26975,38.27964
12029,34.644036,35.990556,40.991916,40.116678,39.328002,39.318384,39.81852,40.8765,39.491508,38.52009,41.40549,37.94301,38.750922,38.510472,39.28953,41.30931,41.241984,43.213674,39.222204,37.587144,39.328002,37.212042,37.183188,37.26975,38.27964
12031,34.644036,35.990556,40.991916,40.116678,39.328002,39.318384,39.81852,40.8765,39.491508,38.52009,41.40549,37.94301,38.750922,38.510472,39.28953,41.30931,41.241984,43.213674,39.222204,37.587144,39.328002,37.212042,37.183188,37.26975,38.27964
12033,34.644036,35.990556,40.991916,40.116678,39.328002,39.318384,39.81852,40.8765,39.491508,38.52009,41.40549,37.94301,38.750922,38.510472,39.28953,41.30931,41.241984,43.213674,39.222204,37.587144,39.328002,37.212042,37.183188,37.26975,38.27964
12035,34.644036,35.990556,40.991916,40.116678,39.328002,39.318384,39.81852,40.8765,39.491508,38.52009,41.40549,37.94301,38.750922,38.510472,39.28953,41.30931,41.241984,43.213674,39.222204,37.587144,39.328002,37.212042,37.183188,37.26975,38.27964
12037,34.644036,35.990556,40.991916,40.116678,39.328002,39.318384,39.81852,40.8765,39.491508,38.52009,41.40549,37.94301,38.750922,38.510472,39.28953,41.30931,41.241984,43.213674,39.222204,37.587144,39.328002,37.212042,37.183188,37.26975,38.27964
12039,34.644036,35.990556,40.991916,40.116678,39.328002,39.318384,39.81852,40.8765,39.491508,38.52009,41.40549,37.94301,38.750922,38.510472,39.28953,41.30931,41.241984,43.213674,39.222204,37.587144,39.328002,37.212042,37.183188,37.26975,38.27964
12041,34.644036,35.990556,40.991916,40.116678,39.328002,39.318384,39.81852,40.8765,39.491508,38.52009,41.40549,37.94301,38.750922,38.510472,39.28953,41.30931,41.241984,43.213674,39.222204,37.587144,39.328002,37.212042,37.183188,37.26975,38.27964
12043,34.644036,35.990556,40.991916,40.116678,39.328002,39.318384,39.81852,40.8765,39.491508,38.52009,41.40549,37.94301,38.750922,38.510472,39.28953,41.30931,41.241984,43.213674,39.222204,37.587144,39.328002,37.212042,37.183188,37.26975,38.27964
12045,34.644036,35.990556,40.991916,40.116678,39.328002,39.318384,39.81852,40.8765,39.491508,38.52009,41.40549,37.94301,38.750922,38.510472,39.28953,41.30931,41.241984,43.213674,39.222204,37.587144,39.328002,37.212042,37.183188,37.26975,38.27964
12047,34.644036,35.990556,40.991916,40.116678,39.328002,39.318384,39.81852,40.8765,39.491508,38.52009,41.40549,37.94301,38.750922,38.510472,39.28953,41.30931,41.241984,43.213674,39.222204,37.587144,39.328002,37.212042,37.183188,37.26975,38.27964
12049,34.644036,35.990556,40.991916,40.116678,39.328002,39.318384,39.81852,40.8765,39.491508,38.52009,41.40549,37.94301,38.750922,38.510472,39.28953,41.30931,41.241984,43.213674,39.222204,37.587144,39.328002,37.212042,37.183188,37.26975,38.27964
12051,34.644036,35.990556,40.991916,40.116678,39.328002,39.318384,39.81852,40.8765,39.491508,38.52009,41.40549,37.94301,38.750922,38.510472,39.28953,41.30931,41.241984,43.213674,39.222204,37.587144,39.328002,37.212042,37.183188,37.26975,38.27964
12053,34.644036,35.990556,40.991916,40.116678,39.328002,39.318384,39.81852,40.8765,39.491508,38.52009,41.40549,37.94301,38.750922,38.510472,39.28953,41.30931,41.241984,43.213674,39.222204,37.587144,39.328002,37.212042,37.183188,37.26975,38.27964
12055,34.644036,35.990556,40.991916,40.116678,39.328002,39.318384,39.81852,40.8765,39.491508,38.52009,41.40549,37.94301,38.750922,38.510472,39.28953,41.30931,41.241984,43.213674,39.222204,37.587144,39.328002,37.212042,37.183188,37.26975,38.27964
12057,34.644036,35.990556,40.991916,40.116678,39.328002,39.318384,39.81852,40.8765,39.491508,38.52009,41.40549,37.94301,38.750922,38.510472,39.28953,41.30931,41.241984,43.213674,39.222204,37.587144,39.328002,37.212042,37.183188,37.26975,38.27964
12059,34.644036,35.990556,40.991916,40.116678,39.328002,39.318384,39.81852,40.8765,39.491508,38.52009,41.40549,37.94301,38.750922,38.510472,39.28953,41.30931,41.241984,43.213674,39.222204,37.587144,39.328002,37.212042,37.183188,37.26975,38.27964
12061,34.644036,35.990556,40.991916,40.116678,39.328002,39.318384,39.81852,40.8765,39.491508,38.52009,41.40549,37.94301,38.750922,38.510472,39.28953,41.30931,41.241984,43.213674,39.222204,37.587144,39.328002,37.212042,37.183188,37.26975,38.27964
12063,34.644036,35.990556,40.991916,40.116678,39.328002,39.318384,39.81852,40.8765,39.491508,38.52009,41.40549,37.94301,38.750922,38.510472,39.28953,41.30931,41.241984,43.213674,39.222204,37.587144,39.328002,37.212042,37.183188,37.26975,38.27964
12065,34.644036,35.990556,40.991916,40.116678,39.328002,39.318384,39.81852,40.8765,39.491508,38.52009,41.40549,37.94301,38.750922,38.510472,39.28953,41.30931,41.241984,43.213674,39.222204,37.587144,39.328002,37.212042,37.183188,37.26975,38.27964
12067,34.644036,35.990556,40.991916,40.116678,39.328002,39.318384,39.81852,40.8765,39.491508,38.52009,41.40549,37.94301,38.750922,38.510472,39.28953,41.30931,41.241984,43.213674,39.222204,37.587144,39.328002,37.212042,37.183188,37.26975,38.27964
12069,34.644036,35.990556,40.991916,40.116678,39.328002,39.318384,39.81852,40.8765,39.491508,38.52009,41.40549,37.94301,38.750922,38.510472,39.28953,41.30931,41.241984,43.213674,39.222204,37.587144,39.328002,37.212042,37.183188,37.26975,38.27964
12071,34.644036,35.990556,40.991916,40.116678,39.328002,39.318384,39.81852,40.8765,39.491508,38.52009,41.40549,37.94301,38.750922,38.510472,39.28953,41.30931,41.241984,43.213674,39.222204,37.587144,39.328002,37.212042,37.183188,37.26975,38.27964
12073,34.644036,35.990556,40.991916,40.116678,39.328002,39.318384,39.81852,40.8765,39.491508,38.52009,41.40549,37.94301,38.750922,38.510472,39.28953,41.30931,41.241984,43.213674,39.222204,37.587144,39.328002,37.212042,37.183188,37.26975,38.27964
12075,34.644036,35.990556,40.991916,40.116678,39.328002,39.318384,39.81852,40.8765,39.491508,38.52009,41.40549,37.94301,38.750922,38.510472,39.28953,41.30931,41.241984,43.213674,39.222204,37.587144,39.328002,37.212042,37.183188,37.26975,38.27964
12077,34.644036,35.990556,40.991916,40.116678,39.328002,39.318384,39.81852,40.8765,39.491508,38.52009,41.40549,37.94301,38.750922,38.510472,39.28953,41.30931,41.241984,43.213674,39.222204,37.587144,39.328002,37.212042,37.183188,37.26975,38.27964
12079,34.644036,35.990556,40.991916,40.116678,39.328002,39.318384,39.81852,40.8765,39.491508,38.52009,41.40549,37.94301,38.750922,38.510472,39.28953,41.30931,41.241984,43.213674,39.222204,37.587144,39.328002,37.212042,37.183188,37.26975,38.27964
12081,34.644036,35.990556,40.991916,40.116678,39.328002,39.318384,39.81852,40.8765,39.491508,38.52009,41.40549,37.94301,38.750922,38.510472,39.28953,41.30931,41.241984,43.213674,39.222204,37.587144,39.328002,37.212042,37.183188,37.26975,38.27964
12083,34.644036,35.990556,40.991916,40.116678,39.328002,39.318384,39.81852,40.8765,39.491508,38.52009,41.40549,37.94301,38.750922,38.510472,39.28953,41.30931,41.241984,43.213674,39.222204,37.587144,39.328002,37.212042,37.183188,37.26975,38.27964
12085,34.644036,35.990556,40.991916,40.116678,39.328002,39.318384,39.81852,40.8765,39.491508,38.52009,41.40549,37.94301,38.750922,38.510472,39.28953,41.30931,41.241984,43.213674,39.222204,37.587144,39.328002,37.212042,37.183188,37.26975,38.27964
12086,34.644036,35.990556,40.991916,40.116678,39.328002,39.318384,39.81852,40.8765,39.491508,38.52009,41.40549,37.94301,38.750922,38.510472,39.28953,41.30931,41.241984,43.213674,39.222204,37.587144,39.328002,37.212042,37.183188,37.26975,38.27964
12087,34.644036,35.990556,40.991916,40.116678,39.328002,39.318384,39.81852,40.8765,39.491508,38.52009,41.40549,37.94301,38.750922,38.510472,39.28953,41.30931,41.241984,43.213674,39.222204,37.587144,39.328002,37.212042,37.183188,37.26975,38.27964
12089,34.644036,35.990556,40.991916,40.116678,39.328002,39.318384,39.81852,40.8765,39.491508,38.52009,41.40549,37.94301,38.750922,38.510472,39.28953,41.30931,41.241984,43.213674,39.222204,37.587144,39.328002,37.212042,37.183188,37.26975,38.27964
12091,34.644036,35.990556,40.991916,40.116678,39.328002,39.318384,39.81852,40.8765,39.491508,38.52009,41.40549,37.94301,38.750922,38.510472,39.28953,41.30931,41.241984,43.213674,39.222204,37.587144,39.328002,37.212042,37.183188,37.26975,38.27964
12093,34.644036,35.990556,40.991916,40.116678,39.328002,39.318384,39.81852,40.8765,39.491508,38.52009,41.40549,37.94301,38.750922,38.510472,39.28953,41.30931,41.241984,43.213674,39.222204,37.587144,39.328002,37.212042,37.183188,37.26975,38.27964
12095,34.644036,35.990556,40.991916,40.116678,39.328002,39.318384,39.81852,40.8765,39.491508,38.52009,41.40549,37.94301,38.750922,38.510472,39.28953,41.30931,41.241984,43.213674,39.222204,37.587144,39.328002,37.212042,37.183188,37.26975,38.27964
12097,34.644036,35.990556,40.991916,40.116678,39.328002,39.318384,39.81852,40.8765,39.491508,38.52009,41.40549,37.94301,38.750922,38.510472,39.28953,41.30931,41.241984,43.213674,39.222204,37.587144,39.328002,37.212042,37.183188,37.26975,38.27964
12099,34.644036,35.990556,40.991916,40.116678,39.328002,39.318384,39.81852,40.8765,39.491508,38.52009,41.40549,37.94301,38.750922,38.510472,39.28953,41.30931,41.241984,43.213674,39.222204,37.587144,39.328002,37.212042,37.183188,37.26975,38.27964
12101,34.644036,35.990556,40.991916,40.116678,39.328002,39.318384,39.81852,40.8765,39.491508,38.52009,41.40549,37.94301,38.750922,38.510472,39.28953,41.30931,41.241984,43.213674,39.222204,37.587144,39.328002,37.212042,37.183188,37.26975,38.27964
12103,34.644036,35.990556,40.991916,40.116678,39.328002,39.318384,39.81852,40.8765,39.491508,38.52009,41.40549,37.94301,38.750922,38.510472,39.28953,41.30931,41.241984,43.213674,39.222204,37.587144,39.328002,37.212042,37.183188,37.26975,38.27964
12105,34.644036,35.990556,40.991916,40.116678,39.328002,39.318384,39.81852,40.8765,39.491508,38.52009,41.40549,37.94301,38.750922,38.510472,39.28953,41.30931,41.241984,43.213674,39.222204,37.587144,39.328002,37.212042,37.183188,37.26975,38.27964
12107,34.644036,35.990556,40.991916,40.116678,39.328002,39.318384,39.81852,40.8765,39.491508,38.52009,41.40549,37.94301,38.750922,38.510472,39.28953,41.30931,41.241984,43.213674,39.222204,37.587144,39.328002,37.212042,37.183188,37.26975,38.27964
12109,34.644036,35.990556,40.991916,40.116678,39.328002,39.318384,39.81852,40.8765,39.491508,38.52009,41.40549,37.94301,38.750922,38.510472,39.28953,41.30931,41.241984,43.213674,39.222204,37.587144,39.328002,37.212042,37.183188,37.26975,38.27964
12111,34.644036,35.990556,40.991916,40.116678,39.328002,39.318384,39.81852,40.8765,39.491508,38.52009,41.40549,37.94301,38.750922,38.510472,39.28953,41.30931,41.241984,43.213674,39.222204,37.587144,39.328002,37.212042,37.183188,37.26975,38.27964
12113,34.644036,35.990556,40.991916,40.116678,39.328002,39.318384,39.81852,40.8765,39.491508,38.52009,41.40549,37.94301,38.750922,38.510472,39.28953,41.30931,41.241984,43.213674,39.222204,37.587144,39.328002,37.212042,37.183188,37.26975,38.27964
12115,34.644036,35.990556,40.991916,40.116678,39.328002,39.318384,39.81852,40.8765,39.491508,38.52009,41.40549,37.94301,38.750922,38.510472,39.28953,41.30931,41.241984,43.213674,39.222204,37.587144,39.328002,37.212042,37.183188,37.26975,38.27964
12117,34.644036,35.990556,40.991916,40.116678,39.328002,39.318384,39.81852,40.8765,39.491508,38.52009,41.40549,37.94301,38.750922,38.510472,39.28953,41.30931,41.241984,43.213674,39.222204,37.587144,39.328002,37.212042,37.183188,37.26975,38.27964
12119,34.644036,35.990556,40.991916,40.116678,39.328002,39.318384,39.81852,40.8765,39.491508,38.52009,41.40549,37.94301,38.750922,38.510472,39.28953,41.30931,41.241984,43.213674,39.222204,37.587144,39.328002,37.212042,37.183188,37.26975,38.27964
12121,34.644036,35.990556,40.991916,40.116678,39.328002,39.318384,39.81852,40.8765,39.491508,38.52009,41.40549,37.94301,38.750922,38.510472,39.28953,41.30931,41.241984,43.213674,39.222204,37.587144,39.328002,37.212042,37.183188,37.26975,38.27964
12123,34.644036,35.990556,40.991916,40.116678,39.328002,39.318384,39.81852,40.8765,39.491508,38.52009,41.40549,37.94301,38.750922,38.510472,39.28953,41.30931,41.241984,43.213674,39.222204,37.587144,39.328002,37.212042,37.183188,37.26975,38.27964
12125,34.644036,35.990556,40.991916,40.116678,39.328002,39.318384,39.81852,40.8765,39.491508,38.52009,41.40549,37.94301,38.750922,38.510472,39.28953,41.30931,41.241984,43.213674,39.222204,37.587144,39.328002,37.212042,37.183188,37.26975,38.27964
12127,34.644036,35.990556,40.991916,40.116678,39.328002,39.318384,39.81852,40.8765,39.491508,38.52009,41.40549,37.94301,38.750922,38.510472,39.28953,41.30931,41.241984,43.213674,39.222204,37.587144,39.328002,37.212042,37.183188,37.26975,38.27964
12129,34.644036,35.990556,40.991916,40.116678,39.328002,39.318384,39.81852,40.8765,39.491508,38.52009,41.40549,37.94301,38.750922,38.510472,39.28953,41.30931,41.241984,43.213674,39.222204,37.587144,39.328002,37.212042,37.183188,37.26975,38.27964
12131,34.644036,35.990556,40.991916,40.116678,39.328002,39.318384,39.81852,40.8765,39.491508,38.52009,41.40549,37.94301,38.750922,38.510472,39.28953,41.30931,41.241984,43.213674,39.222204,37.587144,39.328002,37.212042,37.183188,37.26975,38.27964
12133,34.644036,35.990556,40.991916,40.116678,39.328002,39.318384,39.81852,40.8765,39.491508,38.52009,41.40549,37.94301,38.750922,38.510472,39.28953,41.30931,41.241984,43.213674,39.222204,37.587144,39.328002,37.212042,37.183188,37.26975,38.27964
13001,34.644036,35.990556,40.991916,40.116678,39.328002,39.318384,39.81852,40.8765,39.491508,38.52009,41.40549,37.94301,38.750922,38.510472,39.28953,41.30931,41.241984,43.213674,39.222204,37.587144,39.328002,37.212042,37.183188,37.26975,38.27964
13003,34.644036,35.990556,40.991916,40.116678,39.328002,39.318384,39.81852,40.8765,39.491508,38.52009,41.40549,37.94301,38.750922,38.510472,39.28953,41.30931,41.241984,43.213674,39.222204,37.587144,39.328002,37.212042,37.183188,37.26975,38.27964
13005,34.644036,35.990556,40.991916,40.116678,39.328002,39.318384,39.81852,40.8765,39.491508,38.52009,41.40549,37.94301,38.750922,38.510472,39.28953,41.30931,41.241984,43.213674,39.222204,37.587144,39.328002,37.212042,37.183188,37.26975,38.27964
13007,34.644036,35.990556,40.991916,40.116678,39.328002,39.318384,39.81852,40.8765,39.491508,38.52009,41.40549,37.94301,38.750922,38.510472,39.28953,41.30931,41.241984,43.213674,39.222204,37.587144,39.328002,37.212042,37.183188,37.26975,38.27964
13009,34.644036,35.990556,40.991916,40.116678,39.328002,39.318384,39.81852,40.8765,39.491508,38.52009,41.40549,37.94301,38.750922,38.510472,39.28953,41.30931,41.241984,43.213674,39.222204,37.587144,39.328002,37.212042,37.183188,37.26975,38.27964
13011,34.644036,35.990556,40.991916,40.116678,39.328002,39.318384,39.81852,40.8765,39.491508,38.52009,41.40549,37.94301,38.750922,38.510472,39.28953,41.30931,41.241984,43.213674,39.222204,37.587144,39.328002,37.212042,37.183188,37.26975,38.27964
13013,34.644036,35.990556,40.991916,40.116678,39.328002,39.318384,39.81852,40.8765,39.491508,38.52009,41.40549,37.94301,38.750922,38.510472,39.28953,41.30931,41.241984,43.213674,39.222204,37.587144,39.328002,37.212042,37.183188,37.26975,38.27964
13015,34.644036,35.990556,40.991916,40.116678,39.328002,39.318384,39.81852,40.8765,39.491508,38.52009,41.40549,37.94301,38.750922,38.510472,39.28953,41.30931,41.241984,43.213674,39.222204,37.587144,39.328002,37.212042,37.183188,37.26975,38.27964
13017,34.644036,35.990556,40.991916,40.116678,39.328002,39.318384,39.81852,40.8765,39.491508,38.52009,41.40549,37.94301,38.750922,38.510472,39.28953,41.30931,41.241984,43.213674,39.222204,37.587144,39.328002,37.212042,37.183188,37.26975,38.27964
13019,34.644036,35.990556,40.991916,40.116678,39.328002,39.318384,39.81852,40.8765,39.491508,38.52009,41.40549,37.94301,38.750922,38.510472,39.28953,41.30931,41.241984,43.213674,39.222204,37.587144,39.328002,37.212042,37.183188,37.26975,38.27964
13021,34.644036,35.990556,40.991916,40.116678,39.328002,39.318384,39.81852,40.8765,39.491508,38.52009,41.40549,37.94301,38.750922,38.510472,39.28953,41.30931,41.241984,43.213674,39.222204,37.587144,39.328002,37.212042,37.183188,37.26975,38.27964
13023,34.644036,35.990556,40.991916,40.116678,39.328002,39.318384,39.81852,40.8765,39.491508,38.52009,41.40549,37.94301,38.750922,38.510472,39.28953,41.30931,41.241984,43.213674,39.222204,37.587144,39.328002,37.212042,37.183188,37.26975,38.27964
13025,34.644036,35.990556,40.991916,40.116678,39.328002,39.318384,39.81852,40.8765,39.491508,38.52009,41.40549,37.94301,38.750922,38.510472,39.28953,41.30931,41.241984,43.213674,39.222204,37.587144,39.328002,37.212042,37.183188,37.26975,38.27964
13027,34.644036,35.990556,40.991916,40.116678,39.328002,39.318384,39.81852,40.8765,39.491508,38.52009,41.40549,37.94301,38.750922,38.510472,39.28953,41.30931,41.241984,43.213674,39.222204,37.587144,39.328002,37.212042,37.183188,37.26975,38.27964
13029,34.644036,35.990556,40.991916,40.116678,39.328002,39.318384,39.81852,40.8765,39.491508,38.52009,41.40549,37.94301,38.750922,38.510472,39.28953,41.30931,41.241984,43.213674,39.222204,37.587144,39.328002,37.212042,37.183188,37.26975,38.27964
13031,34.644036,35.990556,40.991916,40.116678,39.328002,39.318384,39.81852,40.8765,39.491508,38.52009,41.40549,37.94301,38.750922,38.510472,39.28953,41.30931,41.241984,43.213674,39.222204,37.587144,39.328002,37.212042,37.183188,37.26975,38.27964
13033,34.644036,35.990556,40.991916,40.116678,39.328002,39.318384,39.81852,40.8765,39.491508,38.52009,41.40549,37.94301,38.750922,38.510472,39.28953,41.30931,41.241984,43.213674,39.222204,37.587144,39.328002,37.212042,37.183188,37.26975,38.27964
13035,34.644036,35.990556,40.991916,40.116678,39.328002,39.318384,39.81852,40.8765,39.491508,38.52009,41.40549,37.94301,38.750922,38.510472,39.28953,41.30931,41.241984,43.213674,39.222204,37.587144,39.328002,37.212042,37.183188,37.26975,38.27964
13037,34.644036,35.990556,40.991916,40.116678,39.328002,39.318384,39.81852,40.8765,39.491508,38.52009,41.40549,37.94301,38.750922,38.510472,39.28953,41.30931,41.241984,43.213674,39.222204,37.587144,39.328002,37.212042,37.183188,37.26975,38.27964
13039,34.644036,35.990556,40.991916,40.116678,39.328002,39.318384,39.81852,40.8765,39.491508,38.52009,41.40549,37.94301,38.750922,38.510472,39.28953,41.30931,41.241984,43.213674,39.222204,37.587144,39.328002,37.212042,37.183188,37.26975,38.27964
13043,34.644036,35.990556,40.991916,40.116678,39.328002,39.318384,39.81852,40.8765,39.491508,38.52009,41.40549,37.94301,38.750922,38.510472,39.28953,41.30931,41.241984,43.213674,39.222204,37.587144,39.328002,37.212042,37.183188,37.26975,38.27964
13045,34.644036,35.990556,40.991916,40.116678,39.328002,39.318384,39.81852,40.8765,39.491508,38.52009,41.40549,37.94301,38.750922,38.510472,39.28953,41.30931,41.241984,43.213674,39.222204,37.587144,39.328002,37.212042,37.183188,37.26975,38.27964
13047,34.644036,35.990556,40.991916,40.116678,39.328002,39.318384,39.81852,40.8765,39.491508,38.52009,41.40549,37.94301,38.750922,38.510472,39.28953,41.30931,41.241984,43.213674,39.222204,37.587144,39.328002,37.212042,37.183188,37.26975,38.27964
13049,34.644036,35.990556,40.991916,40.116678,39.328002,39.318384,39.81852,40.8765,39.491508,38.52009,41.40549,37.94301,38.750922,38.510472,39.28953,41.30931,41.241984,43.213674,39.222204,37.587144,39.328002,37.212042,37.183188,37.26975,38.27964
13051,34.644036,35.990556,40.991916,40.116678,39.328002,39.318384,39.81852,40.8765,39.491508,38.52009,41.40549,37.94301,38.750922,38.510472,39.28953,41.30931,41.241984,43.213674,39.222204,37.587144,39.328002,37.212042,37.183188,37.26975,38.27964
13053,34.644036,35.990556,40.991916,40.116678,39.328002,39.318384,39.81852,40.8765,39.491508,38.52009,41.40549,37.94301,38.750922,38.510472,39.28953,41.30931,41.241984,43.213674,39.222204,37.587144,39.328002,37.212042,37.183188,37.26975,38.27964
13055,34.644036,35.990556,40.991916,40.116678,39.328002,39.318384,39.81852,40.8765,39.491508,38.52009,41.40549,37.94301,38.750922,38.510472,39.28953,41.30931,41.241984,43.213674,39.222204,37.587144,39.328002,37.212042,37.183188,37.26975,38.27964
13057,34.644036,35.990556,40.991916,40.116678,39.328002,39.318384,39.81852,40.8765,39.491508,38.52009,41.40549,37.94301,38.750922,38.510472,39.28953,41.30931,41.241984,43.213674,39.222204,37.587144,39.328002,37.212042,37.183188,37.26975,38.27964
13059,34.644036,35.990556,40.991916,40.116678,39.328002,39.318384,39.81852,40.8765,39.491508,38.52009,41.40549,37.94301,38.750922,38.510472,39.28953,41.30931,41.241984,43.213674,39.222204,37.587144,39.328002,37.212042,37.183188,37.26975,38.27964
13061,34.644036,35.990556,40.991916,40.116678,39.328002,39.318384,39.81852,40.8765,39.491508,38.52009,41.40549,37.94301,38.750922,38.510472,39.28953,41.30931,41.241984,43.213674,39.222204,37.587144,39.328002,37.212042,37.183188,37.26975,38.27964
13063,34.644036,35.990556,40.991916,40.116678,39.328002,39.318384,39.81852,40.8765,39.491508,38.52009,41.40549,37.94301,38.750922,38.510472,39.28953,41.30931,41.241984,43.213674,39.222204,37.587144,39.328002,37.212042,37.183188,37.26975,38.27964
13065,34.644036,35.990556,40.991916,40.116678,39.328002,39.318384,39.81852,40.8765,39.491508,38.52009,41.40549,37.94301,38.750922,38.510472,39.28953,41.30931,41.241984,43.213674,39.222204,37.587144,39.328002,37.212042,37.183188,37.26975,38.27964
13067,34.644036,35.990556,40.991916,40.116678,39.328002,39.318384,39.81852,40.8765,39.491508,38.52009,41.40549,37.94301,38.750922,38.510472,39.28953,41.30931,41.241984,43.213674,39.222204,37.587144,39.328002,37.212042,37.183188,37.26975,38.27964
13069,34.644036,35.990556,40.991916,40.116678,39.328002,39.318384,39.81852,40.8765,39.491508,38.52009,41.40549,37.94301,38.750922,38.510472,39.28953,41.30931,41.241984,43.213674,39.222204,37.587144,39.328002,37.212042,37.183188,37.26975,38.27964
13071,34.644036,35.990556,40.991916,40.116678,39.328002,39.318384,39.81852,40.8765,39.491508,38.52009,41.40549,37.94301,38.750922,38.510472,39.28953,41.30931,41.241984,43.213674,39.222204,37.587144,39.328002,37.212042,37.183188,37.26975,38.27964
13073,34.644036,35.990556,40.991916,40.116678,39.328002,39.318384,39.81852,40.8765,39.491508,38.52009,41.40549,37.94301,38.750922,38.510472,39.28953,41.30931,41.241984,43.213674,39.222204,37.587144,39.328002,37.212042,37.183188,37.26975,38.27964
13075,34.644036,35.990556,40.991916,40.116678,39.328002,39.318384,39.81852,40.8765,39.491508,38.52009,41.40549,37.94301,38.750922,38.510472,39.28953,41.30931,41.241984,43.213674,39.222204,37.587144,39.328002,37.212042,37.183188,37.26975,38.27964
13077,34.644036,35.990556,40.991916,40.116678,39.328002,39.318384,39.81852,40.8765,39.491508,38.52009,41.40549,37.94301,38.750922,38.510472,39.28953,41.30931,41.241984,43.213674,39.222204,37.587144,39.328002,37.212042,37.183188,37.26975,38.27964
13079,34.644036,35.990556,40.991916,40.116678,39.328002,39.318384,39.81852,40.8765,39.491508,38.52009,41.40549,37.94301,38.750922,38.510472,39.28953,41.30931,41.241984,43.213674,39.222204,37.587144,39.328002,37.212042,37.183188,37.26975,38.27964
13081,34.644036,35.990556,40.991916,40.116678,39.328002,39.318384,39.81852,40.8765,39.491508,38.52009,41.40549,37.94301,38.750922,38.510472,39.28953,41.30931,41.241984,43.213674,39.222204,37.587144,39.328002,37.212042,37.183188,37.26975,38.27964
13083,34.644036,35.990556,40.991916,40.116678,39.328002,39.318384,39.81852,40.8765,39.491508,38.52009,41.40549,37.94301,38.750922,38.510472,39.28953,41.30931,41.241984,43.213674,39.222204,37.587144,39.328002,37.212042,37.183188,37.26975,38.27964
13085,34.644036,35.990556,40.991916,40.116678,39.328002,39.318384,39.81852,40.8765,39.491508,38.52009,41.40549,37.94301,38.750922,38.510472,39.28953,41.30931,41.241984,43.213674,39.222204,37.587144,39.328002,37.212042,37.183188,37.26975,38.27964
13087,34.644036,35.990556,40.991916,40.116678,39.328002,39.318384,39.81852,40.8765,39.491508,38.52009,41.40549,37.94301,38.750922,38.510472,39.28953,41.30931,41.241984,43.213674,39.222204,37.587144,39.328002,37.212042,37.183188,37.26975,38.27964
13089,34.644036,35.990556,40.991916,40.116678,39.328002,39.318384,39.81852,40.8765,39.491508,38.52009,41.40549,37.94301,38.750922,38.510472,39.28953,41.30931,41.241984,43.213674,39.222204,37.587144,39.328002,37.212042,37.183188,37.26975,38.27964
13091,34.644036,35.990556,40.991916,40.116678,39.328002,39.318384,39.81852,40.8765,39.491508,38.52009,41.40549,37.94301,38.750922,38.510472,39.28953,41.30931,41.241984,43.213674,39.222204,37.587144,39.328002,37.212042,37.183188,37.26975,38.27964
13093,34.644036,35.990556,40.991916,40.116678,39.328002,39.318384,39.81852,40.8765,39.491508,38.52009,41.40549,37.94301,38.750922,38.510472,39.28953,41.30931,41.241984,43.213674,39.222204,37.587144,39.328002,37.212042,37.183188,37.26975,38.27964
13095,34.644036,35.990556,40.991916,40.116678,39.328002,39.318384,39.81852,40.8765,39.491508,38.52009,41.40549,37.94301,38.750922,38.510472,39.28953,41.30931,41.241984,43.213674,39.222204,37.587144,39.328002,37.212042,37.183188,37.26975,38.27964
13097,34.644036,35.990556,40.991916,40.116678,39.328002,39.318384,39.81852,40.8765,39.491508,38.52009,41.40549,37.94301,38.750922,38.510472,39.28953,41.30931,41.241984,43.213674,39.222204,37.587144,39.328002,37.212042,37.183188,37.26975,38.27964
13099,34.644036,35.990556,40.991916,40.116678,39.328002,39.318384,39.81852,40.8765,39.491508,38.52009,41.40549,37.94301,38.750922,38.510472,39.28953,41.30931,41.241984,43.213674,39.222204,37.587144,39.328002,37.212042,37.183188,37.26975,38.27964
13101,34.644036,35.990556,40.991916,40.116678,39.328002,39.318384,39.81852,40.8765,39.491508,38.52009,41.40549,37.94301,38.750922,38.510472,39.28953,41.30931,41.241984,43.213674,39.222204,37.587144,39.328002,37.212042,37.183188,37.26975,38.27964
13103,34.644036,35.990556,40.991916,40.116678,39.328002,39.318384,39.81852,40.8765,39.491508,38.52009,41.40549,37.94301,38.750922,38.510472,39.28953,41.30931,41.241984,43.213674,39.222204,37.587144,39.328002,37.212042,37.183188,37.26975,38.27964
13105,34.644036,35.990556,40.991916,40.116678,39.328002,39.318384,39.81852,40.8765,39.491508,38.52009,41.40549,37.94301,38.750922,38.510472,39.28953,41.30931,41.241984,43.213674,39.222204,37.587144,39.328002,37.212042,37.183188,37.26975,38.27964
13107,34.644036,35.990556,40.991916,40.116678,39.328002,39.318384,39.81852,40.8765,39.491508,38.52009,41.40549,37.94301,38.750922,38.510472,39.28953,41.30931,41.241984,43.213674,39.222204,37.587144,39.328002,37.212042,37.183188,37.26975,38.27964
13109,34.644036,35.990556,40.991916,40.116678,39.328002,39.318384,39.81852,40.8765,39.491508,38.52009,41.40549,37.94301,38.750922,38.510472,39.28953,41.30931,41.241984,43.213674,39.222204,37.587144,39.328002,37.212042,37.183188,37.26975,38.27964
13111,34.644036,35.990556,40.991916,40.116678,39.328002,39.318384,39.81852,40.8765,39.491508,38.52009,41.40549,37.94301,38.750922,38.510472,39.28953,41.30931,41.241984,43.213674,39.222204,37.587144,39.328002,37.212042,37.183188,37.26975,38.27964
13113,34.644036,35.990556,40.991916,40.116678,39.328002,39.318384,39.81852,40.8765,39.491508,38.52009,41.40549,37.94301,38.750922,38.510472,39.28953,41.30931,41.241984,43.213674,39.222204,37.587144,39.328002,37.212042,37.183188,37.26975,38.27964
13115,34.644036,35.990556,40.991916,40.116678,39.328002,39.318384,39.81852,40.8765,39.491508,38.52009,41.40549,37.94301,38.750922,38.510472,39.28953,41.30931,41.241984,43.213674,39.222204,37.587144,39.328002,37.212042,37.183188,37.26975,38.27964
13117,34.644036,35.990556,40.991916,40.116678,39.328002,39.318384,39.81852,40.8765,39.491508,38.52009,41.40549,37.94301,38.750922,38.510472,39.28953,41.30931,41.241984,43.213674,39.222204,37.587144,39.328002,37.212042,37.183188,37.26975,38.27964
13119,34.644036,35.990556,40.991916,40.116678,39.328002,39.318384,39.81852,40.8765,39.491508,38.52009,41.40549,37.94301,38.750922,38.510472,39.28953,41.30931,41.241984,43.213674,39.222204,37.587144,39.328002,37.212042,37.183188,37.26975,38.27964
13121,34.644036,35.990556,40.991916,40.116678,39.328002,39.318384,39.81852,40.8765,39.491508,38.52009,41.40549,37.94301,38.750922,38.510472,39.28953,41.30931,41.241984,43.213674,39.222204,37.587144,39.328002,37.212042,37.183188,37.26975,38.27964
13123,34.644036,35.990556,40.991916,40.116678,39.328002,39.318384,39.81852,40.8765,39.491508,38.52009,41.40549,37.94301,38.750922,38.510472,39.28953,41.30931,41.241984,43.213674,39.222204,37.587144,39.328002,37.212042,37.183188,37.26975,38.27964
13125,34.644036,35.990556,40.991916,40.116678,39.328002,39.318384,39.81852,40.8765,39.491508,38.52009,41.40549,37.94301,38.750922,38.510472,39.28953,41.30931,41.241984,43.213674,39.222204,37.587144,39.328002,37.212042,37.183188,37.26975,38.27964
13127,34.644036,35.990556,40.991916,40.116678,39.328002,39.318384,39.81852,40.8765,39.491508,38.52009,41.40549,37.94301,38.750922,38.510472,39.28953,41.30931,41.241984,43.213674,39.222204,37.587144,39.328002,37.212042,37.183188,37.26975,38.27964
13129,34.644036,35.990556,40.991916,40.116678,39.328002,39.318384,39.81852,40.8765,39.491508,38.52009,41.40549,37.94301,38.750922,38.510472,39.28953,41.30931,41.241984,43.213674,39.222204,37.587144,39.328002,37.212042,37.183188,37.26975,38.27964
13131,34.644036,35.990556,40.991916,40.116678,39.328002,39.318384,39.81852,40.8765,39.491508,38.52009,41.40549,37.94301,38.750922,38.510472,39.28953,41.30931,41.241984,43.213674,39.222204,37.587144,39.328002,37.212042,37.183188,37.26975,38.27964
13133,34.644036,35.990556,40.991916,40.116678,39.328002,39.318384,39.81852,40.8765,39.491508,38.52009,41.40549,37.94301,38.750922,38.510472,39.28953,41.30931,41.241984,43.213674,39.222204,37.587144,39.328002,37.212042,37.183188,37.26975,38.27964
13135,34.644036,35.990556,40.991916,40.116678,39.328002,39.318384,39.81852,40.8765,39.491508,38.52009,41.40549,37.94301,38.750922,38.510472,39.28953,41.30931,41.241984,43.213674,39.222204,37.587144,39.328002,37.212042,37.183188,37.26975,38.27964
13137,34.644036,35.990556,40.991916,40.116678,39.328002,39.318384,39.81852,40.8765,39.491508,38.52009,41.40549,37.94301,38.750922,38.510472,39.28953,41.30931,41.241984,43.213674,39.222204,37.587144,39.328002,37.212042,37.183188,37.26975,38.27964
13139,34.644036,35.990556,40.991916,40.116678,39.328002,39.318384,39.81852,40.8765,39.491508,38.52009,41.40549,37.94301,38.750922,38.510472,39.28953,41.30931,41.241984,43.213674,39.222204,37.587144,39.328002,37.212042,37.183188,37.26975,38.27964
13141,34.644036,35.990556,40.991916,40.116678,39.328002,39.318384,39.81852,40.8765,39.491508,38.52009,41.40549,37.94301,38.750922,38.510472,39.28953,41.30931,41.241984,43.213674,39.222204,37.587144,39.328002,37.212042,37.183188,37.26975,38.27964
13143,34.644036,35.990556,40.991916,40.116678,39.328002,39.318384,39.81852,40.8765,39.491508,38.52009,41.40549,37.94301,38.750922,38.510472,39.28953,41.30931,41.241984,43.213674,39.222204,37.587144,39.328002,37.212042,37.183188,37.26975,38.27964
13145,34.644036,35.990556,40.991916,40.116678,39.328002,39.318384,39.81852,40.8765,39.491508,38.52009,41.40549,37.94301,38.750922,38.510472,39.28953,41.30931,41.241984,43.213674,39.222204,37.587144,39.328002,37.212042,37.183188,37.26975,38.27964
13147,34.644036,35.990556,40.991916,40.116678,39.328002,39.318384,39.81852,40.8765,39.491508,38.52009,41.40549,37.94301,38.750922,38.510472,39.28953,41.30931,41.241984,43.213674,39.222204,37.587144,39.328002,37.212042,37.183188,37.26975,38.27964
13149,34.644036,35.990556,40.991916,40.116678,39.328002,39.318384,39.81852,40.8765,39.491508,38.52009,41.40549,37.94301,38.750922,38.510472,39.28953,41.30931,41.241984,43.213674,39.222204,37.587144,39.328002,37.212042,37.183188,37.26975,38.27964
13151,34.644036,35.990556,40.991916,40.116678,39.328002,39.318384,39.81852,40.8765,39.491508,38.52009,41.40549,37.94301,38.750922,38.510472,39.28953,41.30931,41.241984,43.213674,39.222204,37.587144,39.328002,37.212042,37.183188,37.26975,38.27964
13153,34.644036,35.990556,40.991916,40.116678,39.328002,39.318384,39.81852,40.8765,39.491508,38.52009,41.40549,37.94301,38.750922,38.510472,39.28953,41.30931,41.241984,43.213674,39.222204,37.587144,39.328002,37.212042,37.183188,37.26975,38.27964
13155,34.644036,35.990556,40.991916,40.116678,39.328002,39.318384,39.81852,40.8765,39.491508,38.52009,41.40549,37.94301,38.750922,38.510472,39.28953,41.30931,41.241984,43.213674,39.222204,37.587144,39.328002,37.212042,37.183188,37.26975,38.27964
13157,34.644036,35.990556,40.991916,40.116678,39.328002,39.318384,39.81852,40.8765,39.491508,38.52009,41.40549,37.94301,38.750922,38.510472,39.28953,41.30931,41.241984,43.213674,39.222204,37.587144,39.328002,37.212042,37.183188,37.26975,38.27964
13159,34.644036,35.990556,40.991916,40.116678,39.328002,39.318384,39.81852,40.8765,39.491508,38.52009,41.40549,37.94301,38.750922,38.510472,39.28953,41.30931,41.241984,43.213674,39.222204,37.587144,39.328002,37.212042,37.183188,37.26975,38.27964
13161,34.644036,35.990556,40.991916,40.116678,39.328002,39.318384,39.81852,40.8765,39.491508,38.52009,41.40549,37.94301,38.750922,38.510472,39.28953,41.30931,41.241984,43.213674,39.222204,37.587144,39.328002,37.212042,37.183188,37.26975,38.27964
13163,34.644036,35.990556,40.991916,40.116678,39.328002,39.318384,39.81852,40.8765,39.491508,38.52009,41.40549,37.94301,38.750922,38.510472,39.28953,41.30931,41.241984,43.213674,39.222204,37.587144,39.328002,37.212042,37.183188,37.26975,38.27964
13165,34.644036,35.990556,40.991916,40.116678,39.328002,39.318384,39.81852,40.8765,39.491508,38.52009,41.40549,37.94301,38.750922,38.510472,39.28953,41.30931,41.241984,43.213674,39.222204,37.587144,39.328002,37.212042,37.183188,37.26975,38.27964
13167,34.644036,35.990556,40.991916,40.116678,39.328002,39.318384,39.81852,40.8765,39.491508,38.52009,41.40549,37.94301,38.750922,38.510472,39.28953,41.30931,41.241984,43.213674,39.222204,37.587144,39.328002,37.212042,37.183188,37.26975,38.27964
13169,34.644036,35.990556,40.991916,40.116678,39.328002,39.318384,39.81852,40.8765,39.491508,38.52009,41.40549,37.94301,38.750922,38.510472,39.28953,41.30931,41.241984,43.213674,39.222204,37.587144,39.328002,37.212042,37.183188,37.26975,38.27964
13171,34.644036,35.990556,40.991916,40.116678,39.328002,39.318384,39.81852,40.8765,39.491508,38.52009,41.40549,37.94301,38.750922,38.510472,39.28953,41.30931,41.241984,43.213674,39.222204,37.587144,39.328002,37.212042,37.183188,37.26975,38.27964
13173,34.644036,35.990556,40.991916,40.116678,39.328002,39.318384,39.81852,40.8765,39.491508,38.52009,41.40549,37.94301,38.750922,38.510472,39.28953,41.30931,41.241984,43.213674,39.222204,37.587144,39.328002,37.212042,37.183188,37.26975,38.27964
13175,34.644036,35.990556,40.991916,40.116678,39.328002,39.318384,39.81852,40.8765,39.491508,38.52009,41.40549,37.94301,38.750922,38.510472,39.28953,41.30931,41.241984,43.213674,39.222204,37.587144,39.328002,37.212042,37.183188,37.26975,38.27964
13177,34.644036,35.990556,40.991916,40.116678,39.328002,39.318384,39.81852,40.8765,39.491508,38.52009,41.40549,37.94301,38.750922,38.510472,39.28953,41.30931,41.241984,43.213674,39.222204,37.587144,39.328002,37.212042,37.183188,37.26975,38.27964
13179,34.644036,35.990556,40.991916,40.116678,39.328002,39.318384,39.81852,40.8765,39.491508,38.52009,41.40549,37.94301,38.750922,38.510472,39.28953,41.30931,41.241984,43.213674,39.222204,37.587144,39.328002,37.212042,37.183188,37.26975,38.27964
13181,34.644036,35.990556,40.991916,40.116678,39.328002,39.318384,39.81852,40.8765,39.491508,38.52009,41.40549,37.94301,38.750922,38.510472,39.28953,41.30931,41.241984,43.213674,39.222204,37.587144,39.328002,37.212042,37.183188,37.26975,38.27964
13183,34.644036,35.990556,40.991916,40.116678,39.328002,39.318384,39.81852,40.8765,39.491508,38.52009,41.40549,37.94301,38.750922,38.510472,39.28953,41.30931,41.241984,43.213674,39.222204,37.587144,39.328002,37.212042,37.183188,37.26975,38.27964
13185,34.644036,35.990556,40.991916,40.116678,39.328002,39.318384,39.81852,40.8765,39.491508,38.52009,41.40549,37.94301,38.750922,38.510472,39.28953,41.30931,41.241984,43.213674,39.222204,37.587144,39.328002,37.212042,37.183188,37.26975,38.27964
13187,34.644036,35.990556,40.991916,40.116678,39.328002,39.318384,39.81852,40.8765,39.491508,38.52009,41.40549,37.94301,38.750922,38.510472,39.28953,41.30931,41.241984,43.213674,39.222204,37.587144,39.328002,37.212042,37.183188,37.26975,38.27964
13189,34.644036,35.990556,40.991916,40.116678,39.328002,39.318384,39.81852,40.8765,39.491508,38.52009,41.40549,37.94301,38.750922,38.510472,39.28953,41.30931,41.241984,43.213674,39.222204,37.587144,39.328002,37.212042,37.183188,37.26975,38.27964
13191,34.644036,35.990556,40.991916,40.116678,39.328002,39.318384,39.81852,40.8765,39.491508,38.52009,41.40549,37.94301,38.750922,38.510472,39.28953,41.30931,41.241984,43.213674,39.222204,37.587144,39.328002,37.212042,37.183188,37.26975,38.27964
13193,34.644036,35.990556,40.991916,40.116678,39.328002,39.318384,39.81852,40.8765,39.491508,38.52009,41.40549,37.94301,38.750922,38.510472,39.28953,41.30931,41.241984,43.213674,39.222204,37.587144,39.328002,37.212042,37.183188,37.26975,38.27964
13195,34.644036,35.990556,40.991916,40.116678,39.328002,39.318384,39.81852,40.8765,39.491508,38.52009,41.40549,37.94301,38.750922,38.510472,39.28953,41.30931,41.241984,43.213674,39.222204,37.587144,39.328002,37.212042,37.183188,37.26975,38.27964
13197,34.644036,35.990556,40.991916,40.116678,39.328002,39.318384,39.81852,40.8765,39.491508,38.52009,41.40549,37.94301,38.750922,38.510472,39.28953,41.30931,41.241984,43.213674,39.222204,37.587144,39.328002,37.212042,37.183188,37.26975,38.27964
13199,34.644036,35.990556,40.991916,40.116678,39.328002,39.318384,39.81852,40.8765,39.491508,38.52009,41.40549,37.94301,38.750922,38.510472,39.28953,41.30931,41.241984,43.213674,39.222204,37.587144,39.328002,37.212042,37.183188,37.26975,38.27964
13201,34.644036,35.990556,40.991916,40.116678,39.328002,39.318384,39.81852,40.8765,39.491508,38.52009,41.40549,37.94301,38.750922,38.510472,39.28953,41.30931,41.241984,43.213674,39.222204,37.587144,39.328002,37.212042,37.183188,37.26975,38.27964
13205,34.644036,35.990556,40.991916,40.116678,39.328002,39.318384,39.81852,40.8765,39.491508,38.52009,41.40549,37.94301,38.750922,38.510472,39.28953,41.30931,41.241984,43.213674,39.222204,37.587144,39.328002,37.212042,37.183188,37.26975,38.27964
13207,34.644036,35.990556,40.991916,40.116678,39.328002,39.318384,39.81852,40.8765,39.491508,38.52009,41.40549,37.94301,38.750922,38.510472,39.28953,41.30931,41.241984,43.213674,39.222204,37.587144,39.328002,37.212042,37.183188,37.26975,38.27964
13209,34.644036,35.990556,40.991916,40.116678,39.328002,39.318384,39.81852,40.8765,39.491508,38.52009,41.40549,37.94301,38.750922,38.510472,39.28953,41.30931,41.241984,43.213674,39.222204,37.587144,39.328002,37.212042,37.183188,37.26975,38.27964
13211,34.644036,35.990556,40.991916,40.116678,39.328002,39.318384,39.81852,40.8765,39.491508,38.52009,41.40549,37.94301,38.750922,38.510472,39.28953,41.30931,41.241984,43.213674,39.222204,37.587144,39.328002,37.212042,37.183188,37.26975,38.27964
13213,34.644036,35.990556,40.991916,40.116678,39.328002,39.318384,39.81852,40.8765,39.491508,38.52009,41.40549,37.94301,38.750922,38.510472,39.28953,41.30931,41.241984,43.213674,39.222204,37.587144,39.328002,37.212042,37.183188,37.26975,38.27964
13215,34.644036,35.990556,40.991916,40.116678,39.328002,39.318384,39.81852,40.8765,39.491508,38.52009,41.40549,37.94301,38.750922,38.510472,39.28953,41.30931,41.241984,43.213674,39.222204,37.587144,39.328002,37.212042,37.183188,37.26975,38.27964
13217,34.644036,35.990556,40.991916,40.116678,39.328002,39.318384,39.81852,40.8765,39.491508,38.52009,41.40549,37.94301,38.750922,38.510472,39.28953,41.30931,41.241984,43.213674,39.222204,37.587144,39.328002,37.212042,37.183188,37.26975,38.27964
13219,34.644036,35.990556,40.991916,40.116678,39.328002,39.318384,39.81852,40.8765,39.491508,38.52009,41.40549,37.94301,38.750922,38.510472,39.28953,41.30931,41.241984,43.213674,39.222204,37.587144,39.328002,37.212042,37.183188,37.26975,38.27964
13221,34.644036,35.990556,40.991916,40.116678,39.328002,39.318384,39.81852,40.8765,39.491508,38.52009,41.40549,37.94301,38.750922,38.510472,39.28953,41.30931,41.241984,43.213674,39.222204,37.587144,39.328002,37.212042,37.183188,37.26975,38.27964
13223,34.644036,35.990556,40.991916,40.116678,39.328002,39.318384,39.81852,40.8765,39.491508,38.52009,41.40549,37.94301,38.750922,38.510472,39.28953,41.30931,41.241984,43.213674,39.222204,37.587144,39.328002,37.212042,37.183188,37.26975,38.27964
13225,34.644036,35.990556,40.991916,40.116678,39.328002,39.318384,39.81852,40.8765,39.491508,38.52009,41.40549,37.94301,38.750922,38.510472,39.28953,41.30931,41.241984,43.213674,39.222204,37.587144,39.328002,37.212042,37.183188,37.26975,38.27964
13227,34.644036,35.990556,40.991916,40.116678,39.328002,39.318384,39.81852,40.8765,39.491508,38.52009,41.40549,37.94301,38.750922,38.510472,39.28953,41.30931,41.241984,43.213674,39.222204,37.587144,39.328002,37.212042,37.183188,37.26975,38.27964
13229,34.644036,35.990556,40.991916,40.116678,39.328002,39.318384,39.81852,40.8765,39.491508,38.52009,41.40549,37.94301,38.750922,38.510472,39.28953,41.30931,41.241984,43.213674,39.222204,37.587144,39.328002,37.212042,37.183188,37.26975,38.27964
13231,34.644036,35.990556,40.991916,40.116678,39.328002,39.318384,39.81852,40.8765,39.491508,38.52009,41.40549,37.94301,38.750922,38.510472,39.28953,41.30931,41.241984,43.213674,39.222204,37.587144,39.328002,37.212042,37.183188,37.26975,38.27964
13233,34.644036,35.990556,40.991916,40.116678,39.328002,39.318384,39.81852,40.8765,39.491508,38.52009,41.40549,37.94301,38.750922,38.510472,39.28953,41.30931,41.241984,43.213674,39.222204,37.587144,39.328002,37.212042,37.183188,37.26975,38.27964
13235,34.644036,35.990556,40.991916,40.116678,39.328002,39.318384,39.81852,40.8765,39.491508,38.52009,41.40549,37.94301,38.750922,38.510472,39.28953,41.30931,41.241984,43.213674,39.222204,37.587144,39.328002,37.212042,37.183188,37.26975,38.27964
13237,34.644036,35.990556,40.991916,40.116678,39.328002,39.318384,39.81852,40.8765,39.491508,38.52009,41.40549,37.94301,38.750922,38.510472,39.28953,41.30931,41.241984,43.213674,39.222204,37.587144,39.328002,37.212042,37.183188,37.26975,38.27964
13239,34.644036,35.990556,40.991916,40.116678,39.328002,39.318384,39.81852,40.8765,39.491508,38.52009,41.40549,37.94301,38.750922,38.510472,39.28953,41.30931,41.241984,43.213674,39.222204,37.587144,39.328002,37.212042,37.183188,37.26975,38.27964
13241,34.644036,35.990556,40.991916,40.116678,39.328002,39.318384,39.81852,40.8765,39.491508,38.52009,41.40549,37.94301,38.750922,38.510472,39.28953,41.30931,41.241984,43.213674,39.222204,37.587144,39.328002,37.212042,37.183188,37.26975,38.27964
13243,34.644036,35.990556,40.991916,40.116678,39.328002,39.318384,39.81852,40.8765,39.491508,38.52009,41.40549,37.94301,38.750922,38.510472,39.28953,41.30931,41.241984,43.213674,39.222204,37.587144,39.328002,37.212042,37.183188,37.26975,38.27964
13245,34.644036,35.990556,40.991916,40.116678,39.328002,39.318384,39.81852,40.8765,39.491508,38.52009,41.40549,37.94301,38.750922,38.510472,39.28953,41.30931,41.241984,43.213674,39.222204,37.587144,39.328002,37.212042,37.183188,37.26975,38.27964
13247,34.644036,35.990556,40.991916,40.116678,39.328002,39.318384,39.81852,40.8765,39.491508,38.52009,41.40549,37.94301,38.750922,38.510472,39.28953,41.30931,41.241984,43.213674,39.222204,37.587144,39.328002,37.212042,37.183188,37.26975,38.27964
13249,34.644036,35.990556,40.991916,40.116678,39.328002,39.318384,39.81852,40.8765,39.491508,38.52009,41.40549,37.94301,38.750922,38.510472,39.28953,41.30931,41.241984,43.213674,39.222204,37.587144,39.328002,37.212042,37.183188,37.26975,38.27964
13251,34.644036,35.990556,40.991916,40.116678,39.328002,39.318384,39.81852,40.8765,39.491508,38.52009,41.40549,37.94301,38.750922,38.510472,39.28953,41.30931,41.241984,43.213674,39.222204,37.587144,39.328002,37.212042,37.183188,37.26975,38.27964
13253,34.644036,35.990556,40.991916,40.116678,39.328002,39.318384,39.81852,40.8765,39.491508,38.52009,41.40549,37.94301,38.750922,38.510472,39.28953,41.30931,41.241984,43.213674,39.222204,37.587144,39.328002,37.212042,37.183188,37.26975,38.27964
13255,34.644036,35.990556,40.991916,40.116678,39.328002,39.318384,39.81852,40.8765,39.491508,38.52009,41.40549,37.94301,38.750922,38.510472,39.28953,41.30931,41.241984,43.213674,39.222204,37.587144,39.328002,37.212042,37.183188,37.26975,38.27964
13257,34.644036,35.990556,40.991916,40.116678,39.328002,39.318384,39.81852,40.8765,39.491508,38.52009,41.40549,37.94301,38.750922,38.510472,39.28953,41.30931,41.241984,43.213674,39.222204,37.587144,39.328002,37.212042,37.183188,37.26975,38.27964
13259,34.644036,35.990556,40.991916,40.116678,39.328002,39.318384,39.81852,40.8765,39.491508,38.52009,41.40549,37.94301,38.750922,38.510472,39.28953,41.30931,41.241984,43.213674,39.222204,37.587144,39.328002,37.212042,37.183188,37.26975,38.27964
13261,34.644036,35.990556,40.991916,40.116678,39.328002,39.318384,39.81852,40.8765,39.491508,38.52009,41.40549,37.94301,38.750922,38.510472,39.28953,41.30931,41.241984,43.213674,39.222204,37.587144,39.328002,37.212042,37.183188,37.26975,38.27964
13263,34.644036,35.990556,40.991916,40.116678,39.328002,39.318384,39.81852,40.8765,39.491508,38.52009,41.40549,37.94301,38.750922,38.510472,39.28953,41.30931,41.241984,43.213674,39.222204,37.587144,39.328002,37.212042,37.183188,37.26975,38.27964
13265,34.644036,35.990556,40.991916,40.116678,39.328002,39.318384,39.81852,40.8765,39.491508,38.52009,41.40549,37.94301,38.750922,38.510472,39.28953,41.30931,41.241984,43.213674,39.222204,37.587144,39.328002,37.212042,37.183188,37.26975,38.27964
13267,34.644036,35.990556,40.991916,40.116678,39.328002,39.318384,39.81852,40.8765,39.491508,38.52009,41.40549,37.94301,38.750922,38.510472,39.28953,41.30931,41.241984,43.213674,39.222204,37.587144,39.328002,37.212042,37.183188,37.26975,38.27964
13269,34.644036,35.990556,40.991916,40.116678,39.328002,39.318384,39.81852,40.8765,39.491508,38.52009,41.40549,37.94301,38.750922,38.510472,39.28953,41.30931,41.241984,43.213674,39.222204,37.587144,39.328002,37.212042,37.183188,37.26975,38.27964
13271,34.644036,35.990556,40.991916,40.116678,39.328002,39.318384,39.81852,40.8765,39.491508,38.52009,41.40549,37.94301,38.750922,38.510472,39.28953,41.30931,41.241984,43.213674,39.222204,37.587144,39.328002,37.212042,37.183188,37.26975,38.27964
13273,34.644036,35.990556,40.991916,40.116678,39.328002,39.318384,39.81852,40.8765,39.491508,38.52009,41.40549,37.94301,38.750922,38.510472,39.28953,41.30931,41.241984,43.213674,39.222204,37.587144,39.328002,37.212042,37.183188,37.26975,38.27964
13275,34.644036,35.990556,40.991916,40.116678,39.328002,39.318384,39.81852,40.8765,39.491508,38.52009,41.40549,37.94301,38.750922,38.510472,39.28953,41.30931,41.241984,43.213674,39.222204,37.587144,39.328002,37.212042,37.183188,37.26975,38.27964
13277,34.644036,35.990556,40.991916,40.116678,39.328002,39.318384,39.81852,40.8765,39.491508,38.52009,41.40549,37.94301,38.750922,38.510472,39.28953,41.30931,41.241984,43.213674,39.222204,37.587144,39.328002,37.212042,37.183188,37.26975,38.27964
13279,34.644036,35.990556,40.991916,40.116678,39.328002,39.318384,39.81852,40.8765,39.491508,38.52009,41.40549,37.94301,38.750922,38.510472,39.28953,41.30931,41.241984,43.213674,39.222204,37.587144,39.328002,37.212042,37.183188,37.26975,38.27964
13281,34.644036,35.990556,40.991916,40.116678,39.328002,39.318384,39.81852,40.8765,39.491508,38.52009,41.40549,37.94301,38.750922,38.510472,39.28953,41.30931,41.241984,43.213674,39.222204,37.587144,39.328002,37.212042,37.183188,37.26975,38.27964
13283,34.644036,35.990556,40.991916,40.116678,39.328002,39.318384,39.81852,40.8765,39.491508,38.52009,41.40549,37.94301,38.750922,38.510472,39.28953,41.30931,41.241984,43.213674,39.222204,37.587144,39.328002,37.212042,37.183188,37.26975,38.27964
13285,34.644036,35.990556,40.991916,40.116678,39.328002,39.318384,39.81852,40.8765,39.491508,38.52009,41.40549,37.94301,38.750922,38.510472,39.28953,41.30931,41.241984,43.213674,39.222204,37.587144,39.328002,37.212042,37.183188,37.26975,38.27964
13287,34.644036,35.990556,40.991916,40.116678,39.328002,39.318384,39.81852,40.8765,39.491508,38.52009,41.40549,37.94301,38.750922,38.510472,39.28953,41.30931,41.241984,43.213674,39.222204,37.587144,39.328002,37.212042,37.183188,37.26975,38.27964
13289,34.644036,35.990556,40.991916,40.116678,39.328002,39.318384,39.81852,40.8765,39.491508,38.52009,41.40549,37.94301,38.750922,38.510472,39.28953,41.30931,41.241984,43.213674,39.222204,37.587144,39.328002,37.212042,37.183188,37.26975,38.27964
13291,34.644036,35.990556,40.991916,40.116678,39.328002,39.318384,39.81852,40.8765,39.491508,38.52009,41.40549,37.94301,38.750922,38.510472,39.28953,41.30931,41.241984,43.213674,39.222204,37.587144,39.328002,37.212042,37.183188,37.26975,38.27964
13293,34.644036,35.990556,40.991916,40.116678,39.328002,39.318384,39.81852,40.8765,39.491508,38.52009,41.40549,37.94301,38.750922,38.510472,39.28953,41.30931,41.241984,43.213674,39.222204,37.587144,39.328002,37.212042,37.183188,37.26975,38.27964
13295,34.644036,35.990556,40.991916,40.116678,39.328002,39.318384,39.81852,40.8765,39.491508,38.52009,41.40549,37.94301,38.750922,38.510472,39.28953,41.30931,41.241984,43.213674,39.222204,37.587144,39.328002,37.212042,37.183188,37.26975,38.27964
13297,34.644036,35.990556,40.991916,40.116678,39.328002,39.318384,39.81852,40.8765,39.491508,38.52009,41.40549,37.94301,38.750922,38.510472,39.28953,41.30931,41.241984,43.213674,39.222204,37.587144,39.328002,37.212042,37.183188,37.26975,38.27964
13299,34.644036,35.990556,40.991916,40.116678,39.328002,39.318384,39.81852,40.8765,39.491508,38.52009,41.40549,37.94301,38.750922,38.510472,39.28953,41.30931,41.241984,43.213674,39.222204,37.587144,39.328002,37.212042,37.183188,37.26975,38.27964
13301,34.644036,35.990556,40.991916,40.116678,39.328002,39.318384,39.81852,40.8765,39.491508,38.52009,41.40549,37.94301,38.750922,38.510472,39.28953,41.30931,41.241984,43.213674,39.222204,37.587144,39.328002,37.212042,37.183188,37.26975,38.27964
13303,34.644036,35.990556,40.991916,40.116678,39.328002,39.318384,39.81852,40.8765,39.491508,38.52009,41.40549,37.94301,38.750922,38.510472,39.28953,41.30931,41.241984,43.213674,39.222204,37.587144,39.328002,37.212042,37.183188,37.26975,38.27964
13305,34.644036,35.990556,40.991916,40.116678,39.328002,39.318384,39.81852,40.8765,39.491508,38.52009,41.40549,37.94301,38.750922,38.510472,39.28953,41.30931,41.241984,43.213674,39.222204,37.587144,39.328002,37.212042,37.183188,37.26975,38.27964
13307,34.644036,35.990556,40.991916,40.116678,39.328002,39.318384,39.81852,40.8765,39.491508,38.52009,41.40549,37.94301,38.750922,38.510472,39.28953,41.30931,41.241984,43.213674,39.222204,37.587144,39.328002,37.212042,37.183188,37.26975,38.27964
13309,34.644036,35.990556,40.991916,40.116678,39.328002,39.318384,39.81852,40.8765,39.491508,38.52009,41.40549,37.94301,38.750922,38.510472,39.28953,41.30931,41.241984,43.213674,39.222204,37.587144,39.328002,37.212042,37.183188,37.26975,38.27964
13311,34.644036,35.990556,40.991916,40.116678,39.328002,39.318384,39.81852,40.8765,39.491508,38.52009,41.40549,37.94301,38.750922,38.510472,39.28953,41.30931,41.241984,43.213674,39.222204,37.587144,39.328002,37.212042,37.183188,37.26975,38.27964
13313,34.644036,35.990556,40.991916,40.116678,39.328002,39.318384,39.81852,40.8765,39.491508,38.52009,41.40549,37.94301,38.750922,38.510472,39.28953,41.30931,41.241984,43.213674,39.222204,37.587144,39.328002,37.212042,37.183188,37.26975,38.27964
13315,34.644036,35.990556,40.991916,40.116678,39.328002,39.318384,39.81852,40.8765,39.491508,38.52009,41.40549,37.94301,38.750922,38.510472,39.28953,41.30931,41.241984,43.213674,39.222204,37.587144,39.328002,37.212042,37.183188,37.26975,38.27964
13317,34.644036,35.990556,40.991916,40.116678,39.328002,39.318384,39.81852,40.8765,39.491508,38.52009,41.40549,37.94301,38.750922,38.510472,39.28953,41.30931,41.241984,43.213674,39.222204,37.587144,39.328002,37.212042,37.183188,37.26975,38.27964
13319,34.644036,35.990556,40.991916,40.116678,39.328002,39.318384,39.81852,40.8765,39.491508,38.52009,41.40549,37.94301,38.750922,38.510472,39.28953,41.30931,41.241984,43.213674,39.222204,37.587144,39.328002,37.212042,37.183188,37.26975,38.27964
13321,34.644036,35.990556,40.991916,40.116678,39.328002,39.318384,39.81852,40.8765,39.491508,38.52009,41.40549,37.94301,38.750922,38.510472,39.28953,41.30931,41.241984,43.213674,39.222204,37.587144,39.328002,37.212042,37.183188,37.26975,38.27964
16001,34.644036,35.990556,40.991916,40.116678,39.328002,39.318384,39.81852,40.8765,39.491508,38.52009,41.40549,37.94301,38.750922,38.510472,39.28953,41.30931,41.241984,43.213674,39.222204,37.587144,39.328002,37.212042,37.183188,37.26975,38.27964
16003,34.644036,35.990556,40.991916,40.116678,39.328002,39.318384,39.81852,40.8765,39.491508,38.52009,41.40549,37.94301,38.750922,38.510472,39.28953,41.30931,41.241984,43.213674,39.222204,37.587144,39.328002,37.212042,37.183188,37.26975,38.27964
16005,34.644036,35.990556,40.991916,40.116678,39.328002,39.318384,39.81852,40.8765,39.491508,38.52009,41.40549,37.94301,38.750922,38.510472,39.28953,41.30931,41.241984,43.213674,39.222204,37.587144,39.328002,37.212042,37.183188,37.26975,38.27964
16007,34.644036,35.990556,40.991916,40.116678,39.328002,39.318384,39.81852,40.8765,39.491508,38.52009,41.40549,37.94301,38.750922,38.510472,39.28953,41.30931,41.241984,43.213674,39.222204,37.587144,39.328002,37.212042,37.183188,37.26975,38.27964
16009,34.644036,35.990556,40.991916,40.116678,39.328002,39.318384,39.81852,40.8765,39.491508,38.52009,41.40549,37.94301,38.750922,38.510472,39.28953,41.30931,41.241984,43.213674,39.222204,37.587144,39.328002,37.212042,37.183188,37.26975,38.27964
16011,34.644036,35.990556,40.991916,40.116678,39.328002,39.318384,39.81852,40.8765,39.491508,38.52009,41.40549,37.94301,38.750922,38.510472,39.28953,41.30931,41.241984,43.213674,39.222204,37.587144,39.328002,37.212042,37.183188,37.26975,38.27964
16013,34.644036,35.990556,40.991916,40.116678,39.328002,39.318384,39.81852,40.8765,39.491508,38.52009,41.40549,37.94301,38.750922,38.510472,39.28953,41.30931,41.241984,43.213674,39.222204,37.587144,39.328002,37.212042,37.183188,37.26975,38.27964
16015,34.644036,35.990556,40.991916,40.116678,39.328002,39.318384,39.81852,40.8765,39.491508,38.52009,41.40549,37.94301,38.750922,38.510472,39.28953,41.30931,41.241984,43.213674,39.222204,37.587144,39.328002,37.212042,37.183188,37.26975,38.27964
16017,34.644036,35.990556,40.991916,40.116678,39.328002,39.318384,39.81852,40.8765,39.491508,38.52009,41.40549,37.94301,38.750922,38.510472,39.28953,41.30931,41.241984,43.213674,39.222204,37.587144,39.328002,37.212042,37.183188,37.26975,38.27964
16019,34.644036,35.990556,40.991916,40.116678,39.328002,39.318384,39.81852,40.8765,39.491508,38.52009,41.40549,37.94301,38.750922,38.510472,39.28953,41.30931,41.241984,43.213674,39.222204,37.587144,39.328002,37.212042,37.183188,37.26975,38.27964
16021,34.644036,35.990556,40.991916,40.116678,39.328002,39.318384,39.81852,40.8765,39.491508,38.52009,41.40549,37.94301,38.750922,38.510472,39.28953,41.30931,41.241984,43.213674,39.222204,37.587144,39.328002,37.212042,37.183188,37.26975,38.27964
16023,34.644036,35.990556,40.991916,40.116678,39.328002,39.318384,39.81852,40.8765,39.491508,38.52009,41.40549,37.94301,38.750922,38.510472,39.28953,41.30931,41.241984,43.213674,39.222204,37.587144,39.328002,37.212042,37.183188,37.26975,38.27964
16025,34.644036,35.990556,40.991916,40.116678,39.328002,39.318384,39.81852,40.8765,39.491508,38.52009,41.40549,37.94301,38.750922,38.510472,39.28953,41.30931,41.241984,43.213674,39.222204,37.587144,39.328002,37.212042,37.183188,37.26975,38.27964
16027,34.644036,35.990556,40.991916,40.116678,39.328002,39.318384,39.81852,40.8765,39.491508,38.52009,41.40549,37.94301,38.750922,38.510472,39.28953,41.30931,41.241984,43.213674,39.222204,37.587144,39.328002,37.212042,37.183188,37.26975,38.27964
16029,34.644036,35.990556,40.991916,40.116678,39.328002,39.318384,39.81852,40.8765,39.491508,38.52009,41.40549,37.94301,38.750922,38.510472,39.28953,41.30931,41.241984,43.213674,39.222204,37.587144,39.328002,37.212042,37.183188,37.26975,38.27964
16031,34.644036,35.990556,40.991916,40.116678,39.328002,39.318384,39.81852,40.8765,39.491508,38.52009,41.40549,37.94301,38.750922,38.510472,39.28953,41.30931,41.241984,43.213674,39.222204,37.587144,39.328002,37.212042,37.183188,37.26975,38.27964
16033,34.644036,35.990556,40.991916,40.116678,39.328002,39.318384,39.81852,40.8765,39.491508,38.52009,41.40549,37.94301,38.750922,38.510472,39.28953,41.30931,41.241984,43.213674,39.222204,37.587144,39.328002,37.212042,37.183188,37.26975,38.27964
16035,34.644036,35.990556,40.991916,40.116678,39.328002,39.318384,39.81852,40.8765,39.491508,38.52009,41.40549,37.94301,38.750922,38.510472,39.28953,41.30931,41.241984,43.213674,39.222204,37.587144,39.328002,37.212042,37.183188,37.26975,38.27964
16037,34.644036,35.990556,40.991916,40.116678,39.328002,39.318384,39.81852,40.8765,39.491508,38.52009,41.40549,37.94301,38.750922,38.510472,39.28953,41.30931,41.241984,43.213674,39.222204,37.587144,39.328002,37.212042,37.183188,37.26975,38.27964
16039,34.644036,35.990556,40.991916,40.116678,39.328002,39.318384,39.81852,40.8765,39.491508,38.52009,41.40549,37.94301,38.750922,38.510472,39.28953,41.30931,41.241984,43.213674,39.222204,37.587144,39.328002,37.212042,37.183188,37.26975,38.27964
16041,34.644036,35.990556,40.991916,40.116678,39.328002,39.318384,39.81852,40.8765,39.491508,38.52009,41.40549,37.94301,38.750922,38.510472,39.28953,41.30931,41.241984,43.213674,39.222204,37.587144,39.328002,37.212042,37.183188,37.26975,38.27964
16043,34.644036,35.990556,40.991916,40.116678,39.328002,39.318384,39.81852,40.8765,39.491508,38.52009,41.40549,37.94301,38.750922,38.510472,39.28953,41.30931,41.241984,43.213674,39.222204,37.587144,39.328002,37.212042,37.183188,37.26975,38.27964
16045,34.644036,35.990556,40.991916,40.116678,39.328002,39.318384,39.81852,40.8765,39.491508,38.52009,41.40549,37.94301,38.750922,38.510472,39.28953,41.30931,41.241984,43.213674,39.222204,37.587144,39.328002,37.212042,37.183188,37.26975,38.27964
16047,34.644036,35.990556,40.991916,40.116678,39.328002,39.318384,39.81852,40.8765,39.491508,38.52009,41.40549,37.94301,38.750922,38.510472,39.28953,41.30931,41.241984,43.213674,39.222204,37.587144,39.328002,37.212042,37.183188,37.26975,38.27964
16049,34.644036,35.990556,40.991916,40.116678,39.328002,39.318384,39.81852,40.8765,39.491508,38.52009,41.40549,37.94301,38.750922,38.510472,39.28953,41.30931,41.241984,43.213674,39.222204,37.587144,39.328002,37.212042,37.183188,37.26975,38.27964
16051,34.644036,35.990556,40.991916,40.116678,39.328002,39.318384,39.81852,40.8765,39.491508,38.52009,41.40549,37.94301,38.750922,38.510472,39.28953,41.30931,41.241984,43.213674,39.222204,37.587144,39.328002,37.212042,37.183188,37.26975,38.27964
16053,34.644036,35.990556,40.991916,40.116678,39.328002,39.318384,39.81852,40.8765,39.491508,38.52009,41.40549,37.94301,38.750922,38.510472,39.28953,41.30931,41.241984,43.213674,39.222204,37.587144,39.328002,37.212042,37.183188,37.26975,38.27964
16055,34.644036,35.990556,40.991916,40.116678,39.328002,39.318384,39.81852,40.8765,39.491508,38.52009,41.40549,37.94301,38.750922,38.510472,39.28953,41.30931,41.241984,43.213674,39.222204,37.587144,39.328002,37.212042,37.183188,37.26975,38.27964
16057,34.644036,35.990556,40.991916,40.116678,39.328002,39.318384,39.81852,40.8765,39.491508,38.52009,41.40549,37.94301,38.750922,38.510472,39.28953,41.30931,41.241984,43.213674,39.222204,37.587144,39.328002,37.212042,37.183188,37.26975,38.27964
16059,34.644036,35.990556,40.991916,40.116678,39.328002,39.318384,39.81852,40.8765,39.491508,38.52009,41.40549,37.94301,38.750922,38.510472,39.28953,41.30931,41.241984,43.213674,39.222204,37.587144,39.328002,37.212042,37.183188,37.26975,38.27964
16061,34.644036,35.990556,40.991916,40.116678,39.328002,39.318384,39.81852,40.8765,39.491508,38.52009,41.40549,37.94301,38.750922,38.510472,39.28953,41.30931,41.241984,43.213674,39.222204,37.587144,39.328002,37.212042,37.183188,37.26975,38.27964
16063,34.644036,35.990556,40.991916,40.116678,39.328002,39.318384,39.81852,40.8765,39.491508,38.52009,41.40549,37.94301,38.750922,38.510472,39.28953,41.30931,41.241984,43.213674,39.222204,37.587144,39.328002,37.212042,37.183188,37.26975,38.27964
16065,34.644036,35.990556,40.991916,40.116678,39.328002,39.318384,39.81852,40.8765,39.491508,38.52009,41.40549,37.94301,38.750922,38.510472,39.28953,41.30931,41.241984,43.213674,39.222204,37.587144,39.328002,37.212042,37.183188,37.26975,38.27964
16067,34.644036,35.990556,40.991916,40.116678,39.328002,39.318384,39.81852,40.8765,39.491508,38.52009,41.40549,37.94301,38.750922,38.510472,39.28953,41.30931,41.241984,43.213674,39.222204,37.587144,39.328002,37.212042,37.183188,37.26975,38.27964
16069,34.644036,35.990556,40.991916,40.116678,39.328002,39.318384,39.81852,40.8765,39.491508,38.52009,41.40549,37.94301,38.750922,38.510472,39.28953,41.30931,41.241984,43.213674,39.222204,37.587144,39.328002,37.212042,37.183188,37.26975,38.27964
16071,34.644036,35.990556,40.991916,40.116678,39.328002,39.318384,39.81852,40.8765,39.491508,38.52009,41.40549,37.94301,38.750922,38.510472,39.28953,41.30931,41.241984,43.213674,39.222204,37.587144,39.328002,37.212042,37.183188,37.26975,38.27964
16073,34.644036,35.990556,40.991916,40.116678,39.328002,39.318384,39.81852,40.8765,39.491508,38.52009,41.40549,37.94301,38.750922,38.510472,39.28953,41.30931,41.241984,43.213674,39.222204,37.587144,39.328002,37.212042,37.183188,37.26975,38.27964
16075,34.644036,35.990556,40.991916,40.116678,39.328002,39.318384,39.81852,40.8765,39.491508,38.52009,41.40549,37.94301,38.750922,38.510472,39.28953,41.30931,41.241984,43.213674,39.222204,37.587144,39.328002,37.212042,37.183188,37.26975,38.27964
16077,34.644036,35.990556,40.991916,40.116678,39.328002,39.318384,39.81852,40.8765,39.491508,38.52009,41.40549,37.94301,38.750922,38.510472,39.28953,41.30931,41.241984,43.213674,39.222204,37.587144,39.328002,37.212042,37.183188,37.26975,38.27964
16079,34.644036,35.990556,40.991916,40.116678,39.328002,39.318384,39.81852,40.8765,39.491508,38.52009,41.40549,37.94301,38.750922,38.510472,39.28953,41.30931,41.241984,43.213674,39.222204,37.587144,39.328002,37.212042,37.183188,37.26975,38.27964
16081,34.644036,35.990556,40.991916,40.116678,39.328002,39.318384,39.81852,40.8765,39.491508,38.52009,41.40549,37.94301,38.750922,38.510472,39.28953,41.30931,41.241984,43.213674,39.222204,37.587144,39.328002,37.212042,37.183188,37.26975,38.27964
16083,34.644036,35.990556,40.991916,40.116678,39.328002,39.318384,39.81852,40.8765,39.491508,38.52009,41.40549,37.94301,38.750922,38.510472,39.28953,41.30931,41.241984,43.213674,39.222204,37.587144,39.328002,37.212042,37.183188,37.26975,38.27964
16085,34.644036,35.990556,40.991916,40.116678,39.328002,39.318384,39.81852,40.8765,39.491508,38.52009,41.40549,37.94301,38.750922,38.510472,39.28953,41.30931,41.241984,43.213674,39.222204,37.587144,39.328002,37.212042,37.183188,37.26975,38.27964
16087,34.644036,35.990556,40.991916,40.116678,39.328002,39.318384,39.81852,40.8765,39.491508,38.52009,41.40549,37.94301,38.750922,38.510472,39.28953,41.30931,41.241984,43.213674,39.222204,37.587144,39.328002,37.212042,37.183188,37.26975,38.27964
17001,34.644036,35.990556,40.991916,40.116678,39.328002,39.318384,39.81852,40.8765,39.491508,38.52009,41.40549,37.94301,38.750922,38.510472,39.28953,41.30931,41.241984,43.213674,39.222204,37.587144,39.328002,37.212042,37.183188,37.26975,38.27964
17003,34.644036,35.990556,40.991916,40.116678,39.328002,39.318384,39.81852,40.8765,39.491508,38.52009,41.40549,37.94301,38.750922,38.510472,39.28953,41.30931,41.241984,43.213674,39.222204,37.587144,39.328002,37.212042,37.183188,37.26975,38.27964
17005,34.644036,35.990556,40.991916,40.116678,39.328002,39.318384,39.81852,40.8765,39.491508,38.52009,41.40549,37.94301,38.750922,38.510472,39.28953,41.30931,41.241984,43.213674,39.222204,37.587144,39.328002,37.212042,37.183188,37.26975,38.27964
17007,34.644036,35.990556,40.991916,40.116678,39.328002,39.318384,39.81852,40.8765,39.491508,38.52009,41.40549,37.94301,38.750922,38.510472,39.28953,41.30931,41.241984,43.213674,39.222204,37.587144,39.328002,37.212042,37.183188,37.26975,38.27964
17009,34.644036,35.990556,40.991916,40.116678,39.328002,39.318384,39.81852,40.8765,39.491508,38.52009,41.40549,37.94301,38.750922,38.510472,39.28953,41.30931,41.241984,43.213674,39.222204,37.587144,39.328002,37.212042,37.183188,37.26975,38.27964
17011,34.644036,35.990556,40.991916,40.116678,39.328002,39.318384,39.81852,40.8765,39.491508,38.52009,41.40549,37.94301,38.750922,38.510472,39.28953,41.30931,41.241984,43.213674,39.222204,37.587144,39.328002,37.212042,37.183188,37.26975,38.27964
17013,34.644036,35.990556,40.991916,40.116678,39.328002,39.318384,39.81852,40.8765,39.491508,38.52009,41.40549,37.94301,38.750922,38.510472,39.28953,41.30931,41.241984,43.213674,39.222204,37.587144,39.328002,37.212042,37.183188,37.26975,38.27964
17015,34.644036,35.990556,40.991916,40.116678,39.328002,39.318384,39.81852,40.8765,39.491508,38.52009,41.40549,37.94301,38.750922,38.510472,39.28953,41.30931,41.241984,43.213674,39.222204,37.587144,39.328002,37.212042,37.183188,37.26975,38.27964
17017,34.644036,35.990556,40.991916,40.116678,39.328002,39.318384,39.81852,40.8765,39.491508,38.52009,41.40549,37.94301,38.750922,38.510472,39.28953,41.30931,41.241984,43.213674,39.222204,37.587144,39.328002,37.212042,37.183188,37.26975,38.27964
17019,34.644036,35.990556,40.991916,40.116678,39.328002,39.318384,39.81852,40.8765,39.491508,38.52009,41.40549,37.94301,38.750922,38.510472,39.28953,41.30931,41.241984,43.213674,39.222204,37.587144,39.328002,37.212042,37.183188,37.26975,38.27964
17021,34.644036,35.990556,40.991916,40.116678,39.328002,39.318384,39.81852,40.8765,39.491508,38.52009,41.40549,37.94301,38.750922,38.510472,39.28953,41.30931,41.241984,43.213674,39.222204,37.587144,39.328002,37.212042,37.183188,37.26975,38.27964
17023,34.644036,35.990556,40.991916,40.116678,39.328002,39.318384,39.81852,40.8765,39.491508,38.52009,41.40549,37.94301,38.750922,38.510472,39.28953,41.30931,41.241984,43.213674,39.222204,37.587144,39.328002,37.212042,37.183188,37.26975,38.27964
17025,34.644036,35.990556,40.991916,40.116678,39.328002,39.318384,39.81852,40.8765,39.491508,38.52009,41.40549,37.94301,38.750922,38.510472,39.28953,41.30931,41.241984,43.213674,39.222204,37.587144,39.328002,37.212042,37.183188,37.26975,38.27964
17027,34.644036,35.990556,40.991916,40.116678,39.328002,39.318384,39.81852,40.8765,39.491508,38.52009,41.40549,37.94301,38.750922,38.510472,39.28953,41.30931,41.241984,43.213674,39.222204,37.587144,39.328002,37.212042,37.183188,37.26975,38.27964
17029,34.644036,35.990556,40.991916,40.116678,39.328002,39.318384,39.81852,40.8765,39.491508,38.52009,41.40549,37.94301,38.750922,38.510472,39.28953,41.30931,41.241984,43.213674,39.222204,37.587144,39.328002,37.212042,37.183188,37.26975,38.27964
17031,34.644036,35.990556,40.991916,40.116678,39.328002,39.318384,39.81852,40.8765,39.491508,38.52009,41.40549,37.94301,38.750922,38.510472,39.28953,41.30931,41.241984,43.213674,39.222204,37.587144,39.328002,37.212042,37.183188,37.26975,38.27964
17033,34.644036,35.990556,40.991916,40.116678,39.328002,39.318384,39.81852,40.8765,39.491508,38.52009,41.40549,37.94301,38.750922,38.510472,39.28953,41.30931,41.241984,43.213674,39.222204,37.587144,39.328002,37.212042,37.183188,37.26975,38.27964
17035,34.644036,35.990556,40.991916,40.116678,39.328002,39.318384,39.81852,40.8765,39.491508,38.52009,41.40549,37.94301,38.750922,38.510472,39.28953,41.30931,41.241984,43.213674,39.222204,37.587144,39.328002,37.212042,37.183188,37.26975,38.27964
17037,34.644036,35.990556,40.991916,40.116678,39.328002,39.318384,39.81852,40.8765,39.491508,38.52009,41.40549,37.94301,38.750922,38.510472,39.28953,41.30931,41.241984,43.213674,39.222204,37.587144,39.328002,37.212042,37.183188,37.26975,38.27964
17039,34.644036,35.990556,40.991916,40.116678,39.328002,39.318384,39.81852,40.8765,39.491508,38.52009,41.40549,37.94301,38.750922,38.510472,39.28953,41.30931,41.241984,43.213674,39.222204,37.587144,39.328002,37.212042,37.183188,37.26975,38.27964
17041,34.644036,35.990556,40.991916,40.116678,39.328002,39.318384,39.81852,40.8765,39.491508,38.52009,41.40549,37.94301,38.750922,38.510472,39.28953,41.30931,41.241984,43.213674,39.222204,37.587144,39.328002,37.212042,37.183188,37.26975,38.27964
17043,34.644036,35.990556,40.991916,40.116678,39.328002,39.318384,39.81852,40.8765,39.491508,38.52009,41.40549,37.94301,38.750922,38.510472,39.28953,41.30931,41.241984,43.213674,39.222204,37.587144,39.328002,37.212042,37.183188,37.26975,38.27964
17045,34.644036,35.990556,40.991916,40.116678,39.328002,39.318384,39.81852,40.8765,39.491508,38.52009,41.40549,37.94301,38.750922,38.510472,39.28953,41.30931,41.241984,43.213674,39.222204,37.587144,39.328002,37.212042,37.183188,37.26975,38.27964
17047,34.644036,35.990556,40.991916,40.116678,39.328002,39.318384,39.81852,40.8765,39.491508,38.52009,41.40549,37.94301,38.750922,38.510472,39.28953,41.30931,41.241984,43.213674,39.222204,37.587144,39.328002,37.212042,37.183188,37.26975,38.27964
17049,34.644036,35.990556,40.991916,40.116678,39.328002,39.318384,39.81852,40.8765,39.491508,38.52009,41.40549,37.94301,38.750922,38.510472,39.28953,41.30931,41.241984,43.213674,39.222204,37.587144,39.328002,37.212042,37.183188,37.26975,38.27964
17051,34.644036,35.990556,40.991916,40.116678,39.328002,39.318384,39.81852,40.8765,39.491508,38.52009,41.40549,37.94301,38.750922,38.510472,39.28953,41.30931,41.241984,43.213674,39.222204,37.587144,39.328002,37.212042,37.183188,37.26975,38.27964
17053,34.644036,35.990556,40.991916,40.116678,39.328002,39.318384,39.81852,40.8765,39.491508,38.52009,41.40549,37.94301,38.750922,38.510472,39.28953,41.30931,41.241984,43.213674,39.222204,37.587144,39.328002,37.212042,37.183188,37.26975,38.27964
17055,34.644036,35.990556,40.991916,40.116678,39.328002,39.318384,39.81852,40.8765,39.491508,38.52009,41.40549,37.94301,38.750922,38.510472,39.28953,41.30931,41.241984,43.213674,39.222204,37.587144,39.328002,37.212042,37.183188,37.26975,38.27964
17057,34.644036,35.990556,40.991916,40.116678,39.328002,39.318384,39.81852,40.8765,39.491508,38.52009,41.40549,37.94301,38.750922,38.510472,39.28953,41.30931,41.241984,43.213674,39.222204,37.587144,39.328002,37.212042,37.183188,37.26975,38.27964
17059,34.644036,35.990556,40.991916,40.116678,39.328002,39.318384,39.81852,40.8765,39.491508,38.52009,41.40549,37.94301,38.750922,38.510472,39.28953,41.30931,41.241984,43.213674,39.222204,37.587144,39.328002,37.212042,37.183188,37.26975,38.27964
17061,34.644036,35.990556,40.991916,40.116678,39.328002,39.318384,39.81852,40.8765,39.491508,38.52009,41.40549,37.94301,38.750922,38.510472,39.28953,41.30931,41.241984,43.213674,39.222204,37.587144,39.328002,37.212042,37.183188,37.26975,38.27964
17063,34.644036,35.990556,40.991916,40.116678,39.328002,39.318384,39.81852,40.8765,39.491508,38.52009,41.40549,37.94301,38.750922,38.510472,39.28953,41.30931,41.241984,43.213674,39.222204,37.587144,39.328002,37.212042,37.183188,37.26975,38.27964
17065,34.644036,35.990556,40.991916,40.116678,39.328002,39.318384,39.81852,40.8765,39.491508,38.52009,41.40549,37.94301,38.750922,38.510472,39.28953,41.30931,41.241984,43.213674,39.222204,37.587144,39.328002,37.212042,37.183188,37.26975,38.27964
17067,34.644036,35.990556,40.991916,40.116678,39.328002,39.318384,39.81852,40.8765,39.491508,38.52009,41.40549,37.94301,38.750922,38.510472,39.28953,41.30931,41.241984,43.213674,39.222204,37.587144,39.328002,37.212042,37.183188,37.26975,38.27964
17069,34.644036,35.990556,40.991916,40.116678,39.328002,39.318384,39.81852,40.8765,39.491508,38.52009,41.40549,37.94301,38.750922,38.510472,39.28953,41.30931,41.241984,43.213674,39.222204,37.587144,39.328002,37.212042,37.183188,37.26975,38.27964
17071,34.644036,35.990556,40.991916,40.116678,39.328002,39.318384,39.81852,40.8765,39.491508,38.52009,41.40549,37.94301,38.750922,38.510472,39.28953,41.30931,41.241984,43.213674,39.222204,37.587144,39.328002,37.212042,37.183188,37.26975,38.27964
17073,34.644036,35.990556,40.991916,40.116678,39.328002,39.318384,39.81852,40.8765,39.491508,38.52009,41.40549,37.94301,38.750922,38.510472,39.28953,41.30931,41.241984,43.213674,39.222204,37.587144,39.328002,37.212042,37.183188,37.26975,38.27964
17075,34.644036,35.990556,40.991916,40.116678,39.328002,39.318384,39.81852,40.8765,39.491508,38.52009,41.40549,37.94301,38.750922,38.510472,39.28953,41.30931,41.241984,43.213674,39.222204,37.587144,39.328002,37.212042,37.183188,37.26975,38.27964
17077,34.644036,35.990556,40.991916,40.116678,39.328002,39.318384,39.81852,40.8765,39.491508,38.52009,41.40549,37.94301,38.750922,38.510472,39.28953,41.30931,41.241984,43.213674,39.222204,37.587144,39.328002,37.212042,37.183188,37.26975,38.27964
17079,34.644036,35.990556,40.991916,40.116678,39.328002,39.318384,39.81852,40.8765,39.491508,38.52009,41.40549,37.94301,38.750922,38.510472,39.28953,41.30931,41.241984,43.213674,39.222204,37.587144,39.328002,37.212042,37.183188,37.26975,38.27964
17081,34.644036,35.990556,40.991916,40.116678,39.328002,39.318384,39.81852,40.8765,39.491508,38.52009,41.40549,37.94301,38.750922,38.510472,39.28953,41.30931,41.241984,43.213674,39.222204,37.587144,39.328002,37.212042,37.183188,37.26975,38.27964
17083,34.644036,35.990556,40.991916,40.116678,39.328002,39.318384,39.81852,40.8765,39.491508,38.52009,41.40549,37.94301,38.750922,38.510472,39.28953,41.30931,41.241984,43.213674,39.222204,37.587144,39.328002,37.212042,37.183188,37.26975,38.27964
17085,34.644036,35.990556,40.991916,40.116678,39.328002,39.318384,39.81852,40.8765,39.491508,38.52009,41.40549,37.94301,38.750922,38.510472,39.28953,41.30931,41.241984,43.213674,39.222204,37.587144,39.328002,37.212042,37.183188,37.26975,38.27964
17087,34.644036,35.990556,40.991916,40.116678,39.328002,39.318384,39.81852,40.8765,39.491508,38.52009,41.40549,37.94301,38.750922,38.510472,39.28953,41.30931,41.241984,43.213674,39.222204,37.587144,39.328002,37.212042,37.183188,37.26975,38.27964
17089,34.644036,35.990556,40.991916,40.116678,39.328002,39.318384,39.81852,40.8765,39.491508,38.52009,41.40549,37.94301,38.750922,38.510472,39.28953,41.30931,41.241984,43.213674,39.222204,37.587144,39.328002,37.212042,37.183188,37.26975,38.27964
17091,34.644036,35.990556,40.991916,40.116678,39.328002,39.318384,39.81852,40.8765,39.491508,38.52009,41.40549,37.94301,38.750922,38.510472,39.28953,41.30931,41.241984,43.213674,39.222204,37.587144,39.328002,37.212042,37.183188,37.26975,38.27964
17093,34.644036,35.990556,40.991916,40.116678,39.328002,39.318384,39.81852,40.8765,39.491508,38.52009,41.40549,37.94301,38.750922,38.510472,39.28953,41.30931,41.241984,43.213674,39.222204,37.587144,39.328002,37.212042,37.183188,37.26975,38.27964
17095,34.644036,35.990556,40.991916,40.116678,39.328002,39.318384,39.81852,40.8765,39.491508,38.52009,41.40549,37.94301,38.750922,38.510472,39.28953,41.30931,41.241984,43.213674,39.222204,37.587144,39.328002,37.212042,37.183188,37.26975,38.27964
17097,34.644036,35.990556,40.991916,40.116678,39.328002,39.318384,39.81852,40.8765,39.491508,38.52009,41.40549,37.94301,38.750922,38.510472,39.28953,41.30931,41.241984,43.213674,39.222204,37.587144,39.328002,37.212042,37.183188,37.26975,38.27964
17099,34.644036,35.990556,40.991916,40.116678,39.328002,39.318384,39.81852,40.8765,39.491508,38.52009,41.40549,37.94301,38.750922,38.510472,39.28953,41.30931,41.241984,43.213674,39.222204,37.587144,39.328002,37.212042,37.183188,37.26975,38.27964
17101,34.644036,35.990556,40.991916,40.116678,39.328002,39.318384,39.81852,40.8765,39.491508,38.52009,41.40549,37.94301,38.750922,38.510472,39.28953,41.30931,41.241984,43.213674,39.222204,37.587144,39.328002,37.212042,37.183188,37.26975,38.27964
17103,34.644036,35.990556,40.991916,40.116678,39.328002,39.318384,39.81852,40.8765,39.491508,38.52009,41.40549,37.94301,38.750922,38.510472,39.28953,41.30931,41.241984,43.213674,39.222204,37.587144,39.328002,37.212042,37.183188,37.26975,38.27964
17105,34.644036,35.990556,40.991916,40.116678,39.328002,39.318384,39.81852,40.8765,39.491508,38.52009,41.40549,37.94301,38.750922,38.510472,39.28953,41.30931,41.241984,43.213674,39.222204,37.587144,39.328002,37.212042,37.183188,37.26975,38.27964
17107,34.644036,35.990556,40.991916,40.116678,39.328002,39.318384,39.81852,40.8765,39.491508,38.52009,41.40549,37.94301,38.750922,38.510472,39.28953,41.30931,41.241984,43.213674,39.222204,37.587144,39.328002,37.212042,37.183188,37.26975,38.27964
17109,34.644036,35.990556,40.991916,40.116678,39.328002,39.318384,39.81852,40.8765,39.491508,38.52009,41.40549,37.94301,38.750922,38.510472,39.28953,41.30931,41.241984,43.213674,39.222204,37.587144,39.328002,37.212042,37.183188,37.26975,38.27964
17111,34.644036,35.990556,40.991916,40.116678,39.328002,39.318384,39.81852,40.8765,39.491508,38.52009,41.40549,37.94301,38.750922,38.510472,39.28953,41.30931,41.241984,43.213674,39.222204,37.587144,39.328002,37.212042,37.183188,37.26975,38.27964
17113,34.644036,35.990556,40.991916,40.116678,39.328002,39.318384,39.81852,40.8765,39.491508,38.52009,41.40549,37.94301,38.750922,38.510472,39.28953,41.30931,41.241984,43.213674,39.222204,37.587144,39.328002,37.212042,37.183188,37.26975,38.27964
17115,34.644036,35.990556,40.991916,40.116678,39.328002,39.318384,39.81852,40.8765,39.491508,38.52009,41.40549,37.94301,38.750922,38.510472,39.28953,41.30931,41.241984,43.213674,39.222204,37.587144,39.328002,37.212042,37.183188,37.26975,38.27964
17117,34.644036,35.990556,40.991916,40.116678,39.328002,39.318384,39.81852,40.8765,39.491508,38.52009,41.40549,37.94301,38.750922,38.510472,39.28953,41.30931,41.241984,43.213674,39.222204,37.587144,39.328002,37.212042,37.183188,37.26975,38.27964
17119,34.644036,35.990556,40.991916,40.116678,39.328002,39.318384,39.81852,40.8765,39.491508,38.52009,41.40549,37.94301,38.750922,38.510472,39.28953,41.30931,41.241984,43.213674,39.222204,37.587144,39.328002,37.212042,37.183188,37.26975,38.27964
17121,34.644036,35.990556,40.991916,40.116678,39.328002,39.318384,39.81852,40.8765,39.491508,38.52009,41.40549,37.94301,38.750922,38.510472,39.28953,41.30931,41.241984,43.213674,39.222204,37.587144,39.328002,37.212042,37.183188,37.26975,38.27964
17123,34.644036,35.990556,40.991916,40.116678,39.328002,39.318384,39.81852,40.8765,39.491508,38.52009,41.40549,37.94301,38.750922,38.510472,39.28953,41.30931,41.241984,43.213674,39.222204,37.587144,39.328002,37.212042,37.183188,37.26975,38.27964
17125,34.644036,35.990556,40.991916,40.116678,39.328002,39.318384,39.81852,40.8765,39.491508,38.52009,41.40549,37.94301,38.750922,38.510472,39.28953,41.30931,41.241984,43.213674,39.222204,37.587144,39.328002,37.212042,37.183188,37.26975,38.27964
17127,34.644036,35.990556,40.991916,40.116678,39.328002,39.318384,39.81852,40.8765,39.491508,38.52009,41.40549,37.94301,38.750922,38.510472,39.28953,41.30931,41.241984,43.213674,39.222204,37.587144,39.328002,37.212042,37.183188,37.26975,38.27964
17129,34.644036,35.990556,40.991916,40.116678,39.328002,39.318384,39.81852,40.8765,39.491508,38.52009,41.40549,37.94301,38.750922,38.510472,39.28953,41.30931,41.241984,43.213674,39.222204,37.587144,39.328002,37.212042,37.183188,37.26975,38.27964
17131,34.644036,35.990556,40.991916,40.116678,39.328002,39.318384,39.81852,40.8765,39.491508,38.52009,41.40549,37.94301,38.750922,38.510472,39.28953,41.30931,41.241984,43.213674,39.222204,37.587144,39.328002,37.212042,37.183188,37.26975,38.27964
17133,34.644036,35.990556,40.991916,40.116678,39.328002,39.318384,39.81852,40.8765,39.491508,38.52009,41.40549,37.94301,38.750922,38.510472,39.28953,41.30931,41.241984,43.213674,39.222204,37.587144,39.328002,37.212042,37.183188,37.26975,38.27964
17135,34.644036,35.990556,40.991916,40.116678,39.328002,39.318384,39.81852,40.8765,39.491508,38.52009,41.40549,37.94301,38.750922,38.510472,39.28953,41.30931,41.241984,43.213674,39.222204,37.587144,39.328002,37.212042,37.183188,37.26975,38.27964
17137,34.644036,35.990556,40.991916,40.116678,39.328002,39.318384,39.81852,40.8765,39.491508,38.52009,41.40549,37.94301,38.750922,38.510472,39.28953,41.30931,41.241984,43.213674,39.222204,37.587144,39.328002,37.212042,37.183188,37.26975,38.27964
17139,34.644036,35.990556,40.991916,40.116678,39.328002,39.318384,39.81852,40.8765,39.491508,38.52009,41.40549,37.94301,38.750922,38.510472,39.28953,41.30931,41.241984,43.213674,39.222204,37.587144,39.328002,37.212042,37.183188,37.26975,38.27964
17141,34.644036,35.990556,40.991916,40.116678,39.328002,39.318384,39.81852,40.8765,39.491508,38.52009,41.40549,37.94301,38.750922,38.510472,39.28953,41.30931,41.241984,43.213674,39.222204,37.587144,39.328002,37.212042,37.183188,37.26975,38.27964
17143,34.644036,35.990556,40.991916,40.116678,39.328002,39.318384,39.81852,40.8765,39.491508,38.52009,41.40549,37.94301,38.750922,38.510472,39.28953,41.30931,41.241984,43.213674,39.222204,37.587144,39.328002,37.212042,37.183188,37.26975,38.27964
17145,34.644036,35.990556,40.991916,40.116678,39.328002,39.318384,39.81852,40.8765,39.491508,38.52009,41.40549,37.94301,38.750922,38.510472,39.28953,41.30931,41.241984,43.213674,39.222204,37.587144,39.328002,37.212042,37.183188,37.26975,38.27964
17147,34.644036,35.990556,40.991916,40.116678,39.328002,39.318384,39.81852,40.8765,39.491508,38.52009,41.40549,37.94301,38.750922,38.510472,39.28953,41.30931,41.241984,43.213674,39.222204,37.587144,39.328002,37.212042,37.183188,37.26975,38.27964
17149,34.644036,35.990556,40.991916,40.116678,39.328002,39.318384,39.81852,40.8765,39.491508,38.52009,41.40549,37.94301,38.750922,38.510472,39.28953,41.30931,41.241984,43.213674,39.222204,37.587144,39.328002,37.212042,37.183188,37.26975,38.27964
17151,34.644036,35.990556,40.991916,40.116678,39.328002,39.318384,39.81852,40.8765,39.491508,38.52009,41.40549,37.94301,38.750922,38.510472,39.28953,41.30931,41.241984,43.213674,39.222204,37.587144,39.328002,37.212042,37.183188,37.26975,38.27964
17153,34.644036,35.990556,40.991916,40.116678,39.328002,39.318384,39.81852,40.8765,39.491508,38.52009,41.40549,37.94301,38.750922,38.510472,39.28953,41.30931,41.241984,43.213674,39.222204,37.587144,39.328002,37.212042,37.183188,37.26975,38.27964
17155,34.644036,35.990556,40.991916,40.116678,39.328002,39.318384,39.81852,40.8765,39.491508,38.52009,41.40549,37.94301,38.750922,38.510472,39.28953,41.30931,41.241984,43.213674,39.222204,37.587144,39.328002,37.212042,37.183188,37.26975,38.27964
17157,34.644036,35.990556,40.991916,40.116678,39.328002,39.318384,39.81852,40.8765,39.491508,38.52009,41.40549,37.94301,38.750922,38.510472,39.28953,41.30931,41.241984,43.213674,39.222204,37.587144,39.328002,37.212042,37.183188,37.26975,38.27964
17159,34.644036,35.990556,40.991916,40.116678,39.328002,39.318384,39.81852,40.8765,39.491508,38.52009,41.40549,37.94301,38.750922,38.510472,39.28953,41.30931,41.241984,43.213674,39.222204,37.587144,39.328002,37.212042,37.183188,37.26975,38.27964
17161,34.644036,35.990556,40.991916,40.116678,39.328002,39.318384,39.81852,40.8765,39.491508,38.52009,41.40549,37.94301,38.750922,38.510472,39.28953,41.30931,41.241984,43.213674,39.222204,37.587144,39.328002,37.212042,37.183188,37.26975,38.27964
17163,34.644036,35.990556,40.991916,40.116678,39.328002,39.318384,39.81852,40.8765,39.491508,38.52009,41.40549,37.94301,38.750922,38.510472,39.28953,41.30931,41.241984,43.213674,39.222204,37.587144,39.328002,37.212042,37.183188,37.26975,38.27964
17165,34.644036,35.990556,40.991916,40.116678,39.328002,39.318384,39.81852,40.8765,39.491508,38.52009,41.40549,37.94301,38.750922,38.510472,39.28953,41.30931,41.241984,43.213674,39.222204,37.587144,39.328002,37.212042,37.183188,37.26975,38.27964
17167,34.644036,35.990556,40.991916,40.116678,39.328002,39.318384,39.81852,40.8765,39.491508,38.52009,41.40549,37.94301,38.750922,38.510472,39.28953,41.30931,41.241984,43.213674,39.222204,37.587144,39.328002,37.212042,37.183188,37.26975,38.27964
17169,34.644036,35.990556,40.991916,40.116678,39.328002,39.318384,39.81852,40.8765,39.491508,38.52009,41.40549,37.94301,38.750922,38.510472,39.28953,41.30931,41.241984,43.213674,39.222204,37.587144,39.328002,37.212042,37.183188,37.26975,38.27964
17171,34.644036,35.990556,40.991916,40.116678,39.328002,39.318384,39.81852,40.8765,39.491508,38.52009,41.40549,37.94301,38.750922,38.510472,39.28953,41.30931,41.241984,43.213674,39.222204,37.587144,39.328002,37.212042,37.183188,37.26975,38.27964
17173,34.644036,35.990556,40.991916,40.116678,39.328002,39.318384,39.81852,40.8765,39.491508,38.52009,41.40549,37.94301,38.750922,38.510472,39.28953,41.30931,41.241984,43.213674,39.222204,37.587144,39.328002,37.212042,37.183188,37.26975,38.27964
17175,34.644036,35.990556,40.991916,40.116678,39.328002,39.318384,39.81852,40.8765,39.491508,38.52009,41.40549,37.94301,38.750922,38.510472,39.28953,41.30931,41.241984,43.213674,39.222204,37.587144,39.328002,37.212042,37.183188,37.26975,38.27964
17177,34.644036,35.990556,40.991916,40.116678,39.328002,39.318384,39.81852,40.8765,39.491508,38.52009,41.40549,37.94301,38.750922,38.510472,39.28953,41.30931,41.241984,43.213674,39.222204,37.587144,39.328002,37.212042,37.183188,37.26975,38.27964
17179,34.644036,35.990556,40.991916,40.116678,39.328002,39.318384,39.81852,40.8765,39.491508,38.52009,41.40549,37.94301,38.750922,38.510472,39.28953,41.30931,41.241984,43.213674,39.222204,37.587144,39.328002,37.212042,37.183188,37.26975,38.27964
17181,34.644036,35.990556,40.991916,40.116678,39.328002,39.318384,39.81852,40.8765,39.491508,38.52009,41.40549,37.94301,38.750922,38.510472,39.28953,41.30931,41.241984,43.213674,39.222204,37.587144,39.328002,37.212042,37.183188,37.26975,38.27964
17183,34.644036,35.990556,40.991916,40.116678,39.328002,39.318384,39.81852,40.8765,39.491508,38.52009,41.40549,37.94301,38.750922,38.510472,39.28953,41.30931,41.241984,43.213674,39.222204,37.587144,39.328002,37.212042,37.183188,37.26975,38.27964
17185,34.644036,35.990556,40.991916,40.116678,39.328002,39.318384,39.81852,40.8765,39.491508,38.52009,41.40549,37.94301,38.750922,38.510472,39.28953,41.30931,41.241984,43.213674,39.222204,37.587144,39.328002,37.212042,37.183188,37.26975,38.27964
17187,34.644036,35.990556,40.991916,40.116678,39.328002,39.318384,39.81852,40.8765,39.491508,38.52009,41.40549,37.94301,38.750922,38.510472,39.28953,41.30931,41.241984,43.213674,39.222204,37.587144,39.328002,37.212042,37.183188,37.26975,38.27964
17189,34.644036,35.990556,40.991916,40.116678,39.328002,39.318384,39.81852,40.8765,39.491508,38.52009,41.40549,37.94301,38.750922,38.510472,39.28953,41.30931,41.241984,43.213674,39.222204,37.587144,39.328002,37.212042,37.183188,37.26975,38.27964
17191,34.644036,35.990556,40.991916,40.116678,39.328002,39.318384,39.81852,40.8765,39.491508,38.52009,41.40549,37.94301,38.750922,38.510472,39.28953,41.30931,41.241984,43.213674,39.222204,37.587144,39.328002,37.212042,37.183188,37.26975,38.27964
17193,34.644036,35.990556,40.991916,40.116678,39.328002,39.318384,39.81852,40.8765,39.491508,38.52009,41.40549,37.94301,38.750922,38.510472,39.28953,41.30931,41.241984,43.213674,39.222204,37.587144,39.328002,37.212042,37.183188,37.26975,38.27964
17195,34.644036,35.990556,40.991916,40.116678,39.328002,39.318384,39.81852,40.8765,39.491508,38.52009,41.40549,37.94301,38.750922,38.510472,39.28953,41.30931,41.241984,43.213674,39.222204,37.587144,39.328002,37.212042,37.183188,37.26975,38.27964
17197,34.644036,35.990556,40.991916,40.116678,39.328002,39.318384,39.81852,40.8765,39.491508,38.52009,41.40549,37.94301,38.750922,38.510472,39.28953,41.30931,41.241984,43.213674,39.222204,37.587144,39.328002,37.212042,37.183188,37.26975,38.27964
17199,34.644036,35.990556,40.991916,40.116678,39.328002,39.318384,39.81852,40.8765,39.491508,38.52009,41.40549,37.94301,38.750922,38.510472,39.28953,41.30931,41.241984,43.213674,39.222204,37.587144,39.328002,37.212042,37.183188,37.26975,38.27964
17201,34.644036,35.990556,40.991916,40.116678,39.328002,39.318384,39.81852,40.8765,39.491508,38.52009,41.40549,37.94301,38.750922,38.510472,39.28953,41.30931,41.241984,43.213674,39.222204,37.587144,39.328002,37.212042,37.183188,37.26975,38.27964
17203,34.644036,35.990556,40.991916,40.116678,39.328002,39.318384,39.81852,40.8765,39.491508,38.52009,41.40549,37.94301,38.750922,38.510472,39.28953,41.30931,41.241984,43.213674,39.222204,37.587144,39.328002,37.212042,37.183188,37.26975,38.27964
18001,34.644036,35.990556,40.991916,40.116678,39.328002,39.318384,39.81852,40.8765,39.491508,38.52009,41.40549,37.94301,38.750922,38.510472,39.28953,41.30931,41.241984,43.213674,39.222204,37.587144,39.328002,37.212042,37.183188,37.26975,38.27964
18003,34.644036,35.990556,40.991916,40.116678,39.328002,39.318384,39.81852,40.8765,39.491508,38.52009,41.40549,37.94301,38.750922,38.510472,39.28953,41.30931,41.241984,43.213674,39.222204,37.587144,39.328002,37.212042,37.183188,37.26975,38.27964
18005,34.644036,35.990556,40.991916,40.116678,39.328002,39.318384,39.81852,40.8765,39.491508,38.52009,41.40549,37.94301,38.750922,38.510472,39.28953,41.30931,41.241984,43.213674,39.222204,37.587144,39.328002,37.212042,37.183188,37.26975,38.27964
18007,34.644036,35.990556,40.991916,40.116678,39.328002,39.318384,39.81852,40.8765,39.491508,38.52009,41.40549,37.94301,38.750922,38.510472,39.28953,41.30931,41.241984,43.213674,39.222204,37.587144,39.328002,37.212042,37.183188,37.26975,38.27964
18009,34.644036,35.990556,40.991916,40.116678,39.328002,39.318384,39.81852,40.8765,39.491508,38.52009,41.40549,37.94301,38.750922,38.510472,39.28953,41.30931,41.241984,43.213674,39.222204,37.587144,39.328002,37.212042,37.183188,37.26975,38.27964
18011,34.644036,35.990556,40.991916,40.116678,39.328002,39.318384,39.81852,40.8765,39.491508,38.52009,41.40549,37.94301,38.750922,38.510472,39.28953,41.30931,41.241984,43.213674,39.222204,37.587144,39.328002,37.212042,37.183188,37.26975,38.27964
18013,34.644036,35.990556,40.991916,40.116678,39.328002,39.318384,39.81852,40.8765,39.491508,38.52009,41.40549,37.94301,38.750922,38.510472,39.28953,41.30931,41.241984,43.213674,39.222204,37.587144,39.328002,37.212042,37.183188,37.26975,38.27964
18015,34.644036,35.990556,40.991916,40.116678,39.328002,39.318384,39.81852,40.8765,39.491508,38.52009,41.40549,37.94301,38.750922,38.510472,39.28953,41.30931,41.241984,43.213674,39.222204,37.587144,39.328002,37.212042,37.183188,37.26975,38.27964
18017,34.644036,35.990556,40.991916,40.116678,39.328002,39.318384,39.81852,40.8765,39.491508,38.52009,41.40549,37.94301,38.750922,38.510472,39.28953,41.30931,41.241984,43.213674,39.222204,37.587144,39.328002,37.212042,37.183188,37.26975,38.27964
18019,34.644036,35.990556,40.991916,40.116678,39.328002,39.318384,39.81852,40.8765,39.491508,38.52009,41.40549,37.94301,38.750922,38.510472,39.28953,41.30931,41.241984,43.213674,39.222204,37.587144,39.328002,37.212042,37.183188,37.26975,38.27964
18021,34.644036,35.990556,40.991916,40.116678,39.328002,39.318384,39.81852,40.8765,39.491508,38.52009,41.40549,37.94301,38.750922,38.510472,39.28953,41.30931,41.241984,43.213674,39.222204,37.587144,39.328002,37.212042,37.183188,37.26975,38.27964
18023,34.644036,35.990556,40.991916,40.116678,39.328002,39.318384,39.81852,40.8765,39.491508,38.52009,41.40549,37.94301,38.750922,38.510472,39.28953,41.30931,41.241984,43.213674,39.222204,37.587144,39.328002,37.212042,37.183188,37.26975,38.27964
18025,34.644036,35.990556,40.991916,40.116678,39.328002,39.318384,39.81852,40.8765,39.491508,38.52009,41.40549,37.94301,38.750922,38.510472,39.28953,41.30931,41.241984,43.213674,39.222204,37.587144,39.328002,37.212042,37.183188,37.26975,38.27964
18027,34.644036,35.990556,40.991916,40.116678,39.328002,39.318384,39.81852,40.8765,39.491508,38.52009,41.40549,37.94301,38.750922,38.510472,39.28953,41.30931,41.241984,43.213674,39.222204,37.587144,39.328002,37.212042,37.183188,37.26975,38.27964
18029,34.644036,35.990556,40.991916,40.116678,39.328002,39.318384,39.81852,40.8765,39.491508,38.52009,41.40549,37.94301,38.750922,38.510472,39.28953,41.30931,41.241984,43.213674,39.222204,37.587144,39.328002,37.212042,37.183188,37.26975,38.27964
18031,34.644036,35.990556,40.991916,40.116678,39.328002,39.318384,39.81852,40.8765,39.491508,38.52009,41.40549,37.94301,38.750922,38.510472,39.28953,41.30931,41.241984,43.213674,39.222204,37.587144,39.328002,37.212042,37.183188,37.26975,38.27964
18033,34.644036,35.990556,40.991916,40.116678,39.328002,39.318384,39.81852,40.8765,39.491508,38.52009,41.40549,37.94301,38.750922,38.510472,39.28953,41.30931,41.241984,43.213674,39.222204,37.587144,39.328002,37.212042,37.183188,37.26975,38.27964
18035,34.644036,35.990556,40.991916,40.116678,39.328002,39.318384,39.81852,40.8765,39.491508,38.52009,41.40549,37.94301,38.750922,38.510472,39.28953,41.30931,41.241984,43.213674,39.222204,37.587144,39.328002,37.212042,37.183188,37.26975,38.27964
18037,34.644036,35.990556,40.991916,40.116678,39.328002,39.318384,39.81852,40.8765,39.491508,38.52009,41.40549,37.94301,38.750922,38.510472,39.28953,41.30931,41.241984,43.213674,39.222204,37.587144,39.328002,37.212042,37.183188,37.26975,38.27964
18039,34.644036,35.990556,40.991916,40.116678,39.328002,39.318384,39.81852,40.8765,39.491508,38.52009,41.40549,37.94301,38.750922,38.510472,39.28953,41.30931,41.241984,43.213674,39.222204,37.587144,39.328002,37.212042,37.183188,37.26975,38.27964
18041,34.644036,35.990556,40.991916,40.116678,39.328002,39.318384,39.81852,40.8765,39.491508,38.52009,41.40549,37.94301,38.750922,38.510472,39.28953,41.30931,41.241984,43.213674,39.222204,37.587144,39.328002,37.212042,37.183188,37.26975,38.27964
18043,34.644036,35.990556,40.991916,40.116678,39.328002,39.318384,39.81852,40.8765,39.491508,38.52009,41.40549,37.94301,38.750922,38.510472,39.28953,41.30931,41.241984,43.213674,39.222204,37.587144,39.328002,37.212042,37.183188,37.26975,38.27964
18045,34.644036,35.990556,40.991916,40.116678,39.328002,39.318384,39.81852,40.8765,39.491508,38.52009,41.40549,37.94301,38.750922,38.510472,39.28953,41.30931,41.241984,43.213674,39.222204,37.587144,39.328002,37.212042,37.183188,37.26975,38.27964
18047,34.644036,35.990556,40.991916,40.116678,39.328002,39.318384,39.81852,40.8765,39.491508,38.52009,41.40549,37.94301,38.750922,38.510472,39.28953,41.30931,41.241984,43.213674,39.222204,37.587144,39.328002,37.212042,37.183188,37.26975,38.27964
18049,34.644036,35.990556,40.991916,40.116678,39.328002,39.318384,39.81852,40.8765,39.491508,38.52009,41.40549,37.94301,38.750922,38.510472,39.28953,41.30931,41.241984,43.213674,39.222204,37.587144,39.328002,37.212042,37.183188,37.26975,38.27964
18051,34.644036,35.990556,40.991916,40.116678,39.328002,39.318384,39.81852,40.8765,39.491508,38.52009,41.40549,37.94301,38.750922,38.510472,39.28953,41.30931,41.241984,43.213674,39.222204,37.587144,39.328002,37.212042,37.183188,37.26975,38.27964
18053,34.644036,35.990556,40.991916,40.116678,39.328002,39.318384,39.81852,40.8765,39.491508,38.52009,41.40549,37.94301,38.750922,38.510472,39.28953,41.30931,41.241984,43.213674,39.222204,37.587144,39.328002,37.212042,37.183188,37.26975,38.27964
18055,34.644036,35.990556,40.991916,40.116678,39.328002,39.318384,39.81852,40.8765,39.491508,38.52009,41.40549,37.94301,38.750922,38.510472,39.28953,41.30931,41.241984,43.213674,39.222204,37.587144,39.328002,37.212042,37.183188,37.26975,38.27964
18057,34.644036,35.990556,40.991916,40.116678,39.328002,39.318384,39.81852,40.8765,39.491508,38.52009,41.40549,37.94301,38.750922,38.510472,39.28953,41.30931,41.241984,43.213674,39.222204,37.587144,39.328002,37.212042,37.183188,37.26975,38.27964
18059,34.644036,35.990556,40.991916,40.116678,39.328002,39.318384,39.81852,40.8765,39.491508,38.52009,41.40549,37.94301,38.750922,38.510472,39.28953,41.30931,41.241984,43.213674,39.222204,37.587144,39.328002,37.212042,37.183188,37.26975,38.27964
18061,34.644036,35.990556,40.991916,40.116678,39.328002,39.318384,39.81852,40.8765,39.491508,38.52009,41.40549,37.94301,38.750922,38.510472,39.28953,41.30931,41.241984,43.213674,39.222204,37.587144,39.328002,37.212042,37.183188,37.26975,38.27964
18063,34.644036,35.990556,40.991916,40.116678,39.328002,39.318384,39.81852,40.8765,39.491508,38.52009,41.40549,37.94301,38.750922,38.510472,39.28953,41.30931,41.241984,43.213674,39.222204,37.587144,39.328002,37.212042,37.183188,37.26975,38.27964
18065,34.644036,35.990556,40.991916,40.116678,39.328002,39.318384,39.81852,40.8765,39.491508,38.52009,41.40549,37.94301,38.750922,38.510472,39.28953,41.30931,41.241984,43.213674,39.222204,37.587144,39.328002,37.212042,37.183188,37.26975,38.27964
18067,34.644036,35.990556,40.991916,40.116678,39.328002,39.318384,39.81852,40.8765,39.491508,38.52009,41.40549,37.94301,38.750922,38.510472,39.28953,41.30931,41.241984,43.213674,39.222204,37.587144,39.328002,37.212042,37.183188,37.26975,38.27964
18069,34.644036,35.990556,40.991916,40.116678,39.328002,39.318384,39.81852,40.8765,39.491508,38.52009,41.40549,37.94301,38.750922,38.510472,39.28953,41.30931,41.241984,43.213674,39.222204,37.587144,39.328002,37.212042,37.183188,37.26975,38.27964
18071,34.644036,35.990556,40.991916,40.116678,39.328002,39.318384,39.81852,40.8765,39.491508,38.52009,41.40549,37.94301,38.750922,38.510472,39.28953,41.30931,41.241984,43.213674,39.222204,37.587144,39.328002,37.212042,37.183188,37.26975,38.27964
18073,34.644036,35.990556,40.991916,40.116678,39.328002,39.318384,39.81852,40.8765,39.491508,38.52009,41.40549,37.94301,38.750922,38.510472,39.28953,41.30931,41.241984,43.213674,39.222204,37.587144,39.328002,37.212042,37.183188,37.26975,38.27964
18075,34.644036,35.990556,40.991916,40.116678,39.328002,39.318384,39.81852,40.8765,39.491508,38.52009,41.40549,37.94301,38.750922,38.510472,39.28953,41.30931,41.241984,43.213674,39.222204,37.587144,39.328002,37.212042,37.183188,37.26975,38.27964
18077,34.644036,35.990556,40.991916,40.116678,39.328002,39.318384,39.81852,40.8765,39.491508,38.52009,41.40549,37.94301,38.750922,38.510472,39.28953,41.30931,41.241984,43.213674,39.222204,37.587144,39.328002,37.212042,37.183188,37.26975,38.27964
18079,34.644036,35.990556,40.991916,40.116678,39.328002,39.318384,39.81852,40.8765,39.491508,38.52009,41.40549,37.94301,38.750922,38.510472,39.28953,41.30931,41.241984,43.213674,39.222204,37.587144,39.328002,37.212042,37.183188,37.26975,38.27964
18081,34.644036,35.990556,40.991916,40.116678,39.328002,39.318384,39.81852,40.8765,39.491508,38.52009,41.40549,37.94301,38.750922,38.510472,39.28953,41.30931,41.241984,43.213674,39.222204,37.587144,39.328002,37.212042,37.183188,37.26975,38.27964
18083,34.644036,35.990556,40.991916,40.116678,39.328002,39.318384,39.81852,40.8765,39.491508,38.52009,41.40549,37.94301,38.750922,38.510472,39.28953,41.30931,41.241984,43.213674,39.222204,37.587144,39.328002,37.212042,37.183188,37.26975,38.27964
18085,34.644036,35.990556,40.991916,40.116678,39.328002,39.318384,39.81852,40.8765,39.491508,38.52009,41.40549,37.94301,38.750922,38.510472,39.28953,41.30931,41.241984,43.213674,39.222204,37.587144,39.328002,37.212042,37.183188,37.26975,38.27964
18087,34.644036,35.990556,40.991916,40.116678,39.328002,39.318384,39.81852,40.8765,39.491508,38.52009,41.40549,37.94301,38.750922,38.510472,39.28953,41.30931,41.241984,43.213674,39.222204,37.587144,39.328002,37.212042,37.183188,37.26975,38.27964
18089,34.644036,35.990556,40.991916,40.116678,39.328002,39.318384,39.81852,40.8765,39.491508,38.52009,41.40549,37.94301,38.750922,38.510472,39.28953,41.30931,41.241984,43.213674,39.222204,37.587144,39.328002,37.212042,37.183188,37.26975,38.27964
18091,34.644036,35.990556,40.991916,40.116678,39.328002,39.318384,39.81852,40.8765,39.491508,38.52009,41.40549,37.94301,38.750922,38.510472,39.28953,41.30931,41.241984,43.213674,39.222204,37.587144,39.328002,37.212042,37.183188,37.26975,38.27964
18093,34.644036,35.990556,40.991916,40.116678,39.328002,39.318384,39.81852,40.8765,39.491508,38.52009,41.40549,37.94301,38.750922,38.510472,39.28953,41.30931,41.241984,43.213674,39.222204,37.587144,39.328002,37.212042,37.183188,37.26975,38.27964
18095,34.644036,35.990556,40.991916,40.116678,39.328002,39.318384,39.81852,40.8765,39.491508,38.52009,41.40549,37.94301,38.750922,38.510472,39.28953,41.30931,41.241984,43.213674,39.222204,37.587144,39.328002,37.212042,37.183188,37.26975,38.27964
18097,34.644036,35.990556,40.991916,40.116678,39.328002,39.318384,39.81852,40.8765,39.491508,38.52009,41.40549,37.94301,38.750922,38.510472,39.28953,41.30931,41.241984,43.213674,39.222204,37.587144,39.328002,37.212042,37.183188,37.26975,38.27964
18099,34.644036,35.990556,40.991916,40.116678,39.328002,39.318384,39.81852,40.8765,39.491508,38.52009,41.40549,37.94301,38.750922,38.510472,39.28953,41.30931,41.241984,43.213674,39.222204,37.587144,39.328002,37.212042,37.183188,37.26975,38.27964
18101,34.644036,35.990556,40.991916,40.116678,39.328002,39.318384,39.81852,40.8765,39.491508,38.52009,41.40549,37.94301,38.750922,38.510472,39.28953,41.30931,41.241984,43.213674,39.222204,37.587144,39.328002,37.212042,37.183188,37.26975,38.27964
18103,34.644036,35.990556,40.991916,40.116678,39.328002,39.318384,39.81852,40.8765,39.491508,38.52009,41.40549,37.94301,38.750922,38.510472,39.28953,41.30931,41.241984,43.213674,39.222204,37.587144,39.328002,37.212042,37.183188,37.26975,38.27964
18105,34.644036,35.990556,40.991916,40.116678,39.328002,39.318384,39.81852,40.8765,39.491508,38.52009,41.40549,37.94301,38.750922,38.510472,39.28953,41.30931,41.241984,43.213674,39.222204,37.587144,39.328002,37.212042,37.183188,37.26975,38.27964
18107,34.644036,35.990556,40.991916,40.116678,39.328002,39.318384,39.81852,40.8765,39.491508,38.52009,41.40549,37.94301,38.750922,38.510472,39.28953,41.30931,41.241984,43.213674,39.222204,37.587144,39.328002,37.212042,37.183188,37.26975,38.27964
18109,34.644036,35.990556,40.991916,40.116678,39.328002,39.318384,39.81852,40.8765,39.491508,38.52009,41.40549,37.94301,38.750922,38.510472,39.28953,41.30931,41.241984,43.213674,39.222204,37.587144,39.328002,37.212042,37.183188,37.26975,38.27964
18111,34.644036,35.990556,40.991916,40.116678,39.328002,39.318384,39.81852,40.8765,39.491508,38.52009,41.40549,37.94301,38.750922,38.510472,39.28953,41.30931,41.241984,43.213674,39.222204,37.587144,39.328002,37.212042,37.183188,37.26975,38.27964
18113,34.644036,35.990556,40.991916,40.116678,39.328002,39.318384,39.81852,40.8765,39.491508,38.52009,41.40549,37.94301,38.750922,38.510472,39.28953,41.30931,41.241984,43.213674,39.222204,37.587144,39.328002,37.212042,37.183188,37.26975,38.27964
18115,34.644036,35.990556,40.991916,40.116678,39.328002,39.318384,39.81852,40.8765,39.491508,38.52009,41.40549,37.94301,38.750922,38.510472,39.28953,41.30931,41.241984,43.213674,39.222204,37.587144,39.328002,37.212042,37.183188,37.26975,38.27964
18117,34.644036,35.990556,40.991916,40.116678,39.328002,39.318384,39.81852,40.8765,39.491508,38.52009,41.40549,37.94301,38.750922,38.510472,39.28953,41.30931,41.241984,43.213674,39.222204,37.587144,39.328002,37.212042,37.183188,37.26975,38.27964
18119,34.644036,35.990556,40.991916,40.116678,39.328002,39.318384,39.81852,40.8765,39.491508,38.52009,41.40549,37.94301,38.750922,38.510472,39.28953,41.30931,41.241984,43.213674,39.222204,37.587144,39.328002,37.212042,37.183188,37.26975,38.27964
18121,34.644036,35.990556,40.991916,40.116678,39.328002,39.318384,39.81852,40.8765,39.491508,38.52009,41.40549,37.94301,38.750922,38.510472,39.28953,41.30931,41.241984,43.213674,39.222204,37.587144,39.328002,37.212042,37.183188,37.26975,38.27964
18123,34.644036,35.990556,40.991916,40.116678,39.328002,39.318384,39.81852,40.8765,39.491508,38.52009,41.40549,37.94301,38.750922,38.510472,39.28953,41.30931,41.241984,43.213674,39.222204,37.587144,39.328002,37.212042,37.183188,37.26975,38.27964
18125,34.644036,35.990556,40.991916,40.116678,39.328002,39.318384,39.81852,40.8765,39.491508,38.52009,41.40549,37.94301,38.750922,38.510472,39.28953,41.30931,41.241984,43.213674,39.222204,37.587144,39.328002,37.212042,37.183188,37.26975,38.27964
18127,34.644036,35.990556,40.991916,40.116678,39.328002,39.318384,39.81852,40.8765,39.491508,38.52009,41.40549,37.94301,38.750922,38.510472,39.28953,41.30931,41.241984,43.213674,39.222204,37.587144,39.328002,37.212042,37.183188,37.26975,38.27964
18129,34.644036,35.990556,40.991916,40.116678,39.328002,39.318384,39.81852,40.8765,39.491508,38.52009,41.40549,37.94301,38.750922,38.510472,39.28953,41.30931,41.241984,43.213674,39.222204,37.587144,39.328002,37.212042,37.183188,37.26975,38.27964
18131,34.644036,35.990556,40.991916,40.116678,39.328002,39.318384,39.81852,40.8765,39.491508,38.52009,41.40549,37.94301,38.750922,38.510472,39.28953,41.30931,41.241984,43.213674,39.222204,37.587144,39.328002,37.212042,37.183188,37.26975,38.27964
18133,34.644036,35.990556,40.991916,40.116678,39.328002,39.318384,39.81852,40.8765,39.491508,38.52009,41.40549,37.94301,38.750922,38.510472,39.28953,41.30931,41.241984,43.213674,39.222204,37.587144,39.328002,37.212042,37.183188,37.26975,38.27964
18135,34.644036,35.990556,40.991916,40.116678,39.328002,39.318384,39.81852,40.8765,39.491508,38.52009,41.40549,37.94301,38.750922,38.510472,39.28953,41.30931,41.241984,43.213674,39.222204,37.587144,39.328002,37.212042,37.183188,37.26975,38.27964
18137,34.644036,35.990556,40.991916,40.116678,39.328002,39.318384,39.81852,40.8765,39.491508,38.52009,41.40549,37.94301,38.750922,38.510472,39.28953,41.30931,41.241984,43.213674,39.222204,37.587144,39.328002,37.212042,37.183188,37.26975,38.27964
18139,34.644036,35.990556,40.991916,40.116678,39.328002,39.318384,39.81852,40.8765,39.491508,38.52009,41.40549,37.94301,38.750922,38.510472,39.28953,41.30931,41.241984,43.213674,39.222204,37.587144,39.328002,37.212042,37.183188,37.26975,38.27964
18141,34.644036,35.990556,40.991916,40.116678,39.328002,39.318384,39.81852,40.8765,39.491508,38.52009,41.40549,37.94301,38.750922,38.510472,39.28953,41.30931,41.241984,43.213674,39.222204,37.587144,39.328002,37.212042,37.183188,37.26975,38.27964
18143,34.644036,35.990556,40.991916,40.116678,39.328002,39.318384,39.81852,40.8765,39.491508,38.52009,41.40549,37.94301,38.750922,38.510472,39.28953,41.30931,41.241984,43.213674,39.222204,37.587144,39.328002,37.212042,37.183188,37.26975,38.27964
18145,34.644036,35.990556,40.991916,40.116678,39.328002,39.318384,39.81852,40.8765,39.491508,38.52009,41.40549,37.94301,38.750922,38.510472,39.28953,41.30931,41.241984,43.213674,39.222204,37.587144,39.328002,37.212042,37.183188,37.26975,38.27964
18147,34.644036,35.990556,40.991916,40.116678,39.328002,39.318384,39.81852,40.8765,39.491508,38.52009,41.40549,37.94301,38.750922,38.510472,39.28953,41.30931,41.241984,43.213674,39.222204,37.587144,39.328002,37.212042,37.183188,37.26975,38.27964
18149,34.644036,35.990556,40.991916,40.116678,39.328002,39.318384,39.81852,40.8765,39.491508,38.52009,41.40549,37.94301,38.750922,38.510472,39.28953,41.30931,41.241984,43.213674,39.222204,37.587144,39.328002,37.212042,37.183188,37.26975,38.27964
18151,34.644036,35.990556,40.991916,40.116678,39.328002,39.318384,39.81852,40.8765,39.491508,38.52009,41.40549,37.94301,38.750922,38.510472,39.28953,41.30931,41.241984,43.213674,39.222204,37.587144,39.328002,37.212042,37.183188,37.26975,38.27964
18153,34.644036,35.990556,40.991916,40.116678,39.328002,39.318384,39.81852,40.8765,39.491508,38.52009,41.40549,37.94301,38.750922,38.510472,39.28953,41.30931,41.241984,43.213674,39.222204,37.587144,39.328002,37.212042,37.183188,37.26975,38.27964
18155,34.644036,35.990556,40.991916,40.116678,39.328002,39.318384,39.81852,40.8765,39.491508,38.52009,41.40549,37.94301,38.750922,38.510472,39.28953,41.30931,41.241984,43.213674,39.222204,37.587144,39.328002,37.212042,37.183188,37.26975,38.27964
18157,34.644036,35.990556,40.991916,40.116678,39.328002,39.318384,39.81852,40.8765,39.491508,38.52009,41.40549,37.94301,38.750922,38.510472,39.28953,41.30931,41.241984,43.213674,39.222204,37.587144,39.328002,37.212042,37.183188,37.26975,38.27964
18159,34.644036,35.990556,40.991916,40.116678,39.328002,39.318384,39.81852,40.8765,39.491508,38.52009,41.40549,37.94301,38.750922,38.510472,39.28953,41.30931,41.241984,43.213674,39.222204,37.587144,39.328002,37.212042,37.183188,37.26975,38.27964
18161,34.644036,35.990556,40.991916,40.116678,39.328002,39.318384,39.81852,40.8765,39.491508,38.52009,41.40549,37.94301,38.750922,38.510472,39.28953,41.30931,41.241984,43.213674,39.222204,37.587144,39.328002,37.212042,37.183188,37.26975,38.27964
18163,34.644036,35.990556,40.991916,40.116678,39.328002,39.318384,39.81852,40.8765,39.491508,38.52009,41.40549,37.94301,38.750922,38.510472,39.28953,41.30931,41.241984,43.213674,39.222204,37.587144,39.328002,37.212042,37.183188,37.26975,38.27964
18165,34.644036,35.990556,40.991916,40.116678,39.328002,39.318384,39.81852,40.8765,39.491508,38.52009,41.40549,37.94301,38.750922,38.510472,39.28953,41.30931,41.241984,43.213674,39.222204,37.587144,39.328002,37.212042,37.183188,37.26975,38.27964
18167,34.644036,35.990556,40.991916,40.116678,39.328002,39.318384,39.81852,40.8765,39.491508,38.52009,41.40549,37.94301,38.750922,38.510472,39.28953,41.30931,41.241984,43.213674,39.222204,37.587144,39.328002,37.212042,37.183188,37.26975,38.27964
18169,34.644036,35.990556,40.991916,40.116678,39.328002,39.318384,39.81852,40.8765,39.491508,38.52009,41.40549,37.94301,38.750922,38.510472,39.28953,41.30931,41.241984,43.213674,39.222204,37.587144,39.328002,37.212042,37.183188,37.26975,38.27964
18171,34.644036,35.990556,40.991916,40.116678,39.328002,39.318384,39.81852,40.8765,39.491508,38.52009,41.40549,37.94301,38.750922,38.510472,39.28953,41.30931,41.241984,43.213674,39.222204,37.587144,39.328002,37.212042,37.183188,37.26975,38.27964
18173,34.644036,35.990556,40.991916,40.116678,39.328002,39.318384,39.81852,40.8765,39.491508,38.52009,41.40549,37.94301,38.750922,38.510472,39.28953,41.30931,41.241984,43.213674,39.222204,37.587144,39.328002,37.212042,37.183188,37.26975,38.27964
18175,34.644036,35.990556,40.991916,40.116678,39.328002,39.318384,39.81852,40.8765,39.491508,38.52009,41.40549,37.94301,38.750922,38.510472,39.28953,41.30931,41.241984,43.213674,39.222204,37.587144,39.328002,37.212042,37.183188,37.26975,38.27964
18177,34.644036,35.990556,40.991916,40.116678,39.328002,39.318384,39.81852,40.8765,39.491508,38.52009,41.40549,37.94301,38.750922,38.510472,39.28953,41.30931,41.241984,43.213674,39.222204,37.587144,39.328002,37.212042,37.183188,37.26975,38.27964
18179,34.644036,35.990556,40.991916,40.116678,39.328002,39.318384,39.81852,40.8765,39.491508,38.52009,41.40549,37.94301,38.750922,38.510472,39.28953,41.30931,41.241984,43.213674,39.222204,37.587144,39.328002,37.212042,37.183188,37.26975,38.27964
18181,34.644036,35.990556,40.991916,40.116678,39.328002,39.318384,39.81852,40.8765,39.491508,38.52009,41.40549,37.94301,38.750922,38.510472,39.28953,41.30931,41.241984,43.213674,39.222204,37.587144,39.328002,37.212042,37.183188,37.26975,38.27964
18183,34.644036,35.990556,40.991916,40.116678,39.328002,39.318384,39.81852,40.8765,39.491508,38.52009,41.40549,37.94301,38.750922,38.510472,39.28953,41.30931,41.241984,43.213674,39.222204,37.587144,39.328002,37.212042,37.183188,37.26975,38.27964
19001,34.644036,35.990556,40.991916,40.116678,39.328002,39.318384,39.81852,40.8765,39.491508,38.52009,41.40549,37.94301,38.750922,38.510472,39.28953,41.30931,41.241984,43.213674,39.222204,37.587144,39.328002,37.212042,37.183188,37.26975,38.27964
19003,34.644036,35.990556,40.991916,40.116678,39.328002,39.318384,39.81852,40.8765,39.491508,38.52009,41.40549,37.94301,38.750922,38.510472,39.28953,41.30931,41.241984,43.213674,39.222204,37.587144,39.328002,37.212042,37.183188,37.26975,38.27964
19005,34.644036,35.990556,40.991916,40.116678,39.328002,39.318384,39.81852,40.8765,39.491508,38.52009,41.40549,37.94301,38.750922,38.510472,39.28953,41.30931,41.241984,43.213674,39.222204,37.587144,39.328002,37.212042,37.183188,37.26975,38.27964
19007,34.644036,35.990556,40.991916,40.116678,39.328002,39.318384,39.81852,40.8765,39.491508,38.52009,41.40549,37.94301,38.750922,38.510472,39.28953,41.30931,41.241984,43.213674,39.222204,37.587144,39.328002,37.212042,37.183188,37.26975,38.27964
19009,34.644036,35.990556,40.991916,40.116678,39.328002,39.318384,39.81852,40.8765,39.491508,38.52009,41.40549,37.94301,38.750922,38.510472,39.28953,41.30931,41.241984,43.213674,39.222204,37.587144,39.328002,37.212042,37.183188,37.26975,38.27964
19011,34.644036,35.990556,40.991916,40.116678,39.328002,39.318384,39.81852,40.8765,39.491508,38.52009,41.40549,37.94301,38.750922,38.510472,39.28953,41.30931,41.241984,43.213674,39.222204,37.587144,39.328002,37.212042,37.183188,37.26975,38.27964
19013,34.644036,35.990556,40.991916,40.116678,39.328002,39.318384,39.81852,40.8765,39.491508,38.52009,41.40549,37.94301,38.750922,38.510472,39.28953,41.30931,41.241984,43.213674,39.222204,37.587144,39.328002,37.212042,37.183188,37.26975,38.27964
19015,34.644036,35.990556,40.991916,40.116678,39.328002,39.318384,39.81852,40.8765,39.491508,38.52009,41.40549,37.94301,38.750922,38.510472,39.28953,41.30931,41.241984,43.213674,39.222204,37.587144,39.328002,37.212042,37.183188,37.26975,38.27964
19017,34.644036,35.990556,40.991916,40.116678,39.328002,39.318384,39.81852,40.8765,39.491508,38.52009,41.40549,37.94301,38.750922,38.510472,39.28953,41.30931,41.241984,43.213674,39.222204,37.587144,39.328002,37.212042,37.183188,37.26975,38.27964
19019,34.644036,35.990556,40.991916,40.116678,39.328002,39.318384,39.81852,40.8765,39.491508,38.52009,41.40549,37.94301,38.750922,38.510472,39.28953,41.30931,41.241984,43.213674,39.222204,37.587144,39.328002,37.212042,37.183188,37.26975,38.27964
19021,34.644036,35.990556,40.991916,40.116678,39.328002,39.318384,39.81852,40.8765,39.491508,38.52009,41.40549,37.94301,38.750922,38.510472,39.28953,41.30931,41.241984,43.213674,39.222204,37.587144,39.328002,37.212042,37.183188,37.26975,38.27964
19023,34.644036,35.990556,40.991916,40.116678,39.328002,39.318384,39.81852,40.8765,39.491508,38.52009,41.40549,37.94301,38.750922,38.510472,39.28953,41.30931,41.241984,43.213674,39.222204,37.587144,39.328002,37.212042,37.183188,37.26975,38.27964
19025,34.644036,35.990556,40.991916,40.116678,39.328002,39.318384,39.81852,40.8765,39.491508,38.52009,41.40549,37.94301,38.750922,38.510472,39.28953,41.30931,41.241984,43.213674,39.222204,37.587144,39.328002,37.212042,37.183188,37.26975,38.27964
19027,34.644036,35.990556,40.991916,40.116678,39.328002,39.318384,39.81852,40.8765,39.491508,38.52009,41.40549,37.94301,38.750922,38.510472,39.28953,41.30931,41.241984,43.213674,39.222204,37.587144,39.328002,37.212042,37.183188,37.26975,38.27964
19029,34.644036,35.990556,40.991916,40.116678,39.328002,39.318384,39.81852,40.8765,39.491508,38.52009,41.40549,37.94301,38.750922,38.510472,39.28953,41.30931,41.241984,43.213674,39.222204,37.587144,39.328002,37.212042,37.183188,37.26975,38.27964
19031,34.644036,35.990556,40.991916,40.116678,39.328002,39.318384,39.81852,40.8765,39.491508,38.52009,41.40549,37.94301,38.750922,38.510472,39.28953,41.30931,41.241984,43.213674,39.222204,37.587144,39.328002,37.212042,37.183188,37.26975,38.27964
19033,34.644036,35.990556,40.991916,40.116678,39.328002,39.318384,39.81852,40.8765,39.491508,38.52009,41.40549,37.94301,38.750922,38.510472,39.28953,41.30931,41.241984,43.213674,39.222204,37.587144,39.328002,37.212042,37.183188,37.26975,38.27964
19035,34.644036,35.990556,40.991916,40.116678,39.328002,39.318384,39.81852,40.8765,39.491508,38.52009,41.40549,37.94301,38.750922,38.510472,39.28953,41.30931,41.241984,43.213674,39.222204,37.587144,39.328002,37.212042,37.183188,37.26975,38.27964
19037,34.644036,35.990556,40.991916,40.116678,39.328002,39.318384,39.81852,40.8765,39.491508,38.52009,41.40549,37.94301,38.750922,38.510472,39.28953,41.30931,41.241984,43.213674,39.222204,37.587144,39.328002,37.212042,37.183188,37.26975,38.27964
19039,34.644036,35.990556,40.991916,40.116678,39.328002,39.318384,39.81852,40.8765,39.491508,38.52009,41.40549,37.94301,38.750922,38.510472,39.28953,41.30931,41.241984,43.213674,39.222204,37.587144,39.328002,37.212042,37.183188,37.26975,38.27964
19041,34.644036,35.990556,40.991916,40.116678,39.328002,39.318384,39.81852,40.8765,39.491508,38.52009,41.40549,37.94301,38.750922,38.510472,39.28953,41.30931,41.241984,43.213674,39.222204,37.587144,39.328002,37.212042,37.183188,37.26975,38.27964
19043,34.644036,35.990556,40.991916,40.116678,39.328002,39.318384,39.81852,40.8765,39.491508,38.52009,41.40549,37.94301,38.750922,38.510472,39.28953,41.30931,41.241984,43.213674,39.222204,37.587144,39.328002,37.212042,37.183188,37.26975,38.27964
19045,34.644036,35.990556,40.991916,40.116678,39.328002,39.318384,39.81852,40.8765,39.491508,38.52009,41.40549,37.94301,38.750922,38.510472,39.28953,41.30931,41.241984,43.213674,39.222204,37.587144,39.328002,37.212042,37.183188,37.26975,38.27964
19047,34.644036,35.990556,40.991916,40.116678,39.328002,39.318384,39.81852,40.8765,39.491508,38.52009,41.40549,37.94301,38.750922,38.510472,39.28953,41.30931,41.241984,43.213674,39.222204,37.587144,39.328002,37.212042,37.183188,37.26975,38.27964
19049,34.644036,35.990556,40.991916,40.116678,39.328002,39.318384,39.81852,40.8765,39.491508,38.52009,41.40549,37.94301,38.750922,38.510472,39.28953,41.30931,41.241984,43.213674,39.222204,37.587144,39.328002,37.212042,37.183188,37.26975,38.27964
19051,34.644036,35.990556,40.991916,40.116678,39.328002,39.318384,39.81852,40.8765,39.491508,38.52009,41.40549,37.94301,38.750922,38.510472,39.28953,41.30931,41.241984,43.213674,39.222204,37.587144,39.328002,37.212042,37.183188,37.26975,38.27964
19053,34.644036,35.990556,40.991916,40.116678,39.328002,39.318384,39.81852,40.8765,39.491508,38.52009,41.40549,37.94301,38.750922,38.510472,39.28953,41.30931,41.241984,43.213674,39.222204,37.587144,39.328002,37.212042,37.183188,37.26975,38.27964
19055,34.644036,35.990556,40.991916,40.116678,39.328002,39.318384,39.81852,40.8765,39.491508,38.52009,41.40549,37.94301,38.750922,38.510472,39.28953,41.30931,41.241984,43.213674,39.222204,37.587144,39.328002,37.212042,37.183188,37.26975,38.27964
19057,34.644036,35.990556,40.991916,40.116678,39.328002,39.318384,39.81852,40.8765,39.491508,38.52009,41.40549,37.94301,38.750922,38.510472,39.28953,41.30931,41.241984,43.213674,39.222204,37.587144,39.328002,37.212042,37.183188,37.26975,38.27964
19059,34.644036,35.990556,40.991916,40.116678,39.328002,39.318384,39.81852,40.8765,39.491508,38.52009,41.40549,37.94301,38.750922,38.510472,39.28953,41.30931,41.241984,43.213674,39.222204,37.587144,39.328002,37.212042,37.183188,37.26975,38.27964
19061,34.644036,35.990556,40.991916,40.116678,39.328002,39.318384,39.81852,40.8765,39.491508,38.52009,41.40549,37.94301,38.750922,38.510472,39.28953,41.30931,41.241984,43.213674,39.222204,37.587144,39.328002,37.212042,37.183188,37.26975,38.27964
19063,34.644036,35.990556,40.991916,40.116678,39.328002,39.318384,39.81852,40.8765,39.491508,38.52009,41.40549,37.94301,38.750922,38.510472,39.28953,41.30931,41.241984,43.213674,39.222204,37.587144,39.328002,37.212042,37.183188,37.26975,38.27964
19065,34.644036,35.990556,40.991916,40.116678,39.328002,39.318384,39.81852,40.8765,39.491508,38.52009,41.40549,37.94301,38.750922,38.510472,39.28953,41.30931,41.241984,43.213674,39.222204,37.587144,39.328002,37.212042,37.183188,37.26975,38.27964
19067,34.644036,35.990556,40.991916,40.116678,39.328002,39.318384,39.81852,40.8765,39.491508,38.52009,41.40549,37.94301,38.750922,38.510472,39.28953,41.30931,41.241984,43.213674,39.222204,37.587144,39.328002,37.212042,37.183188,37.26975,38.27964
19069,34.644036,35.990556,40.991916,40.116678,39.328002,39.318384,39.81852,40.8765,39.491508,38.52009,41.40549,37.94301,38.750922,38.510472,39.28953,41.30931,41.241984,43.213674,39.222204,37.587144,39.328002,37.212042,37.183188,37.26975,38.27964
19071,34.644036,35.990556,40.991916,40.116678,39.328002,39.318384,39.81852,40.8765,39.491508,38.52009,41.40549,37.94301,38.750922,38.510472,39.28953,41.30931,41.241984,43.213674,39.222204,37.587144,39.328002,37.212042,37.183188,37.26975,38.27964
19073,34.644036,35.990556,40.991916,40.116678,39.328002,39.318384,39.81852,40.8765,39.491508,38.52009,41.40549,37.94301,38.750922,38.510472,39.28953,41.30931,41.241984,43.213674,39.222204,37.587144,39.328002,37.212042,37.183188,37.26975,38.27964
19075,34.644036,35.990556,40.991916,40.116678,39.328002,39.318384,39.81852,40.8765,39.491508,38.52009,41.40549,37.94301,38.750922,38.510472,39.28953,41.30931,41.241984,43.213674,39.222204,37.587144,39.328002,37.212042,37.183188,37.26975,38.27964
19077,34.644036,35.990556,40.991916,40.116678,39.328002,39.318384,39.81852,40.8765,39.491508,38.52009,41.40549,37.94301,38.750922,38.510472,39.28953,41.30931,41.241984,43.213674,39.222204,37.587144,39.328002,37.212042,37.183188,37.26975,38.27964
19079,34.644036,35.990556,40.991916,40.116678,39.328002,39.318384,39.81852,40.8765,39.491508,38.52009,41.40549,37.94301,38.750922,38.510472,39.28953,41.30931,41.241984,43.213674,39.222204,37.587144,39.328002,37.212042,37.183188,37.26975,38.27964
19081,34.644036,35.990556,40.991916,40.116678,39.328002,39.318384,39.81852,40.8765,39.491508,38.52009,41.40549,37.94301,38.750922,38.510472,39.28953,41.30931,41.241984,43.213674,39.222204,37.587144,39.328002,37.212042,37.183188,37.26975,38.27964
19083,34.644036,35.990556,40.991916,40.116678,39.328002,39.318384,39.81852,40.8765,39.491508,38.52009,41.40549,37.94301,38.750922,38.510472,39.28953,41.30931,41.241984,43.213674,39.222204,37.587144,39.328002,37.212042,37.183188,37.26975,38.27964
19085,34.644036,35.990556,40.991916,40.116678,39.328002,39.318384,39.81852,40.8765,39.491508,38.52009,41.40549,37.94301,38.750922,38.510472,39.28953,41.30931,41.241984,43.213674,39.222204,37.587144,39.328002,37.212042,37.183188,37.26975,38.27964
19087,34.644036,35.990556,40.991916,40.116678,39.328002,39.318384,39.81852,40.8765,39.491508,38.52009,41.40549,37.94301,38.750922,38.510472,39.28953,41.30931,41.241984,43.213674,39.222204,37.587144,39.328002,37.212042,37.183188,37.26975,38.27964
19089,34.644036,35.990556,40.991916,40.116678,39.328002,39.318384,39.81852,40.8765,39.491508,38.52009,41.40549,37.94301,38.750922,38.510472,39.28953,41.30931,41.241984,43.213674,39.222204,37.587144,39.328002,37.212042,37.183188,37.26975,38.27964
19091,34.644036,35.990556,40.991916,40.116678,39.328002,39.318384,39.81852,40.8765,39.491508,38.52009,41.40549,37.94301,38.750922,38.510472,39.28953,41.30931,41.241984,43.213674,39.222204,37.587144,39.328002,37.212042,37.183188,37.26975,38.27964
19093,34.644036,35.990556,40.991916,40.116678,39.328002,39.318384,39.81852,40.8765,39.491508,38.52009,41.40549,37.94301,38.750922,38.510472,39.28953,41.30931,41.241984,43.213674,39.222204,37.587144,39.328002,37.212042,37.183188,37.26975,38.27964
19095,34.644036,35.990556,40.991916,40.116678,39.328002,39.318384,39.81852,40.8765,39.491508,38.52009,41.40549,37.94301,38.750922,38.510472,39.28953,41.30931,41.241984,43.213674,39.222204,37.587144,39.328002,37.212042,37.183188,37.26975,38.27964
19097,34.644036,35.990556,40.991916,40.116678,39.328002,39.318384,39.81852,40.8765,39.491508,38.52009,41.40549,37.94301,38.750922,38.510472,39.28953,41.30931,41.241984,43.213674,39.222204,37.587144,39.328002,37.212042,37.183188,37.26975,38.27964
19099,34.644036,35.990556,40.991916,40.116678,39.328002,39.318384,39.81852,40.8765,39.491508,38.52009,41.40549,37.94301,38.750922,38.510472,39.28953,41.30931,41.241984,43.213674,39.222204,37.587144,39.328002,37.212042,37.183188,37.26975,38.27964
19101,34.644036,35.990556,40.991916,40.116678,39.328002,39.318384,39.81852,40.8765,39.491508,38.52009,41.40549,37.94301,38.750922,38.510472,39.28953,41.30931,41.241984,43.213674,39.222204,37.587144,39.328002,37.212042,37.183188,37.26975,38.27964
19103,34.644036,35.990556,40.991916,40.116678,39.328002,39.318384,39.81852,40.8765,39.491508,38.52009,41.40549,37.94301,38.750922,38.510472,39.28953,41.30931,41.241984,43.213674,39.222204,37.587144,39.328002,37.212042,37.183188,37.26975,38.27964
19105,34.644036,35.990556,40.991916,40.116678,39.328002,39.318384,39.81852,40.8765,39.491508,38.52009,41.40549,37.94301,38.750922,38.510472,39.28953,41.30931,41.241984,43.213674,39.222204,37.587144,39.328002,37.212042,37.183188,37.26975,38.27964
19107,34.644036,35.990556,40.991916,40.116678,39.328002,39.318384,39.81852,40.8765,39.491508,38.52009,41.40549,37.94301,38.750922,38.510472,39.28953,41.30931,41.241984,43.213674,39.222204,37.587144,39.328002,37.212042,37.183188,37.26975,38.27964
19109,34.644036,35.990556,40.991916,40.116678,39.328002,39.318384,39.81852,40.8765,39.491508,38.52009,41.40549,37.94301,38.750922,38.510472,39.28953,41.30931,41.241984,43.213674,39.222204,37.587144,39.328002,37.212042,37.183188,37.26975,38.27964
19111,34.644036,35.990556,40.991916,40.116678,39.328002,39.318384,39.81852,40.8765,39.491508,38.52009,41.40549,37.94301,38.750922,38.510472,39.28953,41.30931,41.241984,43.213674,39.222204,37.587144,39.328002,37.212042,37.183188,37.26975,38.27964
19113,34.644036,35.990556,40.991916,40.116678,39.328002,39.318384,39.81852,40.8765,39.491508,38.52009,41.40549,37.94301,38.750922,38.510472,39.28953,41.30931,41.241984,43.213674,39.222204,37.587144,39.328002,37.212042,37.183188,37.26975,38.27964
19115,34.644036,35.990556,40.991916,40.116678,39.328002,39.318384,39.81852,40.8765,39.491508,38.52009,41.40549,37.94301,38.750922,38.510472,39.28953,41.30931,41.241984,43.213674,39.222204,37.587144,39.328002,37.212042,37.183188,37.26975,38.27964
19117,34.644036,35.990556,40.991916,40.116678,39.328002,39.318384,39.81852,40.8765,39.491508,38.52009,41.40549,37.94301,38.750922,38.510472,39.28953,41.30931,41.241984,43.213674,39.222204,37.587144,39.328002,37.212042,37.183188,37.26975,38.27964
19119,34.644036,35.990556,40.991916,40.116678,39.328002,39.318384,39.81852,40.8765,39.491508,38.52009,41.40549,37.94301,38.750922,38.510472,39.28953,41.30931,41.241984,43.213674,39.222204,37.587144,39.328002,37.212042,37.183188,37.26975,38.27964
19121,34.644036,35.990556,40.991916,40.116678,39.328002,39.318384,39.81852,40.8765,39.491508,38.52009,41.40549,37.94301,38.750922,38.510472,39.28953,41.30931,41.241984,43.213674,39.222204,37.587144,39.328002,37.212042,37.183188,37.26975,38.27964
19123,34.644036,35.990556,40.991916,40.116678,39.328002,39.318384,39.81852,40.8765,39.491508,38.52009,41.40549,37.94301,38.750922,38.510472,39.28953,41.30931,41.241984,43.213674,39.222204,37.587144,39.328002,37.212042,37.183188,37.26975,38.27964
19125,34.644036,35.990556,40.991916,40.116678,39.328002,39.318384,39.81852,40.8765,39.491508,38.52009,41.40549,37.94301,38.750922,38.510472,39.28953,41.30931,41.241984,43.213674,39.222204,37.587144,39.328002,37.212042,37.183188,37.26975,38.27964
19127,34.644036,35.990556,40.991916,40.116678,39.328002,39.318384,39.81852,40.8765,39.491508,38.52009,41.40549,37.94301,38.750922,38.510472,39.28953,41.30931,41.241984,43.213674,39.222204,37.587144,39.328002,37.212042,37.183188,37.26975,38.27964
19129,34.644036,35.990556,40.991916,40.116678,39.328002,39.318384,39.81852,40.8765,39.491508,38.52009,41.40549,37.94301,38.750922,38.510472,39.28953,41.30931,41.241984,43.213674,39.222204,37.587144,39.328002,37.212042,37.183188,37.26975,38.27964
19131,34.644036,35.990556,40.991916,40.116678,39.328002,39.318384,39.81852,40.8765,39.491508,38.52009,41.40549,37.94301,38.750922,38.510472,39.28953,41.30931,41.241984,43.213674,39.222204,37.587144,39.328002,37.212042,37.183188,37.26975,38.27964
19133,34.644036,35.990556,40.991916,40.116678,39.328002,39.318384,39.81852,40.8765,39.491508,38.52009,41.40549,37.94301,38.750922,38.510472,39.28953,41.30931,41.241984,43.213674,39.222204,37.587144,39.328002,37.212042,37.183188,37.26975,38.27964
19135,34.644036,35.990556,40.991916,40.116678,39.328002,39.318384,39.81852,40.8765,39.491508,38.52009,41.40549,37.94301,38.750922,38.510472,39.28953,41.30931,41.241984,43.213674,39.222204,37.587144,39.328002,37.212042,37.183188,37.26975,38.27964
19137,34.644036,35.990556,40.991916,40.116678,39.328002,39.318384,39.81852,40.8765,39.491508,38.52009,41.40549,37.94301,38.750922,38.510472,39.28953,41.30931,41.241984,43.213674,39.222204,37.587144,39.328002,37.212042,37.183188,37.26975,38.27964
19139,34.644036,35.990556,40.991916,40.116678,39.328002,39.318384,39.81852,40.8765,39.491508,38.52009,41.40549,37.94301,38.750922,38.510472,39.28953,41.30931,41.241984,43.213674,39.222204,37.587144,39.328002,37.212042,37.183188,37.26975,38.27964
19141,34.644036,35.990556,40.991916,40.116678,39.328002,39.318384,39.81852,40.8765,39.491508,38.52009,41.40549,37.94301,38.750922,38.510472,39.28953,41.30931,41.241984,43.213674,39.222204,37.587144,39.328002,37.212042,37.183188,37.26975,38.27964
19143,34.644036,35.990556,40.991916,40.116678,39.328002,39.318384,39.81852,40.8765,39.491508,38.52009,41.40549,37.94301,38.750922,38.510472,39.28953,41.30931,41.241984,43.213674,39.222204,37.587144,39.328002,37.212042,37.183188,37.26975,38.27964
19145,34.644036,35.990556,40.991916,40.116678,39.328002,39.318384,39.81852,40.8765,39.491508,38.52009,41.40549,37.94301,38.750922,38.510472,39.28953,41.30931,41.241984,43.213674,39.222204,37.587144,39.328002,37.212042,37.183188,37.26975,38.27964
19147,34.644036,35.990556,40.991916,40.116678,39.328002,39.318384,39.81852,40.8765,39.491508,38.52009,41.40549,37.94301,38.750922,38.510472,39.28953,41.30931,41.241984,43.213674,39.222204,37.587144,39.328002,37.212042,37.183188,37.26975,38.27964
19149,34.644036,35.990556,40.991916,40.116678,39.328002,39.318384,39.81852,40.8765,39.491508,38.52009,41.40549,37.94301,38.750922,38.510472,39.28953,41.30931,41.241984,43.213674,39.222204,37.587144,39.328002,37.212042,37.183188,37.26975,38.27964
19151,34.644036,35.990556,40.991916,40.116678,39.328002,39.318384,39.81852,40.8765,39.491508,38.52009,41.40549,37.94301,38.750922,38.510472,39.28953,41.30931,41.241984,43.213674,39.222204,37.587144,39.328002,37.212042,37.183188,37.26975,38.27964
19153,34.644036,35.990556,40.991916,40.116678,39.328002,39.318384,39.81852,40.8765,39.491508,38.52009,41.40549,37.94301,38.750922,38.510472,39.28953,41.30931,41.241984,43.213674,39.222204,37.587144,39.328002,37.212042,37.183188,37.26975,38.27964
19155,34.644036,35.990556,40.991916,40.116678,39.328002,39.318384,39.81852,40.8765,39.491508,38.52009,41.40549,37.94301,38.750922,38.510472,39.28953,41.30931,41.241984,43.213674,39.222204,37.587144,39.328002,37.212042,37.183188,37.26975,38.27964
19157,34.644036,35.990556,40.991916,40.116678,39.328002,39.318384,39.81852,40.8765,39.491508,38.52009,41.40549,37.94301,38.750922,38.510472,39.28953,41.30931,41.241984,43.213674,39.222204,37.587144,39.328002,37.212042,37.183188,37.26975,38.27964
19159,34.644036,35.990556,40.991916,40.116678,39.328002,39.318384,39.81852,40.8765,39.491508,38.52009,41.40549,37.94301,38.750922,38.510472,39.28953,41.30931,41.241984,43.213674,39.222204,37.587144,39.328002,37.212042,37.183188,37.26975,38.27964
19161,34.644036,35.990556,40.991916,40.116678,39.328002,39.318384,39.81852,40.8765,39.491508,38.52009,41.40549,37.94301,38.750922,38.510472,39.28953,41.30931,41.241984,43.213674,39.222204,37.587144,39.328002,37.212042,37.183188,37.26975,38.27964
19163,34.644036,35.990556,40.991916,40.116678,39.328002,39.318384,39.81852,40.8765,39.491508,38.52009,41.40549,37.94301,38.750922,38.510472,39.28953,41.30931,41.241984,43.213674,39.222204,37.587144,39.328002,37.212042,37.183188,37.26975,38.27964
19165,34.644036,35.990556,40.991916,40.116678,39.328002,39.318384,39.81852,40.8765,39.491508,38.52009,41.40549,37.94301,38.750922,38.510472,39.28953,41.30931,41.241984,43.213674,39.222204,37.587144,39.328002,37.212042,37.183188,37.26975,38.27964
19167,34.644036,35.990556,40.991916,40.116678,39.328002,39.318384,39.81852,40.8765,39.491508,38.52009,41.40549,37.94301,38.750922,38.510472,39.28953,41.30931,41.241984,43.213674,39.222204,37.587144,39.328002,37.212042,37.183188,37.26975,38.27964
19169,34.644036,35.990556,40.991916,40.116678,39.328002,39.318384,39.81852,40.8765,39.491508,38.52009,41.40549,37.94301,38.750922,38.510472,39.28953,41.30931,41.241984,43.213674,39.222204,37.587144,39.328002,37.212042,37.183188,37.26975,38.27964
19171,34.644036,35.990556,40.991916,40.116678,39.328002,39.318384,39.81852,40.8765,39.491508,38.52009,41.40549,37.94301,38.750922,38.510472,39.28953,41.30931,41.241984,43.213674,39.222204,37.587144,39.328002,37.212042,37.183188,37.26975,38.27964
19173,34.644036,35.990556,40.991916,40.116678,39.328002,39.318384,39.81852,40.8765,39.491508,38.52009,41.40549,37.94301,38.750922,38.510472,39.28953,41.30931,41.241984,43.213674,39.222204,37.587144,39.328002,37.212042,37.183188,37.26975,38.27964
19175,34.644036,35.990556,40.991916,40.116678,39.328002,39.318384,39.81852,40.8765,39.491508,38.52009,41.40549,37.94301,38.750922,38.510472,39.28953,41.30931,41.241984,43.213674,39.222204,37.587144,39.328002,37.212042,37.183188,37.26975,38.27964
19177,34.644036,35.990556,40.991916,40.116678,39.328002,39.318384,39.81852,40.8765,39.491508,38.52009,41.40549,37.94301,38.750922,38.510472,39.28953,41.30931,41.241984,43.213674,39.222204,37.587144,39.328002,37.212042,37.183188,37.26975,38.27964
19179,34.644036,35.990556,40.991916,40.116678,39.328002,39.318384,39.81852,40.8765,39.491508,38.52009,41.40549,37.94301,38.750922,38.510472,39.28953,41.30931,41.241984,43.213674,39.222204,37.587144,39.328002,37.212042,37.183188,37.26975,38.27964
19181,34.644036,35.990556,40.991916,40.116678,39.328002,39.318384,39.81852,40.8765,39.491508,38.52009,41.40549,37.94301,38.750922,38.510472,39.28953,41.30931,41.241984,43.213674,39.222204,37.587144,39.328002,37.212042,37.183188,37.26975,38.27964
19183,34.644036,35.990556,40.991916,40.116678,39.328002,39.318384,39.81852,40.8765,39.491508,38.52009,41.40549,37.94301,38.750922,38.510472,39.28953,41.30931,41.241984,43.213674,39.222204,37.587144,39.328002,37.212042,37.183188,37.26975,38.27964
19185,34.644036,35.990556,40.991916,40.116678,39.328002,39.318384,39.81852,40.8765,39.491508,38.52009,41.40549,37.94301,38.750922,38.510472,39.28953,41.30931,41.241984,43.213674,39.222204,37.587144,39.328002,37.212042,37.183188,37.26975,38.27964
19187,34.644036,35.990556,40.991916,40.116678,39.328002,39.318384,39.81852,40.8765,39.491508,38.52009,41.40549,37.94301,38.750922,38.510472,39.28953,41.30931,41.241984,43.213674,39.222204,37.587144,39.328002,37.212042,37.183188,37.26975,38.27964
19189,34.644036,35.990556,40.991916,40.116678,39.328002,39.318384,39.81852,40.8765,39.491508,38.52009,41.40549,37.94301,38.750922,38.510472,39.28953,41.30931,41.241984,43.213674,39.222204,37.587144,39.328002,37.212042,37.183188,37.26975,38.27964
19191,34.644036,35.990556,40.991916,40.116678,39.328002,39.318384,39.81852,40.8765,39.491508,38.52009,41.40549,37.94301,38.750922,38.510472,39.28953,41.30931,41.241984,43.213674,39.222204,37.587144,39.328002,37.212042,37.183188,37.26975,38.27964
19193,34.644036,35.990556,40.991916,40.116678,39.328002,39.318384,39.81852,40.8765,39.491508,38.52009,41.40549,37.94301,38.750922,38.510472,39.28953,41.30931,41.241984,43.213674,39.222204,37.587144,39.328002,37.212042,37.183188,37.26975,38.27964
19195,34.644036,35.990556,40.991916,40.116678,39.328002,39.318384,39.81852,40.8765,39.491508,38.52009,41.40549,37.94301,38.750922,38.510472,39.28953,41.30931,41.241984,43.213674,39.222204,37.587144,39.328002,37.212042,37.183188,37.26975,38.27964
19197,34.644036,35.990556,40.991916,40.116678,39.328002,39.318384,39.81852,40.8765,39.491508,38.52009,41.40549,37.94301,38.750922,38.510472,39.28953,41.30931,41.241984,43.213674,39.222204,37.587144,39.328002,37.212042,37.183188,37.26975,38.27964
20001,34.644036,35.990556,40.991916,40.116678,39.328002,39.318384,39.81852,40.8765,39.491508,38.52009,41.40549,37.94301,38.750922,38.510472,39.28953,41.30931,41.241984,43.213674,39.222204,37.587144,39.328002,37.212042,37.183188,37.26975,38.27964
20003,34.644036,35.990556,40.991916,40.116678,39.328002,39.318384,39.81852,40.8765,39.491508,38.52009,41.40549,37.94301,38.750922,38.510472,39.28953,41.30931,41.241984,43.213674,39.222204,37.587144,39.328002,37.212042,37.183188,37.26975,38.27964
20005,34.644036,35.990556,40.991916,40.116678,39.328002,39.318384,39.81852,40.8765,39.491508,38.52009,41.40549,37.94301,38.750922,38.510472,39.28953,41.30931,41.241984,43.213674,39.222204,37.587144,39.328002,37.212042,37.183188,37.26975,38.27964
20007,34.644036,35.990556,40.991916,40.116678,39.328002,39.318384,39.81852,40.8765,39.491508,38.52009,41.40549,37.94301,38.750922,38.510472,39.28953,41.30931,41.241984,43.213674,39.222204,37.587144,39.328002,37.212042,37.183188,37.26975,38.27964
20009,34.644036,35.990556,40.991916,40.116678,39.328002,39.318384,39.81852,40.8765,39.491508,38.52009,41.40549,37.94301,38.750922,38.510472,39.28953,41.30931,41.241984,43.213674,39.222204,37.587144,39.328002,37.212042,37.183188,37.26975,38.27964
20011,34.644036,35.990556,40.991916,40.116678,39.328002,39.318384,39.81852,40.8765,39.491508,38.52009,41.40549,37.94301,38.750922,38.510472,39.28953,41.30931,41.241984,43.213674,39.222204,37.587144,39.328002,37.212042,37.183188,37.26975,38.27964
20013,34.644036,35.990556,40.991916,40.116678,39.328002,39.318384,39.81852,40.8765,39.491508,38.52009,41.40549,37.94301,38.750922,38.510472,39.28953,41.30931,41.241984,43.213674,39.222204,37.587144,39.328002,37.212042,37.183188,37.26975,38.27964
20015,34.644036,35.990556,40.991916,40.116678,39.328002,39.318384,39.81852,40.8765,39.491508,38.52009,41.40549,37.94301,38.750922,38.510472,39.28953,41.30931,41.241984,43.213674,39.222204,37.587144,39.328002,37.212042,37.183188,37.26975,38.27964
20017,34.644036,35.990556,40.991916,40.116678,39.328002,39.318384,39.81852,40.8765,39.491508,38.52009,41.40549,37.94301,38.750922,38.510472,39.28953,41.30931,41.241984,43.213674,39.222204,37.587144,39.328002,37.212042,37.183188,37.26975,38.27964
20019,34.644036,35.990556,40.991916,40.116678,39.328002,39.318384,39.81852,40.8765,39.491508,38.52009,41.40549,37.94301,38.750922,38.510472,39.28953,41.30931,41.241984,43.213674,39.222204,37.587144,39.328002,37.212042,37.183188,37.26975,38.27964
20021,34.644036,35.990556,40.991916,40.116678,39.328002,39.318384,39.81852,40.8765,39.491508,38.52009,41.40549,37.94301,38.750922,38.510472,39.28953,41.30931,41.241984,43.213674,39.222204,37.587144,39.328002,37.212042,37.183188,37.26975,38.27964
20023,34.644036,35.990556,40.991916,40.116678,39.328002,39.318384,39.81852,40.8765,39.491508,38.52009,41.40549,37.94301,38.750922,38.510472,39.28953,41.30931,41.241984,43.213674,39.222204,37.587144,39.328002,37.212042,37.183188,37.26975,38.27964
20025,34.644036,35.990556,40.991916,40.116678,39.328002,39.318384,39.81852,40.8765,39.491508,38.52009,41.40549,37.94301,38.750922,38.510472,39.28953,41.30931,41.241984,43.213674,39.222204,37.587144,39.328002,37.212042,37.183188,37.26975,38.27964
20027,34.644036,35.990556,40.991916,40.116678,39.328002,39.318384,39.81852,40.8765,39.491508,38.52009,41.40549,37.94301,38.750922,38.510472,39.28953,41.30931,41.241984,43.213674,39.222204,37.587144,39.328002,37.212042,37.183188,37.26975,38.27964
20029,34.644036,35.990556,40.991916,40.116678,39.328002,39.318384,39.81852,40.8765,39.491508,38.52009,41.40549,37.94301,38.750922,38.510472,39.28953,41.30931,41.241984,43.213674,39.222204,37.587144,39.328002,37.212042,37.183188,37.26975,38.27964
20031,34.644036,35.990556,40.991916,40.116678,39.328002,39.318384,39.81852,40.8765,39.491508,38.52009,41.40549,37.94301,38.750922,38.510472,39.28953,41.30931,41.241984,43.213674,39.222204,37.587144,39.328002,37.212042,37.183188,37.26975,38.27964
20033,34.644036,35.990556,40.991916,40.116678,39.328002,39.318384,39.81852,40.8765,39.491508,38.52009,41.40549,37.94301,38.750922,38.510472,39.28953,41.30931,41.241984,43.213674,39.222204,37.587144,39.328002,37.212042,37.183188,37.26975,38.27964
20035,34.644036,35.990556,40.991916,40.116678,39.328002,39.318384,39.81852,40.8765,39.491508,38.52009,41.40549,37.94301,38.750922,38.510472,39.28953,41.30931,41.241984,43.213674,39.222204,37.587144,39.328002,37.212042,37.183188,37.26975,38.27964
20037,34.644036,35.990556,40.991916,40.116678,39.328002,39.318384,39.81852,40.8765,39.491508,38.52009,41.40549,37.94301,38.750922,38.510472,39.28953,41.30931,41.241984,43.213674,39.222204,37.587144,39.328002,37.212042,37.183188,37.26975,38.27964
20039,34.644036,35.990556,40.991916,40.116678,39.328002,39.318384,39.81852,40.8765,39.491508,38.52009,41.40549,37.94301,38.750922,38.510472,39.28953,41.30931,41.241984,43.213674,39.222204,37.587144,39.328002,37.212042,37.183188,37.26975,38.27964
20041,34.644036,35.990556,40.991916,40.116678,39.328002,39.318384,39.81852,40.8765,39.491508,38.52009,41.40549,37.94301,38.750922,38.510472,39.28953,41.30931,41.241984,43.213674,39.222204,37.587144,39.328002,37.212042,37.183188,37.26975,38.27964
20043,34.644036,35.990556,40.991916,40.116678,39.328002,39.318384,39.81852,40.8765,39.491508,38.52009,41.40549,37.94301,38.750922,38.510472,39.28953,41.30931,41.241984,43.213674,39.222204,37.587144,39.328002,37.212042,37.183188,37.26975,38.27964
20045,34.644036,35.990556,40.991916,40.116678,39.328002,39.318384,39.81852,40.8765,39.491508,38.52009,41.40549,37.94301,38.750922,38.510472,39.28953,41.30931,41.241984,43.213674,39.222204,37.587144,39.328002,37.212042,37.183188,37.26975,38.27964
20047,34.644036,35.990556,40.991916,40.116678,39.328002,39.318384,39.81852,40.8765,39.491508,38.52009,41.40549,37.94301,38.750922,38.510472,39.28953,41.30931,41.241984,43.213674,39.222204,37.587144,39.328002,37.212042,37.183188,37.26975,38.27964
20049,34.644036,35.990556,40.991916,40.116678,39.328002,39.318384,39.81852,40.8765,39.491508,38.52009,41.40549,37.94301,38.750922,38.510472,39.28953,41.30931,41.241984,43.213674,39.222204,37.587144,39.328002,37.212042,37.183188,37.26975,38.27964
20051,34.644036,35.990556,40.991916,40.116678,39.328002,39.318384,39.81852,40.8765,39.491508,38.52009,41.40549,37.94301,38.750922,38.510472,39.28953,41.30931,41.241984,43.213674,39.222204,37.587144,39.328002,37.212042,37.183188,37.26975,38.27964
20053,34.644036,35.990556,40.991916,40.116678,39.328002,39.318384,39.81852,40.8765,39.491508,38.52009,41.40549,37.94301,38.750922,38.510472,39.28953,41.30931,41.241984,43.213674,39.222204,37.587144,39.328002,37.212042,37.183188,37.26975,38.27964
20055,34.644036,35.990556,40.991916,40.116678,39.328002,39.318384,39.81852,40.8765,39.491508,38.52009,41.40549,37.94301,38.750922,38.510472,39.28953,41.30931,41.241984,43.213674,39.222204,37.587144,39.328002,37.212042,37.183188,37.26975,38.27964
20057,34.644036,35.990556,40.991916,40.116678,39.328002,39.318384,39.81852,40.8765,39.491508,38.52009,41.40549,37.94301,38.750922,38.510472,39.28953,41.30931,41.241984,43.213674,39.222204,37.587144,39.328002,37.212042,37.183188,37.26975,38.27964
20059,34.644036,35.990556,40.991916,40.116678,39.328002,39.318384,39.81852,40.8765,39.491508,38.52009,41.40549,37.94301,38.750922,38.510472,39.28953,41.30931,41.241984,43.213674,39.222204,37.587144,39.328002,37.212042,37.183188,37.26975,38.27964
20061,34.644036,35.990556,40.991916,40.116678,39.328002,39.318384,39.81852,40.8765,39.491508,38.52009,41.40549,37.94301,38.750922,38.510472,39.28953,41.30931,41.241984,43.213674,39.222204,37.587144,39.328002,37.212042,37.183188,37.26975,38.27964
20063,34.644036,35.990556,40.991916,40.116678,39.328002,39.318384,39.81852,40.8765,39.491508,38.52009,41.40549,37.94301,38.750922,38.510472,39.28953,41.30931,41.241984,43.213674,39.222204,37.587144,39.328002,37.212042,37.183188,37.26975,38.27964
20065,34.644036,35.990556,40.991916,40.116678,39.328002,39.318384,39.81852,40.8765,39.491508,38.52009,41.40549,37.94301,38.750922,38.510472,39.28953,41.30931,41.241984,43.213674,39.222204,37.587144,39.328002,37.212042,37.183188,37.26975,38.27964
20067,34.644036,35.990556,40.991916,40.116678,39.328002,39.318384,39.81852,40.8765,39.491508,38.52009,41.40549,37.94301,38.750922,38.510472,39.28953,41.30931,41.241984,43.213674,39.222204,37.587144,39.328002,37.212042,37.183188,37.26975,38.27964
20069,34.644036,35.990556,40.991916,40.116678,39.328002,39.318384,39.81852,40.8765,39.491508,38.52009,41.40549,37.94301,38.750922,38.510472,39.28953,41.30931,41.241984,43.213674,39.222204,37.587144,39.328002,37.212042,37.183188,37.26975,38.27964
20071,34.644036,35.990556,40.991916,40.116678,39.328002,39.318384,39.81852,40.8765,39.491508,38.52009,41.40549,37.94301,38.750922,38.510472,39.28953,41.30931,41.241984,43.213674,39.222204,37.587144,39.328002,37.212042,37.183188,37.26975,38.27964
20073,34.644036,35.990556,40.991916,40.116678,39.328002,39.318384,39.81852,40.8765,39.491508,38.52009,41.40549,37.94301,38.750922,38.510472,39.28953,41.30931,41.241984,43.213674,39.222204,37.587144,39.328002,37.212042,37.183188,37.26975,38.27964
20075,34.644036,35.990556,40.991916,40.116678,39.328002,39.318384,39.81852,40.8765,39.491508,38.52009,41.40549,37.94301,38.750922,38.510472,39.28953,41.30931,41.241984,43.213674,39.222204,37.587144,39.328002,37.212042,37.183188,37.26975,38.27964
20077,34.644036,35.990556,40.991916,40.116678,39.328002,39.318384,39.81852,40.8765,39.491508,38.52009,41.40549,37.94301,38.750922,38.510472,39.28953,41.30931,41.241984,43.213674,39.222204,37.587144,39.328002,37.212042,37.183188,37.26975,38.27964
20079,34.644036,35.990556,40.991916,40.116678,39.328002,39.318384,39.81852,40.8765,39.491508,38.52009,41.40549,37.94301,38.750922,38.510472,39.28953,41.30931,41.241984,43.213674,39.222204,37.587144,39.328002,37.212042,37.183188,37.26975,38.27964
20081,34.644036,35.990556,40.991916,40.116678,39.328002,39.318384,39.81852,40.8765,39.491508,38.52009,41.40549,37.94301,38.750922,38.510472,39.28953,41.30931,41.241984,43.213674,39.222204,37.587144,39.328002,37.212042,37.183188,37.26975,38.27964
20083,34.644036,35.990556,40.991916,40.116678,39.328002,39.318384,39.81852,40.8765,39.491508,38.52009,41.40549,37.94301,38.750922,38.510472,39.28953,41.30931,41.241984,43.213674,39.222204,37.587144,39.328002,37.212042,37.183188,37.26975,38.27964
20085,34.644036,35.990556,40.991916,40.116678,39.328002,39.318384,39.81852,40.8765,39.491508,38.52009,41.40549,37.94301,38.750922,38.510472,39.28953,41.30931,41.241984,43.213674,39.222204,37.587144,39.328002,37.212042,37.183188,37.26975,38.27964
20087,34.644036,35.990556,40.991916,40.116678,39.328002,39.318384,39.81852,40.8765,39.491508,38.52009,41.40549,37.94301,38.750922,38.510472,39.28953,41.30931,41.241984,43.213674,39.222204,37.587144,39.328002,37.212042,37.183188,37.26975,38.27964
20089,34.644036,35.990556,40.991916,40.116678,39.328002,39.318384,39.81852,40.8765,39.491508,38.52009,41.40549,37.94301,38.750922,38.510472,39.28953,41.30931,41.241984,43.213674,39.222204,37.587144,39.328002,37.212042,37.183188,37.26975,38.27964
20091,34.644036,35.990556,40.991916,40.116678,39.328002,39.318384,39.81852,40.8765,39.491508,38.52009,41.40549,37.94301,38.750922,38.510472,39.28953,41.30931,41.241984,43.213674,39.222204,37.587144,39.328002,37.212042,37.183188,37.26975,38.27964
20093,34.644036,35.990556,40.991916,40.116678,39.328002,39.318384,39.81852,40.8765,39.491508,38.52009,41.40549,37.94301,38.750922,38.510472,39.28953,41.30931,41.241984,43.213674,39.222204,37.587144,39.328002,37.212042,37.183188,37.26975,38.27964
20095,34.644036,35.990556,40.991916,40.116678,39.328002,39.318384,39.81852,40.8765,39.491508,38.52009,41.40549,37.94301,38.750922,38.510472,39.28953,41.30931,41.241984,43.213674,39.222204,37.587144,39.328002,37.212042,37.183188,37.26975,38.27964
20097,34.644036,35.990556,40.991916,40.116678,39.328002,39.318384,39.81852,40.8765,39.491508,38.52009,41.40549,37.94301,38.750922,38.510472,39.28953,41.30931,41.241984,43.213674,39.222204,37.587144,39.328002,37.212042,37.183188,37.26975,38.27964
20099,34.644036,35.990556,40.991916,40.116678,39.328002,39.318384,39.81852,40.8765,39.491508,38.52009,41.40549,37.94301,38.750922,38.510472,39.28953,41.30931,41.241984,43.213674,39.222204,37.587144,39.328002,37.212042,37.183188,37.26975,38.27964
20101,34.644036,35.990556,40.991916,40.116678,39.328002,39.318384,39.81852,40.8765,39.491508,38.52009,41.40549,37.94301,38.750922,38.510472,39.28953,41.30931,41.241984,43.213674,39.222204,37.587144,39.328002,37.212042,37.183188,37.26975,38.27964
20103,34.644036,35.990556,40.991916,40.116678,39.328002,39.318384,39.81852,40.8765,39.491508,38.52009,41.40549,37.94301,38.750922,38.510472,39.28953,41.30931,41.241984,43.213674,39.222204,37.587144,39.328002,37.212042,37.183188,37.26975,38.27964
20105,34.644036,35.990556,40.991916,40.116678,39.328002,39.318384,39.81852,40.8765,39.491508,38.52009,41.40549,37.94301,38.750922,38.510472,39.28953,41.30931,41.241984,43.213674,39.222204,37.587144,39.328002,37.212042,37.183188,37.26975,38.27964
20107,34.644036,35.990556,40.991916,40.116678,39.328002,39.318384,39.81852,40.8765,39.491508,38.52009,41.40549,37.94301,38.750922,38.510472,39.28953,41.30931,41.241984,43.213674,39.222204,37.587144,39.328002,37.212042,37.183188,37.26975,38.27964
20109,34.644036,35.990556,40.991916,40.116678,39.328002,39.318384,39.81852,40.8765,39.491508,38.52009,41.40549,37.94301,38.750922,38.510472,39.28953,41.30931,41.241984,43.213674,39.222204,37.587144,39.328002,37.212042,37.183188,37.26975,38.27964
20111,34.644036,35.990556,40.991916,40.116678,39.328002,39.318384,39.81852,40.8765,39.491508,38.52009,41.40549,37.94301,38.750922,38.510472,39.28953,41.30931,41.241984,43.213674,39.222204,37.587144,39.328002,37.212042,37.183188,37.26975,38.27964
20113,34.644036,35.990556,40.991916,40.116678,39.328002,39.318384,39.81852,40.8765,39.491508,38.52009,41.40549,37.94301,38.750922,38.510472,39.28953,41.30931,41.241984,43.213674,39.222204,37.587144,39.328002,37.212042,37.183188,37.26975,38.27964
20115,34.644036,35.990556,40.991916,40.116678,39.328002,39.318384,39.81852,40.8765,39.491508,38.52009,41.40549,37.94301,38.750922,38.510472,39.28953,41.30931,41.241984,43.213674,39.222204,37.587144,39.328002,37.212042,37.183188,37.26975,38.27964
20117,34.644036,35.990556,40.991916,40.116678,39.328002,39.318384,39.81852,40.8765,39.491508,38.52009,41.40549,37.94301,38.750922,38.510472,39.28953,41.30931,41.241984,43.213674,39.222204,37.587144,39.328002,37.212042,37.183188,37.26975,38.27964
20119,34.644036,35.990556,40.991916,40.116678,39.328002,39.318384,39.81852,40.8765,39.491508,38.52009,41.40549,37.94301,38.750922,38.510472,39.28953,41.30931,41.241984,43.213674,39.222204,37.587144,39.328002,37.212042,37.183188,37.26975,38.27964
20121,34.644036,35.990556,40.991916,40.116678,39.328002,39.318384,39.81852,40.8765,39.491508,38.52009,41.40549,37.94301,38.750922,38.510472,39.28953,41.30931,41.241984,43.213674,39.222204,37.587144,39.328002,37.212042,37.183188,37.26975,38.27964
20123,34.644036,35.990556,40.991916,40.116678,39.328002,39.318384,39.81852,40.8765,39.491508,38.52009,41.40549,37.94301,38.750922,38.510472,39.28953,41.30931,41.241984,43.213674,39.222204,37.587144,39.328002,37.212042,37.183188,37.26975,38.27964
20125,34.644036,35.990556,40.991916,40.116678,39.328002,39.318384,39.81852,40.8765,39.491508,38.52009,41.40549,37.94301,38.750922,38.510472,39.28953,41.30931,41.241984,43.213674,39.222204,37.587144,39.328002,37.212042,37.183188,37.26975,38.27964
20127,34.644036,35.990556,40.991916,40.116678,39.328002,39.318384,39.81852,40.8765,39.491508,38.52009,41.40549,37.94301,38.750922,38.510472,39.28953,41.30931,41.241984,43.213674,39.222204,37.587144,39.328002,37.212042,37.183188,37.26975,38.27964
20129,34.644036,35.990556,40.991916,40.116678,39.328002,39.318384,39.81852,40.8765,39.491508,38.52009,41.40549,37.94301,38.750922,38.510472,39.28953,41.30931,41.241984,43.213674,39.222204,37.587144,39.328002,37.212042,37.183188,37.26975,38.27964
20131,34.644036,35.990556,40.991916,40.116678,39.328002,39.318384,39.81852,40.8765,39.491508,38.52009,41.40549,37.94301,38.750922,38.510472,39.28953,41.30931,41.241984,43.213674,39.222204,37.587144,39.328002,37.212042,37.183188,37.26975,38.27964
20133,34.644036,35.990556,40.991916,40.116678,39.328002,39.318384,39.81852,40.8765,39.491508,38.52009,41.40549,37.94301,38.750922,38.510472,39.28953,41.30931,41.241984,43.213674,39.222204,37.587144,39.328002,37.212042,37.183188,37.26975,38.27964
20135,34.644036,35.990556,40.991916,40.116678,39.328002,39.318384,39.81852,40.8765,39.491508,38.52009,41.40549,37.94301,38.750922,38.510472,39.28953,41.30931,41.241984,43.213674,39.222204,37.587144,39.328002,37.212042,37.183188,37.26975,38.27964
20137,34.644036,35.990556,40.991916,40.116678,39.328002,39.318384,39.81852,40.8765,39.491508,38.52009,41.40549,37.94301,38.750922,38.510472,39.28953,41.30931,41.241984,43.213674,39.222204,37.587144,39.328002,37.212042,37.183188,37.26975,38.27964
20139,34.644036,35.990556,40.991916,40.116678,39.328002,39.318384,39.81852,40.8765,39.491508,38.52009,41.40549,37.94301,38.750922,38.510472,39.28953,41.30931,41.241984,43.213674,39.222204,37.587144,39.328002,37.212042,37.183188,37.26975,38.27964
20141,34.644036,35.990556,40.991916,40.116678,39.328002,39.318384,39.81852,40.8765,39.491508,38.52009,41.40549,37.94301,38.750922,38.510472,39.28953,41.30931,41.241984,43.213674,39.222204,37.587144,39.328002,37.212042,37.183188,37.26975,38.27964
20143,34.644036,35.990556,40.991916,40.116678,39.328002,39.318384,39.81852,40.8765,39.491508,38.52009,41.40549,37.94301,38.750922,38.510472,39.28953,41.30931,41.241984,43.213674,39.222204,37.587144,39.328002,37.212042,37.183188,37.26975,38.27964
20145,34.644036,35.990556,40.991916,40.116678,39.328002,39.318384,39.81852,40.8765,39.491508,38.52009,41.40549,37.94301,38.750922,38.510472,39.28953,41.30931,41.241984,43.213674,39.222204,37.587144,39.328002,37.212042,37.183188,37.26975,38.27964
20147,34.644036,35.990556,40.991916,40.116678,39.328002,39.318384,39.81852,40.8765,39.491508,38.52009,41.40549,37.94301,38.750922,38.510472,39.28953,41.30931,41.241984,43.213674,39.222204,37.587144,39.328002,37.212042,37.183188,37.26975,38.27964
20149,34.644036,35.990556,40.991916,40.116678,39.328002,39.318384,39.81852,40.8765,39.491508,38.52009,41.40549,37.94301,38.750922,38.510472,39.28953,41.30931,41.241984,43.213674,39.222204,37.587144,39.328002,37.212042,37.183188,37.26975,38.27964
20151,34.644036,35.990556,40.991916,40.116678,39.328002,39.318384,39.81852,40.8765,39.491508,38.52009,41.40549,37.94301,38.750922,38.510472,39.28953,41.30931,41.241984,43.213674,39.222204,37.587144,39.328002,37.212042,37.183188,37.26975,38.27964
20153,34.644036,35.990556,40.991916,40.116678,39.328002,39.318384,39.81852,40.8765,39.491508,38.52009,41.40549,37.94301,38.750922,38.510472,39.28953,41.30931,41.241984,43.213674,39.222204,37.587144,39.328002,37.212042,37.183188,37.26975,38.27964
20155,34.644036,35.990556,40.991916,40.116678,39.328002,39.318384,39.81852,40.8765,39.491508,38.52009,41.40549,37.94301,38.750922,38.510472,39.28953,41.30931,41.241984,43.213674,39.222204,37.587144,39.328002,37.212042,37.183188,37.26975,38.27964
20157,34.644036,35.990556,40.991916,40.116678,39.328002,39.318384,39.81852,40.8765,39.491508,38.52009,41.40549,37.94301,38.750922,38.510472,39.28953,41.30931,41.241984,43.213674,39.222204,37.587144,39.328002,37.212042,37.183188,37.26975,38.27964
20159,34.644036,35.990556,40.991916,40.116678,39.328002,39.318384,39.81852,40.8765,39.491508,38.52009,41.40549,37.94301,38.750922,38.510472,39.28953,41.30931,41.241984,43.213674,39.222204,37.587144,39.328002,37.212042,37.183188,37.26975,38.27964
20161,34.644036,35.990556,40.991916,40.116678,39.328002,39.318384,39.81852,40.8765,39.491508,38.52009,41.40549,37.94301,38.750922,38.510472,39.28953,41.30931,41.241984,43.213674,39.222204,37.587144,39.328002,37.212042,37.183188,37.26975,38.27964
20163,34.644036,35.990556,40.991916,40.116678,39.328002,39.318384,39.81852,40.8765,39.491508,38.52009,41.40549,37.94301,38.750922,38.510472,39.28953,41.30931,41.241984,43.213674,39.222204,37.587144,39.328002,37.212042,37.183188,37.26975,38.27964
20165,34.644036,35.990556,40.991916,40.116678,39.328002,39.318384,39.81852,40.8765,39.491508,38.52009,41.40549,37.94301,38.750922,38.510472,39.28953,41.30931,41.241984,43.213674,39.222204,37.587144,39.328002,37.212042,37.183188,37.26975,38.27964
20167,34.644036,35.990556,40.991916,40.116678,39.328002,39.318384,39.81852,40.8765,39.491508,38.52009,41.40549,37.94301,38.750922,38.510472,39.28953,41.30931,41.241984,43.213674,39.222204,37.587144,39.328002,37.212042,37.183188,37.26975,38.27964
20169,34.644036,35.990556,40.991916,40.116678,39.328002,39.318384,39.81852,40.8765,39.491508,38.52009,41.40549,37.94301,38.750922,38.510472,39.28953,41.30931,41.241984,43.213674,39.222204,37.587144,39.328002,37.212042,37.183188,37.26975,38.27964
20171,34.644036,35.990556,40.991916,40.116678,39.328002,39.318384,39.81852,40.8765,39.491508,38.52009,41.40549,37.94301,38.750922,38.510472,39.28953,41.30931,41.241984,43.213674,39.222204,37.587144,39.328002,37.212042,37.183188,37.26975,38.27964
20173,34.644036,35.990556,40.991916,40.116678,39.328002,39.318384,39.81852,40.8765,39.491508,38.52009,41.40549,37.94301,38.750922,38.510472,39.28953,41.30931,41.241984,43.213674,39.222204,37.587144,39.328002,37.212042,37.183188,37.26975,38.27964
20175,34.644036,35.990556,40.991916,40.116678,39.328002,39.318384,39.81852,40.8765,39.491508,38.52009,41.40549,37.94301,38.750922,38.510472,39.28953,41.30931,41.241984,43.213674,39.222204,37.587144,39.328002,37.212042,37.183188,37.26975,38.27964
20177,34.644036,35.990556,40.991916,40.116678,39.328002,39.318384,39.81852,40.8765,39.491508,38.52009,41.40549,37.94301,38.750922,38.510472,39.28953,41.30931,41.241984,43.213674,39.222204,37.587144,39.328002,37.212042,37.183188,37.26975,38.27964
20179,34.644036,35.990556,40.991916,40.116678,39.328002,39.318384,39.81852,40.8765,39.491508,38.52009,41.40549,37.94301,38.750922,38.510472,39.28953,41.30931,41.241984,43.213674,39.222204,37.587144,39.328002,37.212042,37.183188,37.26975,38.27964
20181,34.644036,35.990556,40.991916,40.116678,39.328002,39.318384,39.81852,40.8765,39.491508,38.52009,41.40549,37.94301,38.750922,38.510472,39.28953,41.30931,41.241984,43.213674,39.222204,37.587144,39.328002,37.212042,37.183188,37.26975,38.27964
20183,34.644036,35.990556,40.991916,40.116678,39.328002,39.318384,39.81852,40.8765,39.491508,38.52009,41.40549,37.94301,38.750922,38.510472,39.28953,41.30931,41.241984,43.213674,39.222204,37.587144,39.328002,37.212042,37.183188,37.26975,38.27964
20185,34.644036,35.990556,40.991916,40.116678,39.328002,39.318384,39.81852,40.8765,39.491508,38.52009,41.40549,37.94301,38.750922,38.510472,39.28953,41.30931,41.241984,43.213674,39.222204,37.587144,39.328002,37.212042,37.183188,37.26975,38.27964
20187,34.644036,35.990556,40.991916,40.116678,39.328002,39.318384,39.81852,40.8765,39.491508,38.52009,41.40549,37.94301,38.750922,38.510472,39.28953,41.30931,41.241984,43.213674,39.222204,37.587144,39.328002,37.212042,37.183188,37.26975,38.27964
20189,34.644036,35.990556,40.991916,40.116678,39.328002,39.318384,39.81852,40.8765,39.491508,38.52009,41.40549,37.94301,38.750922,38.510472,39.28953,41.30931,41.241984,43.213674,39.222204,37.587144,39.328002,37.212042,37.183188,37.26975,38.27964
20191,34.644036,35.990556,40.991916,40.116678,39.328002,39.318384,39.81852,40.8765,39.491508,38.52009,41.40549,37.94301,38.750922,38.510472,39.28953,41.30931,41.241984,43.213674,39.222204,37.587144,39.328002,37.212042,37.183188,37.26975,38.27964
20193,34.644036,35.990556,40.991916,40.116678,39.328002,39.318384,39.81852,40.8765,39.491508,38.52009,41.40549,37.94301,38.750922,38.510472,39.28953,41.30931,41.241984,43.213674,39.222204,37.587144,39.328002,37.212042,37.183188,37.26975,38.27964
20195,34.644036,35.990556,40.991916,40.116678,39.328002,39.318384,39.81852,40.8765,39.491508,38.52009,41.40549,37.94301,38.750922,38.510472,39.28953,41.30931,41.241984,43.213674,39.222204,37.587144,39.328002,37.212042,37.183188,37.26975,38.27964
20197,34.644036,35.990556,40.991916,40.116678,39.328002,39.318384,39.81852,40.8765,39.491508,38.52009,41.40549,37.94301,38.750922,38.510472,39.28953,41.30931,41.241984,43.213674,39.222204,37.587144,39.328002,37.212042,37.183188,37.26975,38.27964
20199,34.644036,35.990556,40.991916,40.116678,39.328002,39.318384,39.81852,40.8765,39.491508,38.52009,41.40549,37.94301,38.750922,38.510472,39.28953,41.30931,41.241984,43.213674,39.222204,37.587144,39.328002,37.212042,37.183188,37.26975,38.27964
20201,34.644036,35.990556,40.991916,40.116678,39.328002,39.318384,39.81852,40.8765,39.491508,38.52009,41.40549,37.94301,38.750922,38.510472,39.28953,41.30931,41.241984,43.213674,39.222204,37.587144,39.328002,37.212042,37.183188,37.26975,38.27964
20203,34.644036,35.990556,40.991916,40.116678,39.328002,39.318384,39.81852,40.8765,39.491508,38.52009,41.40549,37.94301,38.750922,38.510472,39.28953,41.30931,41.241984,43.213674,39.222204,37.587144,39.328002,37.212042,37.183188,37.26975,38.27964
20205,34.644036,35.990556,40.991916,40.116678,39.328002,39.318384,39.81852,40.8765,39.491508,38.52009,41.40549,37.94301,38.750922,38.510472,39.28953,41.30931,41.241984,43.213674,39.222204,37.587144,39.328002,37.212042,37.183188,37.26975,38.27964
20207,34.644036,35.990556,40.991916,40.116678,39.328002,39.318384,39.81852,40.8765,39.491508,38.52009,41.40549,37.94301,38.750922,38.510472,39.28953,41.30931,41.241984,43.213674,39.222204,37.587144,39.328002,37.212042,37.183188,37.26975,38.27964
20209,34.644036,35.990556,40.991916,40.116678,39.328002,39.318384,39.81852,40.8765,39.491508,38.52009,41.40549,37.94301,38.750922,38.510472,39.28953,41.30931,41.241984,43.213674,39.222204,37.587144,39.328002,37.212042,37.183188,37.26975,38.27964
21001,34.644036,35.990556,40.991916,40.116678,39.328002,39.318384,39.81852,40.8765,39.491508,38.52009,41.40549,37.94301,38.750922,38.510472,39.28953,41.30931,41.241984,43.213674,39.222204,37.587144,39.328002,37.212042,37.183188,37.26975,38.27964
21003,34.644036,35.990556,40.991916,40.116678,39.328002,39.318384,39.81852,40.8765,39.491508,38.52009,41.40549,37.94301,38.750922,38.510472,39.28953,41.30931,41.241984,43.213674,39.222204,37.587144,39.328002,37.212042,37.183188,37.26975,38.27964
21005,34.644036,35.990556,40.991916,40.116678,39.328002,39.318384,39.81852,40.8765,39.491508,38.52009,41.40549,37.94301,38.750922,38.510472,39.28953,41.30931,41.241984,43.213674,39.222204,37.587144,39.328002,37.212042,37.183188,37.26975,38.27964
21007,34.644036,35.990556,40.991916,40.116678,39.328002,39.318384,39.81852,40.8765,39.491508,38.52009,41.40549,37.94301,38.750922,38.510472,39.28953,41.30931,41.241984,43.213674,39.222204,37.587144,39.328002,37.212042,37.183188,37.26975,38.27964
21009,34.644036,35.990556,40.991916,40.116678,39.328002,39.318384,39.81852,40.8765,39.491508,38.52009,41.40549,37.94301,38.750922,38.510472,39.28953,41.30931,41.241984,43.213674,39.222204,37.587144,39.328002,37.212042,37.183188,37.26975,38.27964
21011,34.644036,35.990556,40.991916,40.116678,39.328002,39.318384,39.81852,40.8765,39.491508,38.52009,41.40549,37.94301,38.750922,38.510472,39.28953,41.30931,41.241984,43.213674,39.222204,37.587144,39.328002,37.212042,37.183188,37.26975,38.27964
21013,34.644036,35.990556,40.991916,40.116678,39.328002,39.318384,39.81852,40.8765,39.491508,38.52009,41.40549,37.94301,38.750922,38.510472,39.28953,41.30931,41.241984,43.213674,39.222204,37.587144,39.328002,37.212042,37.183188,37.26975,38.27964
21015,34.644036,35.990556,40.991916,40.116678,39.328002,39.318384,39.81852,40.8765,39.491508,38.52009,41.40549,37.94301,38.750922,38.510472,39.28953,41.30931,41.241984,43.213674,39.222204,37.587144,39.328002,37.212042,37.183188,37.26975,38.27964
21017,34.644036,35.990556,40.991916,40.116678,39.328002,39.318384,39.81852,40.8765,39.491508,38.52009,41.40549,37.94301,38.750922,38.510472,39.28953,41.30931,41.241984,43.213674,39.222204,37.587144,39.328002,37.212042,37.183188,37.26975,38.27964
21019,34.644036,35.990556,40.991916,40.116678,39.328002,39.318384,39.81852,40.8765,39.491508,38.52009,41.40549,37.94301,38.750922,38.510472,39.28953,41.30931,41.241984,43.213674,39.222204,37.587144,39.328002,37.212042,37.183188,37.26975,38.27964
21021,34.644036,35.990556,40.991916,40.116678,39.328002,39.318384,39.81852,40.8765,39.491508,38.52009,41.40549,37.94301,38.750922,38.510472,39.28953,41.30931,41.241984,43.213674,39.222204,37.587144,39.328002,37.212042,37.183188,37.26975,38.27964
21023,34.644036,35.990556,40.991916,40.116678,39.328002,39.318384,39.81852,40.8765,39.491508,38.52009,41.40549,37.94301,38.750922,38.510472,39.28953,41.30931,41.241984,43.213674,39.222204,37.587144,39.328002,37.212042,37.183188,37.26975,38.27964
21025,34.644036,35.990556,40.991916,40.116678,39.328002,39.318384,39.81852,40.8765,39.491508,38.52009,41.40549,37.94301,38.750922,38.510472,39.28953,41.30931,41.241984,43.213674,39.222204,37.587144,39.328002,37.212042,37.183188,37.26975,38.27964
21027,34.644036,35.990556,40.991916,40.116678,39.328002,39.318384,39.81852,40.8765,39.491508,38.52009,41.40549,37.94301,38.750922,38.510472,39.28953,41.30931,41.241984,43.213674,39.222204,37.587144,39.328002,37.212042,37.183188,37.26975,38.27964
21029,34.644036,35.990556,40.991916,40.116678,39.328002,39.318384,39.81852,40.8765,39.491508,38.52009,41.40549,37.94301,38.750922,38.510472,39.28953,41.30931,41.241984,43.213674,39.222204,37.587144,39.328002,37.212042,37.183188,37.26975,38.27964
21031,34.644036,35.990556,40.991916,40.116678,39.328002,39.318384,39.81852,40.8765,39.491508,38.52009,41.40549,37.94301,38.750922,38.510472,39.28953,41.30931,41.241984,43.213674,39.222204,37.587144,39.328002,37.212042,37.183188,37.26975,38.27964
21033,34.644036,35.990556,40.991916,40.116678,39.328002,39.318384,39.81852,40.8765,39.491508,38.52009,41.40549,37.94301,38.750922,38.510472,39.28953,41.30931,41.241984,43.213674,39.222204,37.587144,39.328002,37.212042,37.183188,37.26975,38.27964
21035,34.644036,35.990556,40.991916,40.116678,39.328002,39.318384,39.81852,40.8765,39.491508,38.52009,41.40549,37.94301,38.750922,38.510472,39.28953,41.30931,41.241984,43.213674,39.222204,37.587144,39.328002,37.212042,37.183188,37.26975,38.27964
21037,34.644036,35.990556,40.991916,40.116678,39.328002,39.318384,39.81852,40.8765,39.491508,38.52009,41.40549,37.94301,38.750922,38.510472,39.28953,41.30931,41.241984,43.213674,39.222204,37.587144,39.328002,37.212042,37.183188,37.26975,38.27964
21039,34.644036,35.990556,40.991916,40.116678,39.328002,39.318384,39.81852,40.8765,39.491508,38.52009,41.40549,37.94301,38.750922,38.510472,39.28953,41.30931,41.241984,43.213674,39.222204,37.587144,39.328002,37.212042,37.183188,37.26975,38.27964
21041,34.644036,35.990556,40.991916,40.116678,39.328002,39.318384,39.81852,40.8765,39.491508,38.52009,41.40549,37.94301,38.750922,38.510472,39.28953,41.30931,41.241984,43.213674,39.222204,37.587144,39.328002,37.212042,37.183188,37.26975,38.27964
21043,34.644036,35.990556,40.991916,40.116678,39.328002,39.318384,39.81852,40.8765,39.491508,38.52009,41.40549,37.94301,38.750922,38.510472,39.28953,41.30931,41.241984,43.213674,39.222204,37.587144,39.328002,37.212042,37.183188,37.26975,38.27964
21045,34.644036,35.990556,40.991916,40.116678,39.328002,39.318384,39.81852,40.8765,39.491508,38.52009,41.40549,37.94301,38.750922,38.510472,39.28953,41.30931,41.241984,43.213674,39.222204,37.587144,39.328002,37.212042,37.183188,37.26975,38.27964
21047,34.644036,35.990556,40.991916,40.116678,39.328002,39.318384,39.81852,40.8765,39.491508,38.52009,41.40549,37.94301,38.750922,38.510472,39.28953,41.30931,41.241984,43.213674,39.222204,37.587144,39.328002,37.212042,37.183188,37.26975,38.27964
21049,34.644036,35.990556,40.991916,40.116678,39.328002,39.318384,39.81852,40.8765,39.491508,38.52009,41.40549,37.94301,38.750922,38.510472,39.28953,41.30931,41.241984,43.213674,39.222204,37.587144,39.328002,37.212042,37.183188,37.26975,38.27964
21051,34.644036,35.990556,40.991916,40.116678,39.328002,39.318384,39.81852,40.8765,39.491508,38.52009,41.40549,37.94301,38.750922,38.510472,39.28953,41.30931,41.241984,43.213674,39.222204,37.587144,39.328002,37.212042,37.183188,37.26975,38.27964
21053,34.644036,35.990556,40.991916,40.116678,39.328002,39.318384,39.81852,40.8765,39.491508,38.52009,41.40549,37.94301,38.750922,38.510472,39.28953,41.30931,41.241984,43.213674,39.222204,37.587144,39.328002,37.212042,37.183188,37.26975,38.27964
21055,34.644036,35.990556,40.991916,40.116678,39.328002,39.318384,39.81852,40.8765,39.491508,38.52009,41.40549,37.94301,38.750922,38.510472,39.28953,41.30931,41.241984,43.213674,39.222204,37.587144,39.328002,37.212042,37.183188,37.26975,38.27964
21057,34.644036,35.990556,40.991916,40.116678,39.328002,39.318384,39.81852,40.8765,39.491508,38.52009,41.40549,37.94301,38.750922,38.510472,39.28953,41.30931,41.241984,43.213674,39.222204,37.587144,39.328002,37.212042,37.183188,37.26975,38.27964
21059,34.644036,35.990556,40.991916,40.116678,39.328002,39.318384,39.81852,40.8765,39.491508,38.52009,41.40549,37.94301,38.750922,38.510472,39.28953,41.30931,41.241984,43.213674,39.222204,37.587144,39.328002,37.212042,37.183188,37.26975,38.27964
21061,34.644036,35.990556,40.991916,40.116678,39.328002,39.318384,39.81852,40.8765,39.491508,38.52009,41.40549,37.94301,38.750922,38.510472,39.28953,41.30931,41.241984,43.213674,39.222204,37.587144,39.328002,37.212042,37.183188,37.26975,38.27964
21063,34.644036,35.990556,40.991916,40.116678,39.328002,39.318384,39.81852,40.8765,39.491508,38.52009,41.40549,37.94301,38.750922,38.510472,39.28953,41.30931,41.241984,43.213674,39.222204,37.587144,39.328002,37.212042,37.183188,37.26975,38.27964
21065,34.644036,35.990556,40.991916,40.116678,39.328002,39.318384,39.81852,40.8765,39.491508,38.52009,41.40549,37.94301,38.750922,38.510472,39.28953,41.30931,41.241984,43.213674,39.222204,37.587144,39.328002,37.212042,37.183188,37.26975,38.27964
21067,34.644036,35.990556,40.991916,40.116678,39.328002,39.318384,39.81852,40.8765,39.491508,38.52009,41.40549,37.94301,38.750922,38.510472,39.28953,41.30931,41.241984,43.213674,39.222204,37.587144,39.328002,37.212042,37.183188,37.26975,38.27964
21069,34.644036,35.990556,40.991916,40.116678,39.328002,39.318384,39.81852,40.8765,39.491508,38.52009,41.40549,37.94301,38.750922,38.510472,39.28953,41.30931,41.241984,43.213674,39.222204,37.587144,39.328002,37.212042,37.183188,37.26975,38.27964
21071,34.644036,35.990556,40.991916,40.116678,39.328002,39.318384,39.81852,40.8765,39.491508,38.52009,41.40549,37.94301,38.750922,38.510472,39.28953,41.30931,41.241984,43.213674,39.222204,37.587144,39.328002,37.212042,37.183188,37.26975,38.27964
21073,34.644036,35.990556,40.991916,40.116678,39.328002,39.318384,39.81852,40.8765,39.491508,38.52009,41.40549,37.94301,38.750922,38.510472,39.28953,41.30931,41.241984,43.213674,39.222204,37.587144,39.328002,37.212042,37.183188,37.26975,38.27964
21075,34.644036,35.990556,40.991916,40.116678,39.328002,39.318384,39.81852,40.8765,39.491508,38.52009,41.40549,37.94301,38.750922,38.510472,39.28953,41.30931,41.241984,43.213674,39.222204,37.587144,39.328002,37.212042,37.183188,37.26975,38.27964
21077,34.644036,35.990556,40.991916,40.116678,39.328002,39.318384,39.81852,40.8765,39.491508,38.52009,41.40549,37.94301,38.750922,38.510472,39.28953,41.30931,41.241984,43.213674,39.222204,37.587144,39.328002,37.212042,37.183188,37.26975,38.27964
21079,34.644036,35.990556,40.991916,40.116678,39.328002,39.318384,39.81852,40.8765,39.491508,38.52009,41.40549,37.94301,38.750922,38.510472,39.28953,41.30931,41.241984,43.213674,39.222204,37.587144,39.328002,37.212042,37.183188,37.26975,38.27964
21081,34.644036,35.990556,40.991916,40.116678,39.328002,39.318384,39.81852,40.8765,39.491508,38.52009,41.40549,37.94301,38.750922,38.510472,39.28953,41.30931,41.241984,43.213674,39.222204,37.587144,39.328002,37.212042,37.183188,37.26975,38.27964
21083,34.644036,35.990556,40.991916,40.116678,39.328002,39.318384,39.81852,40.8765,39.491508,38.52009,41.40549,37.94301,38.750922,38.510472,39.28953,41.30931,41.241984,43.213674,39.222204,37.587144,39.328002,37.212042,37.183188,37.26975,38.27964
21085,34.644036,35.990556,40.991916,40.116678,39.328002,39.318384,39.81852,40.8765,39.491508,38.52009,41.40549,37.94301,38.750922,38.510472,39.28953,41.30931,41.241984,43.213674,39.222204,37.587144,39.328002,37.212042,37.183188,37.26975,38.27964
21087,34.644036,35.990556,40.991916,40.116678,39.328002,39.318384,39.81852,40.8765,39.491508,38.52009,41.40549,37.94301,38.750922,38.510472,39.28953,41.30931,41.241984,43.213674,39.222204,37.587144,39.328002,37.212042,37.183188,37.26975,38.27964
21089,34.644036,35.990556,40.991916,40.116678,39.328002,39.318384,39.81852,40.8765,39.491508,38.52009,41.40549,37.94301,38.750922,38.510472,39.28953,41.30931,41.241984,43.213674,39.222204,37.587144,39.328002,37.212042,37.183188,37.26975,38.27964
21091,34.644036,35.990556,40.991916,40.116678,39.328002,39.318384,39.81852,40.8765,39.491508,38.52009,41.40549,37.94301,38.750922,38.510472,39.28953,41.30931,41.241984,43.213674,39.222204,37.587144,39.328002,37.212042,37.183188,37.26975,38.27964
21093,34.644036,35.990556,40.991916,40.116678,39.328002,39.318384,39.81852,40.8765,39.491508,38.52009,41.40549,37.94301,38.750922,38.510472,39.28953,41.30931,41.241984,43.213674,39.222204,37.587144,39.328002,37.212042,37.183188,37.26975,38.27964
21095,34.644036,35.990556,40.991916,40.116678,39.328002,39.318384,39.81852,40.8765,39.491508,38.52009,41.40549,37.94301,38.750922,38.510472,39.28953,41.30931,41.241984,43.213674,39.222204,37.587144,39.328002,37.212042,37.183188,37.26975,38.27964
21097,34.644036,35.990556,40.991916,40.116678,39.328002,39.318384,39.81852,40.8765,39.491508,38.52009,41.40549,37.94301,38.750922,38.510472,39.28953,41.30931,41.241984,43.213674,39.222204,37.587144,39.328002,37.212042,37.183188,37.26975,38.27964
21099,34.644036,35.990556,40.991916,40.116678,39.328002,39.318384,39.81852,40.8765,39.491508,38.52009,41.40549,37.94301,38.750922,38.510472,39.28953,41.30931,41.241984,43.213674,39.222204,37.587144,39.328002,37.212042,37.183188,37.26975,38.27964
21101,34.644036,35.990556,40.991916,40.116678,39.328002,39.318384,39.81852,40.8765,39.491508,38.52009,41.40549,37.94301,38.750922,38.510472,39.28953,41.30931,41.241984,43.213674,39.222204,37.587144,39.328002,37.212042,37.183188,37.26975,38.27964
21103,34.644036,35.990556,40.991916,40.116678,39.328002,39.318384,39.81852,40.8765,39.491508,38.52009,41.40549,37.94301,38.750922,38.510472,39.28953,41.30931,41.241984,43.213674,39.222204,37.587144,39.328002,37.212042,37.183188,37.26975,38.27964
21105,34.644036,35.990556,40.991916,40.116678,39.328002,39.318384,39.81852,40.8765,39.491508,38.52009,41.40549,37.94301,38.750922,38.510472,39.28953,41.30931,41.241984,43.213674,39.222204,37.587144,39.328002,37.212042,37.183188,37.26975,38.27964
21107,34.644036,35.990556,40.991916,40.116678,39.328002,39.318384,39.81852,40.8765,39.491508,38.52009,41.40549,37.94301,38.750922,38.510472,39.28953,41.30931,41.241984,43.213674,39.222204,37.587144,39.328002,37.212042,37.183188,37.26975,38.27964
21109,34.644036,35.990556,40.991916,40.116678,39.328002,39.318384,39.81852,40.8765,39.491508,38.52009,41.40549,37.94301,38.750922,38.510472,39.28953,41.30931,41.241984,43.213674,39.222204,37.587144,39.328002,37.212042,37.183188,37.26975,38.27964
21111,34.644036,35.990556,40.991916,40.116678,39.328002,39.318384,39.81852,40.8765,39.491508,38.52009,41.40549,37.94301,38.750922,38.510472,39.28953,41.30931,41.241984,43.213674,39.222204,37.587144,39.328002,37.212042,37.183188,37.26975,38.27964
21113,34.644036,35.990556,40.991916,40.116678,39.328002,39.318384,39.81852,40.8765,39.491508,38.52009,41.40549,37.94301,38.750922,38.510472,39.28953,41.30931,41.241984,43.213674,39.222204,37.587144,39.328002,37.212042,37.183188,37.26975,38.27964
21115,34.644036,35.990556,40.991916,40.116678,39.328002,39.318384,39.81852,40.8765,39.491508,38.52009,41.40549,37.94301,38.750922,38.510472,39.28953,41.30931,41.241984,43.213674,39.222204,37.587144,39.328002,37.212042,37.183188,37.26975,38.27964
21117,34.644036,35.990556,40.991916,40.116678,39.328002,39.318384,39.81852,40.8765,39.491508,38.52009,41.40549,37.94301,38.750922,38.510472,39.28953,41.30931,41.241984,43.213674,39.222204,37.587144,39.328002,37.212042,37.183188,37.26975,38.27964
21119,34.644036,35.990556,40.991916,40.116678,39.328002,39.318384,39.81852,40.8765,39.491508,38.52009,41.40549,37.94301,38.750922,38.510472,39.28953,41.30931,41.241984,43.213674,39.222204,37.587144,39.328002,37.212042,37.183188,37.26975,38.27964
21121,34.644036,35.990556,40.991916,40.116678,39.328002,39.318384,39.81852,40.8765,39.491508,38.52009,41.40549,37.94301,38.750922,38.510472,39.28953,41.30931,41.241984,43.213674,39.222204,37.587144,39.328002,37.212042,37.183188,37.26975,38.27964
21123,34.644036,35.990556,40.991916,40.116678,39.328002,39.318384,39.81852,40.8765,39.491508,38.52009,41.40549,37.94301,38.750922,38.510472,39.28953,41.30931,41.241984,43.213674,39.222204,37.587144,39.328002,37.212042,37.183188,37.26975,38.27964
21125,34.644036,35.990556,40.991916,40.116678,39.328002,39.318384,39.81852,40.8765,39.491508,38.52009,41.40549,37.94301,38.750922,38.510472,39.28953,41.30931,41.241984,43.213674,39.222204,37.587144,39.328002,37.212042,37.183188,37.26975,38.27964
21127,34.644036,35.990556,40.991916,40.116678,39.328002,39.318384,39.81852,40.8765,39.491508,38.52009,41.40549,37.94301,38.750922,38.510472,39.28953,41.30931,41.241984,43.213674,39.222204,37.587144,39.328002,37.212042,37.183188,37.26975,38.27964
21129,34.644036,35.990556,40.991916,40.116678,39.328002,39.318384,39.81852,40.8765,39.491508,38.52009,41.40549,37.94301,38.750922,38.510472,39.28953,41.30931,41.241984,43.213674,39.222204,37.587144,39.328002,37.212042,37.183188,37.26975,38.27964
21131,34.644036,35.990556,40.991916,40.116678,39.328002,39.318384,39.81852,40.8765,39.491508,38.52009,41.40549,37.94301,38.750922,38.510472,39.28953,41.30931,41.241984,43.213674,39.222204,37.587144,39.328002,37.212042,37.183188,37.26975,38.27964
21133,34.644036,35.990556,40.991916,40.116678,39.328002,39.318384,39.81852,40.8765,39.491508,38.52009,41.40549,37.94301,38.750922,38.510472,39.28953,41.30931,41.241984,43.213674,39.222204,37.587144,39.328002,37.212042,37.183188,37.26975,38.27964
21135,34.644036,35.990556,40.991916,40.116678,39.328002,39.318384,39.81852,40.8765,39.491508,38.52009,41.40549,37.94301,38.750922,38.510472,39.28953,41.30931,41.241984,43.213674,39.222204,37.587144,39.328002,37.212042,37.183188,37.26975,38.27964
21137,34.644036,35.990556,40.991916,40.116678,39.328002,39.318384,39.81852,40.8765,39.491508,38.52009,41.40549,37.94301,38.750922,38.510472,39.28953,41.30931,41.241984,43.213674,39.222204,37.587144,39.328002,37.212042,37.183188,37.26975,38.27964
21139,34.644036,35.990556,40.991916,40.116678,39.328002,39.318384,39.81852,40.8765,39.491508,38.52009,41.40549,37.94301,38.750922,38.510472,39.28953,41.30931,41.241984,43.213674,39.222204,37.587144,39.328002,37.212042,37.183188,37.26975,38.27964
21141,34.644036,35.990556,40.991916,40.116678,39.328002,39.318384,39.81852,40.8765,39.491508,38.52009,41.40549,37.94301,38.750922,38.510472,39.28953,41.30931,41.241984,43.213674,39.222204,37.587144,39.328002,37.212042,37.183188,37.26975,38.27964
21143,34.644036,35.990556,40.991916,40.116678,39.328002,39.318384,39.81852,40.8765,39.491508,38.52009,41.40549,37.94301,38.750922,38.510472,39.28953,41.30931,41.241984,43.213674,39.222204,37.587144,39.328002,37.212042,37.183188,37.26975,38.27964
21145,34.644036,35.990556,40.991916,40.116678,39.328002,39.318384,39.81852,40.8765,39.491508,38.52009,41.40549,37.94301,38.750922,38.510472,39.28953,41.30931,41.241984,43.213674,39.222204,37.587144,39.328002,37.212042,37.183188,37.26975,38.27964
21147,34.644036,35.990556,40.991916,40.116678,39.328002,39.318384,39.81852,40.8765,39.491508,38.52009,41.40549,37.94301,38.750922,38.510472,39.28953,41.30931,41.241984,43.213674,39.222204,37.587144,39.328002,37.212042,37.183188,37.26975,38.27964
21149,34.644036,35.990556,40.991916,40.116678,39.328002,39.318384,39.81852,40.8765,39.491508,38.52009,41.40549,37.94301,38.750922,38.510472,39.28953,41.30931,41.241984,43.213674,39.222204,37.587144,39.328002,37.212042,37.183188,37.26975,38.27964
21151,34.644036,35.990556,40.991916,40.116678,39.328002,39.318384,39.81852,40.8765,39.491508,38.52009,41.40549,37.94301,38.750922,38.510472,39.28953,41.30931,41.241984,43.213674,39.222204,37.587144,39.328002,37.212042,37.183188,37.26975,38.27964
21153,34.644036,35.990556,40.991916,40.116678,39.328002,39.318384,39.81852,40.8765,39.491508,38.52009,41.40549,37.94301,38.750922,38.510472,39.28953,41.30931,41.241984,43.213674,39.222204,37.587144,39.328002,37.212042,37.183188,37.26975,38.27964
21155,34.644036,35.990556,40.991916,40.116678,39.328002,39.318384,39.81852,40.8765,39.491508,38.52009,41.40549,37.94301,38.750922,38.510472,39.28953,41.30931,41.241984,43.213674,39.222204,37.587144,39.328002,37.212042,37.183188,37.26975,38.27964
21157,34.644036,35.990556,40.991916,40.116678,39.328002,39.318384,39.81852,40.8765,39.491508,38.52009,41.40549,37.94301,38.750922,38.510472,39.28953,41.30931,41.241984,43.213674,39.222204,37.587144,39.328002,37.212042,37.183188,37.26975,38.27964
21159,34.644036,35.990556,40.991916,40.116678,39.328002,39.318384,39.81852,40.8765,39.491508,38.52009,41.40549,37.94301,38.750922,38.510472,39.28953,41.30931,41.241984,43.213674,39.222204,37.587144,39.328002,37.212042,37.183188,37.26975,38.27964
21161,34.644036,35.990556,40.991916,40.116678,39.328002,39.318384,39.81852,40.8765,39.491508,38.52009,41.40549,37.94301,38.750922,38.510472,39.28953,41.30931,41.241984,43.213674,39.222204,37.587144,39.328002,37.212042,37.183188,37.26975,38.27964
21163,34.644036,35.990556,40.991916,40.116678,39.328002,39.318384,39.81852,40.8765,39.491508,38.52009,41.40549,37.94301,38.750922,38.510472,39.28953,41.30931,41.241984,43.213674,39.222204,37.587144,39.328002,37.212042,37.183188,37.26975,38.27964
21165,34.644036,35.990556,40.991916,40.116678,39.328002,39.318384,39.81852,40.8765,39.491508,38.52009,41.40549,37.94301,38.750922,38.510472,39.28953,41.30931,41.241984,43.213674,39.222204,37.587144,39.328002,37.212042,37.183188,37.26975,38.27964
21167,34.644036,35.990556,40.991916,40.116678,39.328002,39.318384,39.81852,40.8765,39.491508,38.52009,41.40549,37.94301,38.750922,38.510472,39.28953,41.30931,41.241984,43.213674,39.222204,37.587144,39.328002,37.212042,37.183188,37.26975,38.27964
21169,34.644036,35.990556,40.991916,40.116678,39.328002,39.318384,39.81852,40.8765,39.491508,38.52009,41.40549,37.94301,38.750922,38.510472,39.28953,41.30931,41.241984,43.213674,39.222204,37.587144,39.328002,37.212042,37.183188,37.26975,38.27964
21171,34.644036,35.990556,40.991916,40.116678,39.328002,39.318384,39.81852,40.8765,39.491508,38.52009,41.40549,37.94301,38.750922,38.510472,39.28953,41.30931,41.241984,43.213674,39.222204,37.587144,39.328002,37.212042,37.183188,37.26975,38.27964
21173,34.644036,35.990556,40.991916,40.116678,39.328002,39.318384,39.81852,40.8765,39.491508,38.52009,41.40549,37.94301,38.750922,38.510472,39.28953,41.30931,41.241984,43.213674,39.222204,37.587144,39.328002,37.212042,37.183188,37.26975,38.27964
21175,34.644036,35.990556,40.991916,40.116678,39.328002,39.318384,39.81852,40.8765,39.491508,38.52009,41.40549,37.94301,38.750922,38.510472,39.28953,41.30931,41.241984,43.213674,39.222204,37.587144,39.328002,37.212042,37.183188,37.26975,38.27964
21177,34.644036,35.990556,40.991916,40.116678,39.328002,39.318384,39.81852,40.8765,39.491508,38.52009,41.40549,37.94301,38.750922,38.510472,39.28953,41.30931,41.241984,43.213674,39.222204,37.587144,39.328002,37.212042,37.183188,37.26975,38.27964
21179,34.644036,35.990556,40.991916,40.116678,39.328002,39.318384,39.81852,40.8765,39.491508,38.52009,41.40549,37.94301,38.750922,38.510472,39.28953,41.30931,41.241984,43.213674,39.222204,37.587144,39.328002,37.212042,37.183188,37.26975,38.27964
21181,34.644036,35.990556,40.991916,40.116678,39.328002,39.318384,39.81852,40.8765,39.491508,38.52009,41.40549,37.94301,38.750922,38.510472,39.28953,41.30931,41.241984,43.213674,39.222204,37.587144,39.328002,37.212042,37.183188,37.26975,38.27964
21183,34.644036,35.990556,40.991916,40.116678,39.328002,39.318384,39.81852,40.8765,39.491508,38.52009,41.40549,37.94301,38.750922,38.510472,39.28953,41.30931,41.241984,43.213674,39.222204,37.587144,39.328002,37.212042,37.183188,37.26975,38.27964
21185,34.644036,35.990556,40.991916,40.116678,39.328002,39.318384,39.81852,40.8765,39.491508,38.52009,41.40549,37.94301,38.750922,38.510472,39.28953,41.30931,41.241984,43.213674,39.222204,37.587144,39.328002,37.212042,37.183188,37.26975,38.27964
21187,34.644036,35.990556,40.991916,40.116678,39.328002,39.318384,39.81852,40.8765,39.491508,38.52009,41.40549,37.94301,38.750922,38.510472,39.28953,41.30931,41.241984,43.213674,39.222204,37.587144,39.328002,37.212042,37.183188,37.26975,38.27964
21189,34.644036,35.990556,40.991916,40.116678,39.328002,39.318384,39.81852,40.8765,39.491508,38.52009,41.40549,37.94301,38.750922,38.510472,39.28953,41.30931,41.241984,43.213674,39.222204,37.587144,39.328002,37.212042,37.183188,37.26975,38.27964
21191,34.644036,35.990556,40.991916,40.116678,39.328002,39.318384,39.81852,40.8765,39.491508,38.52009,41.40549,37.94301,38.750922,38.510472,39.28953,41.30931,41.241984,43.213674,39.222204,37.587144,39.328002,37.212042,37.183188,37.26975,38.27964
21193,34.644036,35.990556,40.991916,40.116678,39.328002,39.318384,39.81852,40.8765,39.491508,38.52009,41.40549,37.94301,38.750922,38.510472,39.28953,41.30931,41.241984,43.213674,39.222204,37.587144,39.328002,37.212042,37.183188,37.26975,38.27964
21195,34.644036,35.990556,40.991916,40.116678,39.328002,39.318384,39.81852,40.8765,39.491508,38.52009,41.40549,37.94301,38.750922,38.510472,39.28953,41.30931,41.241984,43.213674,39.222204,37.587144,39.328002,37.212042,37.183188,37.26975,38.27964
21197,34.644036,35.990556,40.991916,40.116678,39.328002,39.318384,39.81852,40.8765,39.491508,38.52009,41.40549,37.94301,38.750922,38.510472,39.28953,41.30931,41.241984,43.213674,39.222204,37.587144,39.328002,37.212042,37.183188,37.26975,38.27964
21199,34.644036,35.990556,40.991916,40.116678,39.328002,39.318384,39.81852,40.8765,39.491508,38.52009,41.40549,37.94301,38.750922,38.510472,39.28953,41.30931,41.241984,43.213674,39.222204,37.587144,39.328002,37.212042,37.183188,37.26975,38.27964
21201,34.644036,35.990556,40.991916,40.116678,39.328002,39.318384,39.81852,40.8765,39.491508,38.52009,41.40549,37.94301,38.750922,38.510472,39.28953,41.30931,41.241984,43.213674,39.222204,37.587144,39.328002,37.212042,37.183188,37.26975,38.27964
21203,34.644036,35.990556,40.991916,40.116678,39.328002,39.318384,39.81852,40.8765,39.491508,38.52009,41.40549,37.94301,38.750922,38.510472,39.28953,41.30931,41.241984,43.213674,39.222204,37.587144,39.328002,37.212042,37.183188,37.26975,38.27964
21205,34.644036,35.990556,40.991916,40.116678,39.328002,39.318384,39.81852,40.8765,39.491508,38.52009,41.40549,37.94301,38.750922,38.510472,39.28953,41.30931,41.241984,43.213674,39.222204,37.587144,39.328002,37.212042,37.183188,37.26975,38.27964
21207,34.644036,35.990556,40.991916,40.116678,39.328002,39.318384,39.81852,40.8765,39.491508,38.52009,41.40549,37.94301,38.750922,38.510472,39.28953,41.30931,41.241984,43.213674,39.222204,37.587144,39.328002,37.212042,37.183188,37.26975,38.27964
21209,34.644036,35.990556,40.991916,40.116678,39.328002,39.318384,39.81852,40.8765,39.491508,38.52009,41.40549,37.94301,38.750922,38.510472,39.28953,41.30931,41.241984,43.213674,39.222204,37.587144,39.328002,37.212042,37.183188,37.26975,38.27964
21211,34.644036,35.990556,40.991916,40.116678,39.328002,39.318384,39.81852,40.8765,39.491508,38.52009,41.40549,37.94301,38.750922,38.510472,39.28953,41.30931,41.241984,43.213674,39.222204,37.587144,39.328002,37.212042,37.183188,37.26975,38.27964
21213,34.644036,35.990556,40.991916,40.116678,39.328002,39.318384,39.81852,40.8765,39.491508,38.52009,41.40549,37.94301,38.750922,38.510472,39.28953,41.30931,41.241984,43.213674,39.222204,37.587144,39.328002,37.212042,37.183188,37.26975,38.27964
21215,34.644036,35.990556,40.991916,40.116678,39.328002,39.318384,39.81852,40.8765,39.491508,38.52009,41.40549,37.94301,38.750922,38.510472,39.28953,41.30931,41.241984,43.213674,39.222204,37.587144,39.328002,37.212042,37.183188,37.26975,38.27964
21217,34.644036,35.990556,40.991916,40.116678,39.328002,39.318384,39.81852,40.8765,39.491508,38.52009,41.40549,37.94301,38.750922,38.510472,39.28953,41.30931,41.241984,43.213674,39.222204,37.587144,39.328002,37.212042,37.183188,37.26975,38.27964
21219,34.644036,35.990556,40.991916,40.116678,39.328002,39.318384,39.81852,40.8765,39.491508,38.52009,41.40549,37.94301,38.750922,38.510472,39.28953,41.30931,41.241984,43.213674,39.222204,37.587144,39.328002,37.212042,37.183188,37.26975,38.27964
21221,34.644036,35.990556,40.991916,40.116678,39.328002,39.318384,39.81852,40.8765,39.491508,38.52009,41.40549,37.94301,38.750922,38.510472,39.28953,41.30931,41.241984,43.213674,39.222204,37.587144,39.328002,37.212042,37.183188,37.26975,38.27964
21223,34.644036,35.990556,40.991916,40.116678,39.328002,39.318384,39.81852,40.8765,39.491508,38.52009,41.40549,37.94301,38.750922,38.510472,39.28953,41.30931,41.241984,43.213674,39.222204,37.587144,39.328002,37.212042,37.183188,37.26975,38.27964
21225,34.644036,35.990556,40.991916,40.116678,39.328002,39.318384,39.81852,40.8765,39.491508,38.52009,41.40549,37.94301,38.750922,38.510472,39.28953,41.30931,41.241984,43.213674,39.222204,37.587144,39.328002,37.212042,37.183188,37.26975,38.27964
21227,34.644036,35.990556,40.991916,40.116678,39.328002,39.318384,39.81852,40.8765,39.491508,38.52009,41.40549,37.94301,38.750922,38.510472,39.28953,41.30931,41.241984,43.213674,39.222204,37.587144,39.328002,37.212042,37.183188,37.26975,38.27964
21229,34.644036,35.990556,40.991916,40.116678,39.328002,39.318384,39.81852,40.8765,39.491508,38.52009,41.40549,37.94301,38.750922,38.510472,39.28953,41.30931,41.241984,43.213674,39.222204,37.587144,39.328002,37.212042,37.183188,37.26975,38.27964
21231,34.644036,35.990556,40.991916,40.116678,39.328002,39.318384,39.81852,40.8765,39.491508,38.52009,41.40549,37.94301,38.750922,38.510472,39.28953,41.30931,41.241984,43.213674,39.222204,37.587144,39.328002,37.212042,37.183188,37.26975,38.27964
21233,34.644036,35.990556,40.991916,40.116678,39.328002,39.318384,39.81852,40.8765,39.491508,38.52009,41.40549,37.94301,38.750922,38.510472,39.28953,41.30931,41.241984,43.213674,39.222204,37.587144,39.328002,37.212042,37.183188,37.26975,38.27964
21235,34.644036,35.990556,40.991916,40.116678,39.328002,39.318384,39.81852,40.8765,39.491508,38.52009,41.40549,37.94301,38.750922,38.510472,39.28953,41.30931,41.241984,43.213674,39.222204,37.587144,39.328002,37.212042,37.183188,37.26975,38.27964
21237,34.644036,35.990556,40.991916,40.116678,39.328002,39.318384,39.81852,40.8765,39.491508,38.52009,41.40549,37.94301,38.750922,38.510472,39.28953,41.30931,41.241984,43.213674,39.222204,37.587144,39.328002,37.212042,37.183188,37.26975,38.27964
21239,34.644036,35.990556,40.991916,40.116678,39.328002,39.318384,39.81852,40.8765,39.491508,38.52009,41.40549,37.94301,38.750922,38.510472,39.28953,41.30931,41.241984,43.213674,39.222204,37.587144,39.328002,37.212042,37.183188,37.26975,38.27964
22001,34.644036,35.990556,40.991916,40.116678,39.328002,39.318384,39.81852,40.8765,39.491508,38.52009,41.40549,37.94301,38.750922,38.510472,39.28953,41.30931,41.241984,43.213674,39.222204,37.587144,39.328002,37.212042,37.183188,37.26975,38.27964
22003,34.644036,35.990556,40.991916,40.116678,39.328002,39.318384,39.81852,40.8765,39.491508,38.52009,41.40549,37.94301,38.750922,38.510472,39.28953,41.30931,41.241984,43.213674,39.222204,37.587144,39.328002,37.212042,37.183188,37.26975,38.27964
22005,34.644036,35.990556,40.991916,40.116678,39.328002,39.318384,39.81852,40.8765,39.491508,38.52009,41.40549,37.94301,38.750922,38.510472,39.28953,41.30931,41.241984,43.213674,39.222204,37.587144,39.328002,37.212042,37.183188,37.26975,38.27964
22007,34.644036,35.990556,40.991916,40.116678,39.328002,39.318384,39.81852,40.8765,39.491508,38.52009,41.40549,37.94301,38.750922,38.510472,39.28953,41.30931,41.241984,43.213674,39.222204,37.587144,39.328002,37.212042,37.183188,37.26975,38.27964
22009,34.644036,35.990556,40.991916,40.116678,39.328002,39.318384,39.81852,40.8765,39.491508,38.52009,41.40549,37.94301,38.750922,38.510472,39.28953,41.30931,41.241984,43.213674,39.222204,37.587144,39.328002,37.212042,37.183188,37.26975,38.27964
22011,34.644036,35.990556,40.991916,40.116678,39.328002,39.318384,39.81852,40.8765,39.491508,38.52009,41.40549,37.94301,38.750922,38.510472,39.28953,41.30931,41.241984,43.213674,39.222204,37.587144,39.328002,37.212042,37.183188,37.26975,38.27964
22013,34.644036,35.990556,40.991916,40.116678,39.328002,39.318384,39.81852,40.8765,39.491508,38.52009,41.40549,37.94301,38.750922,38.510472,39.28953,41.30931,41.241984,43.213674,39.222204,37.587144,39.328002,37.212042,37.183188,37.26975,38.27964
22015,34.644036,35.990556,40.991916,40.116678,39.328002,39.318384,39.81852,40.8765,39.491508,38.52009,41.40549,37.94301,38.750922,38.510472,39.28953,41.30931,41.241984,43.213674,39.222204,37.587144,39.328002,37.212042,37.183188,37.26975,38.27964
22017,34.644036,35.990556,40.991916,40.116678,39.328002,39.318384,39.81852,40.8765,39.491508,38.52009,41.40549,37.94301,38.750922,38.510472,39.28953,41.30931,41.241984,43.213674,39.222204,37.587144,39.328002,37.212042,37.183188,37.26975,38.27964
22019,34.644036,35.990556,40.991916,40.116678,39.328002,39.318384,39.81852,40.8765,39.491508,38.52009,41.40549,37.94301,38.750922,38.510472,39.28953,41.30931,41.241984,43.213674,39.222204,37.587144,39.328002,37.212042,37.183188,37.26975,38.27964
22021,34.644036,35.990556,40.991916,40.116678,39.328002,39.318384,39.81852,40.8765,39.491508,38.52009,41.40549,37.94301,38.750922,38.510472,39.28953,41.30931,41.241984,43.213674,39.222204,37.587144,39.328002,37.212042,37.183188,37.26975,38.27964
22023,34.644036,35.990556,40.991916,40.116678,39.328002,39.318384,39.81852,40.8765,39.491508,38.52009,41.40549,37.94301,38.750922,38.510472,39.28953,41.30931,41.241984,43.213674,39.222204,37.587144,39.328002,37.212042,37.183188,37.26975,38.27964
22025,34.644036,35.990556,40.991916,40.116678,39.328002,39.318384,39.81852,40.8765,39.491508,38.52009,41.40549,37.94301,38.750922,38.510472,39.28953,41.30931,41.241984,43.213674,39.222204,37.587144,39.328002,37.212042,37.183188,37.26975,38.27964
22027,34.644036,35.990556,40.991916,40.116678,39.328002,39.318384,39.81852,40.8765,39.491508,38.52009,41.40549,37.94301,38.750922,38.510472,39.28953,41.30931,41.241984,43.213674,39.222204,37.587144,39.328002,37.212042,37.183188,37.26975,38.27964
22029,34.644036,35.990556,40.991916,40.116678,39.328002,39.318384,39.81852,40.8765,39.491508,38.52009,41.40549,37.94301,38.750922,38.510472,39.28953,41.30931,41.241984,43.213674,39.222204,37.587144,39.328002,37.212042,37.183188,37.26975,38.27964
22031,34.644036,35.990556,40.991916,40.116678,39.328002,39.318384,39.81852,40.8765,39.491508,38.52009,41.40549,37.94301,38.750922,38.510472,39.28953,41.30931,41.241984,43.213674,39.222204,37.587144,39.328002,37.212042,37.183188,37.26975,38.27964
22033,34.644036,35.990556,40.991916,40.116678,39.328002,39.318384,39.81852,40.8765,39.491508,38.52009,41.40549,37.94301,38.750922,38.510472,39.28953,41.30931,41.241984,43.213674,39.222204,37.587144,39.328002,37.212042,37.183188,37.26975,38.27964
22035,34.644036,35.990556,40.991916,40.116678,39.328002,39.318384,39.81852,40.8765,39.491508,38.52009,41.40549,37.94301,38.750922,38.510472,39.28953,41.30931,41.241984,43.213674,39.222204,37.587144,39.328002,37.212042,37.183188,37.26975,38.27964
22037,34.644036,35.990556,40.991916,40.116678,39.328002,39.318384,39.81852,40.8765,39.491508,38.52009,41.40549,37.94301,38.750922,38.510472,39.28953,41.30931,41.241984,43.213674,39.222204,37.587144,39.328002,37.212042,37.183188,37.26975,38.27964
22039,34.644036,35.990556,40.991916,40.116678,39.328002,39.318384,39.81852,40.8765,39.491508,38.52009,41.40549,37.94301,38.750922,38.510472,39.28953,41.30931,41.241984,43.213674,39.222204,37.587144,39.328002,37.212042,37.183188,37.26975,38.27964
22041,34.644036,35.990556,40.991916,40.116678,39.328002,39.318384,39.81852,40.8765,39.491508,38.52009,41.40549,37.94301,38.750922,38.510472,39.28953,41.30931,41.241984,43.213674,39.222204,37.587144,39.328002,37.212042,37.183188,37.26975,38.27964
22043,34.644036,35.990556,40.991916,40.116678,39.328002,39.318384,39.81852,40.8765,39.491508,38.52009,41.40549,37.94301,38.750922,38.510472,39.28953,41.30931,41.241984,43.213674,39.222204,37.587144,39.328002,37.212042,37.183188,37.26975,38.27964
22045,34.644036,35.990556,40.991916,40.116678,39.328002,39.318384,39.81852,40.8765,39.491508,38.52009,41.40549,37.94301,38.750922,38.510472,39.28953,41.30931,41.241984,43.213674,39.222204,37.587144,39.328002,37.212042,37.183188,37.26975,38.27964
22047,34.644036,35.990556,40.991916,40.116678,39.328002,39.318384,39.81852,40.8765,39.491508,38.52009,41.40549,37.94301,38.750922,38.510472,39.28953,41.30931,41.241984,43.213674,39.222204,37.587144,39.328002,37.212042,37.183188,37.26975,38.27964
22049,34.644036,35.990556,40.991916,40.116678,39.328002,39.318384,39.81852,40.8765,39.491508,38.52009,41.40549,37.94301,38.750922,38.510472,39.28953,41.30931,41.241984,43.213674,39.222204,37.587144,39.328002,37.212042,37.183188,37.26975,38.27964
22051,34.644036,35.990556,40.991916,40.116678,39.328002,39.318384,39.81852,40.8765,39.491508,38.52009,41.40549,37.94301,38.750922,38.510472,39.28953,41.30931,41.241984,43.213674,39.222204,37.587144,39.328002,37.212042,37.183188,37.26975,38.27964
22053,34.644036,35.990556,40.991916,40.116678,39.328002,39.318384,39.81852,40.8765,39.491508,38.52009,41.40549,37.94301,38.750922,38.510472,39.28953,41.30931,41.241984,43.213674,39.222204,37.587144,39.328002,37.212042,37.183188,37.26975,38.27964
22055,34.644036,35.990556,40.991916,40.116678,39.328002,39.318384,39.81852,40.8765,39.491508,38.52009,41.40549,37.94301,38.750922,38.510472,39.28953,41.30931,41.241984,43.213674,39.222204,37.587144,39.328002,37.212042,37.183188,37.26975,38.27964
22057,34.644036,35.990556,40.991916,40.116678,39.328002,39.318384,39.81852,40.8765,39.491508,38.52009,41.40549,37.94301,38.750922,38.510472,39.28953,41.30931,41.241984,43.213674,39.222204,37.587144,39.328002,37.212042,37.183188,37.26975,38.27964
22059,34.644036,35.990556,40.991916,40.116678,39.328002,39.318384,39.81852,40.8765,39.491508,38.52009,41.40549,37.94301,38.750922,38.510472,39.28953,41.30931,41.241984,43.213674,39.222204,37.587144,39.328002,37.212042,37.183188,37.26975,38.27964
22061,34.644036,35.990556,40.991916,40.116678,39.328002,39.318384,39.81852,40.8765,39.491508,38.52009,41.40549,37.94301,38.750922,38.510472,39.28953,41.30931,41.241984,43.213674,39.222204,37.587144,39.328002,37.212042,37.183188,37.26975,38.27964
22063,34.644036,35.990556,40.991916,40.116678,39.328002,39.318384,39.81852,40.8765,39.491508,38.52009,41.40549,37.94301,38.750922,38.510472,39.28953,41.30931,41.241984,43.213674,39.222204,37.587144,39.328002,37.212042,37.183188,37.26975,38.27964
22065,34.644036,35.990556,40.991916,40.116678,39.328002,39.318384,39.81852,40.8765,39.491508,38.52009,41.40549,37.94301,38.750922,38.510472,39.28953,41.30931,41.241984,43.213674,39.222204,37.587144,39.328002,37.212042,37.183188,37.26975,38.27964
22067,34.644036,35.990556,40.991916,40.116678,39.328002,39.318384,39.81852,40.8765,39.491508,38.52009,41.40549,37.94301,38.750922,38.510472,39.28953,41.30931,41.241984,43.213674,39.222204,37.587144,39.328002,37.212042,37.183188,37.26975,38.27964
22069,34.644036,35.990556,40.991916,40.116678,39.328002,39.318384,39.81852,40.8765,39.491508,38.52009,41.40549,37.94301,38.750922,38.510472,39.28953,41.30931,41.241984,43.213674,39.222204,37.587144,39.328002,37.212042,37.183188,37.26975,38.27964
22071,34.644036,35.990556,40.991916,40.116678,39.328002,39.318384,39.81852,40.8765,39.491508,38.52009,41.40549,37.94301,38.750922,38.510472,39.28953,41.30931,41.241984,43.213674,39.222204,37.587144,39.328002,37.212042,37.183188,37.26975,38.27964
22073,34.644036,35.990556,40.991916,40.116678,39.328002,39.318384,39.81852,40.8765,39.491508,38.52009,41.40549,37.94301,38.750922,38.510472,39.28953,41.30931,41.241984,43.213674,39.222204,37.587144,39.328002,37.212042,37.183188,37.26975,38.27964
22075,34.644036,35.990556,40.991916,40.116678,39.328002,39.318384,39.81852,40.8765,39.491508,38.52009,41.40549,37.94301,38.750922,38.510472,39.28953,41.30931,41.241984,43.213674,39.222204,37.587144,39.328002,37.212042,37.183188,37.26975,38.27964
22077,34.644036,35.990556,40.991916,40.116678,39.328002,39.318384,39.81852,40.8765,39.491508,38.52009,41.40549,37.94301,38.750922,38.510472,39.28953,41.30931,41.241984,43.213674,39.222204,37.587144,39.328002,37.212042,37.183188,37.26975,38.27964
22079,34.644036,35.990556,40.991916,40.116678,39.328002,39.318384,39.81852,40.8765,39.491508,38.52009,41.40549,37.94301,38.750922,38.510472,39.28953,41.30931,41.241984,43.213674,39.222204,37.587144,39.328002,37.212042,37.183188,37.26975,38.27964
22081,34.644036,35.990556,40.991916,40.116678,39.328002,39.318384,39.81852,40.8765,39.491508,38.52009,41.40549,37.94301,38.750922,38.510472,39.28953,41.30931,41.241984,43.213674,39.222204,37.587144,39.328002,37.212042,37.183188,37.26975,38.27964
22083,34.644036,35.990556,40.991916,40.116678,39.328002,39.318384,39.81852,40.8765,39.491508,38.52009,41.40549,37.94301,38.750922,38.510472,39.28953,41.30931,41.241984,43.213674,39.222204,37.587144,39.328002,37.212042,37.183188,37.26975,38.27964
22085,34.644036,35.990556,40.991916,40.116678,39.328002,39.318384,39.81852,40.8765,39.491508,38.52009,41.40549,37.94301,38.750922,38.510472,39.28953,41.30931,41.241984,43.213674,39.222204,37.587144,39.328002,37.212042,37.183188,37.26975,38.27964
22087,34.644036,35.990556,40.991916,40.116678,39.328002,39.318384,39.81852,40.8765,39.491508,38.52009,41.40549,37.94301,38.750922,38.510472,39.28953,41.30931,41.241984,43.213674,39.222204,37.587144,39.328002,37.212042,37.183188,37.26975,38.27964
22089,34.644036,35.990556,40.991916,40.116678,39.328002,39.318384,39.81852,40.8765,39.491508,38.52009,41.40549,37.94301,38.750922,38.510472,39.28953,41.30931,41.241984,43.213674,39.222204,37.587144,39.328002,37.212042,37.183188,37.26975,38.27964
22091,34.644036,35.990556,40.991916,40.116678,39.328002,39.318384,39.81852,40.8765,39.491508,38.52009,41.40549,37.94301,38.750922,38.510472,39.28953,41.30931,41.241984,43.213674,39.222204,37.587144,39.328002,37.212042,37.183188,37.26975,38.27964
22093,34.644036,35.990556,40.991916,40.116678,39.328002,39.318384,39.81852,40.8765,39.491508,38.52009,41.40549,37.94301,38.750922,38.510472,39.28953,41.30931,41.241984,43.213674,39.222204,37.587144,39.328002,37.212042,37.183188,37.26975,38.27964
22095,34.644036,35.990556,40.991916,40.116678,39.328002,39.318384,39.81852,40.8765,39.491508,38.52009,41.40549,37.94301,38.750922,38.510472,39.28953,41.30931,41.241984,43.213674,39.222204,37.587144,39.328002,37.212042,37.183188,37.26975,38.27964
22097,34.644036,35.990556,40.991916,40.116678,39.328002,39.318384,39.81852,40.8765,39.491508,38.52009,41.40549,37.94301,38.750922,38.510472,39.28953,41.30931,41.241984,43.213674,39.222204,37.587144,39.328002,37.212042,37.183188,37.26975,38.27964
22099,34.644036,35.990556,40.991916,40.116678,39.328002,39.318384,39.81852,40.8765,39.491508,38.52009,41.40549,37.94301,38.750922,38.510472,39.28953,41.30931,41.241984,43.213674,39.222204,37.587144,39.328002,37.212042,37.183188,37.26975,38.27964
22101,34.644036,35.990556,40.991916,40.116678,39.328002,39.318384,39.81852,40.8765,39.491508,38.52009,41.40549,37.94301,38.750922,38.510472,39.28953,41.30931,41.241984,43.213674,39.222204,37.587144,39.328002,37.212042,37.183188,37.26975,38.27964
22103,34.644036,35.990556,40.991916,40.116678,39.328002,39.318384,39.81852,40.8765,39.491508,38.52009,41.40549,37.94301,38.750922,38.510472,39.28953,41.30931,41.241984,43.213674,39.222204,37.587144,39.328002,37.212042,37.183188,37.26975,38.27964
22105,34.644036,35.990556,40.991916,40.116678,39.328002,39.318384,39.81852,40.8765,39.491508,38.52009,41.40549,37.94301,38.750922,38.510472,39.28953,41.30931,41.241984,43.213674,39.222204,37.587144,39.328002,37.212042,37.183188,37.26975,38.27964
22107,34.644036,35.990556,40.991916,40.116678,39.328002,39.318384,39.81852,40.8765,39.491508,38.52009,41.40549,37.94301,38.750922,38.510472,39.28953,41.30931,41.241984,43.213674,39.222204,37.587144,39.328002,37.212042,37.183188,37.26975,38.27964
22109,34.644036,35.990556,40.991916,40.116678,39.328002,39.318384,39.81852,40.8765,39.491508,38.52009,41.40549,37.94301,38.750922,38.510472,39.28953,41.30931,41.241984,43.213674,39.222204,37.587144,39.328002,37.212042,37.183188,37.26975,38.27964
22111,34.644036,35.990556,40.991916,40.116678,39.328002,39.318384,39.81852,40.8765,39.491508,38.52009,41.40549,37.94301,38.750922,38.510472,39.28953,41.30931,41.241984,43.213674,39.222204,37.587144,39.328002,37.212042,37.183188,37.26975,38.27964
22113,34.644036,35.990556,40.991916,40.116678,39.328002,39.318384,39.81852,40.8765,39.491508,38.52009,41.40549,37.94301,38.750922,38.510472,39.28953,41.30931,41.241984,43.213674,39.222204,37.587144,39.328002,37.212042,37.183188,37.26975,38.27964
22115,34.644036,35.990556,40.991916,40.116678,39.328002,39.318384,39.81852,40.8765,39.491508,38.52009,41.40549,37.94301,38.750922,38.510472,39.28953,41.30931,41.241984,43.213674,39.222204,37.587144,39.328002,37.212042,37.183188,37.26975,38.27964
22117,34.644036,35.990556,40.991916,40.116678,39.328002,39.318384,39.81852,40.8765,39.491508,38.52009,41.40549,37.94301,38.750922,38.510472,39.28953,41.30931,41.241984,43.213674,39.222204,37.587144,39.328002,37.212042,37.183188,37.26975,38.27964
22119,34.644036,35.990556,40.991916,40.116678,39.328002,39.318384,39.81852,40.8765,39.491508,38.52009,41.40549,37.94301,38.750922,38.510472,39.28953,41.30931,41.241984,43.213674,39.222204,37.587144,39.328002,37.212042,37.183188,37.26975,38.27964
22121,34.644036,35.990556,40.991916,40.116678,39.328002,39.318384,39.81852,40.8765,39.491508,38.52009,41.40549,37.94301,38.750922,38.510472,39.28953,41.30931,41.241984,43.213674,39.222204,37.587144,39.328002,37.212042,37.183188,37.26975,38.27964
22123,34.644036,35.990556,40.991916,40.116678,39.328002,39.318384,39.81852,40.8765,39.491508,38.52009,41.40549,37.94301,38.750922,38.510472,39.28953,41.30931,41.241984,43.213674,39.222204,37.587144,39.328002,37.212042,37.183188,37.26975,38.27964
22125,34.644036,35.990556,40.991916,40.116678,39.328002,39.318384,39.81852,40.8765,39.491508,38.52009,41.40549,37.94301,38.750922,38.510472,39.28953,41.30931,41.241984,43.213674,39.222204,37.587144,39.328002,37.212042,37.183188,37.26975,38.27964
22127,34.644036,35.990556,40.991916,40.116678,39.328002,39.318384,39.81852,40.8765,39.491508,38.52009,41.40549,37.94301,38.750922,38.510472,39.28953,41.30931,41.241984,43.213674,39.222204,37.587144,39.328002,37.212042,37.183188,37.26975,38.27964
23001,34.644036,35.990556,40.991916,40.116678,39.328002,39.318384,39.81852,40.8765,39.491508,38.52009,41.40549,37.94301,38.750922,38.510472,39.28953,41.30931,41.241984,43.213674,39.222204,37.587144,39.328002,37.212042,37.183188,37.26975,38.27964
23003,34.644036,35.990556,40.991916,40.116678,39.328002,39.318384,39.81852,40.8765,39.491508,38.52009,41.40549,37.94301,38.750922,38.510472,39.28953,41.30931,41.241984,43.213674,39.222204,37.587144,39.328002,37.212042,37.183188,37.26975,38.27964
23005,34.644036,35.990556,40.991916,40.116678,39.328002,39.318384,39.81852,40.8765,39.491508,38.52009,41.40549,37.94301,38.750922,38.510472,39.28953,41.30931,41.241984,43.213674,39.222204,37.587144,39.328002,37.212042,37.183188,37.26975,38.27964
23007,34.644036,35.990556,40.991916,40.116678,39.328002,39.318384,39.81852,40.8765,39.491508,38.52009,41.40549,37.94301,38.750922,38.510472,39.28953,41.30931,41.241984,43.213674,39.222204,37.587144,39.328002,37.212042,37.183188,37.26975,38.27964
23009,34.644036,35.990556,40.991916,40.116678,39.328002,39.318384,39.81852,40.8765,39.491508,38.52009,41.40549,37.94301,38.750922,38.510472,39.28953,41.30931,41.241984,43.213674,39.222204,37.587144,39.328002,37.212042,37.183188,37.26975,38.27964
23011,34.644036,35.990556,40.991916,40.116678,39.328002,39.318384,39.81852,40.8765,39.491508,38.52009,41.40549,37.94301,38.750922,38.510472,39.28953,41.30931,41.241984,43.213674,39.222204,37.587144,39.328002,37.212042,37.183188,37.26975,38.27964
23013,34.644036,35.990556,40.991916,40.116678,39.328002,39.318384,39.81852,40.8765,39.491508,38.52009,41.40549,37.94301,38.750922,38.510472,39.28953,41.30931,41.241984,43.213674,39.222204,37.587144,39.328002,37.212042,37.183188,37.26975,38.27964
23015,34.644036,35.990556,40.991916,40.116678,39.328002,39.318384,39.81852,40.8765,39.491508,38.52009,41.40549,37.94301,38.750922,38.510472,39.28953,41.30931,41.241984,43.213674,39.222204,37.587144,39.328002,37.212042,37.183188,37.26975,38.27964
23017,34.644036,35.990556,40.991916,40.116678,39.328002,39.318384,39.81852,40.8765,39.491508,38.52009,41.40549,37.94301,38.750922,38.510472,39.28953,41.30931,41.241984,43.213674,39.222204,37.587144,39.328002,37.212042,37.183188,37.26975,38.27964
23019,34.644036,35.990556,40.991916,40.116678,39.328002,39.318384,39.81852,40.8765,39.491508,38.52009,41.40549,37.94301,38.750922,38.510472,39.28953,41.30931,41.241984,43.213674,39.222204,37.587144,39.328002,37.212042,37.183188,37.26975,38.27964
23021,34.644036,35.990556,40.991916,40.116678,39.328002,39.318384,39.81852,40.8765,39.491508,38.52009,41.40549,37.94301,38.750922,38.510472,39.28953,41.30931,41.241984,43.213674,39.222204,37.587144,39.328002,37.212042,37.183188,37.26975,38.27964
23023,34.644036,35.990556,40.991916,40.116678,39.328002,39.318384,39.81852,40.8765,39.491508,38.52009,41.40549,37.94301,38.750922,38.510472,39.28953,41.30931,41.241984,43.213674,39.222204,37.587144,39.328002,37.212042,37.183188,37.26975,38.27964
23025,34.644036,35.990556,40.991916,40.116678,39.328002,39.318384,39.81852,40.8765,39.491508,38.52009,41.40549,37.94301,38.750922,38.510472,39.28953,41.30931,41.241984,43.213674,39.222204,37.587144,39.328002,37.212042,37.183188,37.26975,38.27964
23027,34.644036,35.990556,40.991916,40.116678,39.328002,39.318384,39.81852,40.8765,39.491508,38.52009,41.40549,37.94301,38.750922,38.510472,39.28953,41.30931,41.241984,43.213674,39.222204,37.587144,39.328002,37.212042,37.183188,37.26975,38.27964
23029,34.644036,35.990556,40.991916,40.116678,39.328002,39.318384,39.81852,40.8765,39.491508,38.52009,41.40549,37.94301,38.750922,38.510472,39.28953,41.30931,41.241984,43.213674,39.222204,37.587144,39.328002,37.212042,37.183188,37.26975,38.27964
23031,34.644036,35.990556,40.991916,40.116678,39.328002,39.318384,39.81852,40.8765,39.491508,38.52009,41.40549,37.94301,38.750922,38.510472,39.28953,41.30931,41.241984,43.213674,39.222204,37.587144,39.328002,37.212042,37.183188,37.26975,38.27964
24001,34.644036,35.990556,40.991916,40.116678,39.328002,39.318384,39.81852,40.8765,39.491508,38.52009,41.40549,37.94301,38.750922,38.510472,39.28953,41.30931,41.241984,43.213674,39.222204,37.587144,39.328002,37.212042,37.183188,37.26975,38.27964
24003,34.644036,35.990556,40.991916,40.116678,39.328002,39.318384,39.81852,40.8765,39.491508,38.52009,41.40549,37.94301,38.750922,38.510472,39.28953,41.30931,41.241984,43.213674,39.222204,37.587144,39.328002,37.212042,37.183188,37.26975,38.27964
24005,34.644036,35.990556,40.991916,40.116678,39.328002,39.318384,39.81852,40.8765,39.491508,38.52009,41.40549,37.94301,38.750922,38.510472,39.28953,41.30931,41.241984,43.213674,39.222204,37.587144,39.328002,37.212042,37.183188,37.26975,38.27964
24009,34.644036,35.990556,40.991916,40.116678,39.328002,39.318384,39.81852,40.8765,39.491508,38.52009,41.40549,37.94301,38.750922,38.510472,39.28953,41.30931,41.241984,43.213674,39.222204,37.587144,39.328002,37.212042,37.183188,37.26975,38.27964
24011,34.644036,35.990556,40.991916,40.116678,39.328002,39.318384,39.81852,40.8765,39.491508,38.52009,41.40549,37.94301,38.750922,38.510472,39.28953,41.30931,41.241984,43.213674,39.222204,37.587144,39.328002,37.212042,37.183188,37.26975,38.27964
24013,34.644036,35.990556,40.991916,40.116678,39.328002,39.318384,39.81852,40.8765,39.491508,38.52009,41.40549,37.94301,38.750922,38.510472,39.28953,41.30931,41.241984,43.213674,39.222204,37.587144,39.328002,37.212042,37.183188,37.26975,38.27964
24015,34.644036,35.990556,40.991916,40.116678,39.328002,39.318384,39.81852,40.8765,39.491508,38.52009,41.40549,37.94301,38.750922,38.510472,39.28953,41.30931,41.241984,43.213674,39.222204,37.587144,39.328002,37.212042,37.183188,37.26975,38.27964
24017,34.644036,35.990556,40.991916,40.116678,39.328002,39.318384,39.81852,40.8765,39.491508,38.52009,41.40549,37.94301,38.750922,38.510472,39.28953,41.30931,41.241984,43.213674,39.222204,37.587144,39.328002,37.212042,37.183188,37.26975,38.27964
24019,34.644036,35.990556,40.991916,40.116678,39.328002,39.318384,39.81852,40.8765,39.491508,38.52009,41.40549,37.94301,38.750922,38.510472,39.28953,41.30931,41.241984,43.213674,39.222204,37.587144,39.328002,37.212042,37.183188,37.26975,38.27964
24021,34.644036,35.990556,40.991916,40.116678,39.328002,39.318384,39.81852,40.8765,39.491508,38.52009,41.40549,37.94301,38.750922,38.510472,39.28953,41.30931,41.241984,43.213674,39.222204,37.587144,39.328002,37.212042,37.183188,37.26975,38.27964
24023,34.644036,35.990556,40.991916,40.116678,39.328002,39.318384,39.81852,40.8765,39.491508,38.52009,41.40549,37.94301,38.750922,38.510472,39.28953,41.30931,41.241984,43.213674,39.222204,37.587144,39.328002,37.212042,37.183188,37.26975,38.27964
24025,34.644036,35.990556,40.991916,40.116678,39.328002,39.318384,39.81852,40.8765,39.491508,38.52009,41.40549,37.94301,38.750922,38.510472,39.28953,41.30931,41.241984,43.213674,39.222204,37.587144,39.328002,37.212042,37.183188,37.26975,38.27964
24027,34.644036,35.990556,40.991916,40.116678,39.328002,39.318384,39.81852,40.8765,39.491508,38.52009,41.40549,37.94301,38.750922,38.510472,39.28953,41.30931,41.241984,43.213674,39.222204,37.587144,39.328002,37.212042,37.183188,37.26975,38.27964
24029,34.644036,35.990556,40.991916,40.116678,39.328002,39.318384,39.81852,40.8765,39.491508,38.52009,41.40549,37.94301,38.750922,38.510472,39.28953,41.30931,41.241984,43.213674,39.222204,37.587144,39.328002,37.212042,37.183188,37.26975,38.27964
24031,34.644036,35.990556,40.991916,40.116678,39.328002,39.318384,39.81852,40.8765,39.491508,38.52009,41.40549,37.94301,38.750922,38.510472,39.28953,41.30931,41.241984,43.213674,39.222204,37.587144,39.328002,37.212042,37.183188,37.26975,38.27964
24033,34.644036,35.990556,40.991916,40.116678,39.328002,39.318384,39.81852,40.8765,39.491508,38.52009,41.40549,37.94301,38.750922,38.510472,39.28953,41.30931,41.241984,43.213674,39.222204,37.587144,39.328002,37.212042,37.183188,37.26975,38.27964
24035,34.644036,35.990556,40.991916,40.116678,39.328002,39.318384,39.81852,40.8765,39.491508,38.52009,41.40549,37.94301,38.750922,38.510472,39.28953,41.30931,41.241984,43.213674,39.222204,37.587144,39.328002,37.212042,37.183188,37.26975,38.27964
24037,34.644036,35.990556,40.991916,40.116678,39.328002,39.318384,39.81852,40.8765,39.491508,38.52009,41.40549,37.94301,38.750922,38.510472,39.28953,41.30931,41.241984,43.213674,39.222204,37.587144,39.328002,37.212042,37.183188,37.26975,38.27964
24039,34.644036,35.990556,40.991916,40.116678,39.328002,39.318384,39.81852,40.8765,39.491508,38.52009,41.40549,37.94301,38.750922,38.510472,39.28953,41.30931,41.241984,43.213674,39.222204,37.587144,39.328002,37.212042,37.183188,37.26975,38.27964
24041,34.644036,35.990556,40.991916,40.116678,39.328002,39.318384,39.81852,40.8765,39.491508,38.52009,41.40549,37.94301,38.750922,38.510472,39.28953,41.30931,41.241984,43.213674,39.222204,37.587144,39.328002,37.212042,37.183188,37.26975,38.27964
24043,34.644036,35.990556,40.991916,40.116678,39.328002,39.318384,39.81852,40.8765,39.491508,38.52009,41.40549,37.94301,38.750922,38.510472,39.28953,41.30931,41.241984,43.213674,39.222204,37.587144,39.328002,37.212042,37.183188,37.26975,38.27964
24045,34.644036,35.990556,40.991916,40.116678,39.328002,39.318384,39.81852,40.8765,39.491508,38.52009,41.40549,37.94301,38.750922,38.510472,39.28953,41.30931,41.241984,43.213674,39.222204,37.587144,39.328002,37.212042,37.183188,37.26975,38.27964
24047,34.644036,35.990556,40.991916,40.116678,39.328002,39.318384,39.81852,40.8765,39.491508,38.52009,41.40549,37.94301,38.750922,38.510472,39.28953,41.30931,41.241984,43.213674,39.222204,37.587144,39.328002,37.212042,37.183188,37.26975,38.27964
24510,34.644036,35.990556,40.991916,40.116678,39.328002,39.318384,39.81852,40.8765,39.491508,38.52009,41.40549,37.94301,38.750922,38.510472,39.28953,41.30931,41.241984,43.213674,39.222204,37.587144,39.328002,37.212042,37.183188,37.26975,38.27964
25001,34.644036,35.990556,40.991916,40.116678,39.328002,39.318384,39.81852,40.8765,39.491508,38.52009,41.40549,37.94301,38.750922,38.510472,39.28953,41.30931,41.241984,43.213674,39.222204,37.587144,39.328002,37.212042,37.183188,37.26975,38.27964
25003,34.644036,35.990556,40.991916,40.116678,39.328002,39.318384,39.81852,40.8765,39.491508,38.52009,41.40549,37.94301,38.750922,38.510472,39.28953,41.30931,41.241984,43.213674,39.222204,37.587144,39.328002,37.212042,37.183188,37.26975,38.27964
25005,34.644036,35.990556,40.991916,40.116678,39.328002,39.318384,39.81852,40.8765,39.491508,38.52009,41.40549,37.94301,38.750922,38.510472,39.28953,41.30931,41.241984,43.213674,39.222204,37.587144,39.328002,37.212042,37.183188,37.26975,38.27964
25007,34.644036,35.990556,40.991916,40.116678,39.328002,39.318384,39.81852,40.8765,39.491508,38.52009,41.40549,37.94301,38.750922,38.510472,39.28953,41.30931,41.241984,43.213674,39.222204,37.587144,39.328002,37.212042,37.183188,37.26975,38.27964
25009,34.644036,35.990556,40.991916,40.116678,39.328002,39.318384,39.81852,40.8765,39.491508,38.52009,41.40549,37.94301,38.750922,38.510472,39.28953,41.30931,41.241984,43.213674,39.222204,37.587144,39.328002,37.212042,37.183188,37.26975,38.27964
25011,34.644036,35.990556,40.991916,40.116678,39.328002,39.318384,39.81852,40.8765,39.491508,38.52009,41.40549,37.94301,38.750922,38.510472,39.28953,41.30931,41.241984,43.213674,39.222204,37.587144,39.328002,37.212042,37.183188,37.26975,38.27964
25013,34.644036,35.990556,40.991916,40.116678,39.328002,39.318384,39.81852,40.8765,39.491508,38.52009,41.40549,37.94301,38.750922,38.510472,39.28953,41.30931,41.241984,43.213674,39.222204,37.587144,39.328002,37.212042,37.183188,37.26975,38.27964
25015,34.644036,35.990556,40.991916,40.116678,39.328002,39.318384,39.81852,40.8765,39.491508,38.52009,41.40549,37.94301,38.750922,38.510472,39.28953,41.30931,41.241984,43.213674,39.222204,37.587144,39.328002,37.212042,37.183188,37.26975,38.27964
25017,34.644036,35.990556,40.991916,40.116678,39.328002,39.318384,39.81852,40.8765,39.491508,38.52009,41.40549,37.94301,38.750922,38.510472,39.28953,41.30931,41.241984,43.213674,39.222204,37.587144,39.328002,37.212042,37.183188,37.26975,38.27964
25019,34.644036,35.990556,40.991916,40.116678,39.328002,39.318384,39.81852,40.8765,39.491508,38.52009,41.40549,37.94301,38.750922,38.510472,39.28953,41.30931,41.241984,43.213674,39.222204,37.587144,39.328002,37.212042,37.183188,37.26975,38.27964
25021,34.644036,35.990556,40.991916,40.116678,39.328002,39.318384,39.81852,40.8765,39.491508,38.52009,41.40549,37.94301,38.750922,38.510472,39.28953,41.30931,41.241984,43.213674,39.222204,37.587144,39.328002,37.212042,37.183188,37.26975,38.27964
25023,34.644036,35.990556,40.991916,40.116678,39.328002,39.318384,39.81852,40.8765,39.491508,38.52009,41.40549,37.94301,38.750922,38.510472,39.28953,41.30931,41.241984,43.213674,39.222204,37.587144,39.328002,37.212042,37.183188,37.26975,38.27964
25025,34.644036,35.990556,40.991916,40.116678,39.328002,39.318384,39.81852,40.8765,39.491508,38.52009,41.40549,37.94301,38.750922,38.510472,39.28953,41.30931,41.241984,43.213674,39.222204,37.587144,39.328002,37.212042,37.183188,37.26975,38.27964
25027,34.644036,35.990556,40.991916,40.116678,39.328002,39.318384,39.81852,40.8765,39.491508,38.52009,41.40549,37.94301,38.750922,38.510472,39.28953,41.30931,41.241984,43.213674,39.222204,37.587144,39.328002,37.212042,37.183188,37.26975,38.27964
26001,34.644036,35.990556,40.991916,40.116678,39.328002,39.318384,39.81852,40.8765,39.491508,38.52009,41.40549,37.94301,38.750922,38.510472,39.28953,41.30931,41.241984,43.213674,39.222204,37.587144,39.328002,37.212042,37.183188,37.26975,38.27964
26003,34.644036,35.990556,40.991916,40.116678,39.328002,39.318384,39.81852,40.8765,39.491508,38.52009,41.40549,37.94301,38.750922,38.510472,39.28953,41.30931,41.241984,43.213674,39.222204,37.587144,39.328002,37.212042,37.183188,37.26975,38.27964
26005,34.644036,35.990556,40.991916,40.116678,39.328002,39.318384,39.81852,40.8765,39.491508,38.52009,41.40549,37.94301,38.750922,38.510472,39.28953,41.30931,41.241984,43.213674,39.222204,37.587144,39.328002,37.212042,37.183188,37.26975,38.27964
26007,34.644036,35.990556,40.991916,40.116678,39.328002,39.318384,39.81852,40.8765,39.491508,38.52009,41.40549,37.94301,38.750922,38.510472,39.28953,41.30931,41.241984,43.213674,39.222204,37.587144,39.328002,37.212042,37.183188,37.26975,38.27964
26009,34.644036,35.990556,40.991916,40.116678,39.328002,39.318384,39.81852,40.8765,39.491508,38.52009,41.40549,37.94301,38.750922,38.510472,39.28953,41.30931,41.241984,43.213674,39.222204,37.587144,39.328002,37.212042,37.183188,37.26975,38.27964
26011,34.644036,35.990556,40.991916,40.116678,39.328002,39.318384,39.81852,40.8765,39.491508,38.52009,41.40549,37.94301,38.750922,38.510472,39.28953,41.30931,41.241984,43.213674,39.222204,37.587144,39.328002,37.212042,37.183188,37.26975,38.27964
26013,34.644036,35.990556,40.991916,40.116678,39.328002,39.318384,39.81852,40.8765,39.491508,38.52009,41.40549,37.94301,38.750922,38.510472,39.28953,41.30931,41.241984,43.213674,39.222204,37.587144,39.328002,37.212042,37.183188,37.26975,38.27964
26015,34.644036,35.990556,40.991916,40.116678,39.328002,39.318384,39.81852,40.8765,39.491508,38.52009,41.40549,37.94301,38.750922,38.510472,39.28953,41.30931,41.241984,43.213674,39.222204,37.587144,39.328002,37.212042,37.183188,37.26975,38.27964
26017,34.644036,35.990556,40.991916,40.116678,39.328002,39.318384,39.81852,40.8765,39.491508,38.52009,41.40549,37.94301,38.750922,38.510472,39.28953,41.30931,41.241984,43.213674,39.222204,37.587144,39.328002,37.212042,37.183188,37.26975,38.27964
26019,34.644036,35.990556,40.991916,40.116678,39.328002,39.318384,39.81852,40.8765,39.491508,38.52009,41.40549,37.94301,38.750922,38.510472,39.28953,41.30931,41.241984,43.213674,39.222204,37.587144,39.328002,37.212042,37.183188,37.26975,38.27964
26021,34.644036,35.990556,40.991916,40.116678,39.328002,39.318384,39.81852,40.8765,39.491508,38.52009,41.40549,37.94301,38.750922,38.510472,39.28953,41.30931,41.241984,43.213674,39.222204,37.587144,39.328002,37.212042,37.183188,37.26975,38.27964
26023,34.644036,35.990556,40.991916,40.116678,39.328002,39.318384,39.81852,40.8765,39.491508,38.52009,41.40549,37.94301,38.750922,38.510472,39.28953,41.30931,41.241984,43.213674,39.222204,37.587144,39.328002,37.212042,37.183188,37.26975,38.27964
26025,34.644036,35.990556,40.991916,40.116678,39.328002,39.318384,39.81852,40.8765,39.491508,38.52009,41.40549,37.94301,38.750922,38.510472,39.28953,41.30931,41.241984,43.213674,39.222204,37.587144,39.328002,37.212042,37.183188,37.26975,38.27964
26027,34.644036,35.990556,40.991916,40.116678,39.328002,39.318384,39.81852,40.8765,39.491508,38.52009,41.40549,37.94301,38.750922,38.510472,39.28953,41.30931,41.241984,43.213674,39.222204,37.587144,39.328002,37.212042,37.183188,37.26975,38.27964
26029,34.644036,35.990556,40.991916,40.116678,39.328002,39.318384,39.81852,40.8765,39.491508,38.52009,41.40549,37.94301,38.750922,38.510472,39.28953,41.30931,41.241984,43.213674,39.222204,37.587144,39.328002,37.212042,37.183188,37.26975,38.27964
26031,34.644036,35.990556,40.991916,40.116678,39.328002,39.318384,39.81852,40.8765,39.491508,38.52009,41.40549,37.94301,38.750922,38.510472,39.28953,41.30931,41.241984,43.213674,39.222204,37.587144,39.328002,37.212042,37.183188,37.26975,38.27964
26033,34.644036,35.990556,40.991916,40.116678,39.328002,39.318384,39.81852,40.8765,39.491508,38.52009,41.40549,37.94301,38.750922,38.510472,39.28953,41.30931,41.241984,43.213674,39.222204,37.587144,39.328002,37.212042,37.183188,37.26975,38.27964
26035,34.644036,35.990556,40.991916,40.116678,39.328002,39.318384,39.81852,40.8765,39.491508,38.52009,41.40549,37.94301,38.750922,38.510472,39.28953,41.30931,41.241984,43.213674,39.222204,37.587144,39.328002,37.212042,37.183188,37.26975,38.27964
26037,34.644036,35.990556,40.991916,40.116678,39.328002,39.318384,39.81852,40.8765,39.491508,38.52009,41.40549,37.94301,38.750922,38.510472,39.28953,41.30931,41.241984,43.213674,39.222204,37.587144,39.328002,37.212042,37.183188,37.26975,38.27964
26039,34.644036,35.990556,40.991916,40.116678,39.328002,39.318384,39.81852,40.8765,39.491508,38.52009,41.40549,37.94301,38.750922,38.510472,39.28953,41.30931,41.241984,43.213674,39.222204,37.587144,39.328002,37.212042,37.183188,37.26975,38.27964
26041,34.644036,35.990556,40.991916,40.116678,39.328002,39.318384,39.81852,40.8765,39.491508,38.52009,41.40549,37.94301,38.750922,38.510472,39.28953,41.30931,41.241984,43.213674,39.222204,37.587144,39.328002,37.212042,37.183188,37.26975,38.27964
26043,34.644036,35.990556,40.991916,40.116678,39.328002,39.318384,39.81852,40.8765,39.491508,38.52009,41.40549,37.94301,38.750922,38.510472,39.28953,41.30931,41.241984,43.213674,39.222204,37.587144,39.328002,37.212042,37.183188,37.26975,38.27964
26045,34.644036,35.990556,40.991916,40.116678,39.328002,39.318384,39.81852,40.8765,39.491508,38.52009,41.40549,37.94301,38.750922,38.510472,39.28953,41.30931,41.241984,43.213674,39.222204,37.587144,39.328002,37.212042,37.183188,37.26975,38.27964
26047,34.644036,35.990556,40.991916,40.116678,39.328002,39.318384,39.81852,40.8765,39.491508,38.52009,41.40549,37.94301,38.750922,38.510472,39.28953,41.30931,41.241984,43.213674,39.222204,37.587144,39.328002,37.212042,37.183188,37.26975,38.27964
26049,34.644036,35.990556,40.991916,40.116678,39.328002,39.318384,39.81852,40.8765,39.491508,38.52009,41.40549,37.94301,38.750922,38.510472,39.28953,41.30931,41.241984,43.213674,39.222204,37.587144,39.328002,37.212042,37.183188,37.26975,38.27964
26051,34.644036,35.990556,40.991916,40.116678,39.328002,39.318384,39.81852,40.8765,39.491508,38.52009,41.40549,37.94301,38.750922,38.510472,39.28953,41.30931,41.241984,43.213674,39.222204,37.587144,39.328002,37.212042,37.183188,37.26975,38.27964
26053,34.644036,35.990556,40.991916,40.116678,39.328002,39.318384,39.81852,40.8765,39.491508,38.52009,41.40549,37.94301,38.750922,38.510472,39.28953,41.30931,41.241984,43.213674,39.222204,37.587144,39.328002,37.212042,37.183188,37.26975,38.27964
26055,34.644036,35.990556,40.991916,40.116678,39.328002,39.318384,39.81852,40.8765,39.491508,38.52009,41.40549,37.94301,38.750922,38.510472,39.28953,41.30931,41.241984,43.213674,39.222204,37.587144,39.328002,37.212042,37.183188,37.26975,38.27964
26057,34.644036,35.990556,40.991916,40.116678,39.328002,39.318384,39.81852,40.8765,39.491508,38.52009,41.40549,37.94301,38.750922,38.510472,39.28953,41.30931,41.241984,43.213674,39.222204,37.587144,39.328002,37.212042,37.183188,37.26975,38.27964
26059,34.644036,35.990556,40.991916,40.116678,39.328002,39.318384,39.81852,40.8765,39.491508,38.52009,41.40549,37.94301,38.750922,38.510472,39.28953,41.30931,41.241984,43.213674,39.222204,37.587144,39.328002,37.212042,37.183188,37.26975,38.27964
26061,34.644036,35.990556,40.991916,40.116678,39.328002,39.318384,39.81852,40.8765,39.491508,38.52009,41.40549,37.94301,38.750922,38.510472,39.28953,41.30931,41.241984,43.213674,39.222204,37.587144,39.328002,37.212042,37.183188,37.26975,38.27964
26063,34.644036,35.990556,40.991916,40.116678,39.328002,39.318384,39.81852,40.8765,39.491508,38.52009,41.40549,37.94301,38.750922,38.510472,39.28953,41.30931,41.241984,43.213674,39.222204,37.587144,39.328002,37.212042,37.183188,37.26975,38.27964
26065,34.644036,35.990556,40.991916,40.116678,39.328002,39.318384,39.81852,40.8765,39.491508,38.52009,41.40549,37.94301,38.750922,38.510472,39.28953,41.30931,41.241984,43.213674,39.222204,37.587144,39.328002,37.212042,37.183188,37.26975,38.27964
26067,34.644036,35.990556,40.991916,40.116678,39.328002,39.318384,39.81852,40.8765,39.491508,38.52009,41.40549,37.94301,38.750922,38.510472,39.28953,41.30931,41.241984,43.213674,39.222204,37.587144,39.328002,37.212042,37.183188,37.26975,38.27964
26069,34.644036,35.990556,40.991916,40.116678,39.328002,39.318384,39.81852,40.8765,39.491508,38.52009,41.40549,37.94301,38.750922,38.510472,39.28953,41.30931,41.241984,43.213674,39.222204,37.587144,39.328002,37.212042,37.183188,37.26975,38.27964
26071,34.644036,35.990556,40.991916,40.116678,39.328002,39.318384,39.81852,40.8765,39.491508,38.52009,41.40549,37.94301,38.750922,38.510472,39.28953,41.30931,41.241984,43.213674,39.222204,37.587144,39.328002,37.212042,37.183188,37.26975,38.27964
26073,34.644036,35.990556,40.991916,40.116678,39.328002,39.318384,39.81852,40.8765,39.491508,38.52009,41.40549,37.94301,38.750922,38.510472,39.28953,41.30931,41.241984,43.213674,39.222204,37.587144,39.328002,37.212042,37.183188,37.26975,38.27964
26075,34.644036,35.990556,40.991916,40.116678,39.328002,39.318384,39.81852,40.8765,39.491508,38.52009,41.40549,37.94301,38.750922,38.510472,39.28953,41.30931,41.241984,43.213674,39.222204,37.587144,39.328002,37.212042,37.183188,37.26975,38.27964
26077,34.644036,35.990556,40.991916,40.116678,39.328002,39.318384,39.81852,40.8765,39.491508,38.52009,41.40549,37.94301,38.750922,38.510472,39.28953,41.30931,41.241984,43.213674,39.222204,37.587144,39.328002,37.212042,37.183188,37.26975,38.27964
26079,34.644036,35.990556,40.991916,40.116678,39.328002,39.318384,39.81852,40.8765,39.491508,38.52009,41.40549,37.94301,38.750922,38.510472,39.28953,41.30931,41.241984,43.213674,39.222204,37.587144,39.328002,37.212042,37.183188,37.26975,38.27964
26081,34.644036,35.990556,40.991916,40.116678,39.328002,39.318384,39.81852,40.8765,39.491508,38.52009,41.40549,37.94301,38.750922,38.510472,39.28953,41.30931,41.241984,43.213674,39.222204,37.587144,39.328002,37.212042,37.183188,37.26975,38.27964
26083,34.644036,35.990556,40.991916,40.116678,39.328002,39.318384,39.81852,40.8765,39.491508,38.52009,41.40549,37.94301,38.750922,38.510472,39.28953,41.30931,41.241984,43.213674,39.222204,37.587144,39.328002,37.212042,37.183188,37.26975,38.27964
26085,34.644036,35.990556,40.991916,40.116678,39.328002,39.318384,39.81852,40.8765,39.491508,38.52009,41.40549,37.94301,38.750922,38.510472,39.28953,41.30931,41.241984,43.213674,39.222204,37.587144,39.328002,37.212042,37.183188,37.26975,38.27964
26087,34.644036,35.990556,40.991916,40.116678,39.328002,39.318384,39.81852,40.8765,39.491508,38.52009,41.40549,37.94301,38.750922,38.510472,39.28953,41.30931,41.241984,43.213674,39.222204,37.587144,39.328002,37.212042,37.183188,37.26975,38.27964
26089,34.644036,35.990556,40.991916,40.116678,39.328002,39.318384,39.81852,40.8765,39.491508,38.52009,41.40549,37.94301,38.750922,38.510472,39.28953,41.30931,41.241984,43.213674,39.222204,37.587144,39.328002,37.212042,37.183188,37.26975,38.27964
26091,34.644036,35.990556,40.991916,40.116678,39.328002,39.318384,39.81852,40.8765,39.491508,38.52009,41.40549,37.94301,38.750922,38.510472,39.28953,41.30931,41.241984,43.213674,39.222204,37.587144,39.328002,37.212042,37.183188,37.26975,38.27964
26093,34.644036,35.990556,40.991916,40.116678,39.328002,39.318384,39.81852,40.8765,39.491508,38.52009,41.40549,37.94301,38.750922,38.510472,39.28953,41.30931,41.241984,43.213674,39.222204,37.587144,39.328002,37.212042,37.183188,37.26975,38.27964
26095,34.644036,35.990556,40.991916,40.116678,39.328002,39.318384,39.81852,40.8765,39.491508,38.52009,41.40549,37.94301,38.750922,38.510472,39.28953,41.30931,41.241984,43.213674,39.222204,37.587144,39.328002,37.212042,37.183188,37.26975,38.27964
26097,34.644036,35.990556,40.991916,40.116678,39.328002,39.318384,39.81852,40.8765,39.491508,38.52009,41.40549,37.94301,38.750922,38.510472,39.28953,41.30931,41.241984,43.213674,39.222204,37.587144,39.328002,37.212042,37.183188,37.26975,38.27964
26099,34.644036,35.990556,40.991916,40.116678,39.328002,39.318384,39.81852,40.8765,39.491508,38.52009,41.40549,37.94301,38.750922,38.510472,39.28953,41.30931,41.241984,43.213674,39.222204,37.587144,39.328002,37.212042,37.183188,37.26975,38.27964
26101,34.644036,35.990556,40.991916,40.116678,39.328002,39.318384,39.81852,40.8765,39.491508,38.52009,41.40549,37.94301,38.750922,38.510472,39.28953,41.30931,41.241984,43.213674,39.222204,37.587144,39.328002,37.212042,37.183188,37.26975,38.27964
26103,34.644036,35.990556,40.991916,40.116678,39.328002,39.318384,39.81852,40.8765,39.491508,38.52009,41.40549,37.94301,38.750922,38.510472,39.28953,41.30931,41.241984,43.213674,39.222204,37.587144,39.328002,37.212042,37.183188,37.26975,38.27964
26105,34.644036,35.990556,40.991916,40.116678,39.328002,39.318384,39.81852,40.8765,39.491508,38.52009,41.40549,37.94301,38.750922,38.510472,39.28953,41.30931,41.241984,43.213674,39.222204,37.587144,39.328002,37.212042,37.183188,37.26975,38.27964
26107,34.644036,35.990556,40.991916,40.116678,39.328002,39.318384,39.81852,40.8765,39.491508,38.52009,41.40549,37.94301,38.750922,38.510472,39.28953,41.30931,41.241984,43.213674,39.222204,37.587144,39.328002,37.212042,37.183188,37.26975,38.27964
26109,34.644036,35.990556,40.991916,40.116678,39.328002,39.318384,39.81852,40.8765,39.491508,38.52009,41.40549,37.94301,38.750922,38.510472,39.28953,41.30931,41.241984,43.213674,39.222204,37.587144,39.328002,37.212042,37.183188,37.26975,38.27964
26111,34.644036,35.990556,40.991916,40.116678,39.328002,39.318384,39.81852,40.8765,39.491508,38.52009,41.40549,37.94301,38.750922,38.510472,39.28953,41.30931,41.241984,43.213674,39.222204,37.587144,39.328002,37.212042,37.183188,37.26975,38.27964
26113,34.644036,35.990556,40.991916,40.116678,39.328002,39.318384,39.81852,40.8765,39.491508,38.52009,41.40549,37.94301,38.750922,38.510472,39.28953,41.30931,41.241984,43.213674,39.222204,37.587144,39.328002,37.212042,37.183188,37.26975,38.27964
26115,34.644036,35.990556,40.991916,40.116678,39.328002,39.318384,39.81852,40.8765,39.491508,38.52009,41.40549,37.94301,38.750922,38.510472,39.28953,41.30931,41.241984,43.213674,39.222204,37.587144,39.328002,37.212042,37.183188,37.26975,38.27964
26117,34.644036,35.990556,40.991916,40.116678,39.328002,39.318384,39.81852,40.8765,39.491508,38.52009,41.40549,37.94301,38.750922,38.510472,39.28953,41.30931,41.241984,43.213674,39.222204,37.587144,39.328002,37.212042,37.183188,37.26975,38.27964
26119,34.644036,35.990556,40.991916,40.116678,39.328002,39.318384,39.81852,40.8765,39.491508,38.52009,41.40549,37.94301,38.750922,38.510472,39.28953,41.30931,41.241984,43.213674,39.222204,37.587144,39.328002,37.212042,37.183188,37.26975,38.27964
26121,34.644036,35.990556,40.991916,40.116678,39.328002,39.318384,39.81852,40.8765,39.491508,38.52009,41.40549,37.94301,38.750922,38.510472,39.28953,41.30931,41.241984,43.213674,39.222204,37.587144,39.328002,37.212042,37.183188,37.26975,38.27964
26123,34.644036,35.990556,40.991916,40.116678,39.328002,39.318384,39.81852,40.8765,39.491508,38.52009,41.40549,37.94301,38.750922,38.510472,39.28953,41.30931,41.241984,43.213674,39.222204,37.587144,39.328002,37.212042,37.183188,37.26975,38.27964
26125,34.644036,35.990556,40.991916,40.116678,39.328002,39.318384,39.81852,40.8765,39.491508,38.52009,41.40549,37.94301,38.750922,38.510472,39.28953,41.30931,41.241984,43.213674,39.222204,37.587144,39.328002,37.212042,37.183188,37.26975,38.27964
26127,34.644036,35.990556,40.991916,40.116678,39.328002,39.318384,39.81852,40.8765,39.491508,38.52009,41.40549,37.94301,38.750922,38.510472,39.28953,41.30931,41.241984,43.213674,39.222204,37.587144,39.328002,37.212042,37.183188,37.26975,38.27964
26129,34.644036,35.990556,40.991916,40.116678,39.328002,39.318384,39.81852,40.8765,39.491508,38.52009,41.40549,37.94301,38.750922,38.510472,39.28953,41.30931,41.241984,43.213674,39.222204,37.587144,39.328002,37.212042,37.183188,37.26975,38.27964
26131,34.644036,35.990556,40.991916,40.116678,39.328002,39.318384,39.81852,40.8765,39.491508,38.52009,41.40549,37.94301,38.750922,38.510472,39.28953,41.30931,41.241984,43.213674,39.222204,37.587144,39.328002,37.212042,37.183188,37.26975,38.27964
26133,34.644036,35.990556,40.991916,40.116678,39.328002,39.318384,39.81852,40.8765,39.491508,38.52009,41.40549,37.94301,38.750922,38.510472,39.28953,41.30931,41.241984,43.213674,39.222204,37.587144,39.328002,37.212042,37.183188,37.26975,38.27964
26135,34.644036,35.990556,40.991916,40.116678,39.328002,39.318384,39.81852,40.8765,39.491508,38.52009,41.40549,37.94301,38.750922,38.510472,39.28953,41.30931,41.241984,43.213674,39.222204,37.587144,39.328002,37.212042,37.183188,37.26975,38.27964
26137,34.644036,35.990556,40.991916,40.116678,39.328002,39.318384,39.81852,40.8765,39.491508,38.52009,41.40549,37.94301,38.750922,38.510472,39.28953,41.30931,41.241984,43.213674,39.222204,37.587144,39.328002,37.212042,37.183188,37.26975,38.27964
26139,34.644036,35.990556,40.991916,40.116678,39.328002,39.318384,39.81852,40.8765,39.491508,38.52009,41.40549,37.94301,38.750922,38.510472,39.28953,41.30931,41.241984,43.213674,39.222204,37.587144,39.328002,37.212042,37.183188,37.26975,38.27964
26141,34.644036,35.990556,40.991916,40.116678,39.328002,39.318384,39.81852,40.8765,39.491508,38.52009,41.40549,37.94301,38.750922,38.510472,39.28953,41.30931,41.241984,43.213674,39.222204,37.587144,39.328002,37.212042,37.183188,37.26975,38.27964
26143,34.644036,35.990556,40.991916,40.116678,39.328002,39.318384,39.81852,40.8765,39.491508,38.52009,41.40549,37.94301,38.750922,38.510472,39.28953,41.30931,41.241984,43.213674,39.222204,37.587144,39.328002,37.212042,37.183188,37.26975,38.27964
26145,34.644036,35.990556,40.991916,40.116678,39.328002,39.318384,39.81852,40.8765,39.491508,38.52009,41.40549,37.94301,38.750922,38.510472,39.28953,41.30931,41.241984,43.213674,39.222204,37.587144,39.328002,37.212042,37.183188,37.26975,38.27964
26147,34.644036,35.990556,40.991916,40.116678,39.328002,39.318384,39.81852,40.8765,39.491508,38.52009,41.40549,37.94301,38.750922,38.510472,39.28953,41.30931,41.241984,43.213674,39.222204,37.587144,39.328002,37.212042,37.183188,37.26975,38.27964
26149,34.644036,35.990556,40.991916,40.116678,39.328002,39.318384,39.81852,40.8765,39.491508,38.52009,41.40549,37.94301,38.750922,38.510472,39.28953,41.30931,41.241984,43.213674,39.222204,37.587144,39.328002,37.212042,37.183188,37.26975,38.27964
26151,34.644036,35.990556,40.991916,40.116678,39.328002,39.318384,39.81852,40.8765,39.491508,38.52009,41.40549,37.94301,38.750922,38.510472,39.28953,41.30931,41.241984,43.213674,39.222204,37.587144,39.328002,37.212042,37.183188,37.26975,38.27964
26153,34.644036,35.990556,40.991916,40.116678,39.328002,39.318384,39.81852,40.8765,39.491508,38.52009,41.40549,37.94301,38.750922,38.510472,39.28953,41.30931,41.241984,43.213674,39.222204,37.587144,39.328002,37.212042,37.183188,37.26975,38.27964
26155,34.644036,35.990556,40.991916,40.116678,39.328002,39.318384,39.81852,40.8765,39.491508,38.52009,41.40549,37.94301,38.750922,38.510472,39.28953,41.30931,41.241984,43.213674,39.222204,37.587144,39.328002,37.212042,37.183188,37.26975,38.27964
26157,34.644036,35.990556,40.991916,40.116678,39.328002,39.318384,39.81852,40.8765,39.491508,38.52009,41.40549,37.94301,38.750922,38.510472,39.28953,41.30931,41.241984,43.213674,39.222204,37.587144,39.328002,37.212042,37.183188,37.26975,38.27964
26159,34.644036,35.990556,40.991916,40.116678,39.328002,39.318384,39.81852,40.8765,39.491508,38.52009,41.40549,37.94301,38.750922,38.510472,39.28953,41.30931,41.241984,43.213674,39.222204,37.587144,39.328002,37.212042,37.183188,37.26975,38.27964
26161,34.644036,35.990556,40.991916,40.116678,39.328002,39.318384,39.81852,40.8765,39.491508,38.52009,41.40549,37.94301,38.750922,38.510472,39.28953,41.30931,41.241984,43.213674,39.222204,37.587144,39.328002,37.212042,37.183188,37.26975,38.27964
26163,34.644036,35.990556,40.991916,40.116678,39.328002,39.318384,39.81852,40.8765,39.491508,38.52009,41.40549,37.94301,38.750922,38.510472,39.28953,41.30931,41.241984,43.213674,39.222204,37.587144,39.328002,37.212042,37.183188,37.26975,38.27964
26165,34.644036,35.990556,40.991916,40.116678,39.328002,39.318384,39.81852,40.8765,39.491508,38.52009,41.40549,37.94301,38.750922,38.510472,39.28953,41.30931,41.241984,43.213674,39.222204,37.587144,39.328002,37.212042,37.183188,37.26975,38.27964
27001,34.644036,35.990556,40.991916,40.116678,39.328002,39.318384,39.81852,40.8765,39.491508,38.52009,41.40549,37.94301,38.750922,38.510472,39.28953,41.30931,41.241984,43.213674,39.222204,37.587144,39.328002,37.212042,37.183188,37.26975,38.27964
27003,34.644036,35.990556,40.991916,40.116678,39.328002,39.318384,39.81852,40.8765,39.491508,38.52009,41.40549,37.94301,38.750922,38.510472,39.28953,41.30931,41.241984,43.213674,39.222204,37.587144,39.328002,37.212042,37.183188,37.26975,38.27964
27005,34.644036,35.990556,40.991916,40.116678,39.328002,39.318384,39.81852,40.8765,39.491508,38.52009,41.40549,37.94301,38.750922,38.510472,39.28953,41.30931,41.241984,43.213674,39.222204,37.587144,39.328002,37.212042,37.183188,37.26975,38.27964
27007,34.644036,35.990556,40.991916,40.116678,39.328002,39.318384,39.81852,40.8765,39.491508,38.52009,41.40549,37.94301,38.750922,38.510472,39.28953,41.30931,41.241984,43.213674,39.222204,37.587144,39.328002,37.212042,37.183188,37.26975,38.27964
27009,34.644036,35.990556,40.991916,40.116678,39.328002,39.318384,39.81852,40.8765,39.491508,38.52009,41.40549,37.94301,38.750922,38.510472,39.28953,41.30931,41.241984,43.213674,39.222204,37.587144,39.328002,37.212042,37.183188,37.26975,38.27964
27011,34.644036,35.990556,40.991916,40.116678,39.328002,39.318384,39.81852,40.8765,39.491508,38.52009,41.40549,37.94301,38.750922,38.510472,39.28953,41.30931,41.241984,43.213674,39.222204,37.587144,39.328002,37.212042,37.183188,37.26975,38.27964
27013,34.644036,35.990556,40.991916,40.116678,39.328002,39.318384,39.81852,40.8765,39.491508,38.52009,41.40549,37.94301,38.750922,38.510472,39.28953,41.30931,41.241984,43.213674,39.222204,37.587144,39.328002,37.212042,37.183188,37.26975,38.27964
27015,34.644036,35.990556,40.991916,40.116678,39.328002,39.318384,39.81852,40.8765,39.491508,38.52009,41.40549,37.94301,38.750922,38.510472,39.28953,41.30931,41.241984,43.213674,39.222204,37.587144,39.328002,37.212042,37.183188,37.26975,38.27964
27017,34.644036,35.990556,40.991916,40.116678,39.328002,39.318384,39.81852,40.8765,39.491508,38.52009,41.40549,37.94301,38.750922,38.510472,39.28953,41.30931,41.241984,43.213674,39.222204,37.587144,39.328002,37.212042,37.183188,37.26975,38.27964
27019,34.644036,35.990556,40.991916,40.116678,39.328002,39.318384,39.81852,40.8765,39.491508,38.52009,41.40549,37.94301,38.750922,38.510472,39.28953,41.30931,41.241984,43.213674,39.222204,37.587144,39.328002,37.212042,37.183188,37.26975,38.27964
27021,34.644036,35.990556,40.991916,40.116678,39.328002,39.318384,39.81852,40.8765,39.491508,38.52009,41.40549,37.94301,38.750922,38.510472,39.28953,41.30931,41.241984,43.213674,39.222204,37.587144,39.328002,37.212042,37.183188,37.26975,38.27964
27023,34.644036,35.990556,40.991916,40.116678,39.328002,39.318384,39.81852,40.8765,39.491508,38.52009,41.40549,37.94301,38.750922,38.510472,39.28953,41.30931,41.241984,43.213674,39.222204,37.587144,39.328002,37.212042,37.183188,37.26975,38.27964
27025,34.644036,35.990556,40.991916,40.116678,39.328002,39.318384,39.81852,40.8765,39.491508,38.52009,41.40549,37.94301,38.750922,38.510472,39.28953,41.30931,41.241984,43.213674,39.222204,37.587144,39.328002,37.212042,37.183188,37.26975,38.27964
27027,34.644036,35.990556,40.991916,40.116678,39.328002,39.318384,39.81852,40.8765,39.491508,38.52009,41.40549,37.94301,38.750922,38.510472,39.28953,41.30931,41.241984,43.213674,39.222204,37.587144,39.328002,37.212042,37.183188,37.26975,38.27964
27029,34.644036,35.990556,40.991916,40.116678,39.328002,39.318384,39.81852,40.8765,39.491508,38.52009,41.40549,37.94301,38.750922,38.510472,39.28953,41.30931,41.241984,43.213674,39.222204,37.587144,39.328002,37.212042,37.183188,37.26975,38.27964
27031,34.644036,35.990556,40.991916,40.116678,39.328002,39.318384,39.81852,40.8765,39.491508,38.52009,41.40549,37.94301,38.750922,38.510472,39.28953,41.30931,41.241984,43.213674,39.222204,37.587144,39.328002,37.212042,37.183188,37.26975,38.27964
27033,34.644036,35.990556,40.991916,40.116678,39.328002,39.318384,39.81852,40.8765,39.491508,38.52009,41.40549,37.94301,38.750922,38.510472,39.28953,41.30931,41.241984,43.213674,39.222204,37.587144,39.328002,37.212042,37.183188,37.26975,38.27964
27035,34.644036,35.990556,40.991916,40.116678,39.328002,39.318384,39.81852,40.8765,39.491508,38.52009,41.40549,37.94301,38.750922,38.510472,39.28953,41.30931,41.241984,43.213674,39.222204,37.587144,39.328002,37.212042,37.183188,37.26975,38.27964
27037,34.644036,35.990556,40.991916,40.116678,39.328002,39.318384,39.81852,40.8765,39.491508,38.52009,41.40549,37.94301,38.750922,38.510472,39.28953,41.30931,41.241984,43.213674,39.222204,37.587144,39.328002,37.212042,37.183188,37.26975,38.27964
27039,34.644036,35.990556,40.991916,40.116678,39.328002,39.318384,39.81852,40.8765,39.491508,38.52009,41.40549,37.94301,38.750922,38.510472,39.28953,41.30931,41.241984,43.213674,39.222204,37.587144,39.328002,37.212042,37.183188,37.26975,38.27964
27041,34.644036,35.990556,40.991916,40.116678,39.328002,39.318384,39.81852,40.8765,39.491508,38.52009,41.40549,37.94301,38.750922,38.510472,39.28953,41.30931,41.241984,43.213674,39.222204,37.587144,39.328002,37.212042,37.183188,37.26975,38.27964
27043,34.644036,35.990556,40.991916,40.116678,39.328002,39.318384,39.81852,40.8765,39.491508,38.52009,41.40549,37.94301,38.750922,38.510472,39.28953,41.30931,41.241984,43.213674,39.222204,37.587144,39.328002,37.212042,37.183188,37.26975,38.27964
27045,34.644036,35.990556,40.991916,40.116678,39.328002,39.318384,39.81852,40.8765,39.491508,38.52009,41.40549,37.94301,38.750922,38.510472,39.28953,41.30931,41.241984,43.213674,39.222204,37.587144,39.328002,37.212042,37.183188,37.26975,38.27964
27047,34.644036,35.990556,40.991916,40.116678,39.328002,39.318384,39.81852,40.8765,39.491508,38.52009,41.40549,37.94301,38.750922,38.510472,39.28953,41.30931,41.241984,43.213674,39.222204,37.587144,39.328002,37.212042,37.183188,37.26975,38.27964
27049,34.644036,35.990556,40.991916,40.116678,39.328002,39.318384,39.81852,40.8765,39.491508,38.52009,41.40549,37.94301,38.750922,38.510472,39.28953,41.30931,41.241984,43.213674,39.222204,37.587144,39.328002,37.212042,37.183188,37.26975,38.27964
27051,34.644036,35.990556,40.991916,40.116678,39.328002,39.318384,39.81852,40.8765,39.491508,38.52009,41.40549,37.94301,38.750922,38.510472,39.28953,41.30931,41.241984,43.213674,39.222204,37.587144,39.328002,37.212042,37.183188,37.26975,38.27964
27053,34.644036,35.990556,40.991916,40.116678,39.328002,39.318384,39.81852,40.8765,39.491508,38.52009,41.40549,37.94301,38.750922,38.510472,39.28953,41.30931,41.241984,43.213674,39.222204,37.587144,39.328002,37.212042,37.183188,37.26975,38.27964
27055,34.644036,35.990556,40.991916,40.116678,39.328002,39.318384,39.81852,40.8765,39.491508,38.52009,41.40549,37.94301,38.750922,38.510472,39.28953,41.30931,41.241984,43.213674,39.222204,37.587144,39.328002,37.212042,37.183188,37.26975,38.27964
27057,34.644036,35.990556,40.991916,40.116678,39.328002,39.318384,39.81852,40.8765,39.491508,38.52009,41.40549,37.94301,38.750922,38.510472,39.28953,41.30931,41.241984,43.213674,39.222204,37.587144,39.328002,37.212042,37.183188,37.26975,38.27964
27059,34.644036,35.990556,40.991916,40.116678,39.328002,39.318384,39.81852,40.8765,39.491508,38.52009,41.40549,37.94301,38.750922,38.510472,39.28953,41.30931,41.241984,43.213674,39.222204,37.587144,39.328002,37.212042,37.183188,37.26975,38.27964
27061,34.644036,35.990556,40.991916,40.116678,39.328002,39.318384,39.81852,40.8765,39.491508,38.52009,41.40549,37.94301,38.750922,38.510472,39.28953,41.30931,41.241984,43.213674,39.222204,37.587144,39.328002,37.212042,37.183188,37.26975,38.27964
27063,34.644036,35.990556,40.991916,40.116678,39.328002,39.318384,39.81852,40.8765,39.491508,38.52009,41.40549,37.94301,38.750922,38.510472,39.28953,41.30931,41.241984,43.213674,39.222204,37.587144,39.328002,37.212042,37.183188,37.26975,38.27964
27065,34.644036,35.990556,40.991916,40.116678,39.328002,39.318384,39.81852,40.8765,39.491508,38.52009,41.40549,37.94301,38.750922,38.510472,39.28953,41.30931,41.241984,43.213674,39.222204,37.587144,39.328002,37.212042,37.183188,37.26975,38.27964
27067,34.644036,35.990556,40.991916,40.116678,39.328002,39.318384,39.81852,40.8765,39.491508,38.52009,41.40549,37.94301,38.750922,38.510472,39.28953,41.30931,41.241984,43.213674,39.222204,37.587144,39.328002,37.212042,37.183188,37.26975,38.27964
27069,34.644036,35.990556,40.991916,40.116678,39.328002,39.318384,39.81852,40.8765,39.491508,38.52009,41.40549,37.94301,38.750922,38.510472,39.28953,41.30931,41.241984,43.213674,39.222204,37.587144,39.328002,37.212042,37.183188,37.26975,38.27964
27071,34.644036,35.990556,40.991916,40.116678,39.328002,39.318384,39.81852,40.8765,39.491508,38.52009,41.40549,37.94301,38.750922,38.510472,39.28953,41.30931,41.241984,43.213674,39.222204,37.587144,39.328002,37.212042,37.183188,37.26975,38.27964
27073,34.644036,35.990556,40.991916,40.116678,39.328002,39.318384,39.81852,40.8765,39.491508,38.52009,41.40549,37.94301,38.750922,38.510472,39.28953,41.30931,41.241984,43.213674,39.222204,37.587144,39.328002,37.212042,37.183188,37.26975,38.27964
27075,34.644036,35.990556,40.991916,40.116678,39.328002,39.318384,39.81852,40.8765,39.491508,38.52009,41.40549,37.94301,38.750922,38.510472,39.28953,41.30931,41.241984,43.213674,39.222204,37.587144,39.328002,37.212042,37.183188,37.26975,38.27964
27077,34.644036,35.990556,40.991916,40.116678,39.328002,39.318384,39.81852,40.8765,39.491508,38.52009,41.40549,37.94301,38.750922,38.510472,39.28953,41.30931,41.241984,43.213674,39.222204,37.587144,39.328002,37.212042,37.183188,37.26975,38.27964
27079,34.644036,35.990556,40.991916,40.116678,39.328002,39.318384,39.81852,40.8765,39.491508,38.52009,41.40549,37.94301,38.750922,38.510472,39.28953,41.30931,41.241984,43.213674,39.222204,37.587144,39.328002,37.212042,37.183188,37.26975,38.27964
27081,34.644036,35.990556,40.991916,40.116678,39.328002,39.318384,39.81852,40.8765,39.491508,38.52009,41.40549,37.94301,38.750922,38.510472,39.28953,41.30931,41.241984,43.213674,39.222204,37.587144,39.328002,37.212042,37.183188,37.26975,38.27964
27083,34.644036,35.990556,40.991916,40.116678,39.328002,39.318384,39.81852,40.8765,39.491508,38.52009,41.40549,37.94301,38.750922,38.510472,39.28953,41.30931,41.241984,43.213674,39.222204,37.587144,39.328002,37.212042,37.183188,37.26975,38.27964
27085,34.644036,35.990556,40.991916,40.116678,39.328002,39.318384,39.81852,40.8765,39.491508,38.52009,41.40549,37.94301,38.750922,38.510472,39.28953,41.30931,41.241984,43.213674,39.222204,37.587144,39.328002,37.212042,37.183188,37.26975,38.27964
27087,34.644036,35.990556,40.991916,40.116678,39.328002,39.318384,39.81852,40.8765,39.491508,38.52009,41.40549,37.94301,38.750922,38.510472,39.28953,41.30931,41.241984,43.213674,39.222204,37.587144,39.328002,37.212042,37.183188,37.26975,38.27964
27089,34.644036,35.990556,40.991916,40.116678,39.328002,39.318384,39.81852,40.8765,39.491508,38.52009,41.40549,37.94301,38.750922,38.510472,39.28953,41.30931,41.241984,43.213674,39.222204,37.587144,39.328002,37.212042,37.183188,37.26975,38.27964
27091,34.644036,35.990556,40.991916,40.116678,39.328002,39.318384,39.81852,40.8765,39.491508,38.52009,41.40549,37.94301,38.750922,38.510472,39.28953,41.30931,41.241984,43.213674,39.222204,37.587144,39.328002,37.212042,37.183188,37.26975,38.27964
27093,34.644036,35.990556,40.991916,40.116678,39.328002,39.318384,39.81852,40.8765,39.491508,38.52009,41.40549,37.94301,38.750922,38.510472,39.28953,41.30931,41.241984,43.213674,39.222204,37.587144,39.328002,37.212042,37.183188,37.26975,38.27964
27095,34.644036,35.990556,40.991916,40.116678,39.328002,39.318384,39.81852,40.8765,39.491508,38.52009,41.40549,37.94301,38.750922,38.510472,39.28953,41.30931,41.241984,43.213674,39.222204,37.587144,39.328002,37.212042,37.183188,37.26975,38.27964
27097,34.644036,35.990556,40.991916,40.116678,39.328002,39.318384,39.81852,40.8765,39.491508,38.52009,41.40549,37.94301,38.750922,38.510472,39.28953,41.30931,41.241984,43.213674,39.222204,37.587144,39.328002,37.212042,37.183188,37.26975,38.27964
27099,34.644036,35.990556,40.991916,40.116678,39.328002,39.318384,39.81852,40.8765,39.491508,38.52009,41.40549,37.94301,38.750922,38.510472,39.28953,41.30931,41.241984,43.213674,39.222204,37.587144,39.328002,37.212042,37.183188,37.26975,38.27964
27101,34.644036,35.990556,40.991916,40.116678,39.328002,39.318384,39.81852,40.8765,39.491508,38.52009,41.40549,37.94301,38.750922,38.510472,39.28953,41.30931,41.241984,43.213674,39.222204,37.587144,39.328002,37.212042,37.183188,37.26975,38.27964
27103,34.644036,35.990556,40.991916,40.116678,39.328002,39.318384,39.81852,40.8765,39.491508,38.52009,41.40549,37.94301,38.750922,38.510472,39.28953,41.30931,41.241984,43.213674,39.222204,37.587144,39.328002,37.212042,37.183188,37.26975,38.27964
27105,34.644036,35.990556,40.991916,40.116678,39.328002,39.318384,39.81852,40.8765,39.491508,38.52009,41.40549,37.94301,38.750922,38.510472,39.28953,41.30931,41.241984,43.213674,39.222204,37.587144,39.328002,37.212042,37.183188,37.26975,38.27964
27107,34.644036,35.990556,40.991916,40.116678,39.328002,39.318384,39.81852,40.8765,39.491508,38.52009,41.40549,37.94301,38.750922,38.510472,39.28953,41.30931,41.241984,43.213674,39.222204,37.587144,39.328002,37.212042,37.183188,37.26975,38.27964
27109,34.644036,35.990556,40.991916,40.116678,39.328002,39.318384,39.81852,40.8765,39.491508,38.52009,41.40549,37.94301,38.750922,38.510472,39.28953,41.30931,41.241984,43.213674,39.222204,37.587144,39.328002,37.212042,37.183188,37.26975,38.27964
27111,34.644036,35.990556,40.991916,40.116678,39.328002,39.318384,39.81852,40.8765,39.491508,38.52009,41.40549,37.94301,38.750922,38.510472,39.28953,41.30931,41.241984,43.213674,39.222204,37.587144,39.328002,37.212042,37.183188,37.26975,38.27964
27113,34.644036,35.990556,40.991916,40.116678,39.328002,39.318384,39.81852,40.8765,39.491508,38.52009,41.40549,37.94301,38.750922,38.510472,39.28953,41.30931,41.241984,43.213674,39.222204,37.587144,39.328002,37.212042,37.183188,37.26975,38.27964
27115,34.644036,35.990556,40.991916,40.116678,39.328002,39.318384,39.81852,40.8765,39.491508,38.52009,41.40549,37.94301,38.750922,38.510472,39.28953,41.30931,41.241984,43.213674,39.222204,37.587144,39.328002,37.212042,37.183188,37.26975,38.27964
27117,34.644036,35.990556,40.991916,40.116678,39.328002,39.318384,39.81852,40.8765,39.491508,38.52009,41.40549,37.94301,38.750922,38.510472,39.28953,41.30931,41.241984,43.213674,39.222204,37.587144,39.328002,37.212042,37.183188,37.26975,38.27964
27119,34.644036,35.990556,40.991916,40.116678,39.328002,39.318384,39.81852,40.8765,39.491508,38.52009,41.40549,37.94301,38.750922,38.510472,39.28953,41.30931,41.241984,43.213674,39.222204,37.587144,39.328002,37.212042,37.183188,37.26975,38.27964
27121,34.644036,35.990556,40.991916,40.116678,39.328002,39.318384,39.81852,40.8765,39.491508,38.52009,41.40549,37.94301,38.750922,38.510472,39.28953,41.30931,41.241984,43.213674,39.222204,37.587144,39.328002,37.212042,37.183188,37.26975,38.27964
27123,34.644036,35.990556,40.991916,40.116678,39.328002,39.318384,39.81852,40.8765,39.491508,38.52009,41.40549,37.94301,38.750922,38.510472,39.28953,41.30931,41.241984,43.213674,39.222204,37.587144,39.328002,37.212042,37.183188,37.26975,38.27964
27125,34.644036,35.990556,40.991916,40.116678,39.328002,39.318384,39.81852,40.8765,39.491508,38.52009,41.40549,37.94301,38.750922,38.510472,39.28953,41.30931,41.241984,43.213674,39.222204,37.587144,39.328002,37.212042,37.183188,37.26975,38.27964
27127,34.644036,35.990556,40.991916,40.116678,39.328002,39.318384,39.81852,40.8765,39.491508,38.52009,41.40549,37.94301,38.750922,38.510472,39.28953,41.30931,41.241984,43.213674,39.222204,37.587144,39.328002,37.212042,37.183188,37.26975,38.27964
27129,34.644036,35.990556,40.991916,40.116678,39.328002,39.318384,39.81852,40.8765,39.491508,38.52009,41.40549,37.94301,38.750922,38.510472,39.28953,41.30931,41.241984,43.213674,39.222204,37.587144,39.328002,37.212042,37.183188,37.26975,38.27964
27131,34.644036,35.990556,40.991916,40.116678,39.328002,39.318384,39.81852,40.8765,39.491508,38.52009,41.40549,37.94301,38.750922,38.510472,39.28953,41.30931,41.241984,43.213674,39.222204,37.587144,39.328002,37.212042,37.183188,37.26975,38.27964
27133,34.644036,35.990556,40.991916,40.116678,39.328002,39.318384,39.81852,40.8765,39.491508,38.52009,41.40549,37.94301,38.750922,38.510472,39.28953,41.30931,41.241984,43.213674,39.222204,37.587144,39.328002,37.212042,37.183188,37.26975,38.27964
27135,34.644036,35.990556,40.991916,40.116678,39.328002,39.318384,39.81852,40.8765,39.491508,38.52009,41.40549,37.94301,38.750922,38.510472,39.28953,41.30931,41.241984,43.213674,39.222204,37.587144,39.328002,37.212042,37.183188,37.26975,38.27964
27137,34.644036,35.990556,40.991916,40.116678,39.328002,39.318384,39.81852,40.8765,39.491508,38.52009,41.40549,37.94301,38.750922,38.510472,39.28953,41.30931,41.241984,43.213674,39.222204,37.587144,39.328002,37.212042,37.183188,37.26975,38.27964
27139,34.644036,35.990556,40.991916,40.116678,39.328002,39.318384,39.81852,40.8765,39.491508,38.52009,41.40549,37.94301,38.750922,38.510472,39.28953,41.30931,41.241984,43.213674,39.222204,37.587144,39.328002,37.212042,37.183188,37.26975,38.27964
27141,34.644036,35.990556,40.991916,40.116678,39.328002,39.318384,39.81852,40.8765,39.491508,38.52009,41.40549,37.94301,38.750922,38.510472,39.28953,41.30931,41.241984,43.213674,39.222204,37.587144,39.328002,37.212042,37.183188,37.26975,38.27964
27143,34.644036,35.990556,40.991916,40.116678,39.328002,39.318384,39.81852,40.8765,39.491508,38.52009,41.40549,37.94301,38.750922,38.510472,39.28953,41.30931,41.241984,43.213674,39.222204,37.587144,39.328002,37.212042,37.183188,37.26975,38.27964
27145,34.644036,35.990556,40.991916,40.116678,39.328002,39.318384,39.81852,40.8765,39.491508,38.52009,41.40549,37.94301,38.750922,38.510472,39.28953,41.30931,41.241984,43.213674,39.222204,37.587144,39.328002,37.212042,37.183188,37.26975,38.27964
27147,34.644036,35.990556,40.991916,40.116678,39.328002,39.318384,39.81852,40.8765,39.491508,38.52009,41.40549,37.94301,38.750922,38.510472,39.28953,41.30931,41.241984,43.213674,39.222204,37.587144,39.328002,37.212042,37.183188,37.26975,38.27964
27149,34.644036,35.990556,40.991916,40.116678,39.328002,39.318384,39.81852,40.8765,39.491508,38.52009,41.40549,37.94301,38.750922,38.510472,39.28953,41.30931,41.241984,43.213674,39.222204,37.587144,39.328002,37.212042,37.183188,37.26975,38.27964
27151,34.644036,35.990556,40.991916,40.116678,39.328002,39.318384,39.81852,40.8765,39.491508,38.52009,41.40549,37.94301,38.750922,38.510472,39.28953,41.30931,41.241984,43.213674,39.222204,37.587144,39.328002,37.212042,37.183188,37.26975,38.27964
27153,34.644036,35.990556,40.991916,40.116678,39.328002,39.318384,39.81852,40.8765,39.491508,38.52009,41.40549,37.94301,38.750922,38.510472,39.28953,41.30931,41.241984,43.213674,39.222204,37.587144,39.328002,37.212042,37.183188,37.26975,38.27964
27155,34.644036,35.990556,40.991916,40.116678,39.328002,39.318384,39.81852,40.8765,39.491508,38.52009,41.40549,37.94301,38.750922,38.510472,39.28953,41.30931,41.241984,43.213674,39.222204,37.587144,39.328002,37.212042,37.183188,37.26975,38.27964
27157,34.644036,35.990556,40.991916,40.116678,39.328002,39.318384,39.81852,40.8765,39.491508,38.52009,41.40549,37.94301,38.750922,38.510472,39.28953,41.30931,41.241984,43.213674,39.222204,37.587144,39.328002,37.212042,37.183188,37.26975,38.27964
27159,34.644036,35.990556,40.991916,40.116678,39.328002,39.318384,39.81852,40.8765,39.491508,38.52009,41.40549,37.94301,38.750922,38.510472,39.28953,41.30931,41.241984,43.213674,39.222204,37.587144,39.328002,37.212042,37.183188,37.26975,38.27964
27161,34.644036,35.990556,40.991916,40.116678,39.328002,39.318384,39.81852,40.8765,39.491508,38.52009,41.40549,37.94301,38.750922,38.510472,39.28953,41.30931,41.241984,43.213674,39.222204,37.587144,39.328002,37.212042,37.183188,37.26975,38.27964
27163,34.644036,35.990556,40.991916,40.116678,39.328002,39.318384,39.81852,40.8765,39.491508,38.52009,41.40549,37.94301,38.750922,38.510472,39.28953,41.30931,41.241984,43.213674,39.222204,37.587144,39.328002,37.212042,37.183188,37.26975,38.27964
27165,34.644036,35.990556,40.991916,40.116678,39.328002,39.318384,39.81852,40.8765,39.491508,38.52009,41.40549,37.94301,38.750922,38.510472,39.28953,41.30931,41.241984,43.213674,39.222204,37.587144,39.328002,37.212042,37.183188,37.26975,38.27964
27167,34.644036,35.990556,40.991916,40.116678,39.328002,39.318384,39.81852,40.8765,39.491508,38.52009,41.40549,37.94301,38.750922,38.510472,39.28953,41.30931,41.241984,43.213674,39.222204,37.587144,39.328002,37.212042,37.183188,37.26975,38.27964
27169,34.644036,35.990556,40.991916,40.116678,39.328002,39.318384,39.81852,40.8765,39.491508,38.52009,41.40549,37.94301,38.750922,38.510472,39.28953,41.30931,41.241984,43.213674,39.222204,37.587144,39.328002,37.212042,37.183188,37.26975,38.27964
27171,34.644036,35.990556,40.991916,40.116678,39.328002,39.318384,39.81852,40.8765,39.491508,38.52009,41.40549,37.94301,38.750922,38.510472,39.28953,41.30931,41.241984,43.213674,39.222204,37.587144,39.328002,37.212042,37.183188,37.26975,38.27964
27173,34.644036,35.990556,40.991916,40.116678,39.328002,39.318384,39.81852,40.8765,39.491508,38.52009,41.40549,37.94301,38.750922,38.510472,39.28953,41.30931,41.241984,43.213674,39.222204,37.587144,39.328002,37.212042,37.183188,37.26975,38.27964
28001,34.644036,35.990556,40.991916,40.116678,39.328002,39.318384,39.81852,40.8765,39.491508,38.52009,41.40549,37.94301,38.750922,38.510472,39.28953,41.30931,41.241984,43.213674,39.222204,37.587144,39.328002,37.212042,37.183188,37.26975,38.27964
28003,34.644036,35.990556,40.991916,40.116678,39.328002,39.318384,39.81852,40.8765,39.491508,38.52009,41.40549,37.94301,38.750922,38.510472,39.28953,41.30931,41.241984,43.213674,39.222204,37.587144,39.328002,37.212042,37.183188,37.26975,38.27964
28005,34.644036,35.990556,40.991916,40.116678,39.328002,39.318384,39.81852,40.8765,39.491508,38.52009,41.40549,37.94301,38.750922,38.510472,39.28953,41.30931,41.241984,43.213674,39.222204,37.587144,39.328002,37.212042,37.183188,37.26975,38.27964
28007,34.644036,35.990556,40.991916,40.116678,39.328002,39.318384,39.81852,40.8765,39.491508,38.52009,41.40549,37.94301,38.750922,38.510472,39.28953,41.30931,41.241984,43.213674,39.222204,37.587144,39.328002,37.212042,37.183188,37.26975,38.27964
28009,34.644036,35.990556,40.991916,40.116678,39.328002,39.318384,39.81852,40.8765,39.491508,38.52009,41.40549,37.94301,38.750922,38.510472,39.28953,41.30931,41.241984,43.213674,39.222204,37.587144,39.328002,37.212042,37.183188,37.26975,38.27964
28011,34.644036,35.990556,40.991916,40.116678,39.328002,39.318384,39.81852,40.8765,39.491508,38.52009,41.40549,37.94301,38.750922,38.510472,39.28953,41.30931,41.241984,43.213674,39.222204,37.587144,39.328002,37.212042,37.183188,37.26975,38.27964
28013,34.644036,35.990556,40.991916,40.116678,39.328002,39.318384,39.81852,40.8765,39.491508,38.52009,41.40549,37.94301,38.750922,38.510472,39.28953,41.30931,41.241984,43.213674,39.222204,37.587144,39.328002,37.212042,37.183188,37.26975,38.27964
28015,34.644036,35.990556,40.991916,40.116678,39.328002,39.318384,39.81852,40.8765,39.491508,38.52009,41.40549,37.94301,38.750922,38.510472,39.28953,41.30931,41.241984,43.213674,39.222204,37.587144,39.328002,37.212042,37.183188,37.26975,38.27964
28017,34.644036,35.990556,40.991916,40.116678,39.328002,39.318384,39.81852,40.8765,39.491508,38.52009,41.40549,37.94301,38.750922,38.510472,39.28953,41.30931,41.241984,43.213674,39.222204,37.587144,39.328002,37.212042,37.183188,37.26975,38.27964
28019,34.644036,35.990556,40.991916,40.116678,39.328002,39.318384,39.81852,40.8765,39.491508,38.52009,41.40549,37.94301,38.750922,38.510472,39.28953,41.30931,41.241984,43.213674,39.222204,37.587144,39.328002,37.212042,37.183188,37.26975,38.27964
28021,34.644036,35.990556,40.991916,40.116678,39.328002,39.318384,39.81852,40.8765,39.491508,38.52009,41.40549,37.94301,38.750922,38.510472,39.28953,41.30931,41.241984,43.213674,39.222204,37.587144,39.328002,37.212042,37.183188,37.26975,38.27964
28023,34.644036,35.990556,40.991916,40.116678,39.328002,39.318384,39.81852,40.8765,39.491508,38.52009,41.40549,37.94301,38.750922,38.510472,39.28953,41.30931,41.241984,43.213674,39.222204,37.587144,39.328002,37.212042,37.183188,37.26975,38.27964
28025,34.644036,35.990556,40.991916,40.116678,39.328002,39.318384,39.81852,40.8765,39.491508,38.52009,41.40549,37.94301,38.750922,38.510472,39.28953,41.30931,41.241984,43.213674,39.222204,37.587144,39.328002,37.212042,37.183188,37.26975,38.27964
28027,34.644036,35.990556,40.991916,40.116678,39.328002,39.318384,39.81852,40.8765,39.491508,38.52009,41.40549,37.94301,38.750922,38.510472,39.28953,41.30931,41.241984,43.213674,39.222204,37.587144,39.328002,37.212042,37.183188,37.26975,38.27964
28029,34.644036,35.990556,40.991916,40.116678,39.328002,39.318384,39.81852,40.8765,39.491508,38.52009,41.40549,37.94301,38.750922,38.510472,39.28953,41.30931,41.241984,43.213674,39.222204,37.587144,39.328002,37.212042,37.183188,37.26975,38.27964
28031,34.644036,35.990556,40.991916,40.116678,39.328002,39.318384,39.81852,40.8765,39.491508,38.52009,41.40549,37.94301,38.750922,38.510472,39.28953,41.30931,41.241984,43.213674,39.222204,37.587144,39.328002,37.212042,37.183188,37.26975,38.27964
28033,34.644036,35.990556,40.991916,40.116678,39.328002,39.318384,39.81852,40.8765,39.491508,38.52009,41.40549,37.94301,38.750922,38.510472,39.28953,41.30931,41.241984,43.213674,39.222204,37.587144,39.328002,37.212042,37.183188,37.26975,38.27964
28035,34.644036,35.990556,40.991916,40.116678,39.328002,39.318384,39.81852,40.8765,39.491508,38.52009,41.40549,37.94301,38.750922,38.510472,39.28953,41.30931,41.241984,43.213674,39.222204,37.587144,39.328002,37.212042,37.183188,37.26975,38.27964
28037,34.644036,35.990556,40.991916,40.116678,39.328002,39.318384,39.81852,40.8765,39.491508,38.52009,41.40549,37.94301,38.750922,38.510472,39.28953,41.30931,41.241984,43.213674,39.222204,37.587144,39.328002,37.212042,37.183188,37.26975,38.27964
28039,34.644036,35.990556,40.991916,40.116678,39.328002,39.318384,39.81852,40.8765,39.491508,38.52009,41.40549,37.94301,38.750922,38.510472,39.28953,41.30931,41.241984,43.213674,39.222204,37.587144,39.328002,37.212042,37.183188,37.26975,38.27964
28041,34.644036,35.990556,40.991916,40.116678,39.328002,39.318384,39.81852,40.8765,39.491508,38.52009,41.40549,37.94301,38.750922,38.510472,39.28953,41.30931,41.241984,43.213674,39.222204,37.587144,39.328002,37.212042,37.183188,37.26975,38.27964
28043,34.644036,35.990556,40.991916,40.116678,39.328002,39.318384,39.81852,40.8765,39.491508,38.52009,41.40549,37.94301,38.750922,38.510472,39.28953,41.30931,41.241984,43.213674,39.222204,37.587144,39.328002,37.212042,37.183188,37.26975,38.27964
28045,34.644036,35.990556,40.991916,40.116678,39.328002,39.318384,39.81852,40.8765,39.491508,38.52009,41.40549,37.94301,38.750922,38.510472,39.28953,41.30931,41.241984,43.213674,39.222204,37.587144,39.328002,37.212042,37.183188,37.26975,38.27964
28047,34.644036,35.990556,40.991916,40.116678,39.328002,39.318384,39.81852,40.8765,39.491508,38.52009,41.40549,37.94301,38.750922,38.510472,39.28953,41.30931,41.241984,43.213674,39.222204,37.587144,39.328002,37.212042,37.183188,37.26975,38.27964
28049,34.644036,35.990556,40.991916,40.116678,39.328002,39.318384,39.81852,40.8765,39.491508,38.52009,41.40549,37.94301,38.750922,38.510472,39.28953,41.30931,41.241984,43.213674,39.222204,37.587144,39.328002,37.212042,37.183188,37.26975,38.27964
28051,34.644036,35.990556,40.991916,40.116678,39.328002,39.318384,39.81852,40.8765,39.491508,38.52009,41.40549,37.94301,38.750922,38.510472,39.28953,41.30931,41.241984,43.213674,39.222204,37.587144,39.328002,37.212042,37.183188,37.26975,38.27964
28053,34.644036,35.990556,40.991916,40.116678,39.328002,39.318384,39.81852,40.8765,39.491508,38.52009,41.40549,37.94301,38.750922,38.510472,39.28953,41.30931,41.241984,43.213674,39.222204,37.587144,39.328002,37.212042,37.183188,37.26975,38.27964
28055,34.644036,35.990556,40.991916,40.116678,39.328002,39.318384,39.81852,40.8765,39.491508,38.52009,41.40549,37.94301,38.750922,38.510472,39.28953,41.30931,41.241984,43.213674,39.222204,37.587144,39.328002,37.212042,37.183188,37.26975,38.27964
28057,34.644036,35.990556,40.991916,40.116678,39.328002,39.318384,39.81852,40.8765,39.491508,38.52009,41.40549,37.94301,38.750922,38.510472,39.28953,41.30931,41.241984,43.213674,39.222204,37.587144,39.328002,37.212042,37.183188,37.26975,38.27964
28059,34.644036,35.990556,40.991916,40.116678,39.328002,39.318384,39.81852,40.8765,39.491508,38.52009,41.40549,37.94301,38.750922,38.510472,39.28953,41.30931,41.241984,43.213674,39.222204,37.587144,39.328002,37.212042,37.183188,37.26975,38.27964
28061,34.644036,35.990556,40.991916,40.116678,39.328002,39.318384,39.81852,40.8765,39.491508,38.52009,41.40549,37.94301,38.750922,38.510472,39.28953,41.30931,41.241984,43.213674,39.222204,37.587144,39.328002,37.212042,37.183188,37.26975,38.27964
28063,34.644036,35.990556,40.991916,40.116678,39.328002,39.318384,39.81852,40.8765,39.491508,38.52009,41.40549,37.94301,38.750922,38.510472,39.28953,41.30931,41.241984,43.213674,39.222204,37.587144,39.328002,37.212042,37.183188,37.26975,38.27964
28065,34.644036,35.990556,40.991916,40.116678,39.328002,39.318384,39.81852,40.8765,39.491508,38.52009,41.40549,37.94301,38.750922,38.510472,39.28953,41.30931,41.241984,43.213674,39.222204,37.587144,39.328002,37.212042,37.183188,37.26975,38.27964
28067,34.644036,35.990556,40.991916,40.116678,39.328002,39.318384,39.81852,40.8765,39.491508,38.52009,41.40549,37.94301,38.750922,38.510472,39.28953,41.30931,41.241984,43.213674,39.222204,37.587144,39.328002,37.212042,37.183188,37.26975,38.27964
28069,34.644036,35.990556,40.991916,40.116678,39.328002,39.318384,39.81852,40.8765,39.491508,38.52009,41.40549,37.94301,38.750922,38.510472,39.28953,41.30931,41.241984,43.213674,39.222204,37.587144,39.328002,37.212042,37.183188,37.26975,38.27964
28071,34.644036,35.990556,40.991916,40.116678,39.328002,39.318384,39.81852,40.8765,39.491508,38.52009,41.40549,37.94301,38.750922,38.510472,39.28953,41.30931,41.241984,43.213674,39.222204,37.587144,39.328002,37.212042,37.183188,37.26975,38.27964
28073,34.644036,35.990556,40.991916,40.116678,39.328002,39.318384,39.81852,40.8765,39.491508,38.52009,41.40549,37.94301,38.750922,38.510472,39.28953,41.30931,41.241984,43.213674,39.222204,37.587144,39.328002,37.212042,37.183188,37.26975,38.27964
28075,34.644036,35.990556,40.991916,40.116678,39.328002,39.318384,39.81852,40.8765,39.491508,38.52009,41.40549,37.94301,38.750922,38.510472,39.28953,41.30931,41.241984,43.213674,39.222204,37.587144,39.328002,37.212042,37.183188,37.26975,38.27964
28077,34.644036,35.990556,40.991916,40.116678,39.328002,39.318384,39.81852,40.8765,39.491508,38.52009,41.40549,37.94301,38.750922,38.510472,39.28953,41.30931,41.241984,43.213674,39.222204,37.587144,39.328002,37.212042,37.183188,37.26975,38.27964
28079,34.644036,35.990556,40.991916,40.116678,39.328002,39.318384,39.81852,40.8765,39.491508,38.52009,41.40549,37.94301,38.750922,38.510472,39.28953,41.30931,41.241984,43.213674,39.222204,37.587144,39.328002,37.212042,37.183188,37.26975,38.27964
28081,34.644036,35.990556,40.991916,40.116678,39.328002,39.318384,39.81852,40.8765,39.491508,38.52009,41.40549,37.94301,38.750922,38.510472,39.28953,41.30931,41.241984,43.213674,39.222204,37.587144,39.328002,37.212042,37.183188,37.26975,38.27964
28083,34.644036,35.990556,40.991916,40.116678,39.328002,39.318384,39.81852,40.8765,39.491508,38.52009,41.40549,37.94301,38.750922,38.510472,39.28953,41.30931,41.241984,43.213674,39.222204,37.587144,39.328002,37.212042,37.183188,37.26975,38.27964
28085,34.644036,35.990556,40.991916,40.116678,39.328002,39.318384,39.81852,40.8765,39.491508,38.52009,41.40549,37.94301,38.750922,38.510472,39.28953,41.30931,41.241984,43.213674,39.222204,37.587144,39.328002,37.212042,37.183188,37.26975,38.27964
28087,34.644036,35.990556,40.991916,40.116678,39.328002,39.318384,39.81852,40.8765,39.491508,38.52009,41.40549,37.94301,38.750922,38.510472,39.28953,41.30931,41.241984,43.213674,39.222204,37.587144,39.328002,37.212042,37.183188,37.26975,38.27964
28089,34.644036,35.990556,40.991916,40.116678,39.328002,39.318384,39.81852,40.8765,39.491508,38.52009,41.40549,37.94301,38.750922,38.510472,39.28953,41.30931,41.241984,43.213674,39.222204,37.587144,39.328002,37.212042,37.183188,37.26975,38.27964
28091,34.644036,35.990556,40.991916,40.116678,39.328002,39.318384,39.81852,40.8765,39.491508,38.52009,41.40549,37.94301,38.750922,38.510472,39.28953,41.30931,41.241984,43.213674,39.222204,37.587144,39.328002,37.212042,37.183188,37.26975,38.27964
28093,34.644036,35.990556,40.991916,40.116678,39.328002,39.318384,39.81852,40.8765,39.491508,38.52009,41.40549,37.94301,38.750922,38.510472,39.28953,41.30931,41.241984,43.213674,39.222204,37.587144,39.328002,37.212042,37.183188,37.26975,38.27964
28095,34.644036,35.990556,40.991916,40.116678,39.328002,39.318384,39.81852,40.8765,39.491508,38.52009,41.40549,37.94301,38.750922,38.510472,39.28953,41.30931,41.241984,43.213674,39.222204,37.587144,39.328002,37.212042,37.183188,37.26975,38.27964
28097,34.644036,35.990556,40.991916,40.116678,39.328002,39.318384,39.81852,40.8765,39.491508,38.52009,41.40549,37.94301,38.750922,38.510472,39.28953,41.30931,41.241984,43.213674,39.222204,37.587144,39.328002,37.212042,37.183188,37.26975,38.27964
28099,34.644036,35.990556,40.991916,40.116678,39.328002,39.318384,39.81852,40.8765,39.491508,38.52009,41.40549,37.94301,38.750922,38.510472,39.28953,41.30931,41.241984,43.213674,39.222204,37.587144,39.328002,37.212042,37.183188,37.26975,38.27964
28101,34.644036,35.990556,40.991916,40.116678,39.328002,39.318384,39.81852,40.8765,39.491508,38.52009,41.40549,37.94301,38.750922,38.510472,39.28953,41.30931,41.241984,43.213674,39.222204,37.587144,39.328002,37.212042,37.183188,37.26975,38.27964
28103,34.644036,35.990556,40.991916,40.116678,39.328002,39.318384,39.81852,40.8765,39.491508,38.52009,41.40549,37.94301,38.750922,38.510472,39.28953,41.30931,41.241984,43.213674,39.222204,37.587144,39.328002,37.212042,37.183188,37.26975,38.27964
28105,34.644036,35.990556,40.991916,40.116678,39.328002,39.318384,39.81852,40.8765,39.491508,38.52009,41.40549,37.94301,38.750922,38.510472,39.28953,41.30931,41.241984,43.213674,39.222204,37.587144,39.328002,37.212042,37.183188,37.26975,38.27964
28107,34.644036,35.990556,40.991916,40.116678,39.328002,39.318384,39.81852,40.8765,39.491508,38.52009,41.40549,37.94301,38.750922,38.510472,39.28953,41.30931,41.241984,43.213674,39.222204,37.587144,39.328002,37.212042,37.183188,37.26975,38.27964
28109,34.644036,35.990556,40.991916,40.116678,39.328002,39.318384,39.81852,40.8765,39.491508,38.52009,41.40549,37.94301,38.750922,38.510472,39.28953,41.30931,41.241984,43.213674,39.222204,37.587144,39.328002,37.212042,37.183188,37.26975,38.27964
28111,34.644036,35.990556,40.991916,40.116678,39.328002,39.318384,39.81852,40.8765,39.491508,38.52009,41.40549,37.94301,38.750922,38.510472,39.28953,41.30931,41.241984,43.213674,39.222204,37.587144,39.328002,37.212042,37.183188,37.26975,38.27964
28113,34.644036,35.990556,40.991916,40.116678,39.328002,39.318384,39.81852,40.8765,39.491508,38.52009,41.40549,37.94301,38.750922,38.510472,39.28953,41.30931,41.241984,43.213674,39.222204,37.587144,39.328002,37.212042,37.183188,37.26975,38.27964
28115,34.644036,35.990556,40.991916,40.116678,39.328002,39.318384,39.81852,40.8765,39.491508,38.52009,41.40549,37.94301,38.750922,38.510472,39.28953,41.30931,41.241984,43.213674,39.222204,37.587144,39.328002,37.212042,37.183188,37.26975,38.27964
28117,34.644036,35.990556,40.991916,40.116678,39.328002,39.318384,39.81852,40.8765,39.491508,38.52009,41.40549,37.94301,38.750922,38.510472,39.28953,41.30931,41.241984,43.213674,39.222204,37.587144,39.328002,37.212042,37.183188,37.26975,38.27964
28119,34.644036,35.990556,40.991916,40.116678,39.328002,39.318384,39.81852,40.8765,39.491508,38.52009,41.40549,37.94301,38.750922,38.510472,39.28953,41.30931,41.241984,43.213674,39.222204,37.587144,39.328002,37.212042,37.183188,37.26975,38.27964
28121,34.644036,35.990556,40.991916,40.116678,39.328002,39.318384,39.81852,40.8765,39.491508,38.52009,41.40549,37.94301,38.750922,38.510472,39.28953,41.30931,41.241984,43.213674,39.222204,37.587144,39.328002,37.212042,37.183188,37.26975,38.27964
28123,34.644036,35.990556,40.991916,40.116678,39.328002,39.318384,39.81852,40.8765,39.491508,38.52009,41.40549,37.94301,38.750922,38.510472,39.28953,41.30931,41.241984,43.213674,39.222204,37.587144,39.328002,37.212042,37.183188,37.26975,38.27964
28125,34.644036,35.990556,40.991916,40.116678,39.328002,39.318384,39.81852,40.8765,39.491508,38.52009,41.40549,37.94301,38.750922,38.510472,39.28953,41.30931,41.241984,43.213674,39.222204,37.587144,39.328002,37.212042,37.183188,37.26975,38.27964
28127,34.644036,35.990556,40.991916,40.116678,39.328002,39.318384,39.81852,40.8765,39.491508,38.52009,41.40549,37.94301,38.750922,38.510472,39.28953,41.30931,41.241984,43.213674,39.222204,37.587144,39.328002,37.212042,37.183188,37.26975,38.27964
28129,34.644036,35.990556,40.991916,40.116678,39.328002,39.318384,39.81852,40.8765,39.491508,38.52009,41.40549,37.94301,38.750922,38.510472,39.28953,41.30931,41.241984,43.213674,39.222204,37.587144,39.328002,37.212042,37.183188,37.26975,38.27964
28131,34.644036,35.990556,40.991916,40.116678,39.328002,39.318384,39.81852,40.8765,39.491508,38.52009,41.40549,37.94301,38.750922,38.510472,39.28953,41.30931,41.241984,43.213674,39.222204,37.587144,39.328002,37.212042,37.183188,37.26975,38.27964
28133,34.644036,35.990556,40.991916,40.116678,39.328002,39.318384,39.81852,40.8765,39.491508,38.52009,41.40549,37.94301,38.750922,38.510472,39.28953,41.30931,41.241984,43.213674,39.222204,37.587144,39.328002,37.212042,37.183188,37.26975,38.27964
28135,34.644036,35.990556,40.991916,40.116678,39.328002,39.318384,39.81852,40.8765,39.491508,38.52009,41.40549,37.94301,38.750922,38.510472,39.28953,41.30931,41.241984,43.213674,39.222204,37.587144,39.328002,37.212042,37.183188,37.26975,38.27964
28137,34.644036,35.990556,40.991916,40.116678,39.328002,39.318384,39.81852,40.8765,39.491508,38.52009,41.40549,37.94301,38.750922,38.510472,39.28953,41.30931,41.241984,43.213674,39.222204,37.587144,39.328002,37.212042,37.183188,37.26975,38.27964
28139,34.644036,35.990556,40.991916,40.116678,39.328002,39.318384,39.81852,40.8765,39.491508,38.52009,41.40549,37.94301,38.750922,38.510472,39.28953,41.30931,41.241984,43.213674,39.222204,37.587144,39.328002,37.212042,37.183188,37.26975,38.27964
28141,34.644036,35.990556,40.991916,40.116678,39.328002,39.318384,39.81852,40.8765,39.491508,38.52009,41.40549,37.94301,38.750922,38.510472,39.28953,41.30931,41.241984,43.213674,39.222204,37.587144,39.328002,37.212042,37.183188,37.26975,38.27964
28143,34.644036,35.990556,40.991916,40.116678,39.328002,39.318384,39.81852,40.8765,39.491508,38.52009,41.40549,37.94301,38.750922,38.510472,39.28953,41.30931,41.241984,43.213674,39.222204,37.587144,39.328002,37.212042,37.183188,37.26975,38.27964
28145,34.644036,35.990556,40.991916,40.116678,39.328002,39.318384,39.81852,40.8765,39.491508,38.52009,41.40549,37.94301,38.750922,38.510472,39.28953,41.30931,41.241984,43.213674,39.222204,37.587144,39.328002,37.212042,37.183188,37.26975,38.27964
28147,34.644036,35.990556,40.991916,40.116678,39.328002,39.318384,39.81852,40.8765,39.491508,38.52009,41.40549,37.94301,38.750922,38.510472,39.28953,41.30931,41.241984,43.213674,39.222204,37.587144,39.328002,37.212042,37.183188,37.26975,38.27964
28149,34.644036,35.990556,40.991916,40.116678,39.328002,39.318384,39.81852,40.8765,39.491508,38.52009,41.40549,37.94301,38.750922,38.510472,39.28953,41.30931,41.241984,43.213674,39.222204,37.587144,39.328002,37.212042,37.183188,37.26975,38.27964
28151,34.644036,35.990556,40.991916,40.116678,39.328002,39.318384,39.81852,40.8765,39.491508,38.52009,41.40549,37.94301,38.750922,38.510472,39.28953,41.30931,41.241984,43.213674,39.222204,37.587144,39.328002,37.212042,37.183188,37.26975,38.27964
28153,34.644036,35.990556,40.991916,40.116678,39.328002,39.318384,39.81852,40.8765,39.491508,38.52009,41.40549,37.94301,38.750922,38.510472,39.28953,41.30931,41.241984,43.213674,39.222204,37.587144,39.328002,37.212042,37.183188,37.26975,38.27964
28155,34.644036,35.990556,40.991916,40.116678,39.328002,39.318384,39.81852,40.8765,39.491508,38.52009,41.40549,37.94301,38.750922,38.510472,39.28953,41.30931,41.241984,43.213674,39.222204,37.587144,39.328002,37.212042,37.183188,37.26975,38.27964
28157,34.644036,35.990556,40.991916,40.116678,39.328002,39.318384,39.81852,40.8765,39.491508,38.52009,41.40549,37.94301,38.750922,38.510472,39.28953,41.30931,41.241984,43.213674,39.222204,37.587144,39.328002,37.212042,37.183188,37.26975,38.27964
28159,34.644036,35.990556,40.991916,40.116678,39.328002,39.318384,39.81852,40.8765,39.491508,38.52009,41.40549,37.94301,38.750922,38.510472,39.28953,41.30931,41.241984,43.213674,39.222204,37.587144,39.328002,37.212042,37.183188,37.26975,38.27964
28161,34.644036,35.990556,40.991916,40.116678,39.328002,39.318384,39.81852,40.8765,39.491508,38.52009,41.40549,37.94301,38.750922,38.510472,39.28953,41.30931,41.241984,43.213674,39.222204,37.587144,39.328002,37.212042,37.183188,37.26975,38.27964
28163,34.644036,35.990556,40.991916,40.116678,39.328002,39.318384,39.81852,40.8765,39.491508,38.52009,41.40549,37.94301,38.750922,38.510472,39.28953,41.30931,41.241984,43.213674,39.222204,37.587144,39.328002,37.212042,37.183188,37.26975,38.27964
29001,34.644036,35.990556,40.991916,40.116678,39.328002,39.318384,39.81852,40.8765,39.491508,38.52009,41.40549,37.94301,38.750922,38.510472,39.28953,41.30931,41.241984,43.213674,39.222204,37.587144,39.328002,37.212042,37.183188,37.26975,38.27964
29003,34.644036,35.990556,40.991916,40.116678,39.328002,39.318384,39.81852,40.8765,39.491508,38.52009,41.40549,37.94301,38.750922,38.510472,39.28953,41.30931,41.241984,43.213674,39.222204,37.587144,39.328002,37.212042,37.183188,37.26975,38.27964
29005,34.644036,35.990556,40.991916,40.116678,39.328002,39.318384,39.81852,40.8765,39.491508,38.52009,41.40549,37.94301,38.750922,38.510472,39.28953,41.30931,41.241984,43.213674,39.222204,37.587144,39.328002,37.212042,37.183188,37.26975,38.27964
29007,34.644036,35.990556,40.991916,40.116678,39.328002,39.318384,39.81852,40.8765,39.491508,38.52009,41.40549,37.94301,38.750922,38.510472,39.28953,41.30931,41.241984,43.213674,39.222204,37.587144,39.328002,37.212042,37.183188,37.26975,38.27964
29009,34.644036,35.990556,40.991916,40.116678,39.328002,39.318384,39.81852,40.8765,39.491508,38.52009,41.40549,37.94301,38.750922,38.510472,39.28953,41.30931,41.241984,43.213674,39.222204,37.587144,39.328002,37.212042,37.183188,37.26975,38.27964
29011,34.644036,35.990556,40.991916,40.116678,39.328002,39.318384,39.81852,40.8765,39.491508,38.52009,41.40549,37.94301,38.750922,38.510472,39.28953,41.30931,41.241984,43.213674,39.222204,37.587144,39.328002,37.212042,37.183188,37.26975,38.27964
29013,34.644036,35.990556,40.991916,40.116678,39.328002,39.318384,39.81852,40.8765,39.491508,38.52009,41.40549,37.94301,38.750922,38.510472,39.28953,41.30931,41.241984,43.213674,39.222204,37.587144,39.328002,37.212042,37.183188,37.26975,38.27964
29015,34.644036,35.990556,40.991916,40.116678,39.328002,39.318384,39.81852,40.8765,39.491508,38.52009,41.40549,37.94301,38.750922,38.510472,39.28953,41.30931,41.241984,43.213674,39.222204,37.587144,39.328002,37.212042,37.183188,37.26975,38.27964
29017,34.644036,35.990556,40.991916,40.116678,39.328002,39.318384,39.81852,40.8765,39.491508,38.52009,41.40549,37.94301,38.750922,38.510472,39.28953,41.30931,41.241984,43.213674,39.222204,37.587144,39.328002,37.212042,37.183188,37.26975,38.27964
29019,34.644036,35.990556,40.991916,40.116678,39.328002,39.318384,39.81852,40.8765,39.491508,38.52009,41.40549,37.94301,38.750922,38.510472,39.28953,41.30931,41.241984,43.213674,39.222204,37.587144,39.328002,37.212042,37.183188,37.26975,38.27964
29021,34.644036,35.990556,40.991916,40.116678,39.328002,39.318384,39.81852,40.8765,39.491508,38.52009,41.40549,37.94301,38.750922,38.510472,39.28953,41.30931,41.241984,43.213674,39.222204,37.587144,39.328002,37.212042,37.183188,37.26975,38.27964
29023,34.644036,35.990556,40.991916,40.116678,39.328002,39.318384,39.81852,40.8765,39.491508,38.52009,41.40549,37.94301,38.750922,38.510472,39.28953,41.30931,41.241984,43.213674,39.222204,37.587144,39.328002,37.212042,37.183188,37.26975,38.27964
29025,34.644036,35.990556,40.991916,40.116678,39.328002,39.318384,39.81852,40.8765,39.491508,38.52009,41.40549,37.94301,38.750922,38.510472,39.28953,41.30931,41.241984,43.213674,39.222204,37.587144,39.328002,37.212042,37.183188,37.26975,38.27964
29027,34.644036,35.990556,40.991916,40.116678,39.328002,39.318384,39.81852,40.8765,39.491508,38.52009,41.40549,37.94301,38.750922,38.510472,39.28953,41.30931,41.241984,43.213674,39.222204,37.587144,39.328002,37.212042,37.183188,37.26975,38.27964
29029,34.644036,35.990556,40.991916,40.116678,39.328002,39.318384,39.81852,40.8765,39.491508,38.52009,41.40549,37.94301,38.750922,38.510472,39.28953,41.30931,41.241984,43.213674,39.222204,37.587144,39.328002,37.212042,37.183188,37.26975,38.27964
29031,34.644036,35.990556,40.991916,40.116678,39.328002,39.318384,39.81852,40.8765,39.491508,38.52009,41.40549,37.94301,38.750922,38.510472,39.28953,41.30931,41.241984,43.213674,39.222204,37.587144,39.328002,37.212042,37.183188,37.26975,38.27964
29033,34.644036,35.990556,40.991916,40.116678,39.328002,39.318384,39.81852,40.8765,39.491508,38.52009,41.40549,37.94301,38.750922,38.510472,39.28953,41.30931,41.241984,43.213674,39.222204,37.587144,39.328002,37.212042,37.183188,37.26975,38.27964
29035,34.644036,35.990556,40.991916,40.116678,39.328002,39.318384,39.81852,40.8765,39.491508,38.52009,41.40549,37.94301,38.750922,38.510472,39.28953,41.30931,41.241984,43.213674,39.222204,37.587144,39.328002,37.212042,37.183188,37.26975,38.27964
29037,34.644036,35.990556,40.991916,40.116678,39.328002,39.318384,39.81852,40.8765,39.491508,38.52009,41.40549,37.94301,38.750922,38.510472,39.28953,41.30931,41.241984,43.213674,39.222204,37.587144,39.328002,37.212042,37.183188,37.26975,38.27964
29039,34.644036,35.990556,40.991916,40.116678,39.328002,39.318384,39.81852,40.8765,39.491508,38.52009,41.40549,37.94301,38.750922,38.510472,39.28953,41.30931,41.241984,43.213674,39.222204,37.587144,39.328002,37.212042,37.183188,37.26975,38.27964
29041,34.644036,35.990556,40.991916,40.116678,39.328002,39.318384,39.81852,40.8765,39.491508,38.52009,41.40549,37.94301,38.750922,38.510472,39.28953,41.30931,41.241984,43.213674,39.222204,37.587144,39.328002,37.212042,37.183188,37.26975,38.27964
29043,34.644036,35.990556,40.991916,40.116678,39.328002,39.318384,39.81852,40.8765,39.491508,38.52009,41.40549,37.94301,38.750922,38.510472,39.28953,41.30931,41.241984,43.213674,39.222204,37.587144,39.328002,37.212042,37.183188,37.26975,38.27964
29045,34.644036,35.990556,40.991916,40.116678,39.328002,39.318384,39.81852,40.8765,39.491508,38.52009,41.40549,37.94301,38.750922,38.510472,39.28953,41.30931,41.241984,43.213674,39.222204,37.587144,39.328002,37.212042,37.183188,37.26975,38.27964
29047,34.644036,35.990556,40.991916,40.116678,39.328002,39.318384,39.81852,40.8765,39.491508,38.52009,41.40549,37.94301,38.750922,38.510472,39.28953,41.30931,41.241984,43.213674,39.222204,37.587144,39.328002,37.212042,37.183188,37.26975,38.27964
29049,34.644036,35.990556,40.991916,40.116678,39.328002,39.318384,39.81852,40.8765,39.491508,38.52009,41.40549,37.94301,38.750922,38.510472,39.28953,41.30931,41.241984,43.213674,39.222204,37.587144,39.328002,37.212042,37.183188,37.26975,38.27964
29051,34.644036,35.990556,40.991916,40.116678,39.328002,39.318384,39.81852,40.8765,39.491508,38.52009,41.40549,37.94301,38.750922,38.510472,39.28953,41.30931,41.241984,43.213674,39.222204,37.587144,39.328002,37.212042,37.183188,37.26975,38.27964
29053,34.644036,35.990556,40.991916,40.116678,39.328002,39.318384,39.81852,40.8765,39.491508,38.52009,41.40549,37.94301,38.750922,38.510472,39.28953,41.30931,41.241984,43.213674,39.222204,37.587144,39.328002,37.212042,37.183188,37.26975,38.27964
29055,34.644036,35.990556,40.991916,40.116678,39.328002,39.318384,39.81852,40.8765,39.491508,38.52009,41.40549,37.94301,38.750922,38.510472,39.28953,41.30931,41.241984,43.213674,39.222204,37.587144,39.328002,37.212042,37.183188,37.26975,38.27964
29057,34.644036,35.990556,40.991916,40.116678,39.328002,39.318384,39.81852,40.8765,39.491508,38.52009,41.40549,37.94301,38.750922,38.510472,39.28953,41.30931,41.241984,43.213674,39.222204,37.587144,39.328002,37.212042,37.183188,37.26975,38.27964
29059,34.644036,35.990556,40.991916,40.116678,39.328002,39.318384,39.81852,40.8765,39.491508,38.52009,41.40549,37.94301,38.750922,38.510472,39.28953,41.30931,41.241984,43.213674,39.222204,37.587144,39.328002,37.212042,37.183188,37.26975,38.27964
29061,34.644036,35.990556,40.991916,40.116678,39.328002,39.318384,39.81852,40.8765,39.491508,38.52009,41.40549,37.94301,38.750922,38.510472,39.28953,41.30931,41.241984,43.213674,39.222204,37.587144,39.328002,37.212042,37.183188,37.26975,38.27964
29063,34.644036,35.990556,40.991916,40.116678,39.328002,39.318384,39.81852,40.8765,39.491508,38.52009,41.40549,37.94301,38.750922,38.510472,39.28953,41.30931,41.241984,43.213674,39.222204,37.587144,39.328002,37.212042,37.183188,37.26975,38.27964
29065,34.644036,35.990556,40.991916,40.116678,39.328002,39.318384,39.81852,40.8765,39.491508,38.52009,41.40549,37.94301,38.750922,38.510472,39.28953,41.30931,41.241984,43.213674,39.222204,37.587144,39.328002,37.212042,37.183188,37.26975,38.27964
29067,34.644036,35.990556,40.991916,40.116678,39.328002,39.318384,39.81852,40.8765,39.491508,38.52009,41.40549,37.94301,38.750922,38.510472,39.28953,41.30931,41.241984,43.213674,39.222204,37.587144,39.328002,37.212042,37.183188,37.26975,38.27964
29069,34.644036,35.990556,40.991916,40.116678,39.328002,39.318384,39.81852,40.8765,39.491508,38.52009,41.40549,37.94301,38.750922,38.510472,39.28953,41.30931,41.241984,43.213674,39.222204,37.587144,39.328002,37.212042,37.183188,37.26975,38.27964
29071,34.644036,35.990556,40.991916,40.116678,39.328002,39.318384,39.81852,40.8765,39.491508,38.52009,41.40549,37.94301,38.750922,38.510472,39.28953,41.30931,41.241984,43.213674,39.222204,37.587144,39.328002,37.212042,37.183188,37.26975,38.27964
29073,34.644036,35.990556,40.991916,40.116678,39.328002,39.318384,39.81852,40.8765,39.491508,38.52009,41.40549,37.94301,38.750922,38.510472,39.28953,41.30931,41.241984,43.213674,39.222204,37.587144,39.328002,37.212042,37.183188,37.26975,38.27964
29075,34.644036,35.990556,40.991916,40.116678,39.328002,39.318384,39.81852,40.8765,39.491508,38.52009,41.40549,37.94301,38.750922,38.510472,39.28953,41.30931,41.241984,43.213674,39.222204,37.587144,39.328002,37.212042,37.183188,37.26975,38.27964
29077,34.644036,35.990556,40.991916,40.116678,39.328002,39.318384,39.81852,40.8765,39.491508,38.52009,41.40549,37.94301,38.750922,38.510472,39.28953,41.30931,41.241984,43.213674,39.222204,37.587144,39.328002,37.212042,37.183188,37.26975,38.27964
29079,34.644036,35.990556,40.991916,40.116678,39.328002,39.318384,39.81852,40.8765,39.491508,38.52009,41.40549,37.94301,38.750922,38.510472,39.28953,41.30931,41.241984,43.213674,39.222204,37.587144,39.328002,37.212042,37.183188,37.26975,38.27964
29081,34.644036,35.990556,40.991916,40.116678,39.328002,39.318384,39.81852,40.8765,39.491508,38.52009,41.40549,37.94301,38.750922,38.510472,39.28953,41.30931,41.241984,43.213674,39.222204,37.587144,39.328002,37.212042,37.183188,37.26975,38.27964
29083,34.644036,35.990556,40.991916,40.116678,39.328002,39.318384,39.81852,40.8765,39.491508,38.52009,41.40549,37.94301,38.750922,38.510472,39.28953,41.30931,41.241984,43.213674,39.222204,37.587144,39.328002,37.212042,37.183188,37.26975,38.27964
29085,34.644036,35.990556,40.991916,40.116678,39.328002,39.318384,39.81852,40.8765,39.491508,38.52009,41.40549,37.94301,38.750922,38.510472,39.28953,41.30931,41.241984,43.213674,39.222204,37.587144,39.328002,37.212042,37.183188,37.26975,38.27964
29087,34.644036,35.990556,40.991916,40.116678,39.328002,39.318384,39.81852,40.8765,39.491508,38.52009,41.40549,37.94301,38.750922,38.510472,39.28953,41.30931,41.241984,43.213674,39.222204,37.587144,39.328002,37.212042,37.183188,37.26975,38.27964
29089,34.644036,35.990556,40.991916,40.116678,39.328002,39.318384,39.81852,40.8765,39.491508,38.52009,41.40549,37.94301,38.750922,38.510472,39.28953,41.30931,41.241984,43.213674,39.222204,37.587144,39.328002,37.212042,37.183188,37.26975,38.27964
29091,34.644036,35.990556,40.991916,40.116678,39.328002,39.318384,39.81852,40.8765,39.491508,38.52009,41.40549,37.94301,38.750922,38.510472,39.28953,41.30931,41.241984,43.213674,39.222204,37.587144,39.328002,37.212042,37.183188,37.26975,38.27964
29093,34.644036,35.990556,40.991916,40.116678,39.328002,39.318384,39.81852,40.8765,39.491508,38.52009,41.40549,37.94301,38.750922,38.510472,39.28953,41.30931,41.241984,43.213674,39.222204,37.587144,39.328002,37.212042,37.183188,37.26975,38.27964
29095,34.644036,35.990556,40.991916,40.116678,39.328002,39.318384,39.81852,40.8765,39.491508,38.52009,41.40549,37.94301,38.750922,38.510472,39.28953,41.30931,41.241984,43.213674,39.222204,37.587144,39.328002,37.212042,37.183188,37.26975,38.27964
29097,34.644036,35.990556,40.991916,40.116678,39.328002,39.318384,39.81852,40.8765,39.491508,38.52009,41.40549,37.94301,38.750922,38.510472,39.28953,41.30931,41.241984,43.213674,39.222204,37.587144,39.328002,37.212042,37.183188,37.26975,38.27964
29099,34.644036,35.990556,40.991916,40.116678,39.328002,39.318384,39.81852,40.8765,39.491508,38.52009,41.40549,37.94301,38.750922,38.510472,39.28953,41.30931,41.241984,43.213674,39.222204,37.587144,39.328002,37.212042,37.183188,37.26975,38.27964
29101,34.644036,35.990556,40.991916,40.116678,39.328002,39.318384,39.81852,40.8765,39.491508,38.52009,41.40549,37.94301,38.750922,38.510472,39.28953,41.30931,41.241984,43.213674,39.222204,37.587144,39.328002,37.212042,37.183188,37.26975,38.27964
29103,34.644036,35.990556,40.991916,40.116678,39.328002,39.318384,39.81852,40.8765,39.491508,38.52009,41.40549,37.94301,38.750922,38.510472,39.28953,41.30931,41.241984,43.213674,39.222204,37.587144,39.328002,37.212042,37.183188,37.26975,38.27964
29105,34.644036,35.990556,40.991916,40.116678,39.328002,39.318384,39.81852,40.8765,39.491508,38.52009,41.40549,37.94301,38.750922,38.510472,39.28953,41.30931,41.241984,43.213674,39.222204,37.587144,39.328002,37.212042,37.183188,37.26975,38.27964
29107,34.644036,35.990556,40.991916,40.116678,39.328002,39.318384,39.81852,40.8765,39.491508,38.52009,41.40549,37.94301,38.750922,38.510472,39.28953,41.30931,41.241984,43.213674,39.222204,37.587144,39.328002,37.212042,37.183188,37.26975,38.27964
29109,34.644036,35.990556,40.991916,40.116678,39.328002,39.318384,39.81852,40.8765,39.491508,38.52009,41.40549,37.94301,38.750922,38.510472,39.28953,41.30931,41.241984,43.213674,39.222204,37.587144,39.328002,37.212042,37.183188,37.26975,38.27964
29111,34.644036,35.990556,40.991916,40.116678,39.328002,39.318384,39.81852,40.8765,39.491508,38.52009,41.40549,37.94301,38.750922,38.510472,39.28953,41.30931,41.241984,43.213674,39.222204,37.587144,39.328002,37.212042,37.183188,37.26975,38.27964
29113,34.644036,35.990556,40.991916,40.116678,39.328002,39.318384,39.81852,40.8765,39.491508,38.52009,41.40549,37.94301,38.750922,38.510472,39.28953,41.30931,41.241984,43.213674,39.222204,37.587144,39.328002,37.212042,37.183188,37.26975,38.27964
29115,34.644036,35.990556,40.991916,40.116678,39.328002,39.318384,39.81852,40.8765,39.491508,38.52009,41.40549,37.94301,38.750922,38.510472,39.28953,41.30931,41.241984,43.213674,39.222204,37.587144,39.328002,37.212042,37.183188,37.26975,38.27964
29117,34.644036,35.990556,40.991916,40.116678,39.328002,39.318384,39.81852,40.8765,39.491508,38.52009,41.40549,37.94301,38.750922,38.510472,39.28953,41.30931,41.241984,43.213674,39.222204,37.587144,39.328002,37.212042,37.183188,37.26975,38.27964
29119,34.644036,35.990556,40.991916,40.116678,39.328002,39.318384,39.81852,40.8765,39.491508,38.52009,41.40549,37.94301,38.750922,38.510472,39.28953,41.30931,41.241984,43.213674,39.222204,37.587144,39.328002,37.212042,37.183188,37.26975,38.27964
29121,34.644036,35.990556,40.991916,40.116678,39.328002,39.318384,39.81852,40.8765,39.491508,38.52009,41.40549,37.94301,38.750922,38.510472,39.28953,41.30931,41.241984,43.213674,39.222204,37.587144,39.328002,37.212042,37.183188,37.26975,38.27964
29123,34.644036,35.990556,40.991916,40.116678,39.328002,39.318384,39.81852,40.8765,39.491508,38.52009,41.40549,37.94301,38.750922,38.510472,39.28953,41.30931,41.241984,43.213674,39.222204,37.587144,39.328002,37.212042,37.183188,37.26975,38.27964
29125,34.644036,35.990556,40.991916,40.116678,39.328002,39.318384,39.81852,40.8765,39.491508,38.52009,41.40549,37.94301,38.750922,38.510472,39.28953,41.30931,41.241984,43.213674,39.222204,37.587144,39.328002,37.212042,37.183188,37.26975,38.27964
29127,34.644036,35.990556,40.991916,40.116678,39.328002,39.318384,39.81852,40.8765,39.491508,38.52009,41.40549,37.94301,38.750922,38.510472,39.28953,41.30931,41.241984,43.213674,39.222204,37.587144,39.328002,37.212042,37.183188,37.26975,38.27964
29129,34.644036,35.990556,40.991916,40.116678,39.328002,39.318384,39.81852,40.8765,39.491508,38.52009,41.40549,37.94301,38.750922,38.510472,39.28953,41.30931,41.241984,43.213674,39.222204,37.587144,39.328002,37.212042,37.183188,37.26975,38.27964
29131,34.644036,35.990556,40.991916,40.116678,39.328002,39.318384,39.81852,40.8765,39.491508,38.52009,41.40549,37.94301,38.750922,38.510472,39.28953,41.30931,41.241984,43.213674,39.222204,37.587144,39.328002,37.212042,37.183188,37.26975,38.27964
29133,34.644036,35.990556,40.991916,40.116678,39.328002,39.318384,39.81852,40.8765,39.491508,38.52009,41.40549,37.94301,38.750922,38.510472,39.28953,41.30931,41.241984,43.213674,39.222204,37.587144,39.328002,37.212042,37.183188,37.26975,38.27964
29135,34.644036,35.990556,40.991916,40.116678,39.328002,39.318384,39.81852,40.8765,39.491508,38.52009,41.40549,37.94301,38.750922,38.510472,39.28953,41.30931,41.241984,43.213674,39.222204,37.587144,39.328002,37.212042,37.183188,37.26975,38.27964
29137,34.644036,35.990556,40.991916,40.116678,39.328002,39.318384,39.81852,40.8765,39.491508,38.52009,41.40549,37.94301,38.750922,38.510472,39.28953,41.30931,41.241984,43.213674,39.222204,37.587144,39.328002,37.212042,37.183188,37.26975,38.27964
29139,34.644036,35.990556,40.991916,40.116678,39.328002,39.318384,39.81852,40.8765,39.491508,38.52009,41.40549,37.94301,38.750922,38.510472,39.28953,41.30931,41.241984,43.213674,39.222204,37.587144,39.328002,37.212042,37.183188,37.26975,38.27964
29141,34.644036,35.990556,40.991916,40.116678,39.328002,39.318384,39.81852,40.8765,39.491508,38.52009,41.40549,37.94301,38.750922,38.510472,39.28953,41.30931,41.241984,43.213674,39.222204,37.587144,39.328002,37.212042,37.183188,37.26975,38.27964
29143,34.644036,35.990556,40.991916,40.116678,39.328002,39.318384,39.81852,40.8765,39.491508,38.52009,41.40549,37.94301,38.750922,38.510472,39.28953,41.30931,41.241984,43.213674,39.222204,37.587144,39.328002,37.212042,37.183188,37.26975,38.27964
29145,34.644036,35.990556,40.991916,40.116678,39.328002,39.318384,39.81852,40.8765,39.491508,38.52009,41.40549,37.94301,38.750922,38.510472,39.28953,41.30931,41.241984,43.213674,39.222204,37.587144,39.328002,37.212042,37.183188,37.26975,38.27964
29147,34.644036,35.990556,40.991916,40.116678,39.328002,39.318384,39.81852,40.8765,39.491508,38.52009,41.40549,37.94301,38.750922,38.510472,39.28953,41.30931,41.241984,43.213674,39.222204,37.587144,39.328002,37.212042,37.183188,37.26975,38.27964
29149,34.644036,35.990556,40.991916,40.116678,39.328002,39.318384,39.81852,40.8765,39.491508,38.52009,41.40549,37.94301,38.750922,38.510472,39.28953,41.30931,41.241984,43.213674,39.222204,37.587144,39.328002,37.212042,37.183188,37.26975,38.27964
29151,34.644036,35.990556,40.991916,40.116678,39.328002,39.318384,39.81852,40.8765,39.491508,38.52009,41.40549,37.94301,38.750922,38.510472,39.28953,41.30931,41.241984,43.213674,39.222204,37.587144,39.328002,37.212042,37.183188,37.26975,38.27964
29153,34.644036,35.990556,40.991916,40.116678,39.328002,39.318384,39.81852,40.8765,39.491508,38.52009,41.40549,37.94301,38.750922,38.510472,39.28953,41.30931,41.241984,43.213674,39.222204,37.587144,39.328002,37.212042,37.183188,37.26975,38.27964
29155,34.644036,35.990556,40.991916,40.116678,39.328002,39.318384,39.81852,40.8765,39.491508,38.52009,41.40549,37.94301,38.750922,38.510472,39.28953,41.30931,41.241984,43.213674,39.222204,37.587144,39.328002,37.212042,37.183188,37.26975,38.27964
29157,34.644036,35.990556,40.991916,40.116678,39.328002,39.318384,39.81852,40.8765,39.491508,38.52009,41.40549,37.94301,38.750922,38.510472,39.28953,41.30931,41.241984,43.213674,39.222204,37.587144,39.328002,37.212042,37.183188,37.26975,38.27964
29159,34.644036,35.990556,40.991916,40.116678,39.328002,39.318384,39.81852,40.8765,39.491508,38.52009,41.40549,37.94301,38.750922,38.510472,39.28953,41.30931,41.241984,43.213674,39.222204,37.587144,39.328002,37.212042,37.183188,37.26975,38.27964
29161,34.644036,35.990556,40.991916,40.116678,39.328002,39.318384,39.81852,40.8765,39.491508,38.52009,41.40549,37.94301,38.750922,38.510472,39.28953,41.30931,41.241984,43.213674,39.222204,37.587144,39.328002,37.212042,37.183188,37.26975,38.27964
29163,34.644036,35.990556,40.991916,40.116678,39.328002,39.318384,39.81852,40.8765,39.491508,38.52009,41.40549,37.94301,38.750922,38.510472,39.28953,41.30931,41.241984,43.213674,39.222204,37.587144,39.328002,37.212042,37.183188,37.26975,38.27964
29165,34.644036,35.990556,40.991916,40.116678,39.328002,39.318384,39.81852,40.8765,39.491508,38.52009,41.40549,37.94301,38.750922,38.510472,39.28953,41.30931,41.241984,43.213674,39.222204,37.587144,39.328002,37.212042,37.183188,37.26975,38.27964
29167,34.644036,35.990556,40.991916,40.116678,39.328002,39.318384,39.81852,40.8765,39.491508,38.52009,41.40549,37.94301,38.750922,38.510472,39.28953,41.30931,41.241984,43.213674,39.222204,37.587144,39.328002,37.212042,37.183188,37.26975,38.27964
29169,34.644036,35.990556,40.991916,40.116678,39.328002,39.318384,39.81852,40.8765,39.491508,38.52009,41.40549,37.94301,38.750922,38.510472,39.28953,41.30931,41.241984,43.213674,39.222204,37.587144,39.328002,37.212042,37.183188,37.26975,38.27964
29171,34.644036,35.990556,40.991916,40.116678,39.328002,39.318384,39.81852,40.8765,39.491508,38.52009,41.40549,37.94301,38.750922,38.510472,39.28953,41.30931,41.241984,43.213674,39.222204,37.587144,39.328002,37.212042,37.183188,37.26975,38.27964
29173,34.644036,35.990556,40.991916,40.116678,39.328002,39.318384,39.81852,40.8765,39.491508,38.52009,41.40549,37.94301,38.750922,38.510472,39.28953,41.30931,41.241984,43.213674,39.222204,37.587144,39.328002,37.212042,37.183188,37.26975,38.27964
29175,34.644036,35.990556,40.991916,40.116678,39.328002,39.318384,39.81852,40.8765,39.491508,38.52009,41.40549,37.94301,38.750922,38.510472,39.28953,41.30931,41.241984,43.213674,39.222204,37.587144,39.328002,37.212042,37.183188,37.26975,38.27964
29177,34.644036,35.990556,40.991916,40.116678,39.328002,39.318384,39.81852,40.8765,39.491508,38.52009,41.40549,37.94301,38.750922,38.510472,39.28953,41.30931,41.241984,43.213674,39.222204,37.587144,39.328002,37.212042,37.183188,37.26975,38.27964
29179,34.644036,35.990556,40.991916,40.116678,39.328002,39.318384,39.81852,40.8765,39.491508,38.52009,41.40549,37.94301,38.750922,38.510472,39.28953,41.30931,41.241984,43.213674,39.222204,37.587144,39.328002,37.212042,37.183188,37.26975,38.27964
29181,34.644036,35.990556,40.991916,40.116678,39.328002,39.318384,39.81852,40.8765,39.491508,38.52009,41.40549,37.94301,38.750922,38.510472,39.28953,41.30931,41.241984,43.213674,39.222204,37.587144,39.328002,37.212042,37.183188,37.26975,38.27964
29183,34.644036,35.990556,40.991916,40.116678,39.328002,39.318384,39.81852,40.8765,39.491508,38.52009,41.40549,37.94301,38.750922,38.510472,39.28953,41.30931,41.241984,43.213674,39.222204,37.587144,39.328002,37.212042,37.183188,37.26975,38.27964
29185,34.644036,35.990556,40.991916,40.116678,39.328002,39.318384,39.81852,40.8765,39.491508,38.52009,41.40549,37.94301,38.750922,38.510472,39.28953,41.30931,41.241984,43.213674,39.222204,37.587144,39.328002,37.212042,37.183188,37.26975,38.27964
29186,34.644036,35.990556,40.991916,40.116678,39.328002,39.318384,39.81852,40.8765,39.491508,38.52009,41.40549,37.94301,38.750922,38.510472,39.28953,41.30931,41.241984,43.213674,39.222204,37.587144,39.328002,37.212042,37.183188,37.26975,38.27964
29187,34.644036,35.990556,40.991916,40.116678,39.328002,39.318384,39.81852,40.8765,39.491508,38.52009,41.40549,37.94301,38.750922,38.510472,39.28953,41.30931,41.241984,43.213674,39.222204,37.587144,39.328002,37.212042,37.183188,37.26975,38.27964
29189,34.644036,35.990556,40.991916,40.116678,39.328002,39.318384,39.81852,40.8765,39.491508,38.52009,41.40549,37.94301,38.750922,38.510472,39.28953,41.30931,41.241984,43.213674,39.222204,37.587144,39.328002,37.212042,37.183188,37.26975,38.27964
29195,34.644036,35.990556,40.991916,40.116678,39.328002,39.318384,39.81852,40.8765,39.491508,38.52009,41.40549,37.94301,38.750922,38.510472,39.28953,41.30931,41.241984,43.213674,39.222204,37.587144,39.328002,37.212042,37.183188,37.26975,38.27964
29197,34.644036,35.990556,40.991916,40.116678,39.328002,39.318384,39.81852,40.8765,39.491508,38.52009,41.40549,37.94301,38.750922,38.510472,39.28953,41.30931,41.241984,43.213674,39.222204,37.587144,39.328002,37.212042,37.183188,37.26975,38.27964
29199,34.644036,35.990556,40.991916,40.116678,39.328002,39.318384,39.81852,40.8765,39.491508,38.52009,41.40549,37.94301,38.750922,38.510472,39.28953,41.30931,41.241984,43.213674,39.222204,37.587144,39.328002,37.212042,37.183188,37.26975,38.27964
29201,34.644036,35.990556,40.991916,40.116678,39.328002,39.318384,39.81852,40.8765,39.491508,38.52009,41.40549,37.94301,38.750922,38.510472,39.28953,41.30931,41.241984,43.213674,39.222204,37.587144,39.328002,37.212042,37.183188,37.26975,38.27964
29203,34.644036,35.990556,40.991916,40.116678,39.328002,39.318384,39.81852,40.8765,39.491508,38.52009,41.40549,37.94301,38.750922,38.510472,39.28953,41.30931,41.241984,43.213674,39.222204,37.587144,39.328002,37.212042,37.183188,37.26975,38.27964
29205,34.644036,35.990556,40.991916,40.116678,39.328002,39.318384,39.81852,40.8765,39.491508,38.52009,41.40549,37.94301,38.750922,38.510472,39.28953,41.30931,41.241984,43.213674,39.222204,37.587144,39.328002,37.212042,37.183188,37.26975,38.27964
29207,34.644036,35.990556,40.991916,40.116678,39.328002,39.318384,39.81852,40.8765,39.491508,38.52009,41.40549,37.94301,38.750922,38.510472,39.28953,41.30931,41.241984,43.213674,39.222204,37.587144,39.328002,37.212042,37.183188,37.26975,38.27964
29209,34.644036,35.990556,40.991916,40.116678,39.328002,39.318384,39.81852,40.8765,39.491508,38.52009,41.40549,37.94301,38.750922,38.510472,39.28953,41.30931,41.241984,43.213674,39.222204,37.587144,39.328002,37.212042,37.183188,37.26975,38.27964
29211,34.644036,35.990556,40.991916,40.116678,39.328002,39.318384,39.81852,40.8765,39.491508,38.52009,41.40549,37.94301,38.750922,38.510472,39.28953,41.30931,41.241984,43.213674,39.222204,37.587144,39.328002,37.212042,37.183188,37.26975,38.27964
29213,34.644036,35.990556,40.991916,40.116678,39.328002,39.318384,39.81852,40.8765,39.491508,38.52009,41.40549,37.94301,38.750922,38.510472,39.28953,41.30931,41.241984,43.213674,39.222204,37.587144,39.328002,37.212042,37.183188,37.26975,38.27964
29215,34.644036,35.990556,40.991916,40.116678,39.328002,39.318384,39.81852,40.8765,39.491508,38.52009,41.40549,37.94301,38.750922,38.510472,39.28953,41.30931,41.241984,43.213674,39.222204,37.587144,39.328002,37.212042,37.183188,37.26975,38.27964
29217,34.644036,35.990556,40.991916,40.116678,39.328002,39.318384,39.81852,40.8765,39.491508,38.52009,41.40549,37.94301,38.750922,38.510472,39.28953,41.30931,41.241984,43.213674,39.222204,37.587144,39.328002,37.212042,37.183188,37.26975,38.27964
29219,34.644036,35.990556,40.991916,40.116678,39.328002,39.318384,39.81852,40.8765,39.491508,38.52009,41.40549,37.94301,38.750922,38.510472,39.28953,41.30931,41.241984,43.213674,39.222204,37.587144,39.328002,37.212042,37.183188,37.26975,38.27964
29221,34.644036,35.990556,40.991916,40.116678,39.328002,39.318384,39.81852,40.8765,39.491508,38.52009,41.40549,37.94301,38.750922,38.510472,39.28953,41.30931,41.241984,43.213674,39.222204,37.587144,39.328002,37.212042,37.183188,37.26975,38.27964
29223,34.644036,35.990556,40.991916,40.116678,39.328002,39.318384,39.81852,40.8765,39.491508,38.52009,41.40549,37.94301,38.750922,38.510472,39.28953,41.30931,41.241984,43.213674,39.222204,37.587144,39.328002,37.212042,37.183188,37.26975,38.27964
29225,34.644036,35.990556,40.991916,40.116678,39.328002,39.318384,39.81852,40.8765,39.491508,38.52009,41.40549,37.94301,38.750922,38.510472,39.28953,41.30931,41.241984,43.213674,39.222204,37.587144,39.328002,37.212042,37.183188,37.26975,38.27964
29227,34.644036,35.990556,40.991916,40.116678,39.328002,39.318384,39.81852,40.8765,39.491508,38.52009,41.40549,37.94301,38.750922,38.510472,39.28953,41.30931,41.241984,43.213674,39.222204,37.587144,39.328002,37.212042,37.183188,37.26975,38.27964
29229,34.644036,35.990556,40.991916,40.116678,39.328002,39.318384,39.81852,40.8765,39.491508,38.52009,41.40549,37.94301,38.750922,38.510472,39.28953,41.30931,41.241984,43.213674,39.222204,37.587144,39.328002,37.212042,37.183188,37.26975,38.27964
29510,34.644036,35.990556,40.991916,40.116678,39.328002,39.318384,39.81852,40.8765,39.491508,38.52009,41.40549,37.94301,38.750922,38.510472,39.28953,41.30931,41.241984,43.213674,39.222204,37.587144,39.328002,37.212042,37.183188,37.26975,38.27964
30001,34.644036,35.990556,40.991916,40.116678,39.328002,39.318384,39.81852,40.8765,39.491508,38.52009,41.40549,37.94301,38.750922,38.510472,39.28953,41.30931,41.241984,43.213674,39.222204,37.587144,39.328002,37.212042,37.183188,37.26975,38.27964
30003,34.644036,35.990556,40.991916,40.116678,39.328002,39.318384,39.81852,40.8765,39.491508,38.52009,41.40549,37.94301,38.750922,38.510472,39.28953,41.30931,41.241984,43.213674,39.222204,37.587144,39.328002,37.212042,37.183188,37.26975,38.27964
30005,34.644036,35.990556,40.991916,40.116678,39.328002,39.318384,39.81852,40.8765,39.491508,38.52009,41.40549,37.94301,38.750922,38.510472,39.28953,41.30931,41.241984,43.213674,39.222204,37.587144,39.328002,37.212042,37.183188,37.26975,38.27964
30007,34.644036,35.990556,40.991916,40.116678,39.328002,39.318384,39.81852,40.8765,39.491508,38.52009,41.40549,37.94301,38.750922,38.510472,39.28953,41.30931,41.241984,43.213674,39.222204,37.587144,39.328002,37.212042,37.183188,37.26975,38.27964
30009,34.644036,35.990556,40.991916,40.116678,39.328002,39.318384,39.81852,40.8765,39.491508,38.52009,41.40549,37.94301,38.750922,38.510472,39.28953,41.30931,41.241984,43.213674,39.222204,37.587144,39.328002,37.212042,37.183188,37.26975,38.27964
30011,34.644036,35.990556,40.991916,40.116678,39.328002,39.318384,39.81852,40.8765,39.491508,38.52009,41.40549,37.94301,38.750922,38.510472,39.28953,41.30931,41.241984,43.213674,39.222204,37.587144,39.328002,37.212042,37.183188,37.26975,38.27964
30013,34.644036,35.990556,40.991916,40.116678,39.328002,39.318384,39.81852,40.8765,39.491508,38.52009,41.40549,37.94301,38.750922,38.510472,39.28953,41.30931,41.241984,43.213674,39.222204,37.587144,39.328002,37.212042,37.183188,37.26975,38.27964
30015,34.644036,35.990556,40.991916,40.116678,39.328002,39.318384,39.81852,40.8765,39.491508,38.52009,41.40549,37.94301,38.750922,38.510472,39.28953,41.30931,41.241984,43.213674,39.222204,37.587144,39.328002,37.212042,37.183188,37.26975,38.27964
30017,34.644036,35.990556,40.991916,40.116678,39.328002,39.318384,39.81852,40.8765,39.491508,38.52009,41.40549,37.94301,38.750922,38.510472,39.28953,41.30931,41.241984,43.213674,39.222204,37.587144,39.328002,37.212042,37.183188,37.26975,38.27964
30019,34.644036,35.990556,40.991916,40.116678,39.328002,39.318384,39.81852,40.8765,39.491508,38.52009,41.40549,37.94301,38.750922,38.510472,39.28953,41.30931,41.241984,43.213674,39.222204,37.587144,39.328002,37.212042,37.183188,37.26975,38.27964
30021,34.644036,35.990556,40.991916,40.116678,39.328002,39.318384,39.81852,40.8765,39.491508,38.52009,41.40549,37.94301,38.750922,38.510472,39.28953,41.30931,41.241984,43.213674,39.222204,37.587144,39.328002,37.212042,37.183188,37.26975,38.27964
30023,34.644036,35.990556,40.991916,40.116678,39.328002,39.318384,39.81852,40.8765,39.491508,38.52009,41.40549,37.94301,38.750922,38.510472,39.28953,41.30931,41.241984,43.213674,39.222204,37.587144,39.328002,37.212042,37.183188,37.26975,38.27964
30025,34.644036,35.990556,40.991916,40.116678,39.328002,39.318384,39.81852,40.8765,39.491508,38.52009,41.40549,37.94301,38.750922,38.510472,39.28953,41.30931,41.241984,43.213674,39.222204,37.587144,39.328002,37.212042,37.183188,37.26975,38.27964
30027,34.644036,35.990556,40.991916,40.116678,39.328002,39.318384,39.81852,40.8765,39.491508,38.52009,41.40549,37.94301,38.750922,38.510472,39.28953,41.30931,41.241984,43.213674,39.222204,37.587144,39.328002,37.212042,37.183188,37.26975,38.27964
30029,34.644036,35.990556,40.991916,40.116678,39.328002,39.318384,39.81852,40.8765,39.491508,38.52009,41.40549,37.94301,38.750922,38.510472,39.28953,41.30931,41.241984,43.213674,39.222204,37.587144,39.328002,37.212042,37.183188,37.26975,38.27964
30031,34.644036,35.990556,40.991916,40.116678,39.328002,39.318384,39.81852,40.8765,39.491508,38.52009,41.40549,37.94301,38.750922,38.510472,39.28953,41.30931,41.241984,43.213674,39.222204,37.587144,39.328002,37.212042,37.183188,37.26975,38.27964
30033,34.644036,35.990556,40.991916,40.116678,39.328002,39.318384,39.81852,40.8765,39.491508,38.52009,41.40549,37.94301,38.750922,38.510472,39.28953,41.30931,41.241984,43.213674,39.222204,37.587144,39.328002,37.212042,37.183188,37.26975,38.27964
30035,34.644036,35.990556,40.991916,40.116678,39.328002,39.318384,39.81852,40.8765,39.491508,38.52009,41.40549,37.94301,38.750922,38.510472,39.28953,41.30931,41.241984,43.213674,39.222204,37.587144,39.328002,37.212042,37.183188,37.26975,38.27964
30037,34.644036,35.990556,40.991916,40.116678,39.328002,39.318384,39.81852,40.8765,39.491508,38.52009,41.40549,37.94301,38.750922,38.510472,39.28953,41.30931,41.241984,43.213674,39.222204,37.587144,39.328002,37.212042,37.183188,37.26975,38.27964
30039,34.644036,35.990556,40.991916,40.116678,39.328002,39.318384,39.81852,40.8765,39.491508,38.52009,41.40549,37.94301,38.750922,38.510472,39.28953,41.30931,41.241984,43.213674,39.222204,37.587144,39.328002,37.212042,37.183188,37.26975,38.27964
30041,34.644036,35.990556,40.991916,40.116678,39.328002,39.318384,39.81852,40.8765,39.491508,38.52009,41.40549,37.94301,38.750922,38.510472,39.28953,41.30931,41.241984,43.213674,39.222204,37.587144,39.328002,37.212042,37.183188,37.26975,38.27964
30043,34.644036,35.990556,40.991916,40.116678,39.328002,39.318384,39.81852,40.8765,39.491508,38.52009,41.40549,37.94301,38.750922,38.510472,39.28953,41.30931,41.241984,43.213674,39.222204,37.587144,39.328002,37.212042,37.183188,37.26975,38.27964
30045,34.644036,35.990556,40.991916,40.116678,39.328002,39.318384,39.81852,40.8765,39.491508,38.52009,41.40549,37.94301,38.750922,38.510472,39.28953,41.30931,41.241984,43.213674,39.222204,37.587144,39.328002,37.212042,37.183188,37.26975,38.27964
30047,34.644036,35.990556,40.991916,40.116678,39.328002,39.318384,39.81852,40.8765,39.491508,38.52009,41.40549,37.94301,38.750922,38.510472,39.28953,41.30931,41.241984,43.213674,39.222204,37.587144,39.328002,37.212042,37.183188,37.26975,38.27964
30049,34.644036,35.990556,40.991916,40.116678,39.328002,39.318384,39.81852,40.8765,39.491508,38.52009,41.40549,37.94301,38.750922,38.510472,39.28953,41.30931,41.241984,43.213674,39.222204,37.587144,39.328002,37.212042,37.183188,37.26975,38.27964
30051,34.644036,35.990556,40.991916,40.116678,39.328002,39.318384,39.81852,40.8765,39.491508,38.52009,41.40549,37.94301,38.750922,38.510472,39.28953,41.30931,41.241984,43.213674,39.222204,37.587144,39.328002,37.212042,37.183188,37.26975,38.27964
30053,34.644036,35.990556,40.991916,40.116678,39.328002,39.318384,39.81852,40.8765,39.491508,38.52009,41.40549,37.94301,38.750922,38.510472,39.28953,41.30931,41.241984,43.213674,39.222204,37.587144,39.328002,37.212042,37.183188,37.26975,38.27964
30055,34.644036,35.990556,40.991916,40.116678,39.328002,39.318384,39.81852,40.8765,39.491508,38.52009,41.40549,37.94301,38.750922,38.510472,39.28953,41.30931,41.241984,43.213674,39.222204,37.587144,39.328002,37.212042,37.183188,37.26975,38.27964
30057,34.644036,35.990556,40.991916,40.116678,39.328002,39.318384,39.81852,40.8765,39.491508,38.52009,41.40549,37.94301,38.750922,38.510472,39.28953,41.30931,41.241984,43.213674,39.222204,37.587144,39.328002,37.212042,37.183188,37.26975,38.27964
30059,34.644036,35.990556,40.991916,40.116678,39.328002,39.318384,39.81852,40.8765,39.491508,38.52009,41.40549,37.94301,38.750922,38.510472,39.28953,41.30931,41.241984,43.213674,39.222204,37.587144,39.328002,37.212042,37.183188,37.26975,38.27964
30061,34.644036,35.990556,40.991916,40.116678,39.328002,39.318384,39.81852,40.8765,39.491508,38.52009,41.40549,37.94301,38.750922,38.510472,39.28953,41.30931,41.241984,43.213674,39.222204,37.587144,39.328002,37.212042,37.183188,37.26975,38.27964
30063,34.644036,35.990556,40.991916,40.116678,39.328002,39.318384,39.81852,40.8765,39.491508,38.52009,41.40549,37.94301,38.750922,38.510472,39.28953,41.30931,41.241984,43.213674,39.222204,37.587144,39.328002,37.212042,37.183188,37.26975,38.27964
30065,34.644036,35.990556,40.991916,40.116678,39.328002,39.318384,39.81852,40.8765,39.491508,38.52009,41.40549,37.94301,38.750922,38.510472,39.28953,41.30931,41.241984,43.213674,39.222204,37.587144,39.328002,37.212042,37.183188,37.26975,38.27964
30067,34.644036,35.990556,40.991916,40.116678,39.328002,39.318384,39.81852,40.8765,39.491508,38.52009,41.40549,37.94301,38.750922,38.510472,39.28953,41.30931,41.241984,43.213674,39.222204,37.587144,39.328002,37.212042,37.183188,37.26975,38.27964
30069,34.644036,35.990556,40.991916,40.116678,39.328002,39.318384,39.81852,40.8765,39.491508,38.52009,41.40549,37.94301,38.750922,38.510472,39.28953,41.30931,41.241984,43.213674,39.222204,37.587144,39.328002,37.212042,37.183188,37.26975,38.27964
30071,34.644036,35.990556,40.991916,40.116678,39.328002,39.318384,39.81852,40.8765,39.491508,38.52009,41.40549,37.94301,38.750922,38.510472,39.28953,41.30931,41.241984,43.213674,39.222204,37.587144,39.328002,37.212042,37.183188,37.26975,38.27964
30073,34.644036,35.990556,40.991916,40.116678,39.328002,39.318384,39.81852,40.8765,39.491508,38.52009,41.40549,37.94301,38.750922,38.510472,39.28953,41.30931,41.241984,43.213674,39.222204,37.587144,39.328002,37.212042,37.183188,37.26975,38.27964
30075,34.644036,35.990556,40.991916,40.116678,39.328002,39.318384,39.81852,40.8765,39.491508,38.52009,41.40549,37.94301,38.750922,38.510472,39.28953,41.30931,41.241984,43.213674,39.222204,37.587144,39.328002,37.212042,37.183188,37.26975,38.27964
30077,34.644036,35.990556,40.991916,40.116678,39.328002,39.318384,39.81852,40.8765,39.491508,38.52009,41.40549,37.94301,38.750922,38.510472,39.28953,41.30931,41.241984,43.213674,39.222204,37.587144,39.328002,37.212042,37.183188,37.26975,38.27964
30079,34.644036,35.990556,40.991916,40.116678,39.328002,39.318384,39.81852,40.8765,39.491508,38.52009,41.40549,37.94301,38.750922,38.510472,39.28953,41.30931,41.241984,43.213674,39.222204,37.587144,39.328002,37.212042,37.183188,37.26975,38.27964
30081,34.644036,35.990556,40.991916,40.116678,39.328002,39.318384,39.81852,40.8765,39.491508,38.52009,41.40549,37.94301,38.750922,38.510472,39.28953,41.30931,41.241984,43.213674,39.222204,37.587144,39.328002,37.212042,37.183188,37.26975,38.27964
30083,34.644036,35.990556,40.991916,40.116678,39.328002,39.318384,39.81852,40.8765,39.491508,38.52009,41.40549,37.94301,38.750922,38.510472,39.28953,41.30931,41.241984,43.213674,39.222204,37.587144,39.328002,37.212042,37.183188,37.26975,38.27964
30085,34.644036,35.990556,40.991916,40.116678,39.328002,39.318384,39.81852,40.8765,39.491508,38.52009,41.40549,37.94301,38.750922,38.510472,39.28953,41.30931,41.241984,43.213674,39.222204,37.587144,39.328002,37.212042,37.183188,37.26975,38.27964
30087,34.644036,35.990556,40.991916,40.116678,39.328002,39.318384,39.81852,40.8765,39.491508,38.52009,41.40549,37.94301,38.750922,38.510472,39.28953,41.30931,41.241984,43.213674,39.222204,37.587144,39.328002,37.212042,37.183188,37.26975,38.27964
30089,34.644036,35.990556,40.991916,40.116678,39.328002,39.318384,39.81852,40.8765,39.491508,38.52009,41.40549,37.94301,38.750922,38.510472,39.28953,41.30931,41.241984,43.213674,39.222204,37.587144,39.328002,37.212042,37.183188,37.26975,38.27964
30091,34.644036,35.990556,40.991916,40.116678,39.328002,39.318384,39.81852,40.8765,39.491508,38.52009,41.40549,37.94301,38.750922,38.510472,39.28953,41.30931,41.241984,43.213674,39.222204,37.587144,39.328002,37.212042,37.183188,37.26975,38.27964
30093,34.644036,35.990556,40.991916,40.116678,39.328002,39.318384,39.81852,40.8765,39.491508,38.52009,41.40549,37.94301,38.750922,38.510472,39.28953,41.30931,41.241984,43.213674,39.222204,37.587144,39.328002,37.212042,37.183188,37.26975,38.27964
30095,34.644036,35.990556,40.991916,40.116678,39.328002,39.318384,39.81852,40.8765,39.491508,38.52009,41.40549,37.94301,38.750922,38.510472,39.28953,41.30931,41.241984,43.213674,39.222204,37.587144,39.328002,37.212042,37.183188,37.26975,38.27964
30097,34.644036,35.990556,40.991916,40.116678,39.328002,39.318384,39.81852,40.8765,39.491508,38.52009,41.40549,37.94301,38.750922,38.510472,39.28953,41.30931,41.241984,43.213674,39.222204,37.587144,39.328002,37.212042,37.183188,37.26975,38.27964
30099,34.644036,35.990556,40.991916,40.116678,39.328002,39.318384,39.81852,40.8765,39.491508,38.52009,41.40549,37.94301,38.750922,38.510472,39.28953,41.30931,41.241984,43.213674,39.222204,37.587144,39.328002,37.212042,37.183188,37.26975,38.27964
30101,34.644036,35.990556,40.991916,40.116678,39.328002,39.318384,39.81852,40.8765,39.491508,38.52009,41.40549,37.94301,38.750922,38.510472,39.28953,41.30931,41.241984,43.213674,39.222204,37.587144,39.328002,37.212042,37.183188,37.26975,38.27964
30103,34.644036,35.990556,40.991916,40.116678,39.328002,39.318384,39.81852,40.8765,39.491508,38.52009,41.40549,37.94301,38.750922,38.510472,39.28953,41.30931,41.241984,43.213674,39.222204,37.587144,39.328002,37.212042,37.183188,37.26975,38.27964
30105,34.644036,35.990556,40.991916,40.116678,39.328002,39.318384,39.81852,40.8765,39.491508,38.52009,41.40549,37.94301,38.750922,38.510472,39.28953,41.30931,41.241984,43.213674,39.222204,37.587144,39.328002,37.212042,37.183188,37.26975,38.27964
30107,34.644036,35.990556,40.991916,40.116678,39.328002,39.318384,39.81852,40.8765,39.491508,38.52009,41.40549,37.94301,38.750922,38.510472,39.28953,41.30931,41.241984,43.213674,39.222204,37.587144,39.328002,37.212042,37.183188,37.26975,38.27964
30109,34.644036,35.990556,40.991916,40.116678,39.328002,39.318384,39.81852,40.8765,39.491508,38.52009,41.40549,37.94301,38.750922,38.510472,39.28953,41.30931,41.241984,43.213674,39.222204,37.587144,39.328002,37.212042,37.183188,37.26975,38.27964
30111,34.644036,35.990556,40.991916,40.116678,39.328002,39.318384,39.81852,40.8765,39.491508,38.52009,41.40549,37.94301,38.750922,38.510472,39.28953,41.30931,41.241984,43.213674,39.222204,37.587144,39.328002,37.212042,37.183188,37.26975,38.27964
31001,34.644036,35.990556,40.991916,40.116678,39.328002,39.318384,39.81852,40.8765,39.491508,38.52009,41.40549,37.94301,38.750922,38.510472,39.28953,41.30931,41.241984,43.213674,39.222204,37.587144,39.328002,37.212042,37.183188,37.26975,38.27964
31003,34.644036,35.990556,40.991916,40.116678,39.328002,39.318384,39.81852,40.8765,39.491508,38.52009,41.40549,37.94301,38.750922,38.510472,39.28953,41.30931,41.241984,43.213674,39.222204,37.587144,39.328002,37.212042,37.183188,37.26975,38.27964
31005,34.644036,35.990556,40.991916,40.116678,39.328002,39.318384,39.81852,40.8765,39.491508,38.52009,41.40549,37.94301,38.750922,38.510472,39.28953,41.30931,41.241984,43.213674,39.222204,37.587144,39.328002,37.212042,37.183188,37.26975,38.27964
31007,34.644036,35.990556,40.991916,40.116678,39.328002,39.318384,39.81852,40.8765,39.491508,38.52009,41.40549,37.94301,38.750922,38.510472,39.28953,41.30931,41.241984,43.213674,39.222204,37.587144,39.328002,37.212042,37.183188,37.26975,38.27964
31009,34.644036,35.990556,40.991916,40.116678,39.328002,39.318384,39.81852,40.8765,39.491508,38.52009,41.40549,37.94301,38.750922,38.510472,39.28953,41.30931,41.241984,43.213674,39.222204,37.587144,39.328002,37.212042,37.183188,37.26975,38.27964
31011,34.644036,35.990556,40.991916,40.116678,39.328002,39.318384,39.81852,40.8765,39.491508,38.52009,41.40549,37.94301,38.750922,38.510472,39.28953,41.30931,41.241984,43.213674,39.222204,37.587144,39.328002,37.212042,37.183188,37.26975,38.27964
31013,34.644036,35.990556,40.991916,40.116678,39.328002,39.318384,39.81852,40.8765,39.491508,38.52009,41.40549,37.94301,38.750922,38.510472,39.28953,41.30931,41.241984,43.213674,39.222204,37.587144,39.328002,37.212042,37.183188,37.26975,38.27964
31015,34.644036,35.990556,40.991916,40.116678,39.328002,39.318384,39.81852,40.8765,39.491508,38.52009,41.40549,37.94301,38.750922,38.510472,39.28953,41.30931,41.241984,43.213674,39.222204,37.587144,39.328002,37.212042,37.183188,37.26975,38.27964
31017,34.644036,35.990556,40.991916,40.116678,39.328002,39.318384,39.81852,40.8765,39.491508,38.52009,41.40549,37.94301,38.750922,38.510472,39.28953,41.30931,41.241984,43.213674,39.222204,37.587144,39.328002,37.212042,37.183188,37.26975,38.27964
31019,34.644036,35.990556,40.991916,40.116678,39.328002,39.318384,39.81852,40.8765,39.491508,38.52009,41.40549,37.94301,38.750922,38.510472,39.28953,41.30931,41.241984,43.213674,39.222204,37.587144,39.328002,37.212042,37.183188,37.26975,38.27964
31021,34.644036,35.990556,40.991916,40.116678,39.328002,39.318384,39.81852,40.8765,39.491508,38.52009,41.40549,37.94301,38.750922,38.510472,39.28953,41.30931,41.241984,43.213674,39.222204,37.587144,39.328002,37.212042,37.183188,37.26975,38.27964
31023,34.644036,35.990556,40.991916,40.116678,39.328002,39.318384,39.81852,40.8765,39.491508,38.52009,41.40549,37.94301,38.750922,38.510472,39.28953,41.30931,41.241984,43.213674,39.222204,37.587144,39.328002,37.212042,37.183188,37.26975,38.27964
31025,34.644036,35.990556,40.991916,40.116678,39.328002,39.318384,39.81852,40.8765,39.491508,38.52009,41.40549,37.94301,38.750922,38.510472,39.28953,41.30931,41.241984,43.213674,39.222204,37.587144,39.328002,37.212042,37.183188,37.26975,38.27964
31027,34.644036,35.990556,40.991916,40.116678,39.328002,39.318384,39.81852,40.8765,39.491508,38.52009,41.40549,37.94301,38.750922,38.510472,39.28953,41.30931,41.241984,43.213674,39.222204,37.587144,39.328002,37.212042,37.183188,37.26975,38.27964
31029,34.644036,35.990556,40.991916,40.116678,39.328002,39.318384,39.81852,40.8765,39.491508,38.52009,41.40549,37.94301,38.750922,38.510472,39.28953,41.30931,41.241984,43.213674,39.222204,37.587144,39.328002,37.212042,37.183188,37.26975,38.27964
31031,34.644036,35.990556,40.991916,40.116678,39.328002,39.318384,39.81852,40.8765,39.491508,38.52009,41.40549,37.94301,38.750922,38.510472,39.28953,41.30931,41.241984,43.213674,39.222204,37.587144,39.328002,37.212042,37.183188,37.26975,38.27964
31033,34.644036,35.990556,40.991916,40.116678,39.328002,39.318384,39.81852,40.8765,39.491508,38.52009,41.40549,37.94301,38.750922,38.510472,39.28953,41.30931,41.241984,43.213674,39.222204,37.587144,39.328002,37.212042,37.183188,37.26975,38.27964
31035,34.644036,35.990556,40.991916,40.116678,39.328002,39.318384,39.81852,40.8765,39.491508,38.52009,41.40549,37.94301,38.750922,38.510472,39.28953,41.30931,41.241984,43.213674,39.222204,37.587144,39.328002,37.212042,37.183188,37.26975,38.27964
31037,34.644036,35.990556,40.991916,40.116678,39.328002,39.318384,39.81852,40.8765,39.491508,38.52009,41.40549,37.94301,38.750922,38.510472,39.28953,41.30931,41.241984,43.213674,39.222204,37.587144,39.328002,37.212042,37.183188,37.26975,38.27964
31039,34.644036,35.990556,40.991916,40.116678,39.328002,39.318384,39.81852,40.8765,39.491508,38.52009,41.40549,37.94301,38.750922,38.510472,39.28953,41.30931,41.241984,43.213674,39.222204,37.587144,39.328002,37.212042,37.183188,37.26975,38.27964
31041,34.644036,35.990556,40.991916,40.116678,39.328002,39.318384,39.81852,40.8765,39.491508,38.52009,41.40549,37.94301,38.750922,38.510472,39.28953,41.30931,41.241984,43.213674,39.222204,37.587144,39.328002,37.212042,37.183188,37.26975,38.27964
31043,34.644036,35.990556,40.991916,40.116678,39.328002,39.318384,39.81852,40.8765,39.491508,38.52009,41.40549,37.94301,38.750922,38.510472,39.28953,41.30931,41.241984,43.213674,39.222204,37.587144,39.328002,37.212042,37.183188,37.26975,38.27964
31045,34.644036,35.990556,40.991916,40.116678,39.328002,39.318384,39.81852,40.8765,39.491508,38.52009,41.40549,37.94301,38.750922,38.510472,39.28953,41.30931,41.241984,43.213674,39.222204,37.587144,39.328002,37.212042,37.183188,37.26975,38.27964
31047,34.644036,35.990556,40.991916,40.116678,39.328002,39.318384,39.81852,40.8765,39.491508,38.52009,41.40549,37.94301,38.750922,38.510472,39.28953,41.30931,41.241984,43.213674,39.222204,37.587144,39.328002,37.212042,37.183188,37.26975,38.27964
31049,34.644036,35.990556,40.991916,40.116678,39.328002,39.318384,39.81852,40.8765,39.491508,38.52009,41.40549,37.94301,38.750922,38.510472,39.28953,41.30931,41.241984,43.213674,39.222204,37.587144,39.328002,37.212042,37.183188,37.26975,38.27964
31051,34.644036,35.990556,40.991916,40.116678,39.328002,39.318384,39.81852,40.8765,39.491508,38.52009,41.40549,37.94301,38.750922,38.510472,39.28953,41.30931,41.241984,43.213674,39.222204,37.587144,39.328002,37.212042,37.183188,37.26975,38.27964
31053,34.644036,35.990556,40.991916,40.116678,39.328002,39.318384,39.81852,40.8765,39.491508,38.52009,41.40549,37.94301,38.750922,38.510472,39.28953,41.30931,41.241984,43.213674,39.222204,37.587144,39.328002,37.212042,37.183188,37.26975,38.27964
31055,34.644036,35.990556,40.991916,40.116678,39.328002,39.318384,39.81852,40.8765,39.491508,38.52009,41.40549,37.94301,38.750922,38.510472,39.28953,41.30931,41.241984,43.213674,39.222204,37.587144,39.328002,37.212042,37.183188,37.26975,38.27964
31057,34.644036,35.990556,40.991916,40.116678,39.328002,39.318384,39.81852,40.8765,39.491508,38.52009,41.40549,37.94301,38.750922,38.510472,39.28953,41.30931,41.241984,43.213674,39.222204,37.587144,39.328002,37.212042,37.183188,37.26975,38.27964
31059,34.644036,35.990556,40.991916,40.116678,39.328002,39.318384,39.81852,40.8765,39.491508,38.52009,41.40549,37.94301,38.750922,38.510472,39.28953,41.30931,41.241984,43.213674,39.222204,37.587144,39.328002,37.212042,37.183188,37.26975,38.27964
31061,34.644036,35.990556,40.991916,40.116678,39.328002,39.318384,39.81852,40.8765,39.491508,38.52009,41.40549,37.94301,38.750922,38.510472,39.28953,41.30931,41.241984,43.213674,39.222204,37.587144,39.328002,37.212042,37.183188,37.26975,38.27964
31063,34.644036,35.990556,40.991916,40.116678,39.328002,39.318384,39.81852,40.8765,39.491508,38.52009,41.40549,37.94301,38.750922,38.510472,39.28953,41.30931,41.241984,43.213674,39.222204,37.587144,39.328002,37.212042,37.183188,37.26975,38.27964
31065,34.644036,35.990556,40.991916,40.116678,39.328002,39.318384,39.81852,40.8765,39.491508,38.52009,41.40549,37.94301,38.750922,38.510472,39.28953,41.30931,41.241984,43.213674,39.222204,37.587144,39.328002,37.212042,37.183188,37.26975,38.27964
31067,34.644036,35.990556,40.991916,40.116678,39.328002,39.318384,39.81852,40.8765,39.491508,38.52009,41.40549,37.94301,38.750922,38.510472,39.28953,41.30931,41.241984,43.213674,39.222204,37.587144,39.328002,37.212042,37.183188,37.26975,38.27964
31069,34.644036,35.990556,40.991916,40.116678,39.328002,39.318384,39.81852,40.8765,39.491508,38.52009,41.40549,37.94301,38.750922,38.510472,39.28953,41.30931,41.241984,43.213674,39.222204,37.587144,39.328002,37.212042,37.183188,37.26975,38.27964
31071,34.644036,35.990556,40.991916,40.116678,39.328002,39.318384,39.81852,40.8765,39.491508,38.52009,41.40549,37.94301,38.750922,38.510472,39.28953,41.30931,41.241984,43.213674,39.222204,37.587144,39.328002,37.212042,37.183188,37.26975,38.27964
31073,34.644036,35.990556,40.991916,40.116678,39.328002,39.318384,39.81852,40.8765,39.491508,38.52009,41.40549,37.94301,38.750922,38.510472,39.28953,41.30931,41.241984,43.213674,39.222204,37.587144,39.328002,37.212042,37.183188,37.26975,38.27964
31075,34.644036,35.990556,40.991916,40.116678,39.328002,39.318384,39.81852,40.8765,39.491508,38.52009,41.40549,37.94301,38.750922,38.510472,39.28953,41.30931,41.241984,43.213674,39.222204,37.587144,39.328002,37.212042,37.183188,37.26975,38.27964
31077,34.644036,35.990556,40.991916,40.116678,39.328002,39.318384,39.81852,40.8765,39.491508,38.52009,41.40549,37.94301,38.750922,38.510472,39.28953,41.30931,41.241984,43.213674,39.222204,37.587144,39.328002,37.212042,37.183188,37.26975,38.27964
31079,34.644036,35.990556,40.991916,40.116678,39.328002,39.318384,39.81852,40.8765,39.491508,38.52009,41.40549,37.94301,38.750922,38.510472,39.28953,41.30931,41.241984,43.213674,39.222204,37.587144,39.328002,37.212042,37.183188,37.26975,38.27964
31081,34.644036,35.990556,40.991916,40.116678,39.328002,39.318384,39.81852,40.8765,39.491508,38.52009,41.40549,37.94301,38.750922,38.510472,39.28953,41.30931,41.241984,43.213674,39.222204,37.587144,39.328002,37.212042,37.183188,37.26975,38.27964
31083,34.644036,35.990556,40.991916,40.116678,39.328002,39.318384,39.81852,40.8765,39.491508,38.52009,41.40549,37.94301,38.750922,38.510472,39.28953,41.30931,41.241984,43.213674,39.222204,37.587144,39.328002,37.212042,37.183188,37.26975,38.27964
31085,34.644036,35.990556,40.991916,40.116678,39.328002,39.318384,39.81852,40.8765,39.491508,38.52009,41.40549,37.94301,38.750922,38.510472,39.28953,41.30931,41.241984,43.213674,39.222204,37.587144,39.328002,37.212042,37.183188,37.26975,38.27964
31087,34.644036,35.990556,40.991916,40.116678,39.328002,39.318384,39.81852,40.8765,39.491508,38.52009,41.40549,37.94301,38.750922,38.510472,39.28953,41.30931,41.241984,43.213674,39.222204,37.587144,39.328002,37.212042,37.183188,37.26975,38.27964
31089,34.644036,35.990556,40.991916,40.116678,39.328002,39.318384,39.81852,40.8765,39.491508,38.52009,41.40549,37.94301,38.750922,38.510472,39.28953,41.30931,41.241984,43.213674,39.222204,37.587144,39.328002,37.212042,37.183188,37.26975,38.27964
31091,34.644036,35.990556,40.991916,40.116678,39.328002,39.318384,39.81852,40.8765,39.491508,38.52009,41.40549,37.94301,38.750922,38.510472,39.28953,41.30931,41.241984,43.213674,39.222204,37.587144,39.328002,37.212042,37.183188,37.26975,38.27964
31093,34.644036,35.990556,40.991916,40.116678,39.328002,39.318384,39.81852,40.8765,39.491508,38.52009,41.40549,37.94301,38.750922,38.510472,39.28953,41.30931,41.241984,43.213674,39.222204,37.587144,39.328002,37.212042,37.183188,37.26975,38.27964
31095,34.644036,35.990556,40.991916,40.116678,39.328002,39.318384,39.81852,40.8765,39.491508,38.52009,41.40549,37.94301,38.750922,38.510472,39.28953,41.30931,41.241984,43.213674,39.222204,37.587144,39.328002,37.212042,37.183188,37.26975,38.27964
31097,34.644036,35.990556,40.991916,40.116678,39.328002,39.318384,39.81852,40.8765,39.491508,38.52009,41.40549,37.94301,38.750922,38.510472,39.28953,41.30931,41.241984,43.213674,39.222204,37.587144,39.328002,37.212042,37.183188,37.26975,38.27964
31099,34.644036,35.990556,40.991916,40.116678,39.328002,39.318384,39.81852,40.8765,39.491508,38.52009,41.40549,37.94301,38.750922,38.510472,39.28953,41.30931,41.241984,43.213674,39.222204,37.587144,39.328002,37.212042,37.183188,37.26975,38.27964
31101,34.644036,35.990556,40.991916,40.116678,39.328002,39.318384,39.81852,40.8765,39.491508,38.52009,41.40549,37.94301,38.750922,38.510472,39.28953,41.30931,41.241984,43.213674,39.222204,37.587144,39.328002,37.212042,37.183188,37.26975,38.27964
31103,34.644036,35.990556,40.991916,40.116678,39.328002,39.318384,39.81852,40.8765,39.491508,38.52009,41.40549,37.94301,38.750922,38.510472,39.28953,41.30931,41.241984,43.213674,39.222204,37.587144,39.328002,37.212042,37.183188,37.26975,38.27964
31105,34.644036,35.990556,40.991916,40.116678,39.328002,39.318384,39.81852,40.8765,39.491508,38.52009,41.40549,37.94301,38.750922,38.510472,39.28953,41.30931,41.241984,43.213674,39.222204,37.587144,39.328002,37.212042,37.183188,37.26975,38.27964
31107,34.644036,35.990556,40.991916,40.116678,39.328002,39.318384,39.81852,40.8765,39.491508,38.52009,41.40549,37.94301,38.750922,38.510472,39.28953,41.30931,41.241984,43.213674,39.222204,37.587144,39.328002,37.212042,37.183188,37.26975,38.27964
31109,34.644036,35.990556,40.991916,40.116678,39.328002,39.318384,39.81852,40.8765,39.491508,38.52009,41.40549,37.94301,38.750922,38.510472,39.28953,41.30931,41.241984,43.213674,39.222204,37.587144,39.328002,37.212042,37.183188,37.26975,38.27964
31111,34.644036,35.990556,40.991916,40.116678,39.328002,39.318384,39.81852,40.8765,39.491508,38.52009,41.40549,37.94301,38.750922,38.510472,39.28953,41.30931,41.241984,43.213674,39.222204,37.587144,39.328002,37.212042,37.183188,37.26975,38.27964
31113,34.644036,35.990556,40.991916,40.116678,39.328002,39.318384,39.81852,40.8765,39.491508,38.52009,41.40549,37.94301,38.750922,38.510472,39.28953,41.30931,41.241984,43.213674,39.222204,37.587144,39.328002,37.212042,37.183188,37.26975,38.27964
31115,34.644036,35.990556,40.991916,40.116678,39.328002,39.318384,39.81852,40.8765,39.491508,38.52009,41.40549,37.94301,38.750922,38.510472,39.28953,41.30931,41.241984,43.213674,39.222204,37.587144,39.328002,37.212042,37.183188,37.26975,38.27964
31117,34.644036,35.990556,40.991916,40.116678,39.328002,39.318384,39.81852,40.8765,39.491508,38.52009,41.40549,37.94301,38.750922,38.510472,39.28953,41.30931,41.241984,43.213674,39.222204,37.587144,39.328002,37.212042,37.183188,37.26975,38.27964
31119,34.644036,35.990556,40.991916,40.116678,39.328002,39.318384,39.81852,40.8765,39.491508,38.52009,41.40549,37.94301,38.750922,38.510472,39.28953,41.30931,41.241984,43.213674,39.222204,37.587144,39.328002,37.212042,37.183188,37.26975,38.27964
31121,34.644036,35.990556,40.991916,40.116678,39.328002,39.318384,39.81852,40.8765,39.491508,38.52009,41.40549,37.94301,38.750922,38.510472,39.28953,41.30931,41.241984,43.213674,39.222204,37.587144,39.328002,37.212042,37.183188,37.26975,38.27964
31123,34.644036,35.990556,40.991916,40.116678,39.328002,39.318384,39.81852,40.8765,39.491508,38.52009,41.40549,37.94301,38.750922,38.510472,39.28953,41.30931,41.241984,43.213674,39.222204,37.587144,39.328002,37.212042,37.183188,37.26975,38.27964
31125,34.644036,35.990556,40.991916,40.116678,39.328002,39.318384,39.81852,40.8765,39.491508,38.52009,41.40549,37.94301,38.750922,38.510472,39.28953,41.30931,41.241984,43.213674,39.222204,37.587144,39.328002,37.212042,37.183188,37.26975,38.27964
31127,34.644036,35.990556,40.991916,40.116678,39.328002,39.318384,39.81852,40.8765,39.491508,38.52009,41.40549,37.94301,38.750922,38.510472,39.28953,41.30931,41.241984,43.213674,39.222204,37.587144,39.328002,37.212042,37.183188,37.26975,38.27964
31129,34.644036,35.990556,40.991916,40.116678,39.328002,39.318384,39.81852,40.8765,39.491508,38.52009,41.40549,37.94301,38.750922,38.510472,39.28953,41.30931,41.241984,43.213674,39.222204,37.587144,39.328002,37.212042,37.183188,37.26975,38.27964
31131,34.644036,35.990556,40.991916,40.116678,39.328002,39.318384,39.81852,40.8765,39.491508,38.52009,41.40549,37.94301,38.750922,38.510472,39.28953,41.30931,41.241984,43.213674,39.222204,37.587144,39.328002,37.212042,37.183188,37.26975,38.27964
31133,34.644036,35.990556,40.991916,40.116678,39.328002,39.318384,39.81852,40.8765,39.491508,38.52009,41.40549,37.94301,38.750922,38.510472,39.28953,41.30931,41.241984,43.213674,39.222204,37.587144,39.328002,37.212042,37.183188,37.26975,38.27964
31135,34.644036,35.990556,40.991916,40.116678,39.328002,39.318384,39.81852,40.8765,39.491508,38.52009,41.40549,37.94301,38.750922,38.510472,39.28953,41.30931,41.241984,43.213674,39.222204,37.587144,39.328002,37.212042,37.183188,37.26975,38.27964
31137,34.644036,35.990556,40.991916,40.116678,39.328002,39.318384,39.81852,40.8765,39.491508,38.52009,41.40549,37.94301,38.750922,38.510472,39.28953,41.30931,41.241984,43.213674,39.222204,37.587144,39.328002,37.212042,37.183188,37.26975,38.27964
31139,34.644036,35.990556,40.991916,40.116678,39.328002,39.318384,39.81852,40.8765,39.491508,38.52009,41.40549,37.94301,38.750922,38.510472,39.28953,41.30931,41.241984,43.213674,39.222204,37.587144,39.328002,37.212042,37.183188,37.26975,38.27964
31141,34.644036,35.990556,40.991916,40.116678,39.328002,39.318384,39.81852,40.8765,39.491508,38.52009,41.40549,37.94301,38.750922,38.510472,39.28953,41.30931,41.241984,43.213674,39.222204,37.587144,39.328002,37.212042,37.183188,37.26975,38.27964
31143,34.644036,35.990556,40.991916,40.116678,39.328002,39.318384,39.81852,40.8765,39.491508,38.52009,41.40549,37.94301,38.750922,38.510472,39.28953,41.30931,41.241984,43.213674,39.222204,37.587144,39.328002,37.212042,37.183188,37.26975,38.27964
31145,34.644036,35.990556,40.991916,40.116678,39.328002,39.318384,39.81852,40.8765,39.491508,38.52009,41.40549,37.94301,38.750922,38.510472,39.28953,41.30931,41.241984,43.213674,39.222204,37.587144,39.328002,37.212042,37.183188,37.26975,38.27964
31147,34.644036,35.990556,40.991916,40.116678,39.328002,39.318384,39.81852,40.8765,39.491508,38.52009,41.40549,37.94301,38.750922,38.510472,39.28953,41.30931,41.241984,43.213674,39.222204,37.587144,39.328002,37.212042,37.183188,37.26975,38.27964
31149,34.644036,35.990556,40.991916,40.116678,39.328002,39.318384,39.81852,40.8765,39.491508,38.52009,41.40549,37.94301,38.750922,38.510472,39.28953,41.30931,41.241984,43.213674,39.222204,37.587144,39.328002,37.212042,37.183188,37.26975,38.27964
31151,34.644036,35.990556,40.991916,40.116678,39.328002,39.318384,39.81852,40.8765,39.491508,38.52009,41.40549,37.94301,38.750922,38.510472,39.28953,41.30931,41.241984,43.213674,39.222204,37.587144,39.328002,37.212042,37.183188,37.26975,38.27964
31153,34.644036,35.990556,40.991916,40.116678,39.328002,39.318384,39.81852,40.8765,39.491508,38.52009,41.40549,37.94301,38.750922,38.510472,39.28953,41.30931,41.241984,43.213674,39.222204,37.587144,39.328002,37.212042,37.183188,37.26975,38.27964
31155,34.644036,35.990556,40.991916,40.116678,39.328002,39.318384,39.81852,40.8765,39.491508,38.52009,41.40549,37.94301,38.750922,38.510472,39.28953,41.30931,41.241984,43.213674,39.222204,37.587144,39.328002,37.212042,37.183188,37.26975,38.27964
31157,34.644036,35.990556,40.991916,40.116678,39.328002,39.318384,39.81852,40.8765,39.491508,38.52009,41.40549,37.94301,38.750922,38.510472,39.28953,41.30931,41.241984,43.213674,39.222204,37.587144,39.328002,37.212042,37.183188,37.26975,38.27964
31159,34.644036,35.990556,40.991916,40.116678,39.328002,39.318384,39.81852,40.8765,39.491508,38.52009,41.40549,37.94301,38.750922,38.510472,39.28953,41.30931,41.241984,43.213674,39.222204,37.587144,39.328002,37.212042,37.183188,37.26975,38.27964
31161,34.644036,35.990556,40.991916,40.116678,39.328002,39.318384,39.81852,40.8765,39.491508,38.52009,41.40549,37.94301,38.750922,38.510472,39.28953,41.30931,41.241984,43.213674,39.222204,37.587144,39.328002,37.212042,37.183188,37.26975,38.27964
31163,34.644036,35.990556,40.991916,40.116678,39.328002,39.318384,39.81852,40.8765,39.491508,38.52009,41.40549,37.94301,38.750922,38.510472,39.28953,41.30931,41.241984,43.213674,39.222204,37.587144,39.328002,37.212042,37.183188,37.26975,38.27964
31165,34.644036,35.990556,40.991916,40.116678,39.328002,39.318384,39.81852,40.8765,39.491508,38.52009,41.40549,37.94301,38.750922,38.510472,39.28953,41.30931,41.241984,43.213674,39.222204,37.587144,39.328002,37.212042,37.183188,37.26975,38.27964
31167,34.644036,35.990556,40.991916,40.116678,39.328002,39.318384,39.81852,40.8765,39.491508,38.52009,41.40549,37.94301,38.750922,38.510472,39.28953,41.30931,41.241984,43.213674,39.222204,37.587144,39.328002,37.212042,37.183188,37.26975,38.27964
31169,34.644036,35.990556,40.991916,40.116678,39.328002,39.318384,39.81852,40.8765,39.491508,38.52009,41.40549,37.94301,38.750922,38.510472,39.28953,41.30931,41.241984,43.213674,39.222204,37.587144,39.328002,37.212042,37.183188,37.26975,38.27964
31171,34.644036,35.990556,40.991916,40.116678,39.328002,39.318384,39.81852,40.8765,39.491508,38.52009,41.40549,37.94301,38.750922,38.510472,39.28953,41.30931,41.241984,43.213674,39.222204,37.587144,39.328002,37.212042,37.183188,37.26975,38.27964
31173,34.644036,35.990556,40.991916,40.116678,39.328002,39.318384,39.81852,40.8765,39.491508,38.52009,41.40549,37.94301,38.750922,38.510472,39.28953,41.30931,41.241984,43.213674,39.222204,37.587144,39.328002,37.212042,37.183188,37.26975,38.27964
31175,34.644036,35.990556,40.991916,40.116678,39.328002,39.318384,39.81852,40.8765,39.491508,38.52009,41.40549,37.94301,38.750922,38.510472,39.28953,41.30931,41.241984,43.213674,39.222204,37.587144,39.328002,37.212042,37.183188,37.26975,38.27964
31177,34.644036,35.990556,40.991916,40.116678,39.328002,39.318384,39.81852,40.8765,39.491508,38.52009,41.40549,37.94301,38.750922,38.510472,39.28953,41.30931,41.241984,43.213674,39.222204,37.587144,39.328002,37.212042,37.183188,37.26975,38.27964
31179,34.644036,35.990556,40.991916,40.116678,39.328002,39.318384,39.81852,40.8765,39.491508,38.52009,41.40549,37.94301,38.750922,38.510472,39.28953,41.30931,41.241984,43.213674,39.222204,37.587144,39.328002,37.212042,37.183188,37.26975,38.27964
31181,34.644036,35.990556,40.991916,40.116678,39.328002,39.318384,39.81852,40.8765,39.491508,38.52009,41.40549,37.94301,38.750922,38.510472,39.28953,41.30931,41.241984,43.213674,39.222204,37.587144,39.328002,37.212042,37.183188,37.26975,38.27964
31183,34.644036,35.990556,40.991916,40.116678,39.328002,39.318384,39.81852,40.8765,39.491508,38.52009,41.40549,37.94301,38.750922,38.510472,39.28953,41.30931,41.241984,43.213674,39.222204,37.587144,39.328002,37.212042,37.183188,37.26975,38.27964
31185,34.644036,35.990556,40.991916,40.116678,39.328002,39.318384,39.81852,40.8765,39.491508,38.52009,41.40549,37.94301,38.750922,38.510472,39.28953,41.30931,41.241984,43.213674,39.222204,37.587144,39.328002,37.212042,37.183188,37.26975,38.27964
32001,34.644036,35.990556,40.991916,40.116678,39.328002,39.318384,39.81852,40.8765,39.491508,38.52009,41.40549,37.94301,38.750922,38.510472,39.28953,41.30931,41.241984,43.213674,39.222204,37.587144,39.328002,37.212042,37.183188,37.26975,38.27964
32003,34.644036,35.990556,40.991916,40.116678,39.328002,39.318384,39.81852,40.8765,39.491508,38.52009,41.40549,37.94301,38.750922,38.510472,39.28953,41.30931,41.241984,43.213674,39.222204,37.587144,39.328002,37.212042,37.183188,37.26975,38.27964
32005,34.644036,35.990556,40.991916,40.116678,39.328002,39.318384,39.81852,40.8765,39.491508,38.52009,41.40549,37.94301,38.750922,38.510472,39.28953,41.30931,41.241984,43.213674,39.222204,37.587144,39.328002,37.212042,37.183188,37.26975,38.27964
32007,34.644036,35.990556,40.991916,40.116678,39.328002,39.318384,39.81852,40.8765,39.491508,38.52009,41.40549,37.94301,38.750922,38.510472,39.28953,41.30931,41.241984,43.213674,39.222204,37.587144,39.328002,37.212042,37.183188,37.26975,38.27964
32009,34.644036,35.990556,40.991916,40.116678,39.328002,39.318384,39.81852,40.8765,39.491508,38.52009,41.40549,37.94301,38.750922,38.510472,39.28953,41.30931,41.241984,43.213674,39.222204,37.587144,39.328002,37.212042,37.183188,37.26975,38.27964
32011,34.644036,35.990556,40.991916,40.116678,39.328002,39.318384,39.81852,40.8765,39.491508,38.52009,41.40549,37.94301,38.750922,38.510472,39.28953,41.30931,41.241984,43.213674,39.222204,37.587144,39.328002,37.212042,37.183188,37.26975,38.27964
32013,34.644036,35.990556,40.991916,40.116678,39.328002,39.318384,39.81852,40.8765,39.491508,38.52009,41.40549,37.94301,38.750922,38.510472,39.28953,41.30931,41.241984,43.213674,39.222204,37.587144,39.328002,37.212042,37.183188,37.26975,38.27964
32015,34.644036,35.990556,40.991916,40.116678,39.328002,39.318384,39.81852,40.8765,39.491508,38.52009,41.40549,37.94301,38.750922,38.510472,39.28953,41.30931,41.241984,43.213674,39.222204,37.587144,39.328002,37.212042,37.183188,37.26975,38.27964
32017,34.644036,35.990556,40.991916,40.116678,39.328002,39.318384,39.81852,40.8765,39.491508,38.52009,41.40549,37.94301,38.750922,38.510472,39.28953,41.30931,41.241984,43.213674,39.222204,37.587144,39.328002,37.212042,37.183188,37.26975,38.27964
32019,34.644036,35.990556,40.991916,40.116678,39.328002,39.318384,39.81852,40.8765,39.491508,38.52009,41.40549,37.94301,38.750922,38.510472,39.28953,41.30931,41.241984,43.213674,39.222204,37.587144,39.328002,37.212042,37.183188,37.26975,38.27964
32021,34.644036,35.990556,40.991916,40.116678,39.328002,39.318384,39.81852,40.8765,39.491508,38.52009,41.40549,37.94301,38.750922,38.510472,39.28953,41.30931,41.241984,43.213674,39.222204,37.587144,39.328002,37.212042,37.183188,37.26975,38.27964
32023,34.644036,35.990556,40.991916,40.116678,39.328002,39.318384,39.81852,40.8765,39.491508,38.52009,41.40549,37.94301,38.750922,38.510472,39.28953,41.30931,41.241984,43.213674,39.222204,37.587144,39.328002,37.212042,37.183188,37.26975,38.27964
32027,34.644036,35.990556,40.991916,40.116678,39.328002,39.318384,39.81852,40.8765,39.491508,38.52009,41.40549,37.94301,38.750922,38.510472,39.28953,41.30931,41.241984,43.213674,39.222204,37.587144,39.328002,37.212042,37.183188,37.26975,38.27964
32029,34.644036,35.990556,40.991916,40.116678,39.328002,39.318384,39.81852,40.8765,39.491508,38.52009,41.40549,37.94301,38.750922,38.510472,39.28953,41.30931,41.241984,43.213674,39.222204,37.587144,39.328002,37.212042,37.183188,37.26975,38.27964
32031,34.644036,35.990556,40.991916,40.116678,39.328002,39.318384,39.81852,40.8765,39.491508,38.52009,41.40549,37.94301,38.750922,38.510472,39.28953,41.30931,41.241984,43.213674,39.222204,37.587144,39.328002,37.212042,37.183188,37.26975,38.27964
32033,34.644036,35.990556,40.991916,40.116678,39.328002,39.318384,39.81852,40.8765,39.491508,38.52009,41.40549,37.94301,38.750922,38.510472,39.28953,41.30931,41.241984,43.213674,39.222204,37.587144,39.328002,37.212042,37.183188,37.26975,38.27964
32510,34.644036,35.990556,40.991916,40.116678,39.328002,39.318384,39.81852,40.8765,39.491508,38.52009,41.40549,37.94301,38.750922,38.510472,39.28953,41.30931,41.241984,43.213674,39.222204,37.587144,39.328002,37.212042,37.183188,37.26975,38.27964
33001,34.644036,35.990556,40.991916,40.116678,39.328002,39.318384,39.81852,40.8765,39.491508,38.52009,41.40549,37.94301,38.750922,38.510472,39.28953,41.30931,41.241984,43.213674,39.222204,37.587144,39.328002,37.212042,37.183188,37.26975,38.27964
33003,34.644036,35.990556,40.991916,40.116678,39.328002,39.318384,39.81852,40.8765,39.491508,38.52009,41.40549,37.94301,38.750922,38.510472,39.28953,41.30931,41.241984,43.213674,39.222204,37.587144,39.328002,37.212042,37.183188,37.26975,38.27964
33005,34.644036,35.990556,40.991916,40.116678,39.328002,39.318384,39.81852,40.8765,39.491508,38.52009,41.40549,37.94301,38.750922,38.510472,39.28953,41.30931,41.241984,43.213674,39.222204,37.587144,39.328002,37.212042,37.183188,37.26975,38.27964
33007,34.644036,35.990556,40.991916,40.116678,39.328002,39.318384,39.81852,40.8765,39.491508,38.52009,41.40549,37.94301,38.750922,38.510472,39.28953,41.30931,41.241984,43.213674,39.222204,37.587144,39.328002,37.212042,37.183188,37.26975,38.27964
33009,34.644036,35.990556,40.991916,40.116678,39.328002,39.318384,39.81852,40.8765,39.491508,38.52009,41.40549,37.94301,38.750922,38.510472,39.28953,41.30931,41.241984,43.213674,39.222204,37.587144,39.328002,37.212042,37.183188,37.26975,38.27964
33011,34.644036,35.990556,40.991916,40.116678,39.328002,39.318384,39.81852,40.8765,39.491508,38.52009,41.40549,37.94301,38.750922,38.510472,39.28953,41.30931,41.241984,43.213674,39.222204,37.587144,39.328002,37.212042,37.183188,37.26975,38.27964
33013,34.644036,35.990556,40.991916,40.116678,39.328002,39.318384,39.81852,40.8765,39.491508,38.52009,41.40549,37.94301,38.750922,38.510472,39.28953,41.30931,41.241984,43.213674,39.222204,37.587144,39.328002,37.212042,37.183188,37.26975,38.27964
33015,34.644036,35.990556,40.991916,40.116678,39.328002,39.318384,39.81852,40.8765,39.491508,38.52009,41.40549,37.94301,38.750922,38.510472,39.28953,41.30931,41.241984,43.213674,39.222204,37.587144,39.328002,37.212042,37.183188,37.26975,38.27964
33017,34.644036,35.990556,40.991916,40.116678,39.328002,39.318384,39.81852,40.8765,39.491508,38.52009,41.40549,37.94301,38.750922,38.510472,39.28953,41.30931,41.241984,43.213674,39.222204,37.587144,39.328002,37.212042,37.183188,37.26975,38.27964
33019,34.644036,35.990556,40.991916,40.116678,39.328002,39.318384,39.81852,40.8765,39.491508,38.52009,41.40549,37.94301,38.750922,38.510472,39.28953,41.30931,41.241984,43.213674,39.222204,37.587144,39.328002,37.212042,37.183188,37.26975,38.27964
34001,34.644036,35.990556,40.991916,40.116678,39.328002,39.318384,39.81852,40.8765,39.491508,38.52009,41.40549,37.94301,38.750922,38.510472,39.28953,41.30931,41.241984,43.213674,39.222204,37.587144,39.328002,37.212042,37.183188,37.26975,38.27964
34003,34.644036,35.990556,40.991916,40.116678,39.328002,39.318384,39.81852,40.8765,39.491508,38.52009,41.40549,37.94301,38.750922,38.510472,39.28953,41.30931,41.241984,43.213674,39.222204,37.587144,39.328002,37.212042,37.183188,37.26975,38.27964
34005,34.644036,35.990556,40.991916,40.116678,39.328002,39.318384,39.81852,40.8765,39.491508,38.52009,41.40549,37.94301,38.750922,38.510472,39.28953,41.30931,41.241984,43.213674,39.222204,37.587144,39.328002,37.212042,37.183188,37.26975,38.27964
34007,34.644036,35.990556,40.991916,40.116678,39.328002,39.318384,39.81852,40.8765,39.491508,38.52009,41.40549,37.94301,38.750922,38.510472,39.28953,41.30931,41.241984,43.213674,39.222204,37.587144,39.328002,37.212042,37.183188,37.26975,38.27964
34009,34.644036,35.990556,40.991916,40.116678,39.328002,39.318384,39.81852,40.8765,39.491508,38.52009,41.40549,37.94301,38.750922,38.510472,39.28953,41.30931,41.241984,43.213674,39.222204,37.587144,39.328002,37.212042,37.183188,37.26975,38.27964
34011,34.644036,35.990556,40.991916,40.116678,39.328002,39.318384,39.81852,40.8765,39.491508,38.52009,41.40549,37.94301,38.750922,38.510472,39.28953,41.30931,41.241984,43.213674,39.222204,37.587144,39.328002,37.212042,37.183188,37.26975,38.27964
34013,34.644036,35.990556,40.991916,40.116678,39.328002,39.318384,39.81852,40.8765,39.491508,38.52009,41.40549,37.94301,38.750922,38.510472,39.28953,41.30931,41.241984,43.213674,39.222204,37.587144,39.328002,37.212042,37.183188,37.26975,38.27964
34015,34.644036,35.990556,40.991916,40.116678,39.328002,39.318384,39.81852,40.8765,39.491508,38.52009,41.40549,37.94301,38.750922,38.510472,39.28953,41.30931,41.241984,43.213674,39.222204,37.587144,39.328002,37.212042,37.183188,37.26975,38.27964
34017,34.644036,35.990556,40.991916,40.116678,39.328002,39.318384,39.81852,40.8765,39.491508,38.52009,41.40549,37.94301,38.750922,38.510472,39.28953,41.30931,41.241984,43.213674,39.222204,37.587144,39.328002,37.212042,37.183188,37.26975,38.27964
34019,34.644036,35.990556,40.991916,40.116678,39.328002,39.318384,39.81852,40.8765,39.491508,38.52009,41.40549,37.94301,38.750922,38.510472,39.28953,41.30931,41.241984,43.213674,39.222204,37.587144,39.328002,37.212042,37.183188,37.26975,38.27964
34021,34.644036,35.990556,40.991916,40.116678,39.328002,39.318384,39.81852,40.8765,39.491508,38.52009,41.40549,37.94301,38.750922,38.510472,39.28953,41.30931,41.241984,43.213674,39.222204,37.587144,39.328002,37.212042,37.183188,37.26975,38.27964
34023,34.644036,35.990556,40.991916,40.116678,39.328002,39.318384,39.81852,40.8765,39.491508,38.52009,41.40549,37.94301,38.750922,38.510472,39.28953,41.30931,41.241984,43.213674,39.222204,37.587144,39.328002,37.212042,37.183188,37.26975,38.27964
34025,34.644036,35.990556,40.991916,40.116678,39.328002,39.318384,39.81852,40.8765,39.491508,38.52009,41.40549,37.94301,38.750922,38.510472,39.28953,41.30931,41.241984,43.213674,39.222204,37.587144,39.328002,37.212042,37.183188,37.26975,38.27964
34027,34.644036,35.990556,40.991916,40.116678,39.328002,39.318384,39.81852,40.8765,39.491508,38.52009,41.40549,37.94301,38.750922,38.510472,39.28953,41.30931,41.241984,43.213674,39.222204,37.587144,39.328002,37.212042,37.183188,37.26975,38.27964
34029,34.644036,35.990556,40.991916,40.116678,39.328002,39.318384,39.81852,40.8765,39.491508,38.52009,41.40549,37.94301,38.750922,38.510472,39.28953,41.30931,41.241984,43.213674,39.222204,37.587144,39.328002,37.212042,37.183188,37.26975,38.27964
34031,34.644036,35.990556,40.991916,40.116678,39.328002,39.318384,39.81852,40.8765,39.491508,38.52009,41.40549,37.94301,38.750922,38.510472,39.28953,41.30931,41.241984,43.213674,39.222204,37.587144,39.328002,37.212042,37.183188,37.26975,38.27964
34033,34.644036,35.990556,40.991916,40.116678,39.328002,39.318384,39.81852,40.8765,39.491508,38.52009,41.40549,37.94301,38.750922,38.510472,39.28953,41.30931,41.241984,43.213674,39.222204,37.587144,39.328002,37.212042,37.183188,37.26975,38.27964
34035,34.644036,35.990556,40.991916,40.116678,39.328002,39.318384,39.81852,40.8765,39.491508,38.52009,41.40549,37.94301,38.750922,38.510472,39.28953,41.30931,41.241984,43.213674,39.222204,37.587144,39.328002,37.212042,37.183188,37.26975,38.27964
34037,34.644036,35.990556,40.991916,40.116678,39.328002,39.318384,39.81852,40.8765,39.491508,38.52009,41.40549,37.94301,38.750922,38.510472,39.28953,41.30931,41.241984,43.213674,39.222204,37.587144,39.328002,37.212042,37.183188,37.26975,38.27964
34039,34.644036,35.990556,40.991916,40.116678,39.328002,39.318384,39.81852,40.8765,39.491508,38.52009,41.40549,37.94301,38.750922,38.510472,39.28953,41.30931,41.241984,43.213674,39.222204,37.587144,39.328002,37.212042,37.183188,37.26975,38.27964
34041,34.644036,35.990556,40.991916,40.116678,39.328002,39.318384,39.81852,40.8765,39.491508,38.52009,41.40549,37.94301,38.750922,38.510472,39.28953,41.30931,41.241984,43.213674,39.222204,37.587144,39.328002,37.212042,37.183188,37.26975,38.27964
35001,34.644036,35.990556,40.991916,40.116678,39.328002,39.318384,39.81852,40.8765,39.491508,38.52009,41.40549,37.94301,38.750922,38.510472,39.28953,41.30931,41.241984,43.213674,39.222204,37.587144,39.328002,37.212042,37.183188,37.26975,38.27964
35003,34.644036,35.990556,40.991916,40.116678,39.328002,39.318384,39.81852,40.8765,39.491508,38.52009,41.40549,37.94301,38.750922,38.510472,39.28953,41.30931,41.241984,43.213674,39.222204,37.587144,39.328002,37.212042,37.183188,37.26975,38.27964
35005,34.644036,35.990556,40.991916,40.116678,39.328002,39.318384,39.81852,40.8765,39.491508,38.52009,41.40549,37.94301,38.750922,38.510472,39.28953,41.30931,41.241984,43.213674,39.222204,37.587144,39.328002,37.212042,37.183188,37.26975,38.27964
35006,34.644036,35.990556,40.991916,40.116678,39.328002,39.318384,39.81852,40.8765,39.491508,38.52009,41.40549,37.94301,38.750922,38.510472,39.28953,41.30931,41.241984,43.213674,39.222204,37.587144,39.328002,37.212042,37.183188,37.26975,38.27964
35007,34.644036,35.990556,40.991916,40.116678,39.328002,39.318384,39.81852,40.8765,39.491508,38.52009,41.40549,37.94301,38.750922,38.510472,39.28953,41.30931,41.241984,43.213674,39.222204,37.587144,39.328002,37.212042,37.183188,37.26975,38.27964
35009,34.644036,35.990556,40.991916,40.116678,39.328002,39.318384,39.81852,40.8765,39.491508,38.52009,41.40549,37.94301,38.750922,38.510472,39.28953,41.30931,41.241984,43.213674,39.222204,37.587144,39.328002,37.212042,37.183188,37.26975,38.27964
35011,34.644036,35.990556,40.991916,40.116678,39.328002,39.318384,39.81852,40.8765,39.491508,38.52009,41.40549,37.94301,38.750922,38.510472,39.28953,41.30931,41.241984,43.213674,39.222204,37.587144,39.328002,37.212042,37.183188,37.26975,38.27964
35013,34.644036,35.990556,40.991916,40.116678,39.328002,39.318384,39.81852,40.8765,39.491508,38.52009,41.40549,37.94301,38.750922,38.510472,39.28953,41.30931,41.241984,43.213674,39.222204,37.587144,39.328002,37.212042,37.183188,37.26975,38.27964
35015,34.644036,35.990556,40.991916,40.116678,39.328002,39.318384,39.81852,40.8765,39.491508,38.52009,41.40549,37.94301,38.750922,38.510472,39.28953,41.30931,41.241984,43.213674,39.222204,37.587144,39.328002,37.212042,37.183188,37.26975,38.27964
35017,34.644036,35.990556,40.991916,40.116678,39.328002,39.318384,39.81852,40.8765,39.491508,38.52009,41.40549,37.94301,38.750922,38.510472,39.28953,41.30931,41.241984,43.213674,39.222204,37.587144,39.328002,37.212042,37.183188,37.26975,38.27964
35019,34.644036,35.990556,40.991916,40.116678,39.328002,39.318384,39.81852,40.8765,39.491508,38.52009,41.40549,37.94301,38.750922,38.510472,39.28953,41.30931,41.241984,43.213674,39.222204,37.587144,39.328002,37.212042,37.183188,37.26975,38.27964
35021,34.644036,35.990556,40.991916,40.116678,39.328002,39.318384,39.81852,40.8765,39.491508,38.52009,41.40549,37.94301,38.750922,38.510472,39.28953,41.30931,41.241984,43.213674,39.222204,37.587144,39.328002,37.212042,37.183188,37.26975,38.27964
35023,34.644036,35.990556,40.991916,40.116678,39.328002,39.318384,39.81852,40.8765,39.491508,38.52009,41.40549,37.94301,38.750922,38.510472,39.28953,41.30931,41.241984,43.213674,39.222204,37.587144,39.328002,37.212042,37.183188,37.26975,38.27964
35025,34.644036,35.990556,40.991916,40.116678,39.328002,39.318384,39.81852,40.8765,39.491508,38.52009,41.40549,37.94301,38.750922,38.510472,39.28953,41.30931,41.241984,43.213674,39.222204,37.587144,39.328002,37.212042,37.183188,37.26975,38.27964
35027,34.644036,35.990556,40.991916,40.116678,39.328002,39.318384,39.81852,40.8765,39.491508,38.52009,41.40549,37.94301,38.750922,38.510472,39.28953,41.30931,41.241984,43.213674,39.222204,37.587144,39.328002,37.212042,37.183188,37.26975,38.27964
35028,34.644036,35.990556,40.991916,40.116678,39.328002,39.318384,39.81852,40.8765,39.491508,38.52009,41.40549,37.94301,38.750922,38.510472,39.28953,41.30931,41.241984,43.213674,39.222204,37.587144,39.328002,37.212042,37.183188,37.26975,38.27964
35029,34.644036,35.990556,40.991916,40.116678,39.328002,39.318384,39.81852,40.8765,39.491508,38.52009,41.40549,37.94301,38.750922,38.510472,39.28953,41.30931,41.241984,43.213674,39.222204,37.587144,39.328002,37.212042,37.183188,37.26975,38.27964
35031,34.644036,35.990556,40.991916,40.116678,39.328002,39.318384,39.81852,40.8765,39.491508,38.52009,41.40549,37.94301,38.750922,38.510472,39.28953,41.30931,41.241984,43.213674,39.222204,37.587144,39.328002,37.212042,37.183188,37.26975,38.27964
35033,34.644036,35.990556,40.991916,40.116678,39.328002,39.318384,39.81852,40.8765,39.491508,38.52009,41.40549,37.94301,38.750922,38.510472,39.28953,41.30931,41.241984,43.213674,39.222204,37.587144,39.328002,37.212042,37.183188,37.26975,38.27964
35035,34.644036,35.990556,40.991916,40.116678,39.328002,39.318384,39.81852,40.8765,39.491508,38.52009,41.40549,37.94301,38.750922,38.510472,39.28953,41.30931,41.241984,43.213674,39.222204,37.587144,39.328002,37.212042,37.183188,37.26975,38.27964
35037,34.644036,35.990556,40.991916,40.116678,39.328002,39.318384,39.81852,40.8765,39.491508,38.52009,41.40549,37.94301,38.750922,38.510472,39.28953,41.30931,41.241984,43.213674,39.222204,37.587144,39.328002,37.212042,37.183188,37.26975,38.27964
35039,34.644036,35.990556,40.991916,40.116678,39.328002,39.318384,39.81852,40.8765,39.491508,38.52009,41.40549,37.94301,38.750922,38.510472,39.28953,41.30931,41.241984,43.213674,39.222204,37.587144,39.328002,37.212042,37.183188,37.26975,38.27964
35041,34.644036,35.990556,40.991916,40.116678,39.328002,39.318384,39.81852,40.8765,39.491508,38.52009,41.40549,37.94301,38.750922,38.510472,39.28953,41.30931,41.241984,43.213674,39.222204,37.587144,39.328002,37.212042,37.183188,37.26975,38.27964
35043,34.644036,35.990556,40.991916,40.116678,39.328002,39.318384,39.81852,40.8765,39.491508,38.52009,41.40549,37.94301,38.750922,38.510472,39.28953,41.30931,41.241984,43.213674,39.222204,37.587144,39.328002,37.212042,37.183188,37.26975,38.27964
35045,34.644036,35.990556,40.991916,40.116678,39.328002,39.318384,39.81852,40.8765,39.491508,38.52009,41.40549,37.94301,38.750922,38.510472,39.28953,41.30931,41.241984,43.213674,39.222204,37.587144,39.328002,37.212042,37.183188,37.26975,38.27964
35047,34.644036,35.990556,40.991916,40.116678,39.328002,39.318384,39.81852,40.8765,39.491508,38.52009,41.40549,37.94301,38.750922,38.510472,39.28953,41.30931,41.241984,43.213674,39.222204,37.587144,39.328002,37.212042,37.183188,37.26975,38.27964
35049,34.644036,35.990556,40.991916,40.116678,39.328002,39.318384,39.81852,40.8765,39.491508,38.52009,41.40549,37.94301,38.750922,38.510472,39.28953,41.30931,41.241984,43.213674,39.222204,37.587144,39.328002,37.212042,37.183188,37.26975,38.27964
35051,34.644036,35.990556,40.991916,40.116678,39.328002,39.318384,39.81852,40.8765,39.491508,38.52009,41.40549,37.94301,38.750922,38.510472,39.28953,41.30931,41.241984,43.213674,39.222204,37.587144,39.328002,37.212042,37.183188,37.26975,38.27964
35053,34.644036,35.990556,40.991916,40.116678,39.328002,39.318384,39.81852,40.8765,39.491508,38.52009,41.40549,37.94301,38.750922,38.510472,39.28953,41.30931,41.241984,43.213674,39.222204,37.587144,39.328002,37.212042,37.183188,37.26975,38.27964
35055,34.644036,35.990556,40.991916,40.116678,39.328002,39.318384,39.81852,40.8765,39.491508,38.52009,41.40549,37.94301,38.750922,38.510472,39.28953,41.30931,41.241984,43.213674,39.222204,37.587144,39.328002,37.212042,37.183188,37.26975,38.27964
35057,34.644036,35.990556,40.991916,40.116678,39.328002,39.318384,39.81852,40.8765,39.491508,38.52009,41.40549,37.94301,38.750922,38.510472,39.28953,41.30931,41.241984,43.213674,39.222204,37.587144,39.328002,37.212042,37.183188,37.26975,38.27964
35059,34.644036,35.990556,40.991916,40.116678,39.328002,39.318384,39.81852,40.8765,39.491508,38.52009,41.40549,37.94301,38.750922,38.510472,39.28953,41.30931,41.241984,43.213674,39.222204,37.587144,39.328002,37.212042,37.183188,37.26975,38.27964
35061,34.644036,35.990556,40.991916,40.116678,39.328002,39.318384,39.81852,40.8765,39.491508,38.52009,41.40549,37.94301,38.750922,38.510472,39.28953,41.30931,41.241984,43.213674,39.222204,37.587144,39.328002,37.212042,37.183188,37.26975,38.27964
36001,34.644036,35.990556,40.991916,40.116678,39.328002,39.318384,39.81852,40.8765,39.491508,38.52009,41.40549,37.94301,38.750922,38.510472,39.28953,41.30931,41.241984,43.213674,39.222204,37.587144,39.328002,37.212042,37.183188,37.26975,38.27964
36003,34.644036,35.990556,40.991916,40.116678,39.328002,39.318384,39.81852,40.8765,39.491508,38.52009,41.40549,37.94301,38.750922,38.510472,39.28953,41.30931,41.241984,43.213674,39.222204,37.587144,39.328002,37.212042,37.183188,37.26975,38.27964
36005,34.644036,35.990556,40.991916,40.116678,39.328002,39.318384,39.81852,40.8765,39.491508,38.52009,41.40549,37.94301,38.750922,38.510472,39.28953,41.30931,41.241984,43.213674,39.222204,37.587144,39.328002,37.212042,37.183188,37.26975,38.27964
36007,34.644036,35.990556,40.991916,40.116678,39.328002,39.318384,39.81852,40.8765,39.491508,38.52009,41.40549,37.94301,38.750922,38.510472,39.28953,41.30931,41.241984,43.213674,39.222204,37.587144,39.328002,37.212042,37.183188,37.26975,38.27964
36009,34.644036,35.990556,40.991916,40.116678,39.328002,39.318384,39.81852,40.8765,39.491508,38.52009,41.40549,37.94301,38.750922,38.510472,39.28953,41.30931,41.241984,43.213674,39.222204,37.587144,39.328002,37.212042,37.183188,37.26975,38.27964
36011,34.644036,35.990556,40.991916,40.116678,39.328002,39.318384,39.81852,40.8765,39.491508,38.52009,41.40549,37.94301,38.750922,38.510472,39.28953,41.30931,41.241984,43.213674,39.222204,37.587144,39.328002,37.212042,37.183188,37.26975,38.27964
36013,34.644036,35.990556,40.991916,40.116678,39.328002,39.318384,39.81852,40.8765,39.491508,38.52009,41.40549,37.94301,38.750922,38.510472,39.28953,41.30931,41.241984,43.213674,39.222204,37.587144,39.328002,37.212042,37.183188,37.26975,38.27964
36015,34.644036,35.990556,40.991916,40.116678,39.328002,39.318384,39.81852,40.8765,39.491508,38.52009,41.40549,37.94301,38.750922,38.510472,39.28953,41.30931,41.241984,43.213674,39.222204,37.587144,39.328002,37.212042,37.183188,37.26975,38.27964
36017,34.644036,35.990556,40.991916,40.116678,39.328002,39.318384,39.81852,40.8765,39.491508,38.52009,41.40549,37.94301,38.750922,38.510472,39.28953,41.30931,41.241984,43.213674,39.222204,37.587144,39.328002,37.212042,37.183188,37.26975,38.27964
36019,34.644036,35.990556,40.991916,40.116678,39.328002,39.318384,39.81852,40.8765,39.491508,38.52009,41.40549,37.94301,38.750922,38.510472,39.28953,41.30931,41.241984,43.213674,39.222204,37.587144,39.328002,37.212042,37.183188,37.26975,38.27964
36021,34.644036,35.990556,40.991916,40.116678,39.328002,39.318384,39.81852,40.8765,39.491508,38.52009,41.40549,37.94301,38.750922,38.510472,39.28953,41.30931,41.241984,43.213674,39.222204,37.587144,39.328002,37.212042,37.183188,37.26975,38.27964
36023,34.644036,35.990556,40.991916,40.116678,39.328002,39.318384,39.81852,40.8765,39.491508,38.52009,41.40549,37.94301,38.750922,38.510472,39.28953,41.30931,41.241984,43.213674,39.222204,37.587144,39.328002,37.212042,37.183188,37.26975,38.27964
36025,34.644036,35.990556,40.991916,40.116678,39.328002,39.318384,39.81852,40.8765,39.491508,38.52009,41.40549,37.94301,38.750922,38.510472,39.28953,41.30931,41.241984,43.213674,39.222204,37.587144,39.328002,37.212042,37.183188,37.26975,38.27964
36027,34.644036,35.990556,40.991916,40.116678,39.328002,39.318384,39.81852,40.8765,39.491508,38.52009,41.40549,37.94301,38.750922,38.510472,39.28953,41.30931,41.241984,43.213674,39.222204,37.587144,39.328002,37.212042,37.183188,37.26975,38.27964
36029,34.644036,35.990556,40.991916,40.116678,39.328002,39.318384,39.81852,40.8765,39.491508,38.52009,41.40549,37.94301,38.750922,38.510472,39.28953,41.30931,41.241984,43.213674,39.222204,37.587144,39.328002,37.212042,37.183188,37.26975,38.27964
36031,34.644036,35.990556,40.991916,40.116678,39.328002,39.318384,39.81852,40.8765,39.491508,38.52009,41.40549,37.94301,38.750922,38.510472,39.28953,41.30931,41.241984,43.213674,39.222204,37.587144,39.328002,37.212042,37.183188,37.26975,38.27964
36033,34.644036,35.990556,40.991916,40.116678,39.328002,39.318384,39.81852,40.8765,39.491508,38.52009,41.40549,37.94301,38.750922,38.510472,39.28953,41.30931,41.241984,43.213674,39.222204,37.587144,39.328002,37.212042,37.183188,37.26975,38.27964
36035,34.644036,35.990556,40.991916,40.116678,39.328002,39.318384,39.81852,40.8765,39.491508,38.52009,41.40549,37.94301,38.750922,38.510472,39.28953,41.30931,41.241984,43.213674,39.222204,37.587144,39.328002,37.212042,37.183188,37.26975,38.27964
36037,34.644036,35.990556,40.991916,40.116678,39.328002,39.318384,39.81852,40.8765,39.491508,38.52009,41.40549,37.94301,38.750922,38.510472,39.28953,41.30931,41.241984,43.213674,39.222204,37.587144,39.328002,37.212042,37.183188,37.26975,38.27964
36039,34.644036,35.990556,40.991916,40.116678,39.328002,39.318384,39.81852,40.8765,39.491508,38.52009,41.40549,37.94301,38.750922,38.510472,39.28953,41.30931,41.241984,43.213674,39.222204,37.587144,39.328002,37.212042,37.183188,37.26975,38.27964
36041,34.644036,35.990556,40.991916,40.116678,39.328002,39.318384,39.81852,40.8765,39.491508,38.52009,41.40549,37.94301,38.750922,38.510472,39.28953,41.30931,41.241984,43.213674,39.222204,37.587144,39.328002,37.212042,37.183188,37.26975,38.27964
36043,34.644036,35.990556,40.991916,40.116678,39.328002,39.318384,39.81852,40.8765,39.491508,38.52009,41.40549,37.94301,38.750922,38.510472,39.28953,41.30931,41.241984,43.213674,39.222204,37.587144,39.328002,37.212042,37.183188,37.26975,38.27964
36045,34.644036,35.990556,40.991916,40.116678,39.328002,39.318384,39.81852,40.8765,39.491508,38.52009,41.40549,37.94301,38.750922,38.510472,39.28953,41.30931,41.241984,43.213674,39.222204,37.587144,39.328002,37.212042,37.183188,37.26975,38.27964
36047,34.644036,35.990556,40.991916,40.116678,39.328002,39.318384,39.81852,40.8765,39.491508,38.52009,41.40549,37.94301,38.750922,38.510472,39.28953,41.30931,41.241984,43.213674,39.222204,37.587144,39.328002,37.212042,37.183188,37.26975,38.27964
36049,34.644036,35.990556,40.991916,40.116678,39.328002,39.318384,39.81852,40.8765,39.491508,38.52009,41.40549,37.94301,38.750922,38.510472,39.28953,41.30931,41.241984,43.213674,39.222204,37.587144,39.328002,37.212042,37.183188,37.26975,38.27964
36051,34.644036,35.990556,40.991916,40.116678,39.328002,39.318384,39.81852,40.8765,39.491508,38.52009,41.40549,37.94301,38.750922,38.510472,39.28953,41.30931,41.241984,43.213674,39.222204,37.587144,39.328002,37.212042,37.183188,37.26975,38.27964
36053,34.644036,35.990556,40.991916,40.116678,39.328002,39.318384,39.81852,40.8765,39.491508,38.52009,41.40549,37.94301,38.750922,38.510472,39.28953,41.30931,41.241984,43.213674,39.222204,37.587144,39.328002,37.212042,37.183188,37.26975,38.27964
36055,34.644036,35.990556,40.991916,40.116678,39.328002,39.318384,39.81852,40.8765,39.491508,38.52009,41.40549,37.94301,38.750922,38.510472,39.28953,41.30931,41.241984,43.213674,39.222204,37.587144,39.328002,37.212042,37.183188,37.26975,38.27964
36057,34.644036,35.990556,40.991916,40.116678,39.328002,39.318384,39.81852,40.8765,39.491508,38.52009,41.40549,37.94301,38.750922,38.510472,39.28953,41.30931,41.241984,43.213674,39.222204,37.587144,39.328002,37.212042,37.183188,37.26975,38.27964
36059,34.644036,35.990556,40.991916,40.116678,39.328002,39.318384,39.81852,40.8765,39.491508,38.52009,41.40549,37.94301,38.750922,38.510472,39.28953,41.30931,41.241984,43.213674,39.222204,37.587144,39.328002,37.212042,37.183188,37.26975,38.27964
36061,34.644036,35.990556,40.991916,40.116678,39.328002,39.318384,39.81852,40.8765,39.491508,38.52009,41.40549,37.94301,38.750922,38.510472,39.28953,41.30931,41.241984,43.213674,39.222204,37.587144,39.328002,37.212042,37.183188,37.26975,38.27964
36063,34.644036,35.990556,40.991916,40.116678,39.328002,39.318384,39.81852,40.8765,39.491508,38.52009,41.40549,37.94301,38.750922,38.510472,39.28953,41.30931,41.241984,43.213674,39.222204,37.587144,39.328002,37.212042,37.183188,37.26975,38.27964
36065,34.644036,35.990556,40.991916,40.116678,39.328002,39.318384,39.81852,40.8765,39.491508,38.52009,41.40549,37.94301,38.750922,38.510472,39.28953,41.30931,41.241984,43.213674,39.222204,37.587144,39.328002,37.212042,37.183188,37.26975,38.27964
36067,34.644036,35.990556,40.991916,40.116678,39.328002,39.318384,39.81852,40.8765,39.491508,38.52009,41.40549,37.94301,38.750922,38.510472,39.28953,41.30931,41.241984,43.213674,39.222204,37.587144,39.328002,37.212042,37.183188,37.26975,38.27964
36069,34.644036,35.990556,40.991916,40.116678,39.328002,39.318384,39.81852,40.8765,39.491508,38.52009,41.40549,37.94301,38.750922,38.510472,39.28953,41.30931,41.241984,43.213674,39.222204,37.587144,39.328002,37.212042,37.183188,37.26975,38.27964
36071,34.644036,35.990556,40.991916,40.116678,39.328002,39.318384,39.81852,40.8765,39.491508,38.52009,41.40549,37.94301,38.750922,38.510472,39.28953,41.30931,41.241984,43.213674,39.222204,37.587144,39.328002,37.212042,37.183188,37.26975,38.27964
36073,34.644036,35.990556,40.991916,40.116678,39.328002,39.318384,39.81852,40.8765,39.491508,38.52009,41.40549,37.94301,38.750922,38.510472,39.28953,41.30931,41.241984,43.213674,39.222204,37.587144,39.328002,37.212042,37.183188,37.26975,38.27964
36075,34.644036,35.990556,40.991916,40.116678,39.328002,39.318384,39.81852,40.8765,39.491508,38.52009,41.40549,37.94301,38.750922,38.510472,39.28953,41.30931,41.241984,43.213674,39.222204,37.587144,39.328002,37.212042,37.183188,37.26975,38.27964
36077,34.644036,35.990556,40.991916,40.116678,39.328002,39.318384,39.81852,40.8765,39.491508,38.52009,41.40549,37.94301,38.750922,38.510472,39.28953,41.30931,41.241984,43.213674,39.222204,37.587144,39.328002,37.212042,37.183188,37.26975,38.27964
36079,34.644036,35.990556,40.991916,40.116678,39.328002,39.318384,39.81852,40.8765,39.491508,38.52009,41.40549,37.94301,38.750922,38.510472,39.28953,41.30931,41.241984,43.213674,39.222204,37.587144,39.328002,37.212042,37.183188,37.26975,38.27964
36081,34.644036,35.990556,40.991916,40.116678,39.328002,39.318384,39.81852,40.8765,39.491508,38.52009,41.40549,37.94301,38.750922,38.510472,39.28953,41.30931,41.241984,43.213674,39.222204,37.587144,39.328002,37.212042,37.183188,37.26975,38.27964
36083,34.644036,35.990556,40.991916,40.116678,39.328002,39.318384,39.81852,40.8765,39.491508,38.52009,41.40549,37.94301,38.750922,38.510472,39.28953,41.30931,41.241984,43.213674,39.222204,37.587144,39.328002,37.212042,37.183188,37.26975,38.27964
36085,34.644036,35.990556,40.991916,40.116678,39.328002,39.318384,39.81852,40.8765,39.491508,38.52009,41.40549,37.94301,38.750922,38.510472,39.28953,41.30931,41.241984,43.213674,39.222204,37.587144,39.328002,37.212042,37.183188,37.26975,38.27964
36087,34.644036,35.990556,40.991916,40.116678,39.328002,39.318384,39.81852,40.8765,39.491508,38.52009,41.40549,37.94301,38.750922,38.510472,39.28953,41.30931,41.241984,43.213674,39.222204,37.587144,39.328002,37.212042,37.183188,37.26975,38.27964
36089,34.644036,35.990556,40.991916,40.116678,39.328002,39.318384,39.81852,40.8765,39.491508,38.52009,41.40549,37.94301,38.750922,38.510472,39.28953,41.30931,41.241984,43.213674,39.222204,37.587144,39.328002,37.212042,37.183188,37.26975,38.27964
36091,34.644036,35.990556,40.991916,40.116678,39.328002,39.318384,39.81852,40.8765,39.491508,38.52009,41.40549,37.94301,38.750922,38.510472,39.28953,41.30931,41.241984,43.213674,39.222204,37.587144,39.328002,37.212042,37.183188,37.26975,38.27964
36093,34.644036,35.990556,40.991916,40.116678,39.328002,39.318384,39.81852,40.8765,39.491508,38.52009,41.40549,37.94301,38.750922,38.510472,39.28953,41.30931,41.241984,43.213674,39.222204,37.587144,39.328002,37.212042,37.183188,37.26975,38.27964
36095,34.644036,35.990556,40.991916,40.116678,39.328002,39.318384,39.81852,40.8765,39.491508,38.52009,41.40549,37.94301,38.750922,38.510472,39.28953,41.30931,41.241984,43.213674,39.222204,37.587144,39.328002,37.212042,37.183188,37.26975,38.27964
36097,34.644036,35.990556,40.991916,40.116678,39.328002,39.318384,39.81852,40.8765,39.491508,38.52009,41.40549,37.94301,38.750922,38.510472,39.28953,41.30931,41.241984,43.213674,39.222204,37.587144,39.328002,37.212042,37.183188,37.26975,38.27964
36099,34.644036,35.990556,40.991916,40.116678,39.328002,39.318384,39.81852,40.8765,39.491508,38.52009,41.40549,37.94301,38.750922,38.510472,39.28953,41.30931,41.241984,43.213674,39.222204,37.587144,39.328002,37.212042,37.183188,37.26975,38.27964
36101,34.644036,35.990556,40.991916,40.116678,39.328002,39.318384,39.81852,40.8765,39.491508,38.52009,41.40549,37.94301,38.750922,38.510472,39.28953,41.30931,41.241984,43.213674,39.222204,37.587144,39.328002,37.212042,37.183188,37.26975,38.27964
36103,34.644036,35.990556,40.991916,40.116678,39.328002,39.318384,39.81852,40.8765,39.491508,38.52009,41.40549,37.94301,38.750922,38.510472,39.28953,41.30931,41.241984,43.213674,39.222204,37.587144,39.328002,37.212042,37.183188,37.26975,38.27964
36105,34.644036,35.990556,40.991916,40.116678,39.328002,39.318384,39.81852,40.8765,39.491508,38.52009,41.40549,37.94301,38.750922,38.510472,39.28953,41.30931,41.241984,43.213674,39.222204,37.587144,39.328002,37.212042,37.183188,37.26975,38.27964
36107,34.644036,35.990556,40.991916,40.116678,39.328002,39.318384,39.81852,40.8765,39.491508,38.52009,41.40549,37.94301,38.750922,38.510472,39.28953,41.30931,41.241984,43.213674,39.222204,37.587144,39.328002,37.212042,37.183188,37.26975,38.27964
36109,34.644036,35.990556,40.991916,40.116678,39.328002,39.318384,39.81852,40.8765,39.491508,38.52009,41.40549,37.94301,38.750922,38.510472,39.28953,41.30931,41.241984,43.213674,39.222204,37.587144,39.328002,37.212042,37.183188,37.26975,38.27964
36111,34.644036,35.990556,40.991916,40.116678,39.328002,39.318384,39.81852,40.8765,39.491508,38.52009,41.40549,37.94301,38.750922,38.510472,39.28953,41.30931,41.241984,43.213674,39.222204,37.587144,39.328002,37.212042,37.183188,37.26975,38.27964
36113,34.644036,35.990556,40.991916,40.116678,39.328002,39.318384,39.81852,40.8765,39.491508,38.52009,41.40549,37.94301,38.750922,38.510472,39.28953,41.30931,41.241984,43.213674,39.222204,37.587144,39.328002,37.212042,37.183188,37.26975,38.27964
36115,34.644036,35.990556,40.991916,40.116678,39.328002,39.318384,39.81852,40.8765,39.491508,38.52009,41.40549,37.94301,38.750922,38.510472,39.28953,41.30931,41.241984,43.213674,39.222204,37.587144,39.328002,37.212042,37.183188,37.26975,38.27964
36117,34.644036,35.990556,40.991916,40.116678,39.328002,39.318384,39.81852,40.8765,39.491508,38.52009,41.40549,37.94301,38.750922,38.510472,39.28953,41.30931,41.241984,43.213674,39.222204,37.587144,39.328002,37.212042,37.183188,37.26975,38.27964
36119,34.644036,35.990556,40.991916,40.116678,39.328002,39.318384,39.81852,40.8765,39.491508,38.52009,41.40549,37.94301,38.750922,38.510472,39.28953,41.30931,41.241984,43.213674,39.222204,37.587144,39.328002,37.212042,37.183188,37.26975,38.27964
36121,34.644036,35.990556,40.991916,40.116678,39.328002,39.318384,39.81852,40.8765,39.491508,38.52009,41.40549,37.94301,38.750922,38.510472,39.28953,41.30931,41.241984,43.213674,39.222204,37.587144,39.328002,37.212042,37.183188,37.26975,38.27964
36123,34.644036,35.990556,40.991916,40.116678,39.328002,39.318384,39.81852,40.8765,39.491508,38.52009,41.40549,37.94301,38.750922,38.510472,39.28953,41.30931,41.241984,43.213674,39.222204,37.587144,39.328002,37.212042,37.183188,37.26975,38.27964
37001,34.644036,35.990556,40.991916,40.116678,39.328002,39.318384,39.81852,40.8765,39.491508,38.52009,41.40549,37.94301,38.750922,38.510472,39.28953,41.30931,41.241984,43.213674,39.222204,37.587144,39.328002,37.212042,37.183188,37.26975,38.27964
37003,34.644036,35.990556,40.991916,40.116678,39.328002,39.318384,39.81852,40.8765,39.491508,38.52009,41.40549,37.94301,38.750922,38.510472,39.28953,41.30931,41.241984,43.213674,39.222204,37.587144,39.328002,37.212042,37.183188,37.26975,38.27964
37005,34.644036,35.990556,40.991916,40.116678,39.328002,39.318384,39.81852,40.8765,39.491508,38.52009,41.40549,37.94301,38.750922,38.510472,39.28953,41.30931,41.241984,43.213674,39.222204,37.587144,39.328002,37.212042,37.183188,37.26975,38.27964
37007,34.644036,35.990556,40.991916,40.116678,39.328002,39.318384,39.81852,40.8765,39.491508,38.52009,41.40549,37.94301,38.750922,38.510472,39.28953,41.30931,41.241984,43.213674,39.222204,37.587144,39.328002,37.212042,37.183188,37.26975,38.27964
37009,34.644036,35.990556,40.991916,40.116678,39.328002,39.318384,39.81852,40.8765,39.491508,38.52009,41.40549,37.94301,38.750922,38.510472,39.28953,41.30931,41.241984,43.213674,39.222204,37.587144,39.328002,37.212042,37.183188,37.26975,38.27964
37011,34.644036,35.990556,40.991916,40.116678,39.328002,39.318384,39.81852,40.8765,39.491508,38.52009,41.40549,37.94301,38.750922,38.510472,39.28953,41.30931,41.241984,43.213674,39.222204,37.587144,39.328002,37.212042,37.183188,37.26975,38.27964
37013,34.644036,35.990556,40.991916,40.116678,39.328002,39.318384,39.81852,40.8765,39.491508,38.52009,41.40549,37.94301,38.750922,38.510472,39.28953,41.30931,41.241984,43.213674,39.222204,37.587144,39.328002,37.212042,37.183188,37.26975,38.27964
37015,34.644036,35.990556,40.991916,40.116678,39.328002,39.318384,39.81852,40.8765,39.491508,38.52009,41.40549,37.94301,38.750922,38.510472,39.28953,41.30931,41.241984,43.213674,39.222204,37.587144,39.328002,37.212042,37.183188,37.26975,38.27964
37017,34.644036,35.990556,40.991916,40.116678,39.328002,39.318384,39.81852,40.8765,39.491508,38.52009,41.40549,37.94301,38.750922,38.510472,39.28953,41.30931,41.241984,43.213674,39.222204,37.587144,39.328002,37.212042,37.183188,37.26975,38.27964
37019,34.644036,35.990556,40.991916,40.116678,39.328002,39.318384,39.81852,40.8765,39.491508,38.52009,41.40549,37.94301,38.750922,38.510472,39.28953,41.30931,41.241984,43.213674,39.222204,37.587144,39.328002,37.212042,37.183188,37.26975,38.27964
37021,34.644036,35.990556,40.991916,40.116678,39.328002,39.318384,39.81852,40.8765,39.491508,38.52009,41.40549,37.94301,38.750922,38.510472,39.28953,41.30931,41.241984,43.213674,39.222204,37.587144,39.328002,37.212042,37.183188,37.26975,38.27964
37023,34.644036,35.990556,40.991916,40.116678,39.328002,39.318384,39.81852,40.8765,39.491508,38.52009,41.40549,37.94301,38.750922,38.510472,39.28953,41.30931,41.241984,43.213674,39.222204,37.587144,39.328002,37.212042,37.183188,37.26975,38.27964
37025,34.644036,35.990556,40.991916,40.116678,39.328002,39.318384,39.81852,40.8765,39.491508,38.52009,41.40549,37.94301,38.750922,38.510472,39.28953,41.30931,41.241984,43.213674,39.222204,37.587144,39.328002,37.212042,37.183188,37.26975,38.27964
37027,34.644036,35.990556,40.991916,40.116678,39.328002,39.318384,39.81852,40.8765,39.491508,38.52009,41.40549,37.94301,38.750922,38.510472,39.28953,41.30931,41.241984,43.213674,39.222204,37.587144,39.328002,37.212042,37.183188,37.26975,38.27964
37029,34.644036,35.990556,40.991916,40.116678,39.328002,39.318384,39.81852,40.8765,39.491508,38.52009,41.40549,37.94301,38.750922,38.510472,39.28953,41.30931,41.241984,43.213674,39.222204,37.587144,39.328002,37.212042,37.183188,37.26975,38.27964
37031,34.644036,35.990556,40.991916,40.116678,39.328002,39.318384,39.81852,40.8765,39.491508,38.52009,41.40549,37.94301,38.750922,38.510472,39.28953,41.30931,41.241984,43.213674,39.222204,37.587144,39.328002,37.212042,37.183188,37.26975,38.27964
37033,34.644036,35.990556,40.991916,40.116678,39.328002,39.318384,39.81852,40.8765,39.491508,38.52009,41.40549,37.94301,38.750922,38.510472,39.28953,41.30931,41.241984,43.213674,39.222204,37.587144,39.328002,37.212042,37.183188,37.26975,38.27964
37035,34.644036,35.990556,40.991916,40.116678,39.328002,39.318384,39.81852,40.8765,39.491508,38.52009,41.40549,37.94301,38.750922,38.510472,39.28953,41.30931,41.241984,43.213674,39.222204,37.587144,39.328002,37.212042,37.183188,37.26975,38.27964
37037,34.644036,35.990556,40.991916,40.116678,39.328002,39.318384,39.81852,40.8765,39.491508,38.52009,41.40549,37.94301,38.750922,38.510472,39.28953,41.30931,41.241984,43.213674,39.222204,37.587144,39.328002,37.212042,37.183188,37.26975,38.27964
37039,34.644036,35.990556,40.991916,40.116678,39.328002,39.318384,39.81852,40.8765,39.491508,38.52009,41.40549,37.94301,38.750922,38.510472,39.28953,41.30931,41.241984,43.213674,39.222204,37.587144,39.328002,37.212042,37.183188,37.26975,38.27964
37041,34.644036,35.990556,40.991916,40.116678,39.328002,39.318384,39.81852,40.8765,39.491508,38.52009,41.40549,37.94301,38.750922,38.510472,39.28953,41.30931,41.241984,43.213674,39.222204,37.587144,39.328002,37.212042,37.183188,37.26975,38.27964
37043,34.644036,35.990556,40.991916,40.116678,39.328002,39.318384,39.81852,40.8765,39.491508,38.52009,41.40549,37.94301,38.750922,38.510472,39.28953,41.30931,41.241984,43.213674,39.222204,37.587144,39.328002,37.212042,37.183188,37.26975,38.27964
37045,34.644036,35.990556,40.991916,40.116678,39.328002,39.318384,39.81852,40.8765,39.491508,38.52009,41.40549,37.94301,38.750922,38.510472,39.28953,41.30931,41.241984,43.213674,39.222204,37.587144,39.328002,37.212042,37.183188,37.26975,38.27964
37047,34.644036,35.990556,40.991916,40.116678,39.328002,39.318384,39.81852,40.8765,39.491508,38.52009,41.40549,37.94301,38.750922,38.510472,39.28953,41.30931,41.241984,43.213674,39.222204,37.587144,39.328002,37.212042,37.183188,37.26975,38.27964
37049,34.644036,35.990556,40.991916,40.116678,39.328002,39.318384,39.81852,40.8765,39.491508,38.52009,41.40549,37.94301,38.750922,38.510472,39.28953,41.30931,41.241984,43.213674,39.222204,37.587144,39.328002,37.212042,37.183188,37.26975,38.27964
37051,34.644036,35.990556,40.991916,40.116678,39.328002,39.318384,39.81852,40.8765,39.491508,38.52009,41.40549,37.94301,38.750922,38.510472,39.28953,41.30931,41.241984,43.213674,39.222204,37.587144,39.328002,37.212042,37.183188,37.26975,38.27964
37053,34.644036,35.990556,40.991916,40.116678,39.328002,39.318384,39.81852,40.8765,39.491508,38.52009,41.40549,37.94301,38.750922,38.510472,39.28953,41.30931,41.241984,43.213674,39.222204,37.587144,39.328002,37.212042,37.183188,37.26975,38.27964
37055,34.644036,35.990556,40.991916,40.116678,39.328002,39.318384,39.81852,40.8765,39.491508,38.52009,41.40549,37.94301,38.750922,38.510472,39.28953,41.30931,41.241984,43.213674,39.222204,37.587144,39.328002,37.212042,37.183188,37.26975,38.27964
37057,34.644036,35.990556,40.991916,40.116678,39.328002,39.318384,39.81852,40.8765,39.491508,38.52009,41.40549,37.94301,38.750922,38.510472,39.28953,41.30931,41.241984,43.213674,39.222204,37.587144,39.328002,37.212042,37.183188,37.26975,38.27964
37059,34.644036,35.990556,40.991916,40.116678,39.328002,39.318384,39.81852,40.8765,39.491508,38.52009,41.40549,37.94301,38.750922,38.510472,39.28953,41.30931,41.241984,43.213674,39.222204,37.587144,39.328002,37.212042,37.183188,37.26975,38.27964
37061,34.644036,35.990556,40.991916,40.116678,39.328002,39.318384,39.81852,40.8765,39.491508,38.52009,41.40549,37.94301,38.750922,38.510472,39.28953,41.30931,41.241984,43.213674,39.222204,37.587144,39.328002,37.212042,37.183188,37.26975,38.27964
37063,34.644036,35.990556,40.991916,40.116678,39.328002,39.318384,39.81852,40.8765,39.491508,38.52009,41.40549,37.94301,38.750922,38.510472,39.28953,41.30931,41.241984,43.213674,39.222204,37.587144,39.328002,37.212042,37.183188,37.26975,38.27964
37065,34.644036,35.990556,40.991916,40.116678,39.328002,39.318384,39.81852,40.8765,39.491508,38.52009,41.40549,37.94301,38.750922,38.510472,39.28953,41.30931,41.241984,43.213674,39.222204,37.587144,39.328002,37.212042,37.183188,37.26975,38.27964
37067,34.644036,35.990556,40.991916,40.116678,39.328002,39.318384,39.81852,40.8765,39.491508,38.52009,41.40549,37.94301,38.750922,38.510472,39.28953,41.30931,41.241984,43.213674,39.222204,37.587144,39.328002,37.212042,37.183188,37.26975,38.27964
37069,34.644036,35.990556,40.991916,40.116678,39.328002,39.318384,39.81852,40.8765,39.491508,38.52009,41.40549,37.94301,38.750922,38.510472,39.28953,41.30931,41.241984,43.213674,39.222204,37.587144,39.328002,37.212042,37.183188,37.26975,38.27964
37071,34.644036,35.990556,40.991916,40.116678,39.328002,39.318384,39.81852,40.8765,39.491508,38.52009,41.40549,37.94301,38.750922,38.510472,39.28953,41.30931,41.241984,43.213674,39.222204,37.587144,39.328002,37.212042,37.183188,37.26975,38.27964
37073,34.644036,35.990556,40.991916,40.116678,39.328002,39.318384,39.81852,40.8765,39.491508,38.52009,41.40549,37.94301,38.750922,38.510472,39.28953,41.30931,41.241984,43.213674,39.222204,37.587144,39.328002,37.212042,37.183188,37.26975,38.27964
37075,34.644036,35.990556,40.991916,40.116678,39.328002,39.318384,39.81852,40.8765,39.491508,38.52009,41.40549,37.94301,38.750922,38.510472,39.28953,41.30931,41.241984,43.213674,39.222204,37.587144,39.328002,37.212042,37.183188,37.26975,38.27964
37077,34.644036,35.990556,40.991916,40.116678,39.328002,39.318384,39.81852,40.8765,39.491508,38.52009,41.40549,37.94301,38.750922,38.510472,39.28953,41.30931,41.241984,43.213674,39.222204,37.587144,39.328002,37.212042,37.183188,37.26975,38.27964
37079,34.644036,35.990556,40.991916,40.116678,39.328002,39.318384,39.81852,40.8765,39.491508,38.52009,41.40549,37.94301,38.750922,38.510472,39.28953,41.30931,41.241984,43.213674,39.222204,37.587144,39.328002,37.212042,37.183188,37.26975,38.27964
37081,34.644036,35.990556,40.991916,40.116678,39.328002,39.318384,39.81852,40.8765,39.491508,38.52009,41.40549,37.94301,38.750922,38.510472,39.28953,41.30931,41.241984,43.213674,39.222204,37.587144,39.328002,37.212042,37.183188,37.26975,38.27964
37083,34.644036,35.990556,40.991916,40.116678,39.328002,39.318384,39.81852,40.8765,39.491508,38.52009,41.40549,37.94301,38.750922,38.510472,39.28953,41.30931,41.241984,43.213674,39.222204,37.587144,39.328002,37.212042,37.183188,37.26975,38.27964
37085,34.644036,35.990556,40.991916,40.116678,39.328002,39.318384,39.81852,40.8765,39.491508,38.52009,41.40549,37.94301,38.750922,38.510472,39.28953,41.30931,41.241984,43.213674,39.222204,37.587144,39.328002,37.212042,37.183188,37.26975,38.27964
37087,34.644036,35.990556,40.991916,40.116678,39.328002,39.318384,39.81852,40.8765,39.491508,38.52009,41.40549,37.94301,38.750922,38.510472,39.28953,41.30931,41.241984,43.213674,39.222204,37.587144,39.328002,37.212042,37.183188,37.26975,38.27964
37089,34.644036,35.990556,40.991916,40.116678,39.328002,39.318384,39.81852,40.8765,39.491508,38.52009,41.40549,37.94301,38.750922,38.510472,39.28953,41.30931,41.241984,43.213674,39.222204,37.587144,39.328002,37.212042,37.183188,37.26975,38.27964
37091,34.644036,35.990556,40.991916,40.116678,39.328002,39.318384,39.81852,40.8765,39.491508,38.52009,41.40549,37.94301,38.750922,38.510472,39.28953,41.30931,41.241984,43.213674,39.222204,37.587144,39.328002,37.212042,37.183188,37.26975,38.27964
37093,34.644036,35.990556,40.991916,40.116678,39.328002,39.318384,39.81852,40.8765,39.491508,38.52009,41.40549,37.94301,38.750922,38.510472,39.28953,41.30931,41.241984,43.213674,39.222204,37.587144,39.328002,37.212042,37.183188,37.26975,38.27964
37095,34.644036,35.990556,40.991916,40.116678,39.328002,39.318384,39.81852,40.8765,39.491508,38.52009,41.40549,37.94301,38.750922,38.510472,39.28953,41.30931,41.241984,43.213674,39.222204,37.587144,39.328002,37.212042,37.183188,37.26975,38.27964
37097,34.644036,35.990556,40.991916,40.116678,39.328002,39.318384,39.81852,40.8765,39.491508,38.52009,41.40549,37.94301,38.750922,38.510472,39.28953,41.30931,41.241984,43.213674,39.222204,37.587144,39.328002,37.212042,37.183188,37.26975,38.27964
37099,34.644036,35.990556,40.991916,40.116678,39.328002,39.318384,39.81852,40.8765,39.491508,38.52009,41.40549,37.94301,38.750922,38.510472,39.28953,41.30931,41.241984,43.213674,39.222204,37.587144,39.328002,37.212042,37.183188,37.26975,38.27964
37101,34.644036,35.990556,40.991916,40.116678,39.328002,39.318384,39.81852,40.8765,39.491508,38.52009,41.40549,37.94301,38.750922,38.510472,39.28953,41.30931,41.241984,43.213674,39.222204,37.587144,39.328002,37.212042,37.183188,37.26975,38.27964
37103,34.644036,35.990556,40.991916,40.116678,39.328002,39.318384,39.81852,40.8765,39.491508,38.52009,41.40549,37.94301,38.750922,38.510472,39.28953,41.30931,41.241984,43.213674,39.222204,37.587144,39.328002,37.212042,37.183188,37.26975,38.27964
37105,34.644036,35.990556,40.991916,40.116678,39.328002,39.318384,39.81852,40.8765,39.491508,38.52009,41.40549,37.94301,38.750922,38.510472,39.28953,41.30931,41.241984,43.213674,39.222204,37.587144,39.328002,37.212042,37.183188,37.26975,38.27964
37107,34.644036,35.990556,40.991916,40.116678,39.328002,39.318384,39.81852,40.8765,39.491508,38.52009,41.40549,37.94301,38.750922,38.510472,39.28953,41.30931,41.241984,43.213674,39.222204,37.587144,39.328002,37.212042,37.183188,37.26975,38.27964
37109,34.644036,35.990556,40.991916,40.116678,39.328002,39.318384,39.81852,40.8765,39.491508,38.52009,41.40549,37.94301,38.750922,38.510472,39.28953,41.30931,41.241984,43.213674,39.222204,37.587144,39.328002,37.212042,37.183188,37.26975,38.27964
37111,34.644036,35.990556,40.991916,40.116678,39.328002,39.318384,39.81852,40.8765,39.491508,38.52009,41.40549,37.94301,38.750922,38.510472,39.28953,41.30931,41.241984,43.213674,39.222204,37.587144,39.328002,37.212042,37.183188,37.26975,38.27964
37113,34.644036,35.990556,40.991916,40.116678,39.328002,39.318384,39.81852,40.8765,39.491508,38.52009,41.40549,37.94301,38.750922,38.510472,39.28953,41.30931,41.241984,43.213674,39.222204,37.587144,39.328002,37.212042,37.183188,37.26975,38.27964
37115,34.644036,35.990556,40.991916,40.116678,39.328002,39.318384,39.81852,40.8765,39.491508,38.52009,41.40549,37.94301,38.750922,38.510472,39.28953,41.30931,41.241984,43.213674,39.222204,37.587144,39.328002,37.212042,37.183188,37.26975,38.27964
37117,34.644036,35.990556,40.991916,40.116678,39.328002,39.318384,39.81852,40.8765,39.491508,38.52009,41.40549,37.94301,38.750922,38.510472,39.28953,41.30931,41.241984,43.213674,39.222204,37.587144,39.328002,37.212042,37.183188,37.26975,38.27964
37119,34.644036,35.990556,40.991916,40.116678,39.328002,39.318384,39.81852,40.8765,39.491508,38.52009,41.40549,37.94301,38.750922,38.510472,39.28953,41.30931,41.241984,43.213674,39.222204,37.587144,39.328002,37.212042,37.183188,37.26975,38.27964
37121,34.644036,35.990556,40.991916,40.116678,39.328002,39.318384,39.81852,40.8765,39.491508,38.52009,41.40549,37.94301,38.750922,38.510472,39.28953,41.30931,41.241984,43.213674,39.222204,37.587144,39.328002,37.212042,37.183188,37.26975,38.27964
37123,34.644036,35.990556,40.991916,40.116678,39.328002,39.318384,39.81852,40.8765,39.491508,38.52009,41.40549,37.94301,38.750922,38.510472,39.28953,41.30931,41.241984,43.213674,39.222204,37.587144,39.328002,37.212042,37.183188,37.26975,38.27964
37125,34.644036,35.990556,40.991916,40.116678,39.328002,39.318384,39.81852,40.8765,39.491508,38.52009,41.40549,37.94301,38.750922,38.510472,39.28953,41.30931,41.241984,43.213674,39.222204,37.587144,39.328002,37.212042,37.183188,37.26975,38.27964
37127,34.644036,35.990556,40.991916,40.116678,39.328002,39.318384,39.81852,40.8765,39.491508,38.52009,41.40549,37.94301,38.750922,38.510472,39.28953,41.30931,41.241984,43.213674,39.222204,37.587144,39.328002,37.212042,37.183188,37.26975,38.27964
37129,34.644036,35.990556,40.991916,40.116678,39.328002,39.318384,39.81852,40.8765,39.491508,38.52009,41.40549,37.94301,38.750922,38.510472,39.28953,41.30931,41.241984,43.213674,39.222204,37.587144,39.328002,37.212042,37.183188,37.26975,38.27964
37131,34.644036,35.990556,40.991916,40.116678,39.328002,39.318384,39.81852,40.8765,39.491508,38.52009,41.40549,37.94301,38.750922,38.510472,39.28953,41.30931,41.241984,43.213674,39.222204,37.587144,39.328002,37.212042,37.183188,37.26975,38.27964
37133,34.644036,35.990556,40.991916,40.116678,39.328002,39.318384,39.81852,40.8765,39.491508,38.52009,41.40549,37.94301,38.750922,38.510472,39.28953,41.30931,41.241984,43.213674,39.222204,37.587144,39.328002,37.212042,37.183188,37.26975,38.27964
37135,34.644036,35.990556,40.991916,40.116678,39.328002,39.318384,39.81852,40.8765,39.491508,38.52009,41.40549,37.94301,38.750922,38.510472,39.28953,41.30931,41.241984,43.213674,39.222204,37.587144,39.328002,37.212042,37.183188,37.26975,38.27964
37137,34.644036,35.990556,40.991916,40.116678,39.328002,39.318384,39.81852,40.8765,39.491508,38.52009,41.40549,37.94301,38.750922,38.510472,39.28953,41.30931,41.241984,43.213674,39.222204,37.587144,39.328002,37.212042,37.183188,37.26975,38.27964
37139,34.644036,35.990556,40.991916,40.116678,39.328002,39.318384,39.81852,40.8765,39.491508,38.52009,41.40549,37.94301,38.750922,38.510472,39.28953,41.30931,41.241984,43.213674,39.222204,37.587144,39.328002,37.212042,37.183188,37.26975,38.27964
37141,34.644036,35.990556,40.991916,40.116678,39.328002,39.318384,39.81852,40.8765,39.491508,38.52009,41.40549,37.94301,38.750922,38.510472,39.28953,41.30931,41.241984,43.213674,39.222204,37.587144,39.328002,37.212042,37.183188,37.26975,38.27964
37143,34.644036,35.990556,40.991916,40.116678,39.328002,39.318384,39.81852,40.8765,39.491508,38.52009,41.40549,37.94301,38.750922,38.510472,39.28953,41.30931,41.241984,43.213674,39.222204,37.587144,39.328002,37.212042,37.183188,37.26975,38.27964
37145,34.644036,35.990556,40.991916,40.116678,39.328002,39.318384,39.81852,40.8765,39.491508,38.52009,41.40549,37.94301,38.750922,38.510472,39.28953,41.30931,41.241984,43.213674,39.222204,37.587144,39.328002,37.212042,37.183188,37.26975,38.27964
37147,34.644036,35.990556,40.991916,40.116678,39.328002,39.318384,39.81852,40.8765,39.491508,38.52009,41.40549,37.94301,38.750922,38.510472,39.28953,41.30931,41.241984,43.213674,39.222204,37.587144,39.328002,37.212042,37.183188,37.26975,38.27964
37149,34.644036,35.990556,40.991916,40.116678,39.328002,39.318384,39.81852,40.8765,39.491508,38.52009,41.40549,37.94301,38.750922,38.510472,39.28953,41.30931,41.241984,43.213674,39.222204,37.587144,39.328002,37.212042,37.183188,37.26975,38.27964
37151,34.644036,35.990556,40.991916,40.116678,39.328002,39.318384,39.81852,40.8765,39.491508,38.52009,41.40549,37.94301,38.750922,38.510472,39.28953,41.30931,41.241984,43.213674,39.222204,37.587144,39.328002,37.212042,37.183188,37.26975,38.27964
37153,34.644036,35.990556,40.991916,40.116678,39.328002,39.318384,39.81852,40.8765,39.491508,38.52009,41.40549,37.94301,38.750922,38.510472,39.28953,41.30931,41.241984,43.213674,39.222204,37.587144,39.328002,37.212042,37.183188,37.26975,38.27964
37155,34.644036,35.990556,40.991916,40.116678,39.328002,39.318384,39.81852,40.8765,39.491508,38.52009,41.40549,37.94301,38.750922,38.510472,39.28953,41.30931,41.241984,43.213674,39.222204,37.587144,39.328002,37.212042,37.183188,37.26975,38.27964
37157,34.644036,35.990556,40.991916,40.116678,39.328002,39.318384,39.81852,40.8765,39.491508,38.52009,41.40549,37.94301,38.750922,38.510472,39.28953,41.30931,41.241984,43.213674,39.222204,37.587144,39.328002,37.212042,37.183188,37.26975,38.27964
37159,34.644036,35.990556,40.991916,40.116678,39.328002,39.318384,39.81852,40.8765,39.491508,38.52009,41.40549,37.94301,38.750922,38.510472,39.28953,41.30931,41.241984,43.213674,39.222204,37.587144,39.328002,37.212042,37.183188,37.26975,38.27964
37161,34.644036,35.990556,40.991916,40.116678,39.328002,39.318384,39.81852,40.8765,39.491508,38.52009,41.40549,37.94301,38.750922,38.510472,39.28953,41.30931,41.241984,43.213674,39.222204,37.587144,39.328002,37.212042,37.183188,37.26975,38.27964
37163,34.644036,35.990556,40.991916,40.116678,39.328002,39.318384,39.81852,40.8765,39.491508,38.52009,41.40549,37.94301,38.750922,38.510472,39.28953,41.30931,41.241984,43.213674,39.222204,37.587144,39.328002,37.212042,37.183188,37.26975,38.27964
37165,34.644036,35.990556,40.991916,40.116678,39.328002,39.318384,39.81852,40.8765,39.491508,38.52009,41.40549,37.94301,38.750922,38.510472,39.28953,41.30931,41.241984,43.213674,39.222204,37.587144,39.328002,37.212042,37.183188,37.26975,38.27964
37167,34.644036,35.990556,40.991916,40.116678,39.328002,39.318384,39.81852,40.8765,39.491508,38.52009,41.40549,37.94301,38.750922,38.510472,39.28953,41.30931,41.241984,43.213674,39.222204,37.587144,39.328002,37.212042,37.183188,37.26975,38.27964
37169,34.644036,35.990556,40.991916,40.116678,39.328002,39.318384,39.81852,40.8765,39.491508,38.52009,41.40549,37.94301,38.750922,38.510472,39.28953,41.30931,41.241984,43.213674,39.222204,37.587144,39.328002,37.212042,37.183188,37.26975,38.27964
37171,34.644036,35.990556,40.991916,40.116678,39.328002,39.318384,39.81852,40.8765,39.491508,38.52009,41.40549,37.94301,38.750922,38.510472,39.28953,41.30931,41.241984,43.213674,39.222204,37.587144,39.328002,37.212042,37.183188,37.26975,38.27964
37173,34.644036,35.990556,40.991916,40.116678,39.328002,39.318384,39.81852,40.8765,39.491508,38.52009,41.40549,37.94301,38.750922,38.510472,39.28953,41.30931,41.241984,43.213674,39.222204,37.587144,39.328002,37.212042,37.183188,37.26975,38.27964
37175,34.644036,35.990556,40.991916,40.116678,39.328002,39.318384,39.81852,40.8765,39.491508,38.52009,41.40549,37.94301,38.750922,38.510472,39.28953,41.30931,41.241984,43.213674,39.222204,37.587144,39.328002,37.212042,37.183188,37.26975,38.27964
37177,34.644036,35.990556,40.991916,40.116678,39.328002,39.318384,39.81852,40.8765,39.491508,38.52009,41.40549,37.94301,38.750922,38.510472,39.28953,41.30931,41.241984,43.213674,39.222204,37.587144,39.328002,37.212042,37.183188,37.26975,38.27964
37179,34.644036,35.990556,40.991916,40.116678,39.328002,39.318384,39.81852,40.8765,39.491508,38.52009,41.40549,37.94301,38.750922,38.510472,39.28953,41.30931,41.241984,43.213674,39.222204,37.587144,39.328002,37.212042,37.183188,37.26975,38.27964
37181,34.644036,35.990556,40.991916,40.116678,39.328002,39.318384,39.81852,40.8765,39.491508,38.52009,41.40549,37.94301,38.750922,38.510472,39.28953,41.30931,41.241984,43.213674,39.222204,37.587144,39.328002,37.212042,37.183188,37.26975,38.27964
37183,34.644036,35.990556,40.991916,40.116678,39.328002,39.318384,39.81852,40.8765,39.491508,38.52009,41.40549,37.94301,38.750922,38.510472,39.28953,41.30931,41.241984,43.213674,39.222204,37.587144,39.328002,37.212042,37.183188,37.26975,38.27964
37185,34.644036,35.990556,40.991916,40.116678,39.328002,39.318384,39.81852,40.8765,39.491508,38.52009,41.40549,37.94301,38.750922,38.510472,39.28953,41.30931,41.241984,43.213674,39.222204,37.587144,39.328002,37.212042,37.183188,37.26975,38.27964
37187,34.644036,35.990556,40.991916,40.116678,39.328002,39.318384,39.81852,40.8765,39.491508,38.52009,41.40549,37.94301,38.750922,38.510472,39.28953,41.30931,41.241984,43.213674,39.222204,37.587144,39.328002,37.212042,37.183188,37.26975,38.27964
37189,34.644036,35.990556,40.991916,40.116678,39.328002,39.318384,39.81852,40.8765,39.491508,38.52009,41.40549,37.94301,38.750922,38.510472,39.28953,41.30931,41.241984,43.213674,39.222204,37.587144,39.328002,37.212042,37.183188,37.26975,38.27964
37191,34.644036,35.990556,40.991916,40.116678,39.328002,39.318384,39.81852,40.8765,39.491508,38.52009,41.40549,37.94301,38.750922,38.510472,39.28953,41.30931,41.241984,43.213674,39.222204,37.587144,39.328002,37.212042,37.183188,37.26975,38.27964
37193,34.644036,35.990556,40.991916,40.116678,39.328002,39.318384,39.81852,40.8765,39.491508,38.52009,41.40549,37.94301,38.750922,38.510472,39.28953,41.30931,41.241984,43.213674,39.222204,37.587144,39.328002,37.212042,37.183188,37.26975,38.27964
37195,34.644036,35.990556,40.991916,40.116678,39.328002,39.318384,39.81852,40.8765,39.491508,38.52009,41.40549,37.94301,38.750922,38.510472,39.28953,41.30931,41.241984,43.213674,39.222204,37.587144,39.328002,37.212042,37.183188,37.26975,38.27964
37197,34.644036,35.990556,40.991916,40.116678,39.328002,39.318384,39.81852,40.8765,39.491508,38.52009,41.40549,37.94301,38.750922,38.510472,39.28953,41.30931,41.241984,43.213674,39.222204,37.587144,39.328002,37.212042,37.183188,37.26975,38.27964
37199,34.644036,35.990556,40.991916,40.116678,39.328002,39.318384,39.81852,40.8765,39.491508,38.52009,41.40549,37.94301,38.750922,38.510472,39.28953,41.30931,41.241984,43.213674,39.222204,37.587144,39.328002,37.212042,37.183188,37.26975,38.27964
38001,34.644036,35.990556,40.991916,40.116678,39.328002,39.318384,39.81852,40.8765,39.491508,38.52009,41.40549,37.94301,38.750922,38.510472,39.28953,41.30931,41.241984,43.213674,39.222204,37.587144,39.328002,37.212042,37.183188,37.26975,38.27964
38003,34.644036,35.990556,40.991916,40.116678,39.328002,39.318384,39.81852,40.8765,39.491508,38.52009,41.40549,37.94301,38.750922,38.510472,39.28953,41.30931,41.241984,43.213674,39.222204,37.587144,39.328002,37.212042,37.183188,37.26975,38.27964
38005,34.644036,35.990556,40.991916,40.116678,39.328002,39.318384,39.81852,40.8765,39.491508,38.52009,41.40549,37.94301,38.750922,38.510472,39.28953,41.30931,41.241984,43.213674,39.222204,37.587144,39.328002,37.212042,37.183188,37.26975,38.27964
38007,34.644036,35.990556,40.991916,40.116678,39.328002,39.318384,39.81852,40.8765,39.491508,38.52009,41.40549,37.94301,38.750922,38.510472,39.28953,41.30931,41.241984,43.213674,39.222204,37.587144,39.328002,37.212042,37.183188,37.26975,38.27964
38009,34.644036,35.990556,40.991916,40.116678,39.328002,39.318384,39.81852,40.8765,39.491508,38.52009,41.40549,37.94301,38.750922,38.510472,39.28953,41.30931,41.241984,43.213674,39.222204,37.587144,39.328002,37.212042,37.183188,37.26975,38.27964
38011,34.644036,35.990556,40.991916,40.116678,39.328002,39.318384,39.81852,40.8765,39.491508,38.52009,41.40549,37.94301,38.750922,38.510472,39.28953,41.30931,41.241984,43.213674,39.222204,37.587144,39.328002,37.212042,37.183188,37.26975,38.27964
38013,34.644036,35.990556,40.991916,40.116678,39.328002,39.318384,39.81852,40.8765,39.491508,38.52009,41.40549,37.94301,38.750922,38.510472,39.28953,41.30931,41.241984,43.213674,39.222204,37.587144,39.328002,37.212042,37.183188,37.26975,38.27964
38015,34.644036,35.990556,40.991916,40.116678,39.328002,39.318384,39.81852,40.8765,39.491508,38.52009,41.40549,37.94301,38.750922,38.510472,39.28953,41.30931,41.241984,43.213674,39.222204,37.587144,39.328002,37.212042,37.183188,37.26975,38.27964
38017,34.644036,35.990556,40.991916,40.116678,39.328002,39.318384,39.81852,40.8765,39.491508,38.52009,41.40549,37.94301,38.750922,38.510472,39.28953,41.30931,41.241984,43.213674,39.222204,37.587144,39.328002,37.212042,37.183188,37.26975,38.27964
38019,34.644036,35.990556,40.991916,40.116678,39.328002,39.318384,39.81852,40.8765,39.491508,38.52009,41.40549,37.94301,38.750922,38.510472,39.28953,41.30931,41.241984,43.213674,39.222204,37.587144,39.328002,37.212042,37.183188,37.26975,38.27964
38021,34.644036,35.990556,40.991916,40.116678,39.328002,39.318384,39.81852,40.8765,39.491508,38.52009,41.40549,37.94301,38.750922,38.510472,39.28953,41.30931,41.241984,43.213674,39.222204,37.587144,39.328002,37.212042,37.183188,37.26975,38.27964
38023,34.644036,35.990556,40.991916,40.116678,39.328002,39.318384,39.81852,40.8765,39.491508,38.52009,41.40549,37.94301,38.750922,38.510472,39.28953,41.30931,41.241984,43.213674,39.222204,37.587144,39.328002,37.212042,37.183188,37.26975,38.27964
38025,34.644036,35.990556,40.991916,40.116678,39.328002,39.318384,39.81852,40.8765,39.491508,38.52009,41.40549,37.94301,38.750922,38.510472,39.28953,41.30931,41.241984,43.213674,39.222204,37.587144,39.328002,37.212042,37.183188,37.26975,38.27964
38027,34.644036,35.990556,40.991916,40.116678,39.328002,39.318384,39.81852,40.8765,39.491508,38.52009,41.40549,37.94301,38.750922,38.510472,39.28953,41.30931,41.241984,43.213674,39.222204,37.587144,39.328002,37.212042,37.183188,37.26975,38.27964
38029,34.644036,35.990556,40.991916,40.116678,39.328002,39.318384,39.81852,40.8765,39.491508,38.52009,41.40549,37.94301,38.750922,38.510472,39.28953,41.30931,41.241984,43.213674,39.222204,37.587144,39.328002,37.212042,37.183188,37.26975,38.27964
38031,34.644036,35.990556,40.991916,40.116678,39.328002,39.318384,39.81852,40.8765,39.491508,38.52009,41.40549,37.94301,38.750922,38.510472,39.28953,41.30931,41.241984,43.213674,39.222204,37.587144,39.328002,37.212042,37.183188,37.26975,38.27964
38033,34.644036,35.990556,40.991916,40.116678,39.328002,39.318384,39.81852,40.8765,39.491508,38.52009,41.40549,37.94301,38.750922,38.510472,39.28953,41.30931,41.241984,43.213674,39.222204,37.587144,39.328002,37.212042,37.183188,37.26975,38.27964
38035,34.644036,35.990556,40.991916,40.116678,39.328002,39.318384,39.81852,40.8765,39.491508,38.52009,41.40549,37.94301,38.750922,38.510472,39.28953,41.30931,41.241984,43.213674,39.222204,37.587144,39.328002,37.212042,37.183188,37.26975,38.27964
38037,34.644036,35.990556,40.991916,40.116678,39.328002,39.318384,39.81852,40.8765,39.491508,38.52009,41.40549,37.94301,38.750922,38.510472,39.28953,41.30931,41.241984,43.213674,39.222204,37.587144,39.328002,37.212042,37.183188,37.26975,38.27964
38039,34.644036,35.990556,40.991916,40.116678,39.328002,39.318384,39.81852,40.8765,39.491508,38.52009,41.40549,37.94301,38.750922,38.510472,39.28953,41.30931,41.241984,43.213674,39.222204,37.587144,39.328002,37.212042,37.183188,37.26975,38.27964
38041,34.644036,35.990556,40.991916,40.116678,39.328002,39.318384,39.81852,40.8765,39.491508,38.52009,41.40549,37.94301,38.750922,38.510472,39.28953,41.30931,41.241984,43.213674,39.222204,37.587144,39.328002,37.212042,37.183188,37.26975,38.27964
38043,34.644036,35.990556,40.991916,40.116678,39.328002,39.318384,39.81852,40.8765,39.491508,38.52009,41.40549,37.94301,38.750922,38.510472,39.28953,41.30931,41.241984,43.213674,39.222204,37.587144,39.328002,37.212042,37.183188,37.26975,38.27964
38045,34.644036,35.990556,40.991916,40.116678,39.328002,39.318384,39.81852,40.8765,39.491508,38.52009,41.40549,37.94301,38.750922,38.510472,39.28953,41.30931,41.241984,43.213674,39.222204,37.587144,39.328002,37.212042,37.183188,37.26975,38.27964
38047,34.644036,35.990556,40.991916,40.116678,39.328002,39.318384,39.81852,40.8765,39.491508,38.52009,41.40549,37.94301,38.750922,38.510472,39.28953,41.30931,41.241984,43.213674,39.222204,37.587144,39.328002,37.212042,37.183188,37.26975,38.27964
38049,34.644036,35.990556,40.991916,40.116678,39.328002,39.318384,39.81852,40.8765,39.491508,38.52009,41.40549,37.94301,38.750922,38.510472,39.28953,41.30931,41.241984,43.213674,39.222204,37.587144,39.328002,37.212042,37.183188,37.26975,38.27964
38051,34.644036,35.990556,40.991916,40.116678,39.328002,39.318384,39.81852,40.8765,39.491508,38.52009,41.40549,37.94301,38.750922,38.510472,39.28953,41.30931,41.241984,43.213674,39.222204,37.587144,39.328002,37.212042,37.183188,37.26975,38.27964
38053,34.644036,35.990556,40.991916,40.116678,39.328002,39.318384,39.81852,40.8765,39.491508,38.52009,41.40549,37.94301,38.750922,38.510472,39.28953,41.30931,41.241984,43.213674,39.222204,37.587144,39.328002,37.212042,37.183188,37.26975,38.27964
38055,34.644036,35.990556,40.991916,40.116678,39.328002,39.318384,39.81852,40.8765,39.491508,38.52009,41.40549,37.94301,38.750922,38.510472,39.28953,41.30931,41.241984,43.213674,39.222204,37.587144,39.328002,37.212042,37.183188,37.26975,38.27964
38057,34.644036,35.990556,40.991916,40.116678,39.328002,39.318384,39.81852,40.8765,39.491508,38.52009,41.40549,37.94301,38.750922,38.510472,39.28953,41.30931,41.241984,43.213674,39.222204,37.587144,39.328002,37.212042,37.183188,37.26975,38.27964
38059,34.644036,35.990556,40.991916,40.116678,39.328002,39.318384,39.81852,40.8765,39.491508,38.52009,41.40549,37.94301,38.750922,38.510472,39.28953,41.30931,41.241984,43.213674,39.222204,37.587144,39.328002,37.212042,37.183188,37.26975,38.27964
38061,34.644036,35.990556,40.991916,40.116678,39.328002,39.318384,39.81852,40.8765,39.491508,38.52009,41.40549,37.94301,38.750922,38.510472,39.28953,41.30931,41.241984,43.213674,39.222204,37.587144,39.328002,37.212042,37.183188,37.26975,38.27964
38063,34.644036,35.990556,40.991916,40.116678,39.328002,39.318384,39.81852,40.8765,39.491508,38.52009,41.40549,37.94301,38.750922,38.510472,39.28953,41.30931,41.241984,43.213674,39.222204,37.587144,39.328002,37.212042,37.183188,37.26975,38.27964
38065,34.644036,35.990556,40.991916,40.116678,39.328002,39.318384,39.81852,40.8765,39.491508,38.52009,41.40549,37.94301,38.750922,38.510472,39.28953,41.30931,41.241984,43.213674,39.222204,37.587144,39.328002,37.212042,37.183188,37.26975,38.27964
38067,34.644036,35.990556,40.991916,40.116678,39.328002,39.318384,39.81852,40.8765,39.491508,38.52009,41.40549,37.94301,38.750922,38.510472,39.28953,41.30931,41.241984,43.213674,39.222204,37.587144,39.328002,37.212042,37.183188,37.26975,38.27964
38069,34.644036,35.990556,40.991916,40.116678,39.328002,39.318384,39.81852,40.8765,39.491508,38.52009,41.40549,37.94301,38.750922,38.510472,39.28953,41.30931,41.241984,43.213674,39.222204,37.587144,39.328002,37.212042,37.183188,37.26975,38.27964
38071,34.644036,35.990556,40.991916,40.116678,39.328002,39.318384,39.81852,40.8765,39.491508,38.52009,41.40549,37.94301,38.750922,38.510472,39.28953,41.30931,41.241984,43.213674,39.222204,37.587144,39.328002,37.212042,37.183188,37.26975,38.27964
38073,34.644036,35.990556,40.991916,40.116678,39.328002,39.318384,39.81852,40.8765,39.491508,38.52009,41.40549,37.94301,38.750922,38.510472,39.28953,41.30931,41.241984,43.213674,39.222204,37.587144,39.328002,37.212042,37.183188,37.26975,38.27964
38075,34.644036,35.990556,40.991916,40.116678,39.328002,39.318384,39.81852,40.8765,39.491508,38.52009,41.40549,37.94301,38.750922,38.510472,39.28953,41.30931,41.241984,43.213674,39.222204,37.587144,39.328002,37.212042,37.183188,37.26975,38.27964
38077,34.644036,35.990556,40.991916,40.116678,39.328002,39.318384,39.81852,40.8765,39.491508,38.52009,41.40549,37.94301,38.750922,38.510472,39.28953,41.30931,41.241984,43.213674,39.222204,37.587144,39.328002,37.212042,37.183188,37.26975,38.27964
38079,34.644036,35.990556,40.991916,40.116678,39.328002,39.318384,39.81852,40.8765,39.491508,38.52009,41.40549,37.94301,38.750922,38.510472,39.28953,41.30931,41.241984,43.213674,39.222204,37.587144,39.328002,37.212042,37.183188,37.26975,38.27964
38081,34.644036,35.990556,40.991916,40.116678,39.328002,39.318384,39.81852,40.8765,39.491508,38.52009,41.40549,37.94301,38.750922,38.510472,39.28953,41.30931,41.241984,43.213674,39.222204,37.587144,39.328002,37.212042,37.183188,37.26975,38.27964
38083,34.644036,35.990556,40.991916,40.116678,39.328002,39.318384,39.81852,40.8765,39.491508,38.52009,41.40549,37.94301,38.750922,38.510472,39.28953,41.30931,41.241984,43.213674,39.222204,37.587144,39.328002,37.212042,37.183188,37.26975,38.27964
38085,34.644036,35.990556,40.991916,40.116678,39.328002,39.318384,39.81852,40.8765,39.491508,38.52009,41.40549,37.94301,38.750922,38.510472,39.28953,41.30931,41.241984,43.213674,39.222204,37.587144,39.328002,37.212042,37.183188,37.26975,38.27964
38087,34.644036,35.990556,40.991916,40.116678,39.328002,39.318384,39.81852,40.8765,39.491508,38.52009,41.40549,37.94301,38.750922,38.510472,39.28953,41.30931,41.241984,43.213674,39.222204,37.587144,39.328002,37.212042,37.183188,37.26975,38.27964
38089,34.644036,35.990556,40.991916,40.116678,39.328002,39.318384,39.81852,40.8765,39.491508,38.52009,41.40549,37.94301,38.750922,38.510472,39.28953,41.30931,41.241984,43.213674,39.222204,37.587144,39.328002,37.212042,37.183188,37.26975,38.27964
38091,34.644036,35.990556,40.991916,40.116678,39.328002,39.318384,39.81852,40.8765,39.491508,38.52009,41.40549,37.94301,38.750922,38.510472,39.28953,41.30931,41.241984,43.213674,39.222204,37.587144,39.328002,37.212042,37.183188,37.26975,38.27964
38093,34.644036,35.990556,40.991916,40.116678,39.328002,39.318384,39.81852,40.8765,39.491508,38.52009,41.40549,37.94301,38.750922,38.510472,39.28953,41.30931,41.241984,43.213674,39.222204,37.587144,39.328002,37.212042,37.183188,37.26975,38.27964
38095,34.644036,35.990556,40.991916,40.116678,39.328002,39.318384,39.81852,40.8765,39.491508,38.52009,41.40549,37.94301,38.750922,38.510472,39.28953,41.30931,41.241984,43.213674,39.222204,37.587144,39.328002,37.212042,37.183188,37.26975,38.27964
38097,34.644036,35.990556,40.991916,40.116678,39.328002,39.318384,39.81852,40.8765,39.491508,38.52009,41.40549,37.94301,38.750922,38.510472,39.28953,41.30931,41.241984,43.213674,39.222204,37.587144,39.328002,37.212042,37.183188,37.26975,38.27964
38099,34.644036,35.990556,40.991916,40.116678,39.328002,39.318384,39.81852,40.8765,39.491508,38.52009,41.40549,37.94301,38.750922,38.510472,39.28953,41.30931,41.241984,43.213674,39.222204,37.587144,39.328002,37.212042,37.183188,37.26975,38.27964
38101,34.644036,35.990556,40.991916,40.116678,39.328002,39.318384,39.81852,40.8765,39.491508,38.52009,41.40549,37.94301,38.750922,38.510472,39.28953,41.30931,41.241984,43.213674,39.222204,37.587144,39.328002,37.212042,37.183188,37.26975,38.27964
38103,34.644036,35.990556,40.991916,40.116678,39.328002,39.318384,39.81852,40.8765,39.491508,38.52009,41.40549,37.94301,38.750922,38.510472,39.28953,41.30931,41.241984,43.213674,39.222204,37.587144,39.328002,37.212042,37.183188,37.26975,38.27964
38105,34.644036,35.990556,40.991916,40.116678,39.328002,39.318384,39.81852,40.8765,39.491508,38.52009,41.40549,37.94301,38.750922,38.510472,39.28953,41.30931,41.241984,43.213674,39.222204,37.587144,39.328002,37.212042,37.183188,37.26975,38.27964
39001,34.644036,35.990556,40.991916,40.116678,39.328002,39.318384,39.81852,40.8765,39.491508,38.52009,41.40549,37.94301,38.750922,38.510472,39.28953,41.30931,41.241984,43.213674,39.222204,37.587144,39.328002,37.212042,37.183188,37.26975,38.27964
39003,34.644036,35.990556,40.991916,40.116678,39.328002,39.318384,39.81852,40.8765,39.491508,38.52009,41.40549,37.94301,38.750922,38.510472,39.28953,41.30931,41.241984,43.213674,39.222204,37.587144,39.328002,37.212042,37.183188,37.26975,38.27964
39005,34.644036,35.990556,40.991916,40.116678,39.328002,39.318384,39.81852,40.8765,39.491508,38.52009,41.40549,37.94301,38.750922,38.510472,39.28953,41.30931,41.241984,43.213674,39.222204,37.587144,39.328002,37.212042,37.183188,37.26975,38.27964
39007,34.644036,35.990556,40.991916,40.116678,39.328002,39.318384,39.81852,40.8765,39.491508,38.52009,41.40549,37.94301,38.750922,38.510472,39.28953,41.30931,41.241984,43.213674,39.222204,37.587144,39.328002,37.212042,37.183188,37.26975,38.27964
39009,34.644036,35.990556,40.991916,40.116678,39.328002,39.318384,39.81852,40.8765,39.491508,38.52009,41.40549,37.94301,38.750922,38.510472,39.28953,41.30931,41.241984,43.213674,39.222204,37.587144,39.328002,37.212042,37.183188,37.26975,38.27964
39011,34.644036,35.990556,40.991916,40.116678,39.328002,39.318384,39.81852,40.8765,39.491508,38.52009,41.40549,37.94301,38.750922,38.510472,39.28953,41.30931,41.241984,43.213674,39.222204,37.587144,39.328002,37.212042,37.183188,37.26975,38.27964
39013,34.644036,35.990556,40.991916,40.116678,39.328002,39.318384,39.81852,40.8765,39.491508,38.52009,41.40549,37.94301,38.750922,38.510472,39.28953,41.30931,41.241984,43.213674,39.222204,37.587144,39.328002,37.212042,37.183188,37.26975,38.27964
39015,34.644036,35.990556,40.991916,40.116678,39.328002,39.318384,39.81852,40.8765,39.491508,38.52009,41.40549,37.94301,38.750922,38.510472,39.28953,41.30931,41.241984,43.213674,39.222204,37.587144,39.328002,37.212042,37.183188,37.26975,38.27964
39017,34.644036,35.990556,40.991916,40.116678,39.328002,39.318384,39.81852,40.8765,39.491508,38.52009,41.40549,37.94301,38.750922,38.510472,39.28953,41.30931,41.241984,43.213674,39.222204,37.587144,39.328002,37.212042,37.183188,37.26975,38.27964
39019,34.644036,35.990556,40.991916,40.116678,39.328002,39.318384,39.81852,40.8765,39.491508,38.52009,41.40549,37.94301,38.750922,38.510472,39.28953,41.30931,41.241984,43.213674,39.222204,37.587144,39.328002,37.212042,37.183188,37.26975,38.27964
39021,34.644036,35.990556,40.991916,40.116678,39.328002,39.318384,39.81852,40.8765,39.491508,38.52009,41.40549,37.94301,38.750922,38.510472,39.28953,41.30931,41.241984,43.213674,39.222204,37.587144,39.328002,37.212042,37.183188,37.26975,38.27964
39023,34.644036,35.990556,40.991916,40.116678,39.328002,39.318384,39.81852,40.8765,39.491508,38.52009,41.40549,37.94301,38.750922,38.510472,39.28953,41.30931,41.241984,43.213674,39.222204,37.587144,39.328002,37.212042,37.183188,37.26975,38.27964
39025,34.644036,35.990556,40.991916,40.116678,39.328002,39.318384,39.81852,40.8765,39.491508,38.52009,41.40549,37.94301,38.750922,38.510472,39.28953,41.30931,41.241984,43.213674,39.222204,37.587144,39.328002,37.212042,37.183188,37.26975,38.27964
39027,34.644036,35.990556,40.991916,40.116678,39.328002,39.318384,39.81852,40.8765,39.491508,38.52009,41.40549,37.94301,38.750922,38.510472,39.28953,41.30931,41.241984,43.213674,39.222204,37.587144,39.328002,37.212042,37.183188,37.26975,38.27964
39029,34.644036,35.990556,40.991916,40.116678,39.328002,39.318384,39.81852,40.8765,39.491508,38.52009,41.40549,37.94301,38.750922,38.510472,39.28953,41.30931,41.241984,43.213674,39.222204,37.587144,39.328002,37.212042,37.183188,37.26975,38.27964
39031,34.644036,35.990556,40.991916,40.116678,39.328002,39.318384,39.81852,40.8765,39.491508,38.52009,41.40549,37.94301,38.750922,38.510472,39.28953,41.30931,41.241984,43.213674,39.222204,37.587144,39.328002,37.212042,37.183188,37.26975,38.27964
39033,34.644036,35.990556,40.991916,40.116678,39.328002,39.318384,39.81852,40.8765,39.491508,38.52009,41.40549,37.94301,38.750922,38.510472,39.28953,41.30931,41.241984,43.213674,39.222204,37.587144,39.328002,37.212042,37.183188,37.26975,38.27964
39035,34.644036,35.990556,40.991916,40.116678,39.328002,39.318384,39.81852,40.8765,39.491508,38.52009,41.40549,37.94301,38.750922,38.510472,39.28953,41.30931,41.241984,43.213674,39.222204,37.587144,39.328002,37.212042,37.183188,37.26975,38.27964
39037,34.644036,35.990556,40.991916,40.116678,39.328002,39.318384,39.81852,40.8765,39.491508,38.52009,41.40549,37.94301,38.750922,38.510472,39.28953,41.30931,41.241984,43.213674,39.222204,37.587144,39.328002,37.212042,37.183188,37.26975,38.27964
39039,34.644036,35.990556,40.991916,40.116678,39.328002,39.318384,39.81852,40.8765,39.491508,38.52009,41.40549,37.94301,38.750922,38.510472,39.28953,41.30931,41.241984,43.213674,39.222204,37.587144,39.328002,37.212042,37.183188,37.26975,38.27964
39041,34.644036,35.990556,40.991916,40.116678,39.328002,39.318384,39.81852,40.8765,39.491508,38.52009,41.40549,37.94301,38.750922,38.510472,39.28953,41.30931,41.241984,43.213674,39.222204,37.587144,39.328002,37.212042,37.183188,37.26975,38.27964
39043,34.644036,35.990556,40.991916,40.116678,39.328002,39.318384,39.81852,40.8765,39.491508,38.52009,41.40549,37.94301,38.750922,38.510472,39.28953,41.30931,41.241984,43.213674,39.222204,37.587144,39.328002,37.212042,37.183188,37.26975,38.27964
39045,34.644036,35.990556,40.991916,40.116678,39.328002,39.318384,39.81852,40.8765,39.491508,38.52009,41.40549,37.94301,38.750922,38.510472,39.28953,41.30931,41.241984,43.213674,39.222204,37.587144,39.328002,37.212042,37.183188,37.26975,38.27964
39047,34.644036,35.990556,40.991916,40.116678,39.328002,39.318384,39.81852,40.8765,39.491508,38.52009,41.40549,37.94301,38.750922,38.510472,39.28953,41.30931,41.241984,43.213674,39.222204,37.587144,39.328002,37.212042,37.183188,37.26975,38.27964
39049,34.644036,35.990556,40.991916,40.116678,39.328002,39.318384,39.81852,40.8765,39.491508,38.52009,41.40549,37.94301,38.750922,38.510472,39.28953,41.30931,41.241984,43.213674,39.222204,37.587144,39.328002,37.212042,37.183188,37.26975,38.27964
39051,34.644036,35.990556,40.991916,40.116678,39.328002,39.318384,39.81852,40.8765,39.491508,38.52009,41.40549,37.94301,38.750922,38.510472,39.28953,41.30931,41.241984,43.213674,39.222204,37.587144,39.328002,37.212042,37.183188,37.26975,38.27964
39053,34.644036,35.990556,40.991916,40.116678,39.328002,39.318384,39.81852,40.8765,39.491508,38.52009,41.40549,37.94301,38.750922,38.510472,39.28953,41.30931,41.241984,43.213674,39.222204,37.587144,39.328002,37.212042,37.183188,37.26975,38.27964
39055,34.644036,35.990556,40.991916,40.116678,39.328002,39.318384,39.81852,40.8765,39.491508,38.52009,41.40549,37.94301,38.750922,38.510472,39.28953,41.30931,41.241984,43.213674,39.222204,37.587144,39.328002,37.212042,37.183188,37.26975,38.27964
39057,34.644036,35.990556,40.991916,40.116678,39.328002,39.318384,39.81852,40.8765,39.491508,38.52009,41.40549,37.94301,38.750922,38.510472,39.28953,41.30931,41.241984,43.213674,39.222204,37.587144,39.328002,37.212042,37.183188,37.26975,38.27964
39059,34.644036,35.990556,40.991916,40.116678,39.328002,39.318384,39.81852,40.8765,39.491508,38.52009,41.40549,37.94301,38.750922,38.510472,39.28953,41.30931,41.241984,43.213674,39.222204,37.587144,39.328002,37.212042,37.183188,37.26975,38.27964
39061,34.644036,35.990556,40.991916,40.116678,39.328002,39.318384,39.81852,40.8765,39.491508,38.52009,41.40549,37.94301,38.750922,38.510472,39.28953,41.30931,41.241984,43.213674,39.222204,37.587144,39.328002,37.212042,37.183188,37.26975,38.27964
39063,34.644036,35.990556,40.991916,40.116678,39.328002,39.318384,39.81852,40.8765,39.491508,38.52009,41.40549,37.94301,38.750922,38.510472,39.28953,41.30931,41.241984,43.213674,39.222204,37.587144,39.328002,37.212042,37.183188,37.26975,38.27964
39065,34.644036,35.990556,40.991916,40.116678,39.328002,39.318384,39.81852,40.8765,39.491508,38.52009,41.40549,37.94301,38.750922,38.510472,39.28953,41.30931,41.241984,43.213674,39.222204,37.587144,39.328002,37.212042,37.183188,37.26975,38.27964
39067,34.644036,35.990556,40.991916,40.116678,39.328002,39.318384,39.81852,40.8765,39.491508,38.52009,41.40549,37.94301,38.750922,38.510472,39.28953,41.30931,41.241984,43.213674,39.222204,37.587144,39.328002,37.212042,37.183188,37.26975,38.27964
39069,34.644036,35.990556,40.991916,40.116678,39.328002,39.318384,39.81852,40.8765,39.491508,38.52009,41.40549,37.94301,38.750922,38.510472,39.28953,41.30931,41.241984,43.213674,39.222204,37.587144,39.328002,37.212042,37.183188,37.26975,38.27964
39071,34.644036,35.990556,40.991916,40.116678,39.328002,39.318384,39.81852,40.8765,39.491508,38.52009,41.40549,37.94301,38.750922,38.510472,39.28953,41.30931,41.241984,43.213674,39.222204,37.587144,39.328002,37.212042,37.183188,37.26975,38.27964
39073,34.644036,35.990556,40.991916,40.116678,39.328002,39.318384,39.81852,40.8765,39.491508,38.52009,41.40549,37.94301,38.750922,38.510472,39.28953,41.30931,41.241984,43.213674,39.222204,37.587144,39.328002,37.212042,37.183188,37.26975,38.27964
39075,34.644036,35.990556,40.991916,40.116678,39.328002,39.318384,39.81852,40.8765,39.491508,38.52009,41.40549,37.94301,38.750922,38.510472,39.28953,41.30931,41.241984,43.213674,39.222204,37.587144,39.328002,37.212042,37.183188,37.26975,38.27964
39077,34.644036,35.990556,40.991916,40.116678,39.328002,39.318384,39.81852,40.8765,39.491508,38.52009,41.40549,37.94301,38.750922,38.510472,39.28953,41.30931,41.241984,43.213674,39.222204,37.587144,39.328002,37.212042,37.183188,37.26975,38.27964
39079,34.644036,35.990556,40.991916,40.116678,39.328002,39.318384,39.81852,40.8765,39.491508,38.52009,41.40549,37.94301,38.750922,38.510472,39.28953,41.30931,41.241984,43.213674,39.222204,37.587144,39.328002,37.212042,37.183188,37.26975,38.27964
39081,34.644036,35.990556,40.991916,40.116678,39.328002,39.318384,39.81852,40.8765,39.491508,38.52009,41.40549,37.94301,38.750922,38.510472,39.28953,41.30931,41.241984,43.213674,39.222204,37.587144,39.328002,37.212042,37.183188,37.26975,38.27964
39083,34.644036,35.990556,40.991916,40.116678,39.328002,39.318384,39.81852,40.8765,39.491508,38.52009,41.40549,37.94301,38.750922,38.510472,39.28953,41.30931,41.241984,43.213674,39.222204,37.587144,39.328002,37.212042,37.183188,37.26975,38.27964
39085,34.644036,35.990556,40.991916,40.116678,39.328002,39.318384,39.81852,40.8765,39.491508,38.52009,41.40549,37.94301,38.750922,38.510472,39.28953,41.30931,41.241984,43.213674,39.222204,37.587144,39.328002,37.212042,37.183188,37.26975,38.27964
39087,34.644036,35.990556,40.991916,40.116678,39.328002,39.318384,39.81852,40.8765,39.491508,38.52009,41.40549,37.94301,38.750922,38.510472,39.28953,41.30931,41.241984,43.213674,39.222204,37.587144,39.328002,37.212042,37.183188,37.26975,38.27964
39089,34.644036,35.990556,40.991916,40.116678,39.328002,39.318384,39.81852,40.8765,39.491508,38.52009,41.40549,37.94301,38.750922,38.510472,39.28953,41.30931,41.241984,43.213674,39.222204,37.587144,39.328002,37.212042,37.183188,37.26975,38.27964
39091,34.644036,35.990556,40.991916,40.116678,39.328002,39.318384,39.81852,40.8765,39.491508,38.52009,41.40549,37.94301,38.750922,38.510472,39.28953,41.30931,41.241984,43.213674,39.222204,37.587144,39.328002,37.212042,37.183188,37.26975,38.27964
39093,34.644036,35.990556,40.991916,40.116678,39.328002,39.318384,39.81852,40.8765,39.491508,38.52009,41.40549,37.94301,38.750922,38.510472,39.28953,41.30931,41.241984,43.213674,39.222204,37.587144,39.328002,37.212042,37.183188,37.26975,38.27964
39095,34.644036,35.990556,40.991916,40.116678,39.328002,39.318384,39.81852,40.8765,39.491508,38.52009,41.40549,37.94301,38.750922,38.510472,39.28953,41.30931,41.241984,43.213674,39.222204,37.587144,39.328002,37.212042,37.183188,37.26975,38.27964
39097,34.644036,35.990556,40.991916,40.116678,39.328002,39.318384,39.81852,40.8765,39.491508,38.52009,41.40549,37.94301,38.750922,38.510472,39.28953,41.30931,41.241984,43.213674,39.222204,37.587144,39.328002,37.212042,37.183188,37.26975,38.27964
39099,34.644036,35.990556,40.991916,40.116678,39.328002,39.318384,39.81852,40.8765,39.491508,38.52009,41.40549,37.94301,38.750922,38.510472,39.28953,41.30931,41.241984,43.213674,39.222204,37.587144,39.328002,37.212042,37.183188,37.26975,38.27964
39101,34.644036,35.990556,40.991916,40.116678,39.328002,39.318384,39.81852,40.8765,39.491508,38.52009,41.40549,37.94301,38.750922,38.510472,39.28953,41.30931,41.241984,43.213674,39.222204,37.587144,39.328002,37.212042,37.183188,37.26975,38.27964
39103,34.644036,35.990556,40.991916,40.116678,39.328002,39.318384,39.81852,40.8765,39.491508,38.52009,41.40549,37.94301,38.750922,38.510472,39.28953,41.30931,41.241984,43.213674,39.222204,37.587144,39.328002,37.212042,37.183188,37.26975,38.27964
39105,34.644036,35.990556,40.991916,40.116678,39.328002,39.318384,39.81852,40.8765,39.491508,38.52009,41.40549,37.94301,38.750922,38.510472,39.28953,41.30931,41.241984,43.213674,39.222204,37.587144,39.328002,37.212042,37.183188,37.26975,38.27964
39107,34.644036,35.990556,40.991916,40.116678,39.328002,39.318384,39.81852,40.8765,39.491508,38.52009,41.40549,37.94301,38.750922,38.510472,39.28953,41.30931,41.241984,43.213674,39.222204,37.587144,39.328002,37.212042,37.183188,37.26975,38.27964
39109,34.644036,35.990556,40.991916,40.116678,39.328002,39.318384,39.81852,40.8765,39.491508,38.52009,41.40549,37.94301,38.750922,38.510472,39.28953,41.30931,41.241984,43.213674,39.222204,37.587144,39.328002,37.212042,37.183188,37.26975,38.27964
39111,34.644036,35.990556,40.991916,40.116678,39.328002,39.318384,39.81852,40.8765,39.491508,38.52009,41.40549,37.94301,38.750922,38.510472,39.28953,41.30931,41.241984,43.213674,39.222204,37.587144,39.328002,37.212042,37.183188,37.26975,38.27964
39113,34.644036,35.990556,40.991916,40.116678,39.328002,39.318384,39.81852,40.8765,39.491508,38.52009,41.40549,37.94301,38.750922,38.510472,39.28953,41.30931,41.241984,43.213674,39.222204,37.587144,39.328002,37.212042,37.183188,37.26975,38.27964
39115,34.644036,35.990556,40.991916,40.116678,39.328002,39.318384,39.81852,40.8765,39.491508,38.52009,41.40549,37.94301,38.750922,38.510472,39.28953,41.30931,41.241984,43.213674,39.222204,37.587144,39.328002,37.212042,37.183188,37.26975,38.27964
39117,34.644036,35.990556,40.991916,40.116678,39.328002,39.318384,39.81852,40.8765,39.491508,38.52009,41.40549,37.94301,38.750922,38.510472,39.28953,41.30931,41.241984,43.213674,39.222204,37.587144,39.328002,37.212042,37.183188,37.26975,38.27964
39119,34.644036,35.990556,40.991916,40.116678,39.328002,39.318384,39.81852,40.8765,39.491508,38.52009,41.40549,37.94301,38.750922,38.510472,39.28953,41.30931,41.241984,43.213674,39.222204,37.587144,39.328002,37.212042,37.183188,37.26975,38.27964
39121,34.644036,35.990556,40.991916,40.116678,39.328002,39.318384,39.81852,40.8765,39.491508,38.52009,41.40549,37.94301,38.750922,38.510472,39.28953,41.30931,41.241984,43.213674,39.222204,37.587144,39.328002,37.212042,37.183188,37.26975,38.27964
39123,34.644036,35.990556,40.991916,40.116678,39.328002,39.318384,39.81852,40.8765,39.491508,38.52009,41.40549,37.94301,38.750922,38.510472,39.28953,41.30931,41.241984,43.213674,39.222204,37.587144,39.328002,37.212042,37.183188,37.26975,38.27964
39125,34.644036,35.990556,40.991916,40.116678,39.328002,39.318384,39.81852,40.8765,39.491508,38.52009,41.40549,37.94301,38.750922,38.510472,39.28953,41.30931,41.241984,43.213674,39.222204,37.587144,39.328002,37.212042,37.183188,37.26975,38.27964
39127,34.644036,35.990556,40.991916,40.116678,39.328002,39.318384,39.81852,40.8765,39.491508,38.52009,41.40549,37.94301,38.750922,38.510472,39.28953,41.30931,41.241984,43.213674,39.222204,37.587144,39.328002,37.212042,37.183188,37.26975,38.27964
39129,34.644036,35.990556,40.991916,40.116678,39.328002,39.318384,39.81852,40.8765,39.491508,38.52009,41.40549,37.94301,38.750922,38.510472,39.28953,41.30931,41.241984,43.213674,39.222204,37.587144,39.328002,37.212042,37.183188,37.26975,38.27964
39131,34.644036,35.990556,40.991916,40.116678,39.328002,39.318384,39.81852,40.8765,39.491508,38.52009,41.40549,37.94301,38.750922,38.510472,39.28953,41.30931,41.241984,43.213674,39.222204,37.587144,39.328002,37.212042,37.183188,37.26975,38.27964
39133,34.644036,35.990556,40.991916,40.116678,39.328002,39.318384,39.81852,40.8765,39.491508,38.52009,41.40549,37.94301,38.750922,38.510472,39.28953,41.30931,41.241984,43.213674,39.222204,37.587144,39.328002,37.212042,37.183188,37.26975,38.27964
39135,34.644036,35.990556,40.991916,40.116678,39.328002,39.318384,39.81852,40.8765,39.491508,38.52009,41.40549,37.94301,38.750922,38.510472,39.28953,41.30931,41.241984,43.213674,39.222204,37.587144,39.328002,37.212042,37.183188,37.26975,38.27964
39137,34.644036,35.990556,40.991916,40.116678,39.328002,39.318384,39.81852,40.8765,39.491508,38.52009,41.40549,37.94301,38.750922,38.510472,39.28953,41.30931,41.241984,43.213674,39.222204,37.587144,39.328002,37.212042,37.183188,37.26975,38.27964
39139,34.644036,35.990556,40.991916,40.116678,39.328002,39.318384,39.81852,40.8765,39.491508,38.52009,41.40549,37.94301,38.750922,38.510472,39.28953,41.30931,41.241984,43.213674,39.222204,37.587144,39.328002,37.212042,37.183188,37.26975,38.27964
39141,34.644036,35.990556,40.991916,40.116678,39.328002,39.318384,39.81852,40.8765,39.491508,38.52009,41.40549,37.94301,38.750922,38.510472,39.28953,41.30931,41.241984,43.213674,39.222204,37.587144,39.328002,37.212042,37.183188,37.26975,38.27964
39143,34.644036,35.990556,40.991916,40.116678,39.328002,39.318384,39.81852,40.8765,39.491508,38.52009,41.40549,37.94301,38.750922,38.510472,39.28953,41.30931,41.241984,43.213674,39.222204,37.587144,39.328002,37.212042,37.183188,37.26975,38.27964
39145,34.644036,35.990556,40.991916,40.116678,39.328002,39.318384,39.81852,40.8765,39.491508,38.52009,41.40549,37.94301,38.750922,38.510472,39.28953,41.30931,41.241984,43.213674,39.222204,37.587144,39.328002,37.212042,37.183188,37.26975,38.27964
39147,34.644036,35.990556,40.991916,40.116678,39.328002,39.318384,39.81852,40.8765,39.491508,38.52009,41.40549,37.94301,38.750922,38.510472,39.28953,41.30931,41.241984,43.213674,39.222204,37.587144,39.328002,37.212042,37.183188,37.26975,38.27964
39149,34.644036,35.990556,40.991916,40.116678,39.328002,39.318384,39.81852,40.8765,39.491508,38.52009,41.40549,37.94301,38.750922,38.510472,39.28953,41.30931,41.241984,43.213674,39.222204,37.587144,39.328002,37.212042,37.183188,37.26975,38.27964
39151,34.644036,35.990556,40.991916,40.116678,39.328002,39.318384,39.81852,40.8765,39.491508,38.52009,41.40549,37.94301,38.750922,38.510472,39.28953,41.30931,41.241984,43.213674,39.222204,37.587144,39.328002,37.212042,37.183188,37.26975,38.27964
39153,34.644036,35.990556,40.991916,40.116678,39.328002,39.318384,39.81852,40.8765,39.491508,38.52009,41.40549,37.94301,38.750922,38.510472,39.28953,41.30931,41.241984,43.213674,39.222204,37.587144,39.328002,37.212042,37.183188,37.26975,38.27964
39155,34.644036,35.990556,40.991916,40.116678,39.328002,39.318384,39.81852,40.8765,39.491508,38.52009,41.40549,37.94301,38.750922,38.510472,39.28953,41.30931,41.241984,43.213674,39.222204,37.587144,39.328002,37.212042,37.183188,37.26975,38.27964
39157,34.644036,35.990556,40.991916,40.116678,39.328002,39.318384,39.81852,40.8765,39.491508,38.52009,41.40549,37.94301,38.750922,38.510472,39.28953,41.30931,41.241984,43.213674,39.222204,37.587144,39.328002,37.212042,37.183188,37.26975,38.27964
39159,34.644036,35.990556,40.991916,40.116678,39.328002,39.318384,39.81852,40.8765,39.491508,38.52009,41.40549,37.94301,38.750922,38.510472,39.28953,41.30931,41.241984,43.213674,39.222204,37.587144,39.328002,37.212042,37.183188,37.26975,38.27964
39161,34.644036,35.990556,40.991916,40.116678,39.328002,39.318384,39.81852,40.8765,39.491508,38.52009,41.40549,37.94301,38.750922,38.510472,39.28953,41.30931,41.241984,43.213674,39.222204,37.587144,39.328002,37.212042,37.183188,37.26975,38.27964
39163,34.644036,35.990556,40.991916,40.116678,39.328002,39.318384,39.81852,40.8765,39.491508,38.52009,41.40549,37.94301,38.750922,38.510472,39.28953,41.30931,41.241984,43.213674,39.222204,37.587144,39.328002,37.212042,37.183188,37.26975,38.27964
39165,34.644036,35.990556,40.991916,40.116678,39.328002,39.318384,39.81852,40.8765,39.491508,38.52009,41.40549,37.94301,38.750922,38.510472,39.28953,41.30931,41.241984,43.213674,39.222204,37.587144,39.328002,37.212042,37.183188,37.26975,38.27964
39167,34.644036,35.990556,40.991916,40.116678,39.328002,39.318384,39.81852,40.8765,39.491508,38.52009,41.40549,37.94301,38.750922,38.510472,39.28953,41.30931,41.241984,43.213674,39.222204,37.587144,39.328002,37.212042,37.183188,37.26975,38.27964
39169,34.644036,35.990556,40.991916,40.116678,39.328002,39.318384,39.81852,40.8765,39.491508,38.52009,41.40549,37.94301,38.750922,38.510472,39.28953,41.30931,41.241984,43.213674,39.222204,37.587144,39.328002,37.212042,37.183188,37.26975,38.27964
39171,34.644036,35.990556,40.991916,40.116678,39.328002,39.318384,39.81852,40.8765,39.491508,38.52009,41.40549,37.94301,38.750922,38.510472,39.28953,41.30931,41.241984,43.213674,39.222204,37.587144,39.328002,37.212042,37.183188,37.26975,38.27964
39173,34.644036,35.990556,40.991916,40.116678,39.328002,39.318384,39.81852,40.8765,39.491508,38.52009,41.40549,37.94301,38.750922,38.510472,39.28953,41.30931,41.241984,43.213674,39.222204,37.587144,39.328002,37.212042,37.183188,37.26975,38.27964
39175,34.644036,35.990556,40.991916,40.116678,39.328002,39.318384,39.81852,40.8765,39.491508,38.52009,41.40549,37.94301,38.750922,38.510472,39.28953,41.30931,41.241984,43.213674,39.222204,37.587144,39.328002,37.212042,37.183188,37.26975,38.27964
40001,34.644036,35.990556,40.991916,40.116678,39.328002,39.318384,39.81852,40.8765,39.491508,38.52009,41.40549,37.94301,38.750922,38.510472,39.28953,41.30931,41.241984,43.213674,39.222204,37.587144,39.328002,37.212042,37.183188,37.26975,38.27964
40003,34.644036,35.990556,40.991916,40.116678,39.328002,39.318384,39.81852,40.8765,39.491508,38.52009,41.40549,37.94301,38.750922,38.510472,39.28953,41.30931,41.241984,43.213674,39.222204,37.587144,39.328002,37.212042,37.183188,37.26975,38.27964
40005,34.644036,35.990556,40.991916,40.116678,39.328002,39.318384,39.81852,40.8765,39.491508,38.52009,41.40549,37.94301,38.750922,38.510472,39.28953,41.30931,41.241984,43.213674,39.222204,37.587144,39.328002,37.212042,37.183188,37.26975,38.27964
40007,34.644036,35.990556,40.991916,40.116678,39.328002,39.318384,39.81852,40.8765,39.491508,38.52009,41.40549,37.94301,38.750922,38.510472,39.28953,41.30931,41.241984,43.213674,39.222204,37.587144,39.328002,37.212042,37.183188,37.26975,38.27964
40009,34.644036,35.990556,40.991916,40.116678,39.328002,39.318384,39.81852,40.8765,39.491508,38.52009,41.40549,37.94301,38.750922,38.510472,39.28953,41.30931,41.241984,43.213674,39.222204,37.587144,39.328002,37.212042,37.183188,37.26975,38.27964
40011,34.644036,35.990556,40.991916,40.116678,39.328002,39.318384,39.81852,40.8765,39.491508,38.52009,41.40549,37.94301,38.750922,38.510472,39.28953,41.30931,41.241984,43.213674,39.222204,37.587144,39.328002,37.212042,37.183188,37.26975,38.27964
40013,34.644036,35.990556,40.991916,40.116678,39.328002,39.318384,39.81852,40.8765,39.491508,38.52009,41.40549,37.94301,38.750922,38.510472,39.28953,41.30931,41.241984,43.213674,39.222204,37.587144,39.328002,37.212042,37.183188,37.26975,38.27964
40015,34.644036,35.990556,40.991916,40.116678,39.328002,39.318384,39.81852,40.8765,39.491508,38.52009,41.40549,37.94301,38.750922,38.510472,39.28953,41.30931,41.241984,43.213674,39.222204,37.587144,39.328002,37.212042,37.183188,37.26975,38.27964
40017,34.644036,35.990556,40.991916,40.116678,39.328002,39.318384,39.81852,40.8765,39.491508,38.52009,41.40549,37.94301,38.750922,38.510472,39.28953,41.30931,41.241984,43.213674,39.222204,37.587144,39.328002,37.212042,37.183188,37.26975,38.27964
40019,34.644036,35.990556,40.991916,40.116678,39.328002,39.318384,39.81852,40.8765,39.491508,38.52009,41.40549,37.94301,38.750922,38.510472,39.28953,41.30931,41.241984,43.213674,39.222204,37.587144,39.328002,37.212042,37.183188,37.26975,38.27964
40021,34.644036,35.990556,40.991916,40.116678,39.328002,39.318384,39.81852,40.8765,39.491508,38.52009,41.40549,37.94301,38.750922,38.510472,39.28953,41.30931,41.241984,43.213674,39.222204,37.587144,39.328002,37.212042,37.183188,37.26975,38.27964
40023,34.644036,35.990556,40.991916,40.116678,39.328002,39.318384,39.81852,40.8765,39.491508,38.52009,41.40549,37.94301,38.750922,38.510472,39.28953,41.30931,41.241984,43.213674,39.222204,37.587144,39.328002,37.212042,37.183188,37.26975,38.27964
40025,34.644036,35.990556,40.991916,40.116678,39.328002,39.318384,39.81852,40.8765,39.491508,38.52009,41.40549,37.94301,38.750922,38.510472,39.28953,41.30931,41.241984,43.213674,39.222204,37.587144,39.328002,37.212042,37.183188,37.26975,38.27964
40027,34.644036,35.990556,40.991916,40.116678,39.328002,39.318384,39.81852,40.8765,39.491508,38.52009,41.40549,37.94301,38.750922,38.510472,39.28953,41.30931,41.241984,43.213674,39.222204,37.587144,39.328002,37.212042,37.183188,37.26975,38.27964
40029,34.644036,35.990556,40.991916,40.116678,39.328002,39.318384,39.81852,40.8765,39.491508,38.52009,41.40549,37.94301,38.750922,38.510472,39.28953,41.30931,41.241984,43.213674,39.222204,37.587144,39.328002,37.212042,37.183188,37.26975,38.27964
40031,34.644036,35.990556,40.991916,40.116678,39.328002,39.318384,39.81852,40.8765,39.491508,38.52009,41.40549,37.94301,38.750922,38.510472,39.28953,41.30931,41.241984,43.213674,39.222204,37.587144,39.328002,37.212042,37.183188,37.26975,38.27964
40033,34.644036,35.990556,40.991916,40.116678,39.328002,39.318384,39.81852,40.8765,39.491508,38.52009,41.40549,37.94301,38.750922,38.510472,39.28953,41.30931,41.241984,43.213674,39.222204,37.587144,39.328002,37.212042,37.183188,37.26975,38.27964
40035,34.644036,35.990556,40.991916,40.116678,39.328002,39.318384,39.81852,40.8765,39.491508,38.52009,41.40549,37.94301,38.750922,38.510472,39.28953,41.30931,41.241984,43.213674,39.222204,37.587144,39.328002,37.212042,37.183188,37.26975,38.27964
40037,34.644036,35.990556,40.991916,40.116678,39.328002,39.318384,39.81852,40.8765,39.491508,38.52009,41.40549,37.94301,38.750922,38.510472,39.28953,41.30931,41.241984,43.213674,39.222204,37.587144,39.328002,37.212042,37.183188,37.26975,38.27964
40039,34.644036,35.990556,40.991916,40.116678,39.328002,39.318384,39.81852,40.8765,39.491508,38.52009,41.40549,37.94301,38.750922,38.510472,39.28953,41.30931,41.241984,43.213674,39.222204,37.587144,39.328002,37.212042,37.183188,37.26975,38.27964
40041,34.644036,35.990556,40.991916,40.116678,39.328002,39.318384,39.81852,40.8765,39.491508,38.52009,41.40549,37.94301,38.750922,38.510472,39.28953,41.30931,41.241984,43.213674,39.222204,37.587144,39.328002,37.212042,37.183188,37.26975,38.27964
40043,34.644036,35.990556,40.991916,40.116678,39.328002,39.318384,39.81852,40.8765,39.491508,38.52009,41.40549,37.94301,38.750922,38.510472,39.28953,41.30931,41.241984,43.213674,39.222204,37.587144,39.328002,37.212042,37.183188,37.26975,38.27964
40045,34.644036,35.990556,40.991916,40.116678,39.328002,39.318384,39.81852,40.8765,39.491508,38.52009,41.40549,37.94301,38.750922,38.510472,39.28953,41.30931,41.241984,43.213674,39.222204,37.587144,39.328002,37.212042,37.183188,37.26975,38.27964
40047,34.644036,35.990556,40.991916,40.116678,39.328002,39.318384,39.81852,40.8765,39.491508,38.52009,41.40549,37.94301,38.750922,38.510472,39.28953,41.30931,41.241984,43.213674,39.222204,37.587144,39.328002,37.212042,37.183188,37.26975,38.27964
40049,34.644036,35.990556,40.991916,40.116678,39.328002,39.318384,39.81852,40.8765,39.491508,38.52009,41.40549,37.94301,38.750922,38.510472,39.28953,41.30931,41.241984,43.213674,39.222204,37.587144,39.328002,37.212042,37.183188,37.26975,38.27964
40051,34.644036,35.990556,40.991916,40.116678,39.328002,39.318384,39.81852,40.8765,39.491508,38.52009,41.40549,37.94301,38.750922,38.510472,39.28953,41.30931,41.241984,43.213674,39.222204,37.587144,39.328002,37.212042,37.183188,37.26975,38.27964
40053,34.644036,35.990556,40.991916,40.116678,39.328002,39.318384,39.81852,40.8765,39.491508,38.52009,41.40549,37.94301,38.750922,38.510472,39.28953,41.30931,41.241984,43.213674,39.222204,37.587144,39.328002,37.212042,37.183188,37.26975,38.27964
40055,34.644036,35.990556,40.991916,40.116678,39.328002,39.318384,39.81852,40.8765,39.491508,38.52009,41.40549,37.94301,38.750922,38.510472,39.28953,41.30931,41.241984,43.213674,39.222204,37.587144,39.328002,37.212042,37.183188,37.26975,38.27964
40057,34.644036,35.990556,40.991916,40.116678,39.328002,39.318384,39.81852,40.8765,39.491508,38.52009,41.40549,37.94301,38.750922,38.510472,39.28953,41.30931,41.241984,43.213674,39.222204,37.587144,39.328002,37.212042,37.183188,37.26975,38.27964
40059,34.644036,35.990556,40.991916,40.116678,39.328002,39.318384,39.81852,40.8765,39.491508,38.52009,41.40549,37.94301,38.750922,38.510472,39.28953,41.30931,41.241984,43.213674,39.222204,37.587144,39.328002,37.212042,37.183188,37.26975,38.27964
40061,34.644036,35.990556,40.991916,40.116678,39.328002,39.318384,39.81852,40.8765,39.491508,38.52009,41.40549,37.94301,38.750922,38.510472,39.28953,41.30931,41.241984,43.213674,39.222204,37.587144,39.328002,37.212042,37.183188,37.26975,38.27964
40063,34.644036,35.990556,40.991916,40.116678,39.328002,39.318384,39.81852,40.8765,39.491508,38.52009,41.40549,37.94301,38.750922,38.510472,39.28953,41.30931,41.241984,43.213674,39.222204,37.587144,39.328002,37.212042,37.183188,37.26975,38.27964
40065,34.644036,35.990556,40.991916,40.116678,39.328002,39.318384,39.81852,40.8765,39.491508,38.52009,41.40549,37.94301,38.750922,38.510472,39.28953,41.30931,41.241984,43.213674,39.222204,37.587144,39.328002,37.212042,37.183188,37.26975,38.27964
40067,34.644036,35.990556,40.991916,40.116678,39.328002,39.318384,39.81852,40.8765,39.491508,38.52009,41.40549,37.94301,38.750922,38.510472,39.28953,41.30931,41.241984,43.213674,39.222204,37.587144,39.328002,37.212042,37.183188,37.26975,38.27964
40069,34.644036,35.990556,40.991916,40.116678,39.328002,39.318384,39.81852,40.8765,39.491508,38.52009,41.40549,37.94301,38.750922,38.510472,39.28953,41.30931,41.241984,43.213674,39.222204,37.587144,39.328002,37.212042,37.183188,37.26975,38.27964
40071,34.644036,35.990556,40.991916,40.116678,39.328002,39.318384,39.81852,40.8765,39.491508,38.52009,41.40549,37.94301,38.750922,38.510472,39.28953,41.30931,41.241984,43.213674,39.222204,37.587144,39.328002,37.212042,37.183188,37.26975,38.27964
40073,34.644036,35.990556,40.991916,40.116678,39.328002,39.318384,39.81852,40.8765,39.491508,38.52009,41.40549,37.94301,38.750922,38.510472,39.28953,41.30931,41.241984,43.213674,39.222204,37.587144,39.328002,37.212042,37.183188,37.26975,38.27964
40075,34.644036,35.990556,40.991916,40.116678,39.328002,39.318384,39.81852,40.8765,39.491508,38.52009,41.40549,37.94301,38.750922,38.510472,39.28953,41.30931,41.241984,43.213674,39.222204,37.587144,39.328002,37.212042,37.183188,37.26975,38.27964
40077,34.644036,35.990556,40.991916,40.116678,39.328002,39.318384,39.81852,40.8765,39.491508,38.52009,41.40549,37.94301,38.750922,38.510472,39.28953,41.30931,41.241984,43.213674,39.222204,37.587144,39.328002,37.212042,37.183188,37.26975,38.27964
40079,34.644036,35.990556,40.991916,40.116678,39.328002,39.318384,39.81852,40.8765,39.491508,38.52009,41.40549,37.94301,38.750922,38.510472,39.28953,41.30931,41.241984,43.213674,39.222204,37.587144,39.328002,37.212042,37.183188,37.26975,38.27964
40081,34.644036,35.990556,40.991916,40.116678,39.328002,39.318384,39.81852,40.8765,39.491508,38.52009,41.40549,37.94301,38.750922,38.510472,39.28953,41.30931,41.241984,43.213674,39.222204,37.587144,39.328002,37.212042,37.183188,37.26975,38.27964
40083,34.644036,35.990556,40.991916,40.116678,39.328002,39.318384,39.81852,40.8765,39.491508,38.52009,41.40549,37.94301,38.750922,38.510472,39.28953,41.30931,41.241984,43.213674,39.222204,37.587144,39.328002,37.212042,37.183188,37.26975,38.27964
40085,34.644036,35.990556,40.991916,40.116678,39.328002,39.318384,39.81852,40.8765,39.491508,38.52009,41.40549,37.94301,38.750922,38.510472,39.28953,41.30931,41.241984,43.213674,39.222204,37.587144,39.328002,37.212042,37.183188,37.26975,38.27964
40087,34.644036,35.990556,40.991916,40.116678,39.328002,39.318384,39.81852,40.8765,39.491508,38.52009,41.40549,37.94301,38.750922,38.510472,39.28953,41.30931,41.241984,43.213674,39.222204,37.587144,39.328002,37.212042,37.183188,37.26975,38.27964
40089,34.644036,35.990556,40.991916,40.116678,39.328002,39.318384,39.81852,40.8765,39.491508,38.52009,41.40549,37.94301,38.750922,38.510472,39.28953,41.30931,41.241984,43.213674,39.222204,37.587144,39.328002,37.212042,37.183188,37.26975,38.27964
40091,34.644036,35.990556,40.991916,40.116678,39.328002,39.318384,39.81852,40.8765,39.491508,38.52009,41.40549,37.94301,38.750922,38.510472,39.28953,41.30931,41.241984,43.213674,39.222204,37.587144,39.328002,37.212042,37.183188,37.26975,38.27964
40093,34.644036,35.990556,40.991916,40.116678,39.328002,39.318384,39.81852,40.8765,39.491508,38.52009,41.40549,37.94301,38.750922,38.510472,39.28953,41.30931,41.241984,43.213674,39.222204,37.587144,39.328002,37.212042,37.183188,37.26975,38.27964
40095,34.644036,35.990556,40.991916,40.116678,39.328002,39.318384,39.81852,40.8765,39.491508,38.52009,41.40549,37.94301,38.750922,38.510472,39.28953,41.30931,41.241984,43.213674,39.222204,37.587144,39.328002,37.212042,37.183188,37.26975,38.27964
40097,34.644036,35.990556,40.991916,40.116678,39.328002,39.318384,39.81852,40.8765,39.491508,38.52009,41.40549,37.94301,38.750922,38.510472,39.28953,41.30931,41.241984,43.213674,39.222204,37.587144,39.328002,37.212042,37.183188,37.26975,38.27964
40099,34.644036,35.990556,40.991916,40.116678,39.328002,39.318384,39.81852,40.8765,39.491508,38.52009,41.40549,37.94301,38.750922,38.510472,39.28953,41.30931,41.241984,43.213674,39.222204,37.587144,39.328002,37.212042,37.183188,37.26975,38.27964
40101,34.644036,35.990556,40.991916,40.116678,39.328002,39.318384,39.81852,40.8765,39.491508,38.52009,41.40549,37.94301,38.750922,38.510472,39.28953,41.30931,41.241984,43.213674,39.222204,37.587144,39.328002,37.212042,37.183188,37.26975,38.27964
40103,34.644036,35.990556,40.991916,40.116678,39.328002,39.318384,39.81852,40.8765,39.491508,38.52009,41.40549,37.94301,38.750922,38.510472,39.28953,41.30931,41.241984,43.213674,39.222204,37.587144,39.328002,37.212042,37.183188,37.26975,38.27964
40105,34.644036,35.990556,40.991916,40.116678,39.328002,39.318384,39.81852,40.8765,39.491508,38.52009,41.40549,37.94301,38.750922,38.510472,39.28953,41.30931,41.241984,43.213674,39.222204,37.587144,39.328002,37.212042,37.183188,37.26975,38.27964
40107,34.644036,35.990556,40.991916,40.116678,39.328002,39.318384,39.81852,40.8765,39.491508,38.52009,41.40549,37.94301,38.750922,38.510472,39.28953,41.30931,41.241984,43.213674,39.222204,37.587144,39.328002,37.212042,37.183188,37.26975,38.27964
40109,34.644036,35.990556,40.991916,40.116678,39.328002,39.318384,39.81852,40.8765,39.491508,38.52009,41.40549,37.94301,38.750922,38.510472,39.28953,41.30931,41.241984,43.213674,39.222204,37.587144,39.328002,37.212042,37.183188,37.26975,38.27964
40111,34.644036,35.990556,40.991916,40.116678,39.328002,39.318384,39.81852,40.8765,39.491508,38.52009,41.40549,37.94301,38.750922,38.510472,39.28953,41.30931,41.241984,43.213674,39.222204,37.587144,39.328002,37.212042,37.183188,37.26975,38.27964
40113,34.644036,35.990556,40.991916,40.116678,39.328002,39.318384,39.81852,40.8765,39.491508,38.52009,41.40549,37.94301,38.750922,38.510472,39.28953,41.30931,41.241984,43.213674,39.222204,37.587144,39.328002,37.212042,37.183188,37.26975,38.27964
40115,34.644036,35.990556,40.991916,40.116678,39.328002,39.318384,39.81852,40.8765,39.491508,38.52009,41.40549,37.94301,38.750922,38.510472,39.28953,41.30931,41.241984,43.213674,39.222204,37.587144,39.328002,37.212042,37.183188,37.26975,38.27964
40117,34.644036,35.990556,40.991916,40.116678,39.328002,39.318384,39.81852,40.8765,39.491508,38.52009,41.40549,37.94301,38.750922,38.510472,39.28953,41.30931,41.241984,43.213674,39.222204,37.587144,39.328002,37.212042,37.183188,37.26975,38.27964
40119,34.644036,35.990556,40.991916,40.116678,39.328002,39.318384,39.81852,40.8765,39.491508,38.52009,41.40549,37.94301,38.750922,38.510472,39.28953,41.30931,41.241984,43.213674,39.222204,37.587144,39.328002,37.212042,37.183188,37.26975,38.27964
40121,34.644036,35.990556,40.991916,40.116678,39.328002,39.318384,39.81852,40.8765,39.491508,38.52009,41.40549,37.94301,38.750922,38.510472,39.28953,41.30931,41.241984,43.213674,39.222204,37.587144,39.328002,37.212042,37.183188,37.26975,38.27964
40123,34.644036,35.990556,40.991916,40.116678,39.328002,39.318384,39.81852,40.8765,39.491508,38.52009,41.40549,37.94301,38.750922,38.510472,39.28953,41.30931,41.241984,43.213674,39.222204,37.587144,39.328002,37.212042,37.183188,37.26975,38.27964
40125,34.644036,35.990556,40.991916,40.116678,39.328002,39.318384,39.81852,40.8765,39.491508,38.52009,41.40549,37.94301,38.750922,38.510472,39.28953,41.30931,41.241984,43.213674,39.222204,37.587144,39.328002,37.212042,37.183188,37.26975,38.27964
40127,34.644036,35.990556,40.991916,40.116678,39.328002,39.318384,39.81852,40.8765,39.491508,38.52009,41.40549,37.94301,38.750922,38.510472,39.28953,41.30931,41.241984,43.213674,39.222204,37.587144,39.328002,37.212042,37.183188,37.26975,38.27964
40129,34.644036,35.990556,40.991916,40.116678,39.328002,39.318384,39.81852,40.8765,39.491508,38.52009,41.40549,37.94301,38.750922,38.510472,39.28953,41.30931,41.241984,43.213674,39.222204,37.587144,39.328002,37.212042,37.183188,37.26975,38.27964
40131,34.644036,35.990556,40.991916,40.116678,39.328002,39.318384,39.81852,40.8765,39.491508,38.52009,41.40549,37.94301,38.750922,38.510472,39.28953,41.30931,41.241984,43.213674,39.222204,37.587144,39.328002,37.212042,37.183188,37.26975,38.27964
40133,34.644036,35.990556,40.991916,40.116678,39.328002,39.318384,39.81852,40.8765,39.491508,38.52009,41.40549,37.94301,38.750922,38.510472,39.28953,41.30931,41.241984,43.213674,39.222204,37.587144,39.328002,37.212042,37.183188,37.26975,38.27964
40135,34.644036,35.990556,40.991916,40.116678,39.328002,39.318384,39.81852,40.8765,39.491508,38.52009,41.40549,37.94301,38.750922,38.510472,39.28953,41.30931,41.241984,43.213674,39.222204,37.587144,39.328002,37.212042,37.183188,37.26975,38.27964
40137,34.644036,35.990556,40.991916,40.116678,39.328002,39.318384,39.81852,40.8765,39.491508,38.52009,41.40549,37.94301,38.750922,38.510472,39.28953,41.30931,41.241984,43.213674,39.222204,37.587144,39.328002,37.212042,37.183188,37.26975,38.27964
40139,34.644036,35.990556,40.991916,40.116678,39.328002,39.318384,39.81852,40.8765,39.491508,38.52009,41.40549,37.94301,38.750922,38.510472,39.28953,41.30931,41.241984,43.213674,39.222204,37.587144,39.328002,37.212042,37.183188,37.26975,38.27964
40141,34.644036,35.990556,40.991916,40.116678,39.328002,39.318384,39.81852,40.8765,39.491508,38.52009,41.40549,37.94301,38.750922,38.510472,39.28953,41.30931,41.241984,43.213674,39.222204,37.587144,39.328002,37.212042,37.183188,37.26975,38.27964
40143,34.644036,35.990556,40.991916,40.116678,39.328002,39.318384,39.81852,40.8765,39.491508,38.52009,41.40549,37.94301,38.750922,38.510472,39.28953,41.30931,41.241984,43.213674,39.222204,37.587144,39.328002,37.212042,37.183188,37.26975,38.27964
40145,34.644036,35.990556,40.991916,40.116678,39.328002,39.318384,39.81852,40.8765,39.491508,38.52009,41.40549,37.94301,38.750922,38.510472,39.28953,41.30931,41.241984,43.213674,39.222204,37.587144,39.328002,37.212042,37.183188,37.26975,38.27964
40147,34.644036,35.990556,40.991916,40.116678,39.328002,39.318384,39.81852,40.8765,39.491508,38.52009,41.40549,37.94301,38.750922,38.510472,39.28953,41.30931,41.241984,43.213674,39.222204,37.587144,39.328002,37.212042,37.183188,37.26975,38.27964
40149,34.644036,35.990556,40.991916,40.116678,39.328002,39.318384,39.81852,40.8765,39.491508,38.52009,41.40549,37.94301,38.750922,38.510472,39.28953,41.30931,41.241984,43.213674,39.222204,37.587144,39.328002,37.212042,37.183188,37.26975,38.27964
40151,34.644036,35.990556,40.991916,40.116678,39.328002,39.318384,39.81852,40.8765,39.491508,38.52009,41.40549,37.94301,38.750922,38.510472,39.28953,41.30931,41.241984,43.213674,39.222204,37.587144,39.328002,37.212042,37.183188,37.26975,38.27964
40153,34.644036,35.990556,40.991916,40.116678,39.328002,39.318384,39.81852,40.8765,39.491508,38.52009,41.40549,37.94301,38.750922,38.510472,39.28953,41.30931,41.241984,43.213674,39.222204,37.587144,39.328002,37.212042,37.183188,37.26975,38.27964
41001,34.644036,35.990556,40.991916,40.116678,39.328002,39.318384,39.81852,40.8765,39.491508,38.52009,41.40549,37.94301,38.750922,38.510472,39.28953,41.30931,41.241984,43.213674,39.222204,37.587144,39.328002,37.212042,37.183188,37.26975,38.27964
41003,34.644036,35.990556,40.991916,40.116678,39.328002,39.318384,39.81852,40.8765,39.491508,38.52009,41.40549,37.94301,38.750922,38.510472,39.28953,41.30931,41.241984,43.213674,39.222204,37.587144,39.328002,37.212042,37.183188,37.26975,38.27964
41005,34.644036,35.990556,40.991916,40.116678,39.328002,39.318384,39.81852,40.8765,39.491508,38.52009,41.40549,37.94301,38.750922,38.510472,39.28953,41.30931,41.241984,43.213674,39.222204,37.587144,39.328002,37.212042,37.183188,37.26975,38.27964
41007,34.644036,35.990556,40.991916,40.116678,39.328002,39.318384,39.81852,40.8765,39.491508,38.52009,41.40549,37.94301,38.750922,38.510472,39.28953,41.30931,41.241984,43.213674,39.222204,37.587144,39.328002,37.212042,37.183188,37.26975,38.27964
41009,34.644036,35.990556,40.991916,40.116678,39.328002,39.318384,39.81852,40.8765,39.491508,38.52009,41.40549,37.94301,38.750922,38.510472,39.28953,41.30931,41.241984,43.213674,39.222204,37.587144,39.328002,37.212042,37.183188,37.26975,38.27964
41011,34.644036,35.990556,40.991916,40.116678,39.328002,39.318384,39.81852,40.8765,39.491508,38.52009,41.40549,37.94301,38.750922,38.510472,39.28953,41.30931,41.241984,43.213674,39.222204,37.587144,39.328002,37.212042,37.183188,37.26975,38.27964
41013,34.644036,35.990556,40.991916,40.116678,39.328002,39.318384,39.81852,40.8765,39.491508,38.52009,41.40549,37.94301,38.750922,38.510472,39.28953,41.30931,41.241984,43.213674,39.222204,37.587144,39.328002,37.212042,37.183188,37.26975,38.27964
41015,34.644036,35.990556,40.991916,40.116678,39.328002,39.318384,39.81852,40.8765,39.491508,38.52009,41.40549,37.94301,38.750922,38.510472,39.28953,41.30931,41.241984,43.213674,39.222204,37.587144,39.328002,37.212042,37.183188,37.26975,38.27964
41017,34.644036,35.990556,40.991916,40.116678,39.328002,39.318384,39.81852,40.8765,39.491508,38.52009,41.40549,37.94301,38.750922,38.510472,39.28953,41.30931,41.241984,43.213674,39.222204,37.587144,39.328002,37.212042,37.183188,37.26975,38.27964
41019,34.644036,35.990556,40.991916,40.116678,39.328002,39.318384,39.81852,40.8765,39.491508,38.52009,41.40549,37.94301,38.750922,38.510472,39.28953,41.30931,41.241984,43.213674,39.222204,37.587144,39.328002,37.212042,37.183188,37.26975,38.27964
41021,34.644036,35.990556,40.991916,40.116678,39.328002,39.318384,39.81852,40.8765,39.491508,38.52009,41.40549,37.94301,38.750922,38.510472,39.28953,41.30931,41.241984,43.213674,39.222204,37.587144,39.328002,37.212042,37.183188,37.26975,38.27964
41023,34.644036,35.990556,40.991916,40.116678,39.328002,39.318384,39.81852,40.8765,39.491508,38.52009,41.40549,37.94301,38.750922,38.510472,39.28953,41.30931,41.241984,43.213674,39.222204,37.587144,39.328002,37.212042,37.183188,37.26975,38.27964
41025,34.644036,35.990556,40.991916,40.116678,39.328002,39.318384,39.81852,40.8765,39.491508,38.52009,41.40549,37.94301,38.750922,38.510472,39.28953,41.30931,41.241984,43.213674,39.222204,37.587144,39.328002,37.212042,37.183188,37.26975,38.27964
41027,34.644036,35.990556,40.991916,40.116678,39.328002,39.318384,39.81852,40.8765,39.491508,38.52009,41.40549,37.94301,38.750922,38.510472,39.28953,41.30931,41.241984,43.213674,39.222204,37.587144,39.328002,37.212042,37.183188,37.26975,38.27964
41029,34.644036,35.990556,40.991916,40.116678,39.328002,39.318384,39.81852,40.8765,39.491508,38.52009,41.40549,37.94301,38.750922,38.510472,39.28953,41.30931,41.241984,43.213674,39.222204,37.587144,39.328002,37.212042,37.183188,37.26975,38.27964
41031,34.644036,35.990556,40.991916,40.116678,39.328002,39.318384,39.81852,40.8765,39.491508,38.52009,41.40549,37.94301,38.750922,38.510472,39.28953,41.30931,41.241984,43.213674,39.222204,37.587144,39.328002,37.212042,37.183188,37.26975,38.27964
41033,34.644036,35.990556,40.991916,40.116678,39.328002,39.318384,39.81852,40.8765,39.491508,38.52009,41.40549,37.94301,38.750922,38.510472,39.28953,41.30931,41.241984,43.213674,39.222204,37.587144,39.328002,37.212042,37.183188,37.26975,38.27964
41035,34.644036,35.990556,40.991916,40.116678,39.328002,39.318384,39.81852,40.8765,39.491508,38.52009,41.40549,37.94301,38.750922,38.510472,39.28953,41.30931,41.241984,43.213674,39.222204,37.587144,39.328002,37.212042,37.183188,37.26975,38.27964
41037,34.644036,35.990556,40.991916,40.116678,39.328002,39.318384,39.81852,40.8765,39.491508,38.52009,41.40549,37.94301,38.750922,38.510472,39.28953,41.30931,41.241984,43.213674,39.222204,37.587144,39.328002,37.212042,37.183188,37.26975,38.27964
41039,34.644036,35.990556,40.991916,40.116678,39.328002,39.318384,39.81852,40.8765,39.491508,38.52009,41.40549,37.94301,38.750922,38.510472,39.28953,41.30931,41.241984,43.213674,39.222204,37.587144,39.328002,37.212042,37.183188,37.26975,38.27964
41041,34.644036,35.990556,40.991916,40.116678,39.328002,39.318384,39.81852,40.8765,39.491508,38.52009,41.40549,37.94301,38.750922,38.510472,39.28953,41.30931,41.241984,43.213674,39.222204,37.587144,39.328002,37.212042,37.183188,37.26975,38.27964
41043,34.644036,35.990556,40.991916,40.116678,39.328002,39.318384,39.81852,40.8765,39.491508,38.52009,41.40549,37.94301,38.750922,38.510472,39.28953,41.30931,41.241984,43.213674,39.222204,37.587144,39.328002,37.212042,37.183188,37.26975,38.27964
41045,34.644036,35.990556,40.991916,40.116678,39.328002,39.318384,39.81852,40.8765,39.491508,38.52009,41.40549,37.94301,38.750922,38.510472,39.28953,41.30931,41.241984,43.213674,39.222204,37.587144,39.328002,37.212042,37.183188,37.26975,38.27964
41047,34.644036,35.990556,40.991916,40.116678,39.328002,39.318384,39.81852,40.8765,39.491508,38.52009,41.40549,37.94301,38.750922,38.510472,39.28953,41.30931,41.241984,43.213674,39.222204,37.587144,39.328002,37.212042,37.183188,37.26975,38.27964
41049,34.644036,35.990556,40.991916,40.116678,39.328002,39.318384,39.81852,40.8765,39.491508,38.52009,41.40549,37.94301,38.750922,38.510472,39.28953,41.30931,41.241984,43.213674,39.222204,37.587144,39.328002,37.212042,37.183188,37.26975,38.27964
41051,34.644036,35.990556,40.991916,40.116678,39.328002,39.318384,39.81852,40.8765,39.491508,38.52009,41.40549,37.94301,38.750922,38.510472,39.28953,41.30931,41.241984,43.213674,39.222204,37.587144,39.328002,37.212042,37.183188,37.26975,38.27964
41053,34.644036,35.990556,40.991916,40.116678,39.328002,39.318384,39.81852,40.8765,39.491508,38.52009,41.40549,37.94301,38.750922,38.510472,39.28953,41.30931,41.241984,43.213674,39.222204,37.587144,39.328002,37.212042,37.183188,37.26975,38.27964
41055,34.644036,35.990556,40.991916,40.116678,39.328002,39.318384,39.81852,40.8765,39.491508,38.52009,41.40549,37.94301,38.750922,38.510472,39.28953,41.30931,41.241984,43.213674,39.222204,37.587144,39.328002,37.212042,37.183188,37.26975,38.27964
41057,34.644036,35.990556,40.991916,40.116678,39.328002,39.318384,39.81852,40.8765,39.491508,38.52009,41.40549,37.94301,38.750922,38.510472,39.28953,41.30931,41.241984,43.213674,39.222204,37.587144,39.328002,37.212042,37.183188,37.26975,38.27964
41059,34.644036,35.990556,40.991916,40.116678,39.328002,39.318384,39.81852,40.8765,39.491508,38.52009,41.40549,37.94301,38.750922,38.510472,39.28953,41.30931,41.241984,43.213674,39.222204,37.587144,39.328002,37.212042,37.183188,37.26975,38.27964
41061,34.644036,35.990556,40.991916,40.116678,39.328002,39.318384,39.81852,40.8765,39.491508,38.52009,41.40549,37.94301,38.750922,38.510472,39.28953,41.30931,41.241984,43.213674,39.222204,37.587144,39.328002,37.212042,37.183188,37.26975,38.27964
41063,34.644036,35.990556,40.991916,40.116678,39.328002,39.318384,39.81852,40.8765,39.491508,38.52009,41.40549,37.94301,38.750922,38.510472,39.28953,41.30931,41.241984,43.213674,39.222204,37.587144,39.328002,37.212042,37.183188,37.26975,38.27964
41065,34.644036,35.990556,40.991916,40.116678,39.328002,39.318384,39.81852,40.8765,39.491508,38.52009,41.40549,37.94301,38.750922,38.510472,39.28953,41.30931,41.241984,43.213674,39.222204,37.587144,39.328002,37.212042,37.183188,37.26975,38.27964
41067,34.644036,35.990556,40.991916,40.116678,39.328002,39.318384,39.81852,40.8765,39.491508,38.52009,41.40549,37.94301,38.750922,38.510472,39.28953,41.30931,41.241984,43.213674,39.222204,37.587144,39.328002,37.212042,37.183188,37.26975,38.27964
41069,34.644036,35.990556,40.991916,40.116678,39.328002,39.318384,39.81852,40.8765,39.491508,38.52009,41.40549,37.94301,38.750922,38.510472,39.28953,41.30931,41.241984,43.213674,39.222204,37.587144,39.328002,37.212042,37.183188,37.26975,38.27964
41071,34.644036,35.990556,40.991916,40.116678,39.328002,39.318384,39.81852,40.8765,39.491508,38.52009,41.40549,37.94301,38.750922,38.510472,39.28953,41.30931,41.241984,43.213674,39.222204,37.587144,39.328002,37.212042,37.183188,37.26975,38.27964
42001,34.644036,35.990556,40.991916,40.116678,39.328002,39.318384,39.81852,40.8765,39.491508,38.52009,41.40549,37.94301,38.750922,38.510472,39.28953,41.30931,41.241984,43.213674,39.222204,37.587144,39.328002,37.212042,37.183188,37.26975,38.27964
42003,34.644036,35.990556,40.991916,40.116678,39.328002,39.318384,39.81852,40.8765,39.491508,38.52009,41.40549,37.94301,38.750922,38.510472,39.28953,41.30931,41.241984,43.213674,39.222204,37.587144,39.328002,37.212042,37.183188,37.26975,38.27964
42005,34.644036,35.990556,40.991916,40.116678,39.328002,39.318384,39.81852,40.8765,39.491508,38.52009,41.40549,37.94301,38.750922,38.510472,39.28953,41.30931,41.241984,43.213674,39.222204,37.587144,39.328002,37.212042,37.183188,37.26975,38.27964
42007,34.644036,35.990556,40.991916,40.116678,39.328002,39.318384,39.81852,40.8765,39.491508,38.52009,41.40549,37.94301,38.750922,38.510472,39.28953,41.30931,41.241984,43.213674,39.222204,37.587144,39.328002,37.212042,37.183188,37.26975,38.27964
42009,34.644036,35.990556,40.991916,40.116678,39.328002,39.318384,39.81852,40.8765,39.491508,38.52009,41.40549,37.94301,38.750922,38.510472,39.28953,41.30931,41.241984,43.213674,39.222204,37.587144,39.328002,37.212042,37.183188,37.26975,38.27964
42011,34.644036,35.990556,40.991916,40.116678,39.328002,39.318384,39.81852,40.8765,39.491508,38.52009,41.40549,37.94301,38.750922,38.510472,39.28953,41.30931,41.241984,43.213674,39.222204,37.587144,39.328002,37.212042,37.183188,37.26975,38.27964
42013,34.644036,35.990556,40.991916,40.116678,39.328002,39.318384,39.81852,40.8765,39.491508,38.52009,41.40549,37.94301,38.750922,38.510472,39.28953,41.30931,41.241984,43.213674,39.222204,37.587144,39.328002,37.212042,37.183188,37.26975,38.27964
42015,34.644036,35.990556,40.991916,40.116678,39.328002,39.318384,39.81852,40.8765,39.491508,38.52009,41.40549,37.94301,38.750922,38.510472,39.28953,41.30931,41.241984,43.213674,39.222204,37.587144,39.328002,37.212042,37.183188,37.26975,38.27964
42017,34.644036,35.990556,40.991916,40.116678,39.328002,39.318384,39.81852,40.8765,39.491508,38.52009,41.40549,37.94301,38.750922,38.510472,39.28953,41.30931,41.241984,43.213674,39.222204,37.587144,39.328002,37.212042,37.183188,37.26975,38.27964
42019,34.644036,35.990556,40.991916,40.116678,39.328002,39.318384,39.81852,40.8765,39.491508,38.52009,41.40549,37.94301,38.750922,38.510472,39.28953,41.30931,41.241984,43.213674,39.222204,37.587144,39.328002,37.212042,37.183188,37.26975,38.27964
42021,34.644036,35.990556,40.991916,40.116678,39.328002,39.318384,39.81852,40.8765,39.491508,38.52009,41.40549,37.94301,38.750922,38.510472,39.28953,41.30931,41.241984,43.213674,39.222204,37.587144,39.328002,37.212042,37.183188,37.26975,38.27964
42023,34.644036,35.990556,40.991916,40.116678,39.328002,39.318384,39.81852,40.8765,39.491508,38.52009,41.40549,37.94301,38.750922,38.510472,39.28953,41.30931,41.241984,43.213674,39.222204,37.587144,39.328002,37.212042,37.183188,37.26975,38.27964
42025,34.644036,35.990556,40.991916,40.116678,39.328002,39.318384,39.81852,40.8765,39.491508,38.52009,41.40549,37.94301,38.750922,38.510472,39.28953,41.30931,41.241984,43.213674,39.222204,37.587144,39.328002,37.212042,37.183188,37.26975,38.27964
42027,34.644036,35.990556,40.991916,40.116678,39.328002,39.318384,39.81852,40.8765,39.491508,38.52009,41.40549,37.94301,38.750922,38.510472,39.28953,41.30931,41.241984,43.213674,39.222204,37.587144,39.328002,37.212042,37.183188,37.26975,38.27964
42029,34.644036,35.990556,40.991916,40.116678,39.328002,39.318384,39.81852,40.8765,39.491508,38.52009,41.40549,37.94301,38.750922,38.510472,39.28953,41.30931,41.241984,43.213674,39.222204,37.587144,39.328002,37.212042,37.183188,37.26975,38.27964
42031,34.644036,35.990556,40.991916,40.116678,39.328002,39.318384,39.81852,40.8765,39.491508,38.52009,41.40549,37.94301,38.750922,38.510472,39.28953,41.30931,41.241984,43.213674,39.222204,37.587144,39.328002,37.212042,37.183188,37.26975,38.27964
42033,34.644036,35.990556,40.991916,40.116678,39.328002,39.318384,39.81852,40.8765,39.491508,38.52009,41.40549,37.94301,38.750922,38.510472,39.28953,41.30931,41.241984,43.213674,39.222204,37.587144,39.328002,37.212042,37.183188,37.26975,38.27964
42035,34.644036,35.990556,40.991916,40.116678,39.328002,39.318384,39.81852,40.8765,39.491508,38.52009,41.40549,37.94301,38.750922,38.510472,39.28953,41.30931,41.241984,43.213674,39.222204,37.587144,39.328002,37.212042,37.183188,37.26975,38.27964
42037,34.644036,35.990556,40.991916,40.116678,39.328002,39.318384,39.81852,40.8765,39.491508,38.52009,41.40549,37.94301,38.750922,38.510472,39.28953,41.30931,41.241984,43.213674,39.222204,37.587144,39.328002,37.212042,37.183188,37.26975,38.27964
42039,34.644036,35.990556,40.991916,40.116678,39.328002,39.318384,39.81852,40.8765,39.491508,38.52009,41.40549,37.94301,38.750922,38.510472,39.28953,41.30931,41.241984,43.213674,39.222204,37.587144,39.328002,37.212042,37.183188,37.26975,38.27964
42041,34.644036,35.990556,40.991916,40.116678,39.328002,39.318384,39.81852,40.8765,39.491508,38.52009,41.40549,37.94301,38.750922,38.510472,39.28953,41.30931,41.241984,43.213674,39.222204,37.587144,39.328002,37.212042,37.183188,37.26975,38.27964
42043,34.644036,35.990556,40.991916,40.116678,39.328002,39.318384,39.81852,40.8765,39.491508,38.52009,41.40549,37.94301,38.750922,38.510472,39.28953,41.30931,41.241984,43.213674,39.222204,37.587144,39.328002,37.212042,37.183188,37.26975,38.27964
42045,34.644036,35.990556,40.991916,40.116678,39.328002,39.318384,39.81852,40.8765,39.491508,38.52009,41.40549,37.94301,38.750922,38.510472,39.28953,41.30931,41.241984,43.213674,39.222204,37.587144,39.328002,37.212042,37.183188,37.26975,38.27964
42047,34.644036,35.990556,40.991916,40.116678,39.328002,39.318384,39.81852,40.8765,39.491508,38.52009,41.40549,37.94301,38.750922,38.510472,39.28953,41.30931,41.241984,43.213674,39.222204,37.587144,39.328002,37.212042,37.183188,37.26975,38.27964
42049,34.644036,35.990556,40.991916,40.116678,39.328002,39.318384,39.81852,40.8765,39.491508,38.52009,41.40549,37.94301,38.750922,38.510472,39.28953,41.30931,41.241984,43.213674,39.222204,37.587144,39.328002,37.212042,37.183188,37.26975,38.27964
42051,34.644036,35.990556,40.991916,40.116678,39.328002,39.318384,39.81852,40.8765,39.491508,38.52009,41.40549,37.94301,38.750922,38.510472,39.28953,41.30931,41.241984,43.213674,39.222204,37.587144,39.328002,37.212042,37.183188,37.26975,38.27964
42053,34.644036,35.990556,40.991916,40.116678,39.328002,39.318384,39.81852,40.8765,39.491508,38.52009,41.40549,37.94301,38.750922,38.510472,39.28953,41.30931,41.241984,43.213674,39.222204,37.587144,39.328002,37.212042,37.183188,37.26975,38.27964
42055,34.644036,35.990556,40.991916,40.116678,39.328002,39.318384,39.81852,40.8765,39.491508,38.52009,41.40549,37.94301,38.750922,38.510472,39.28953,41.30931,41.241984,43.213674,39.222204,37.587144,39.328002,37.212042,37.183188,37.26975,38.27964
42057,34.644036,35.990556,40.991916,40.116678,39.328002,39.318384,39.81852,40.8765,39.491508,38.52009,41.40549,37.94301,38.750922,38.510472,39.28953,41.30931,41.241984,43.213674,39.222204,37.587144,39.328002,37.212042,37.183188,37.26975,38.27964
42059,34.644036,35.990556,40.991916,40.116678,39.328002,39.318384,39.81852,40.8765,39.491508,38.52009,41.40549,37.94301,38.750922,38.510472,39.28953,41.30931,41.241984,43.213674,39.222204,37.587144,39.328002,37.212042,37.183188,37.26975,38.27964
42061,34.644036,35.990556,40.991916,40.116678,39.328002,39.318384,39.81852,40.8765,39.491508,38.52009,41.40549,37.94301,38.750922,38.510472,39.28953,41.30931,41.241984,43.213674,39.222204,37.587144,39.328002,37.212042,37.183188,37.26975,38.27964
42063,34.644036,35.990556,40.991916,40.116678,39.328002,39.318384,39.81852,40.8765,39.491508,38.52009,41.40549,37.94301,38.750922,38.510472,39.28953,41.30931,41.241984,43.213674,39.222204,37.587144,39.328002,37.212042,37.183188,37.26975,38.27964
42065,34.644036,35.990556,40.991916,40.116678,39.328002,39.318384,39.81852,40.8765,39.491508,38.52009,41.40549,37.94301,38.750922,38.510472,39.28953,41.30931,41.241984,43.213674,39.222204,37.587144,39.328002,37.212042,37.183188,37.26975,38.27964
42067,34.644036,35.990556,40.991916,40.116678,39.328002,39.318384,39.81852,40.8765,39.491508,38.52009,41.40549,37.94301,38.750922,38.510472,39.28953,41.30931,41.241984,43.213674,39.222204,37.587144,39.328002,37.212042,37.183188,37.26975,38.27964
42069,34.644036,35.990556,40.991916,40.116678,39.328002,39.318384,39.81852,40.8765,39.491508,38.52009,41.40549,37.94301,38.750922,38.510472,39.28953,41.30931,41.241984,43.213674,39.222204,37.587144,39.328002,37.212042,37.183188,37.26975,38.27964
42071,34.644036,35.990556,40.991916,40.116678,39.328002,39.318384,39.81852,40.8765,39.491508,38.52009,41.40549,37.94301,38.750922,38.510472,39.28953,41.30931,41.241984,43.213674,39.222204,37.587144,39.328002,37.212042,37.183188,37.26975,38.27964
42073,34.644036,35.990556,40.991916,40.116678,39.328002,39.318384,39.81852,40.8765,39.491508,38.52009,41.40549,37.94301,38.750922,38.510472,39.28953,41.30931,41.241984,43.213674,39.222204,37.587144,39.328002,37.212042,37.183188,37.26975,38.27964
42075,34.644036,35.990556,40.991916,40.116678,39.328002,39.318384,39.81852,40.8765,39.491508,38.52009,41.40549,37.94301,38.750922,38.510472,39.28953,41.30931,41.241984,43.213674,39.222204,37.587144,39.328002,37.212042,37.183188,37.26975,38.27964
42077,34.644036,35.990556,40.991916,40.116678,39.328002,39.318384,39.81852,40.8765,39.491508,38.52009,41.40549,37.94301,38.750922,38.510472,39.28953,41.30931,41.241984,43.213674,39.222204,37.587144,39.328002,37.212042,37.183188,37.26975,38.27964
42079,34.644036,35.990556,40.991916,40.116678,39.328002,39.318384,39.81852,40.8765,39.491508,38.52009,41.40549,37.94301,38.750922,38.510472,39.28953,41.30931,41.241984,43.213674,39.222204,37.587144,39.328002,37.212042,37.183188,37.26975,38.27964
42081,34.644036,35.990556,40.991916,40.116678,39.328002,39.318384,39.81852,40.8765,39.491508,38.52009,41.40549,37.94301,38.750922,38.510472,39.28953,41.30931,41.241984,43.213674,39.222204,37.587144,39.328002,37.212042,37.183188,37.26975,38.27964
42083,34.644036,35.990556,40.991916,40.116678,39.328002,39.318384,39.81852,40.8765,39.491508,38.52009,41.40549,37.94301,38.750922,38.510472,39.28953,41.30931,41.241984,43.213674,39.222204,37.587144,39.328002,37.212042,37.183188,37.26975,38.27964
42085,34.644036,35.990556,40.991916,40.116678,39.328002,39.318384,39.81852,40.8765,39.491508,38.52009,41.40549,37.94301,38.750922,38.510472,39.28953,41.30931,41.241984,43.213674,39.222204,37.587144,39.328002,37.212042,37.183188,37.26975,38.27964
42087,34.644036,35.990556,40.991916,40.116678,39.328002,39.318384,39.81852,40.8765,39.491508,38.52009,41.40549,37.94301,38.750922,38.510472,39.28953,41.30931,41.241984,43.213674,39.222204,37.587144,39.328002,37.212042,37.183188,37.26975,38.27964
42089,34.644036,35.990556,40.991916,40.116678,39.328002,39.318384,39.81852,40.8765,39.491508,38.52009,41.40549,37.94301,38.750922,38.510472,39.28953,41.30931,41.241984,43.213674,39.222204,37.587144,39.328002,37.212042,37.183188,37.26975,38.27964
42091,34.644036,35.990556,40.991916,40.116678,39.328002,39.318384,39.81852,40.8765,39.491508,38.52009,41.40549,37.94301,38.750922,38.510472,39.28953,41.30931,41.241984,43.213674,39.222204,37.587144,39.328002,37.212042,37.183188,37.26975,38.27964
42093,34.644036,35.990556,40.991916,40.116678,39.328002,39.318384,39.81852,40.8765,39.491508,38.52009,41.40549,37.94301,38.750922,38.510472,39.28953,41.30931,41.241984,43.213674,39.222204,37.587144,39.328002,37.212042,37.183188,37.26975,38.27964
42095,34.644036,35.990556,40.991916,40.116678,39.328002,39.318384,39.81852,40.8765,39.491508,38.52009,41.40549,37.94301,38.750922,38.510472,39.28953,41.30931,41.241984,43.213674,39.222204,37.587144,39.328002,37.212042,37.183188,37.26975,38.27964
42097,34.644036,35.990556,40.991916,40.116678,39.328002,39.318384,39.81852,40.8765,39.491508,38.52009,41.40549,37.94301,38.750922,38.510472,39.28953,41.30931,41.241984,43.213674,39.222204,37.587144,39.328002,37.212042,37.183188,37.26975,38.27964
42099,34.644036,35.990556,40.991916,40.116678,39.328002,39.318384,39.81852,40.8765,39.491508,38.52009,41.40549,37.94301,38.750922,38.510472,39.28953,41.30931,41.241984,43.213674,39.222204,37.587144,39.328002,37.212042,37.183188,37.26975,38.27964
42101,34.644036,35.990556,40.991916,40.116678,39.328002,39.318384,39.81852,40.8765,39.491508,38.52009,41.40549,37.94301,38.750922,38.510472,39.28953,41.30931,41.241984,43.213674,39.222204,37.587144,39.328002,37.212042,37.183188,37.26975,38.27964
42103,34.644036,35.990556,40.991916,40.116678,39.328002,39.318384,39.81852,40.8765,39.491508,38.52009,41.40549,37.94301,38.750922,38.510472,39.28953,41.30931,41.241984,43.213674,39.222204,37.587144,39.328002,37.212042,37.183188,37.26975,38.27964
42105,34.644036,35.990556,40.991916,40.116678,39.328002,39.318384,39.81852,40.8765,39.491508,38.52009,41.40549,37.94301,38.750922,38.510472,39.28953,41.30931,41.241984,43.213674,39.222204,37.587144,39.328002,37.212042,37.183188,37.26975,38.27964
42107,34.644036,35.990556,40.991916,40.116678,39.328002,39.318384,39.81852,40.8765,39.491508,38.52009,41.40549,37.94301,38.750922,38.510472,39.28953,41.30931,41.241984,43.213674,39.222204,37.587144,39.328002,37.212042,37.183188,37.26975,38.27964
42109,34.644036,35.990556,40.991916,40.116678,39.328002,39.318384,39.81852,40.8765,39.491508,38.52009,41.40549,37.94301,38.750922,38.510472,39.28953,41.30931,41.241984,43.213674,39.222204,37.587144,39.328002,37.212042,37.183188,37.26975,38.27964
42111,34.644036,35.990556,40.991916,40.116678,39.328002,39.318384,39.81852,40.8765,39.491508,38.52009,41.40549,37.94301,38.750922,38.510472,39.28953,41.30931,41.241984,43.213674,39.222204,37.587144,39.328002,37.212042,37.183188,37.26975,38.27964
42113,34.644036,35.990556,40.991916,40.116678,39.328002,39.318384,39.81852,40.8765,39.491508,38.52009,41.40549,37.94301,38.750922,38.510472,39.28953,41.30931,41.241984,43.213674,39.222204,37.587144,39.328002,37.212042,37.183188,37.26975,38.27964
42115,34.644036,35.990556,40.991916,40.116678,39.328002,39.318384,39.81852,40.8765,39.491508,38.52009,41.40549,37.94301,38.750922,38.510472,39.28953,41.30931,41.241984,43.213674,39.222204,37.587144,39.328002,37.212042,37.183188,37.26975,38.27964
42117,34.644036,35.990556,40.991916,40.116678,39.328002,39.318384,39.81852,40.8765,39.491508,38.52009,41.40549,37.94301,38.750922,38.510472,39.28953,41.30931,41.241984,43.213674,39.222204,37.587144,39.328002,37.212042,37.183188,37.26975,38.27964
42119,34.644036,35.990556,40.991916,40.116678,39.328002,39.318384,39.81852,40.8765,39.491508,38.52009,41.40549,37.94301,38.750922,38.510472,39.28953,41.30931,41.241984,43.213674,39.222204,37.587144,39.328002,37.212042,37.183188,37.26975,38.27964
42121,34.644036,35.990556,40.991916,40.116678,39.328002,39.318384,39.81852,40.8765,39.491508,38.52009,41.40549,37.94301,38.750922,38.510472,39.28953,41.30931,41.241984,43.213674,39.222204,37.587144,39.328002,37.212042,37.183188,37.26975,38.27964
42123,34.644036,35.990556,40.991916,40.116678,39.328002,39.318384,39.81852,40.8765,39.491508,38.52009,41.40549,37.94301,38.750922,38.510472,39.28953,41.30931,41.241984,43.213674,39.222204,37.587144,39.328002,37.212042,37.183188,37.26975,38.27964
42125,34.644036,35.990556,40.991916,40.116678,39.328002,39.318384,39.81852,40.8765,39.491508,38.52009,41.40549,37.94301,38.750922,38.510472,39.28953,41.30931,41.241984,43.213674,39.222204,37.587144,39.328002,37.212042,37.183188,37.26975,38.27964
42127,34.644036,35.990556,40.991916,40.116678,39.328002,39.318384,39.81852,40.8765,39.491508,38.52009,41.40549,37.94301,38.750922,38.510472,39.28953,41.30931,41.241984,43.213674,39.222204,37.587144,39.328002,37.212042,37.183188,37.26975,38.27964
42129,34.644036,35.990556,40.991916,40.116678,39.328002,39.318384,39.81852,40.8765,39.491508,38.52009,41.40549,37.94301,38.750922,38.510472,39.28953,41.30931,41.241984,43.213674,39.222204,37.587144,39.328002,37.212042,37.183188,37.26975,38.27964
42131,34.644036,35.990556,40.991916,40.116678,39.328002,39.318384,39.81852,40.8765,39.491508,38.52009,41.40549,37.94301,38.750922,38.510472,39.28953,41.30931,41.241984,43.213674,39.222204,37.587144,39.328002,37.212042,37.183188,37.26975,38.27964
42133,34.644036,35.990556,40.991916,40.116678,39.328002,39.318384,39.81852,40.8765,39.491508,38.52009,41.40549,37.94301,38.750922,38.510472,39.28953,41.30931,41.241984,43.213674,39.222204,37.587144,39.328002,37.212042,37.183188,37.26975,38.27964
44001,34.644036,35.990556,40.991916,40.116678,39.328002,39.318384,39.81852,40.8765,39.491508,38.52009,41.40549,37.94301,38.750922,38.510472,39.28953,41.30931,41.241984,43.213674,39.222204,37.587144,39.328002,37.212042,37.183188,37.26975,38.27964
44003,34.644036,35.990556,40.991916,40.116678,39.328002,39.318384,39.81852,40.8765,39.491508,38.52009,41.40549,37.94301,38.750922,38.510472,39.28953,41.30931,41.241984,43.213674,39.222204,37.587144,39.328002,37.212042,37.183188,37.26975,38.27964
44005,34.644036,35.990556,40.991916,40.116678,39.328002,39.318384,39.81852,40.8765,39.491508,38.52009,41.40549,37.94301,38.750922,38.510472,39.28953,41.30931,41.241984,43.213674,39.222204,37.587144,39.328002,37.212042,37.183188,37.26975,38.27964
44007,34.644036,35.990556,40.991916,40.116678,39.328002,39.318384,39.81852,40.8765,39.491508,38.52009,41.40549,37.94301,38.750922,38.510472,39.28953,41.30931,41.241984,43.213674,39.222204,37.587144,39.328002,37.212042,37.183188,37.26975,38.27964
44009,34.644036,35.990556,40.991916,40.116678,39.328002,39.318384,39.81852,40.8765,39.491508,38.52009,41.40549,37.94301,38.750922,38.510472,39.28953,41.30931,41.241984,43.213674,39.222204,37.587144,39.328002,37.212042,37.183188,37.26975,38.27964
45001,34.644036,35.990556,40.991916,40.116678,39.328002,39.318384,39.81852,40.8765,39.491508,38.52009,41.40549,37.94301,38.750922,38.510472,39.28953,41.30931,41.241984,43.213674,39.222204,37.587144,39.328002,37.212042,37.183188,37.26975,38.27964
45003,34.644036,35.990556,40.991916,40.116678,39.328002,39.318384,39.81852,40.8765,39.491508,38.52009,41.40549,37.94301,38.750922,38.510472,39.28953,41.30931,41.241984,43.213674,39.222204,37.587144,39.328002,37.212042,37.183188,37.26975,38.27964
45005,34.644036,35.990556,40.991916,40.116678,39.328002,39.318384,39.81852,40.8765,39.491508,38.52009,41.40549,37.94301,38.750922,38.510472,39.28953,41.30931,41.241984,43.213674,39.222204,37.587144,39.328002,37.212042,37.183188,37.26975,38.27964
45007,34.644036,35.990556,40.991916,40.116678,39.328002,39.318384,39.81852,40.8765,39.491508,38.52009,41.40549,37.94301,38.750922,38.510472,39.28953,41.30931,41.241984,43.213674,39.222204,37.587144,39.328002,37.212042,37.183188,37.26975,38.27964
45009,34.644036,35.990556,40.991916,40.116678,39.328002,39.318384,39.81852,40.8765,39.491508,38.52009,41.40549,37.94301,38.750922,38.510472,39.28953,41.30931,41.241984,43.213674,39.222204,37.587144,39.328002,37.212042,37.183188,37.26975,38.27964
45011,34.644036,35.990556,40.991916,40.116678,39.328002,39.318384,39.81852,40.8765,39.491508,38.52009,41.40549,37.94301,38.750922,38.510472,39.28953,41.30931,41.241984,43.213674,39.222204,37.587144,39.328002,37.212042,37.183188,37.26975,38.27964
45013,34.644036,35.990556,40.991916,40.116678,39.328002,39.318384,39.81852,40.8765,39.491508,38.52009,41.40549,37.94301,38.750922,38.510472,39.28953,41.30931,41.241984,43.213674,39.222204,37.587144,39.328002,37.212042,37.183188,37.26975,38.27964
45015,34.644036,35.990556,40.991916,40.116678,39.328002,39.318384,39.81852,40.8765,39.491508,38.52009,41.40549,37.94301,38.750922,38.510472,39.28953,41.30931,41.241984,43.213674,39.222204,37.587144,39.328002,37.212042,37.183188,37.26975,38.27964
45017,34.644036,35.990556,40.991916,40.116678,39.328002,39.318384,39.81852,40.8765,39.491508,38.52009,41.40549,37.94301,38.750922,38.510472,39.28953,41.30931,41.241984,43.213674,39.222204,37.587144,39.328002,37.212042,37.183188,37.26975,38.27964
45019,34.644036,35.990556,40.991916,40.116678,39.328002,39.318384,39.81852,40.8765,39.491508,38.52009,41.40549,37.94301,38.750922,38.510472,39.28953,41.30931,41.241984,43.213674,39.222204,37.587144,39.328002,37.212042,37.183188,37.26975,38.27964
45021,34.644036,35.990556,40.991916,40.116678,39.328002,39.318384,39.81852,40.8765,39.491508,38.52009,41.40549,37.94301,38.750922,38.510472,39.28953,41.30931,41.241984,43.213674,39.222204,37.587144,39.328002,37.212042,37.183188,37.26975,38.27964
45023,34.644036,35.990556,40.991916,40.116678,39.328002,39.318384,39.81852,40.8765,39.491508,38.52009,41.40549,37.94301,38.750922,38.510472,39.28953,41.30931,41.241984,43.213674,39.222204,37.587144,39.328002,37.212042,37.183188,37.26975,38.27964
45025,34.644036,35.990556,40.991916,40.116678,39.328002,39.318384,39.81852,40.8765,39.491508,38.52009,41.40549,37.94301,38.750922,38.510472,39.28953,41.30931,41.241984,43.213674,39.222204,37.587144,39.328002,37.212042,37.183188,37.26975,38.27964
45027,34.644036,35.990556,40.991916,40.116678,39.328002,39.318384,39.81852,40.8765,39.491508,38.52009,41.40549,37.94301,38.750922,38.510472,39.28953,41.30931,41.241984,43.213674,39.222204,37.587144,39.328002,37.212042,37.183188,37.26975,38.27964
45029,34.644036,35.990556,40.991916,40.116678,39.328002,39.318384,39.81852,40.8765,39.491508,38.52009,41.40549,37.94301,38.750922,38.510472,39.28953,41.30931,41.241984,43.213674,39.222204,37.587144,39.328002,37.212042,37.183188,37.26975,38.27964
45031,34.644036,35.990556,40.991916,40.116678,39.328002,39.318384,39.81852,40.8765,39.491508,38.52009,41.40549,37.94301,38.750922,38.510472,39.28953,41.30931,41.241984,43.213674,39.222204,37.587144,39.328002,37.212042,37.183188,37.26975,38.27964
45033,34.644036,35.990556,40.991916,40.116678,39.328002,39.318384,39.81852,40.8765,39.491508,38.52009,41.40549,37.94301,38.750922,38.510472,39.28953,41.30931,41.241984,43.213674,39.222204,37.587144,39.328002,37.212042,37.183188,37.26975,38.27964
45035,34.644036,35.990556,40.991916,40.116678,39.328002,39.318384,39.81852,40.8765,39.491508,38.52009,41.40549,37.94301,38.750922,38.510472,39.28953,41.30931,41.241984,43.213674,39.222204,37.587144,39.328002,37.212042,37.183188,37.26975,38.27964
45037,34.644036,35.990556,40.991916,40.116678,39.328002,39.318384,39.81852,40.8765,39.491508,38.52009,41.40549,37.94301,38.750922,38.510472,39.28953,41.30931,41.241984,43.213674,39.222204,37.587144,39.328002,37.212042,37.183188,37.26975,38.27964
45039,34.644036,35.990556,40.991916,40.116678,39.328002,39.318384,39.81852,40.8765,39.491508,38.52009,41.40549,37.94301,38.750922,38.510472,39.28953,41.30931,41.241984,43.213674,39.222204,37.587144,39.328002,37.212042,37.183188,37.26975,38.27964
45041,34.644036,35.990556,40.991916,40.116678,39.328002,39.318384,39.81852,40.8765,39.491508,38.52009,41.40549,37.94301,38.750922,38.510472,39.28953,41.30931,41.241984,43.213674,39.222204,37.587144,39.328002,37.212042,37.183188,37.26975,38.27964
45043,34.644036,35.990556,40.991916,40.116678,39.328002,39.318384,39.81852,40.8765,39.491508,38.52009,41.40549,37.94301,38.750922,38.510472,39.28953,41.30931,41.241984,43.213674,39.222204,37.587144,39.328002,37.212042,37.183188,37.26975,38.27964
45045,34.644036,35.990556,40.991916,40.116678,39.328002,39.318384,39.81852,40.8765,39.491508,38.52009,41.40549,37.94301,38.750922,38.510472,39.28953,41.30931,41.241984,43.213674,39.222204,37.587144,39.328002,37.212042,37.183188,37.26975,38.27964
45047,34.644036,35.990556,40.991916,40.116678,39.328002,39.318384,39.81852,40.8765,39.491508,38.52009,41.40549,37.94301,38.750922,38.510472,39.28953,41.30931,41.241984,43.213674,39.222204,37.587144,39.328002,37.212042,37.183188,37.26975,38.27964
45049,34.644036,35.990556,40.991916,40.116678,39.328002,39.318384,39.81852,40.8765,39.491508,38.52009,41.40549,37.94301,38.750922,38.510472,39.28953,41.30931,41.241984,43.213674,39.222204,37.587144,39.328002,37.212042,37.183188,37.26975,38.27964
45051,34.644036,35.990556,40.991916,40.116678,39.328002,39.318384,39.81852,40.8765,39.491508,38.52009,41.40549,37.94301,38.750922,38.510472,39.28953,41.30931,41.241984,43.213674,39.222204,37.587144,39.328002,37.212042,37.183188,37.26975,38.27964
45053,34.644036,35.990556,40.991916,40.116678,39.328002,39.318384,39.81852,40.8765,39.491508,38.52009,41.40549,37.94301,38.750922,38.510472,39.28953,41.30931,41.241984,43.213674,39.222204,37.587144,39.328002,37.212042,37.183188,37.26975,38.27964
45055,34.644036,35.990556,40.991916,40.116678,39.328002,39.318384,39.81852,40.8765,39.491508,38.52009,41.40549,37.94301,38.750922,38.510472,39.28953,41.30931,41.241984,43.213674,39.222204,37.587144,39.328002,37.212042,37.183188,37.26975,38.27964
45057,34.644036,35.990556,40.991916,40.116678,39.328002,39.318384,39.81852,40.8765,39.491508,38.52009,41.40549,37.94301,38.750922,38.510472,39.28953,41.30931,41.241984,43.213674,39.222204,37.587144,39.328002,37.212042,37.183188,37.26975,38.27964
45059,34.644036,35.990556,40.991916,40.116678,39.328002,39.318384,39.81852,40.8765,39.491508,38.52009,41.40549,37.94301,38.750922,38.510472,39.28953,41.30931,41.241984,43.213674,39.222204,37.587144,39.328002,37.212042,37.183188,37.26975,38.27964
45061,34.644036,35.990556,40.991916,40.116678,39.328002,39.318384,39.81852,40.8765,39.491508,38.52009,41.40549,37.94301,38.750922,38.510472,39.28953,41.30931,41.241984,43.213674,39.222204,37.587144,39.328002,37.212042,37.183188,37.26975,38.27964
45063,34.644036,35.990556,40.991916,40.116678,39.328002,39.318384,39.81852,40.8765,39.491508,38.52009,41.40549,37.94301,38.750922,38.510472,39.28953,41.30931,41.241984,43.213674,39.222204,37.587144,39.328002,37.212042,37.183188,37.26975,38.27964
45065,34.644036,35.990556,40.991916,40.116678,39.328002,39.318384,39.81852,40.8765,39.491508,38.52009,41.40549,37.94301,38.750922,38.510472,39.28953,41.30931,41.241984,43.213674,39.222204,37.587144,39.328002,37.212042,37.183188,37.26975,38.27964
45067,34.644036,35.990556,40.991916,40.116678,39.328002,39.318384,39.81852,40.8765,39.491508,38.52009,41.40549,37.94301,38.750922,38.510472,39.28953,41.30931,41.241984,43.213674,39.222204,37.587144,39.328002,37.212042,37.183188,37.26975,38.27964
45069,34.644036,35.990556,40.991916,40.116678,39.328002,39.318384,39.81852,40.8765,39.491508,38.52009,41.40549,37.94301,38.750922,38.510472,39.28953,41.30931,41.241984,43.213674,39.222204,37.587144,39.328002,37.212042,37.183188,37.26975,38.27964
45071,34.644036,35.990556,40.991916,40.116678,39.328002,39.318384,39.81852,40.8765,39.491508,38.52009,41.40549,37.94301,38.750922,38.510472,39.28953,41.30931,41.241984,43.213674,39.222204,37.587144,39.328002,37.212042,37.183188,37.26975,38.27964
45073,34.644036,35.990556,40.991916,40.116678,39.328002,39.318384,39.81852,40.8765,39.491508,38.52009,41.40549,37.94301,38.750922,38.510472,39.28953,41.30931,41.241984,43.213674,39.222204,37.587144,39.328002,37.212042,37.183188,37.26975,38.27964
45075,34.644036,35.990556,40.991916,40.116678,39.328002,39.318384,39.81852,40.8765,39.491508,38.52009,41.40549,37.94301,38.750922,38.510472,39.28953,41.30931,41.241984,43.213674,39.222204,37.587144,39.328002,37.212042,37.183188,37.26975,38.27964
45077,34.644036,35.990556,40.991916,40.116678,39.328002,39.318384,39.81852,40.8765,39.491508,38.52009,41.40549,37.94301,38.750922,38.510472,39.28953,41.30931,41.241984,43.213674,39.222204,37.587144,39.328002,37.212042,37.183188,37.26975,38.27964
45079,34.644036,35.990556,40.991916,40.116678,39.328002,39.318384,39.81852,40.8765,39.491508,38.52009,41.40549,37.94301,38.750922,38.510472,39.28953,41.30931,41.241984,43.213674,39.222204,37.587144,39.328002,37.212042,37.183188,37.26975,38.27964
45081,34.644036,35.990556,40.991916,40.116678,39.328002,39.318384,39.81852,40.8765,39.491508,38.52009,41.40549,37.94301,38.750922,38.510472,39.28953,41.30931,41.241984,43.213674,39.222204,37.587144,39.328002,37.212042,37.183188,37.26975,38.27964
45083,34.644036,35.990556,40.991916,40.116678,39.328002,39.318384,39.81852,40.8765,39.491508,38.52009,41.40549,37.94301,38.750922,38.510472,39.28953,41.30931,41.241984,43.213674,39.222204,37.587144,39.328002,37.212042,37.183188,37.26975,38.27964
45085,34.644036,35.990556,40.991916,40.116678,39.328002,39.318384,39.81852,40.8765,39.491508,38.52009,41.40549,37.94301,38.750922,38.510472,39.28953,41.30931,41.241984,43.213674,39.222204,37.587144,39.328002,37.212042,37.183188,37.26975,38.27964
45087,34.644036,35.990556,40.991916,40.116678,39.328002,39.318384,39.81852,40.8765,39.491508,38.52009,41.40549,37.94301,38.750922,38.510472,39.28953,41.30931,41.241984,43.213674,39.222204,37.587144,39.328002,37.212042,37.183188,37.26975,38.27964
45089,34.644036,35.990556,40.991916,40.116678,39.328002,39.318384,39.81852,40.8765,39.491508,38.52009,41.40549,37.94301,38.750922,38.510472,39.28953,41.30931,41.241984,43.213674,39.222204,37.587144,39.328002,37.212042,37.183188,37.26975,38.27964
45091,34.644036,35.990556,40.991916,40.116678,39.328002,39.318384,39.81852,40.8765,39.491508,38.52009,41.40549,37.94301,38.750922,38.510472,39.28953,41.30931,41.241984,43.213674,39.222204,37.587144,39.328002,37.212042,37.183188,37.26975,38.27964
46003,34.644036,35.990556,40.991916,40.116678,39.328002,39.318384,39.81852,40.8765,39.491508,38.52009,41.40549,37.94301,38.750922,38.510472,39.28953,41.30931,41.241984,43.213674,39.222204,37.587144,39.328002,37.212042,37.183188,37.26975,38.27964
46005,34.644036,35.990556,40.991916,40.116678,39.328002,39.318384,39.81852,40.8765,39.491508,38.52009,41.40549,37.94301,38.750922,38.510472,39.28953,41.30931,41.241984,43.213674,39.222204,37.587144,39.328002,37.212042,37.183188,37.26975,38.27964
46007,34.644036,35.990556,40.991916,40.116678,39.328002,39.318384,39.81852,40.8765,39.491508,38.52009,41.40549,37.94301,38.750922,38.510472,39.28953,41.30931,41.241984,43.213674,39.222204,37.587144,39.328002,37.212042,37.183188,37.26975,38.27964
46009,34.644036,35.990556,40.991916,40.116678,39.328002,39.318384,39.81852,40.8765,39.491508,38.52009,41.40549,37.94301,38.750922,38.510472,39.28953,41.30931,41.241984,43.213674,39.222204,37.587144,39.328002,37.212042,37.183188,37.26975,38.27964
46011,34.644036,35.990556,40.991916,40.116678,39.328002,39.318384,39.81852,40.8765,39.491508,38.52009,41.40549,37.94301,38.750922,38.510472,39.28953,41.30931,41.241984,43.213674,39.222204,37.587144,39.328002,37.212042,37.183188,37.26975,38.27964
46013,34.644036,35.990556,40.991916,40.116678,39.328002,39.318384,39.81852,40.8765,39.491508,38.52009,41.40549,37.94301,38.750922,38.510472,39.28953,41.30931,41.241984,43.213674,39.222204,37.587144,39.328002,37.212042,37.183188,37.26975,38.27964
46015,34.644036,35.990556,40.991916,40.116678,39.328002,39.318384,39.81852,40.8765,39.491508,38.52009,41.40549,37.94301,38.750922,38.510472,39.28953,41.30931,41.241984,43.213674,39.222204,37.587144,39.328002,37.212042,37.183188,37.26975,38.27964
46017,34.644036,35.990556,40.991916,40.116678,39.328002,39.318384,39.81852,40.8765,39.491508,38.52009,41.40549,37.94301,38.750922,38.510472,39.28953,41.30931,41.241984,43.213674,39.222204,37.587144,39.328002,37.212042,37.183188,37.26975,38.27964
46019,34.644036,35.990556,40.991916,40.116678,39.328002,39.318384,39.81852,40.8765,39.491508,38.52009,41.40549,37.94301,38.750922,38.510472,39.28953,41.30931,41.241984,43.213674,39.222204,37.587144,39.328002,37.212042,37.183188,37.26975,38.27964
46021,34.644036,35.990556,40.991916,40.116678,39.328002,39.318384,39.81852,40.8765,39.491508,38.52009,41.40549,37.94301,38.750922,38.510472,39.28953,41.30931,41.241984,43.213674,39.222204,37.587144,39.328002,37.212042,37.183188,37.26975,38.27964
46023,34.644036,35.990556,40.991916,40.116678,39.328002,39.318384,39.81852,40.8765,39.491508,38.52009,41.40549,37.94301,38.750922,38.510472,39.28953,41.30931,41.241984,43.213674,39.222204,37.587144,39.328002,37.212042,37.183188,37.26975,38.27964
46025,34.644036,35.990556,40.991916,40.116678,39.328002,39.318384,39.81852,40.8765,39.491508,38.52009,41.40549,37.94301,38.750922,38.510472,39.28953,41.30931,41.241984,43.213674,39.222204,37.587144,39.328002,37.212042,37.183188,37.26975,38.27964
46027,34.644036,35.990556,40.991916,40.116678,39.328002,39.318384,39.81852,40.8765,39.491508,38.52009,41.40549,37.94301,38.750922,38.510472,39.28953,41.30931,41.241984,43.213674,39.222204,37.587144,39.328002,37.212042,37.183188,37.26975,38.27964
46029,34.644036,35.990556,40.991916,40.116678,39.328002,39.318384,39.81852,40.8765,39.491508,38.52009,41.40549,37.94301,38.750922,38.510472,39.28953,41.30931,41.241984,43.213674,39.222204,37.587144,39.328002,37.212042,37.183188,37.26975,38.27964
46031,34.644036,35.990556,40.991916,40.116678,39.328002,39.318384,39.81852,40.8765,39.491508,38.52009,41.40549,37.94301,38.750922,38.510472,39.28953,41.30931,41.241984,43.213674,39.222204,37.587144,39.328002,37.212042,37.183188,37.26975,38.27964
46033,34.644036,35.990556,40.991916,40.116678,39.328002,39.318384,39.81852,40.8765,39.491508,38.52009,41.40549,37.94301,38.750922,38.510472,39.28953,41.30931,41.241984,43.213674,39.222204,37.587144,39.328002,37.212042,37.183188,37.26975,38.27964
46035,34.644036,35.990556,40.991916,40.116678,39.328002,39.318384,39.81852,40.8765,39.491508,38.52009,41.40549,37.94301,38.750922,38.510472,39.28953,41.30931,41.241984,43.213674,39.222204,37.587144,39.328002,37.212042,37.183188,37.26975,38.27964
46037,34.644036,35.990556,40.991916,40.116678,39.328002,39.318384,39.81852,40.8765,39.491508,38.52009,41.40549,37.94301,38.750922,38.510472,39.28953,41.30931,41.241984,43.213674,39.222204,37.587144,39.328002,37.212042,37.183188,37.26975,38.27964
46039,34.644036,35.990556,40.991916,40.116678,39.328002,39.318384,39.81852,40.8765,39.491508,38.52009,41.40549,37.94301,38.750922,38.510472,39.28953,41.30931,41.241984,43.213674,39.222204,37.587144,39.328002,37.212042,37.183188,37.26975,38.27964
46041,34.644036,35.990556,40.991916,40.116678,39.328002,39.318384,39.81852,40.8765,39.491508,38.52009,41.40549,37.94301,38.750922,38.510472,39.28953,41.30931,41.241984,43.213674,39.222204,37.587144,39.328002,37.212042,37.183188,37.26975,38.27964
46043,34.644036,35.990556,40.991916,40.116678,39.328002,39.318384,39.81852,40.8765,39.491508,38.52009,41.40549,37.94301,38.750922,38.510472,39.28953,41.30931,41.241984,43.213674,39.222204,37.587144,39.328002,37.212042,37.183188,37.26975,38.27964
46045,34.644036,35.990556,40.991916,40.116678,39.328002,39.318384,39.81852,40.8765,39.491508,38.52009,41.40549,37.94301,38.750922,38.510472,39.28953,41.30931,41.241984,43.213674,39.222204,37.587144,39.328002,37.212042,37.183188,37.26975,38.27964
46047,34.644036,35.990556,40.991916,40.116678,39.328002,39.318384,39.81852,40.8765,39.491508,38.52009,41.40549,37.94301,38.750922,38.510472,39.28953,41.30931,41.241984,43.213674,39.222204,37.587144,39.328002,37.212042,37.183188,37.26975,38.27964
46049,34.644036,35.990556,40.991916,40.116678,39.328002,39.318384,39.81852,40.8765,39.491508,38.52009,41.40549,37.94301,38.750922,38.510472,39.28953,41.30931,41.241984,43.213674,39.222204,37.587144,39.328002,37.212042,37.183188,37.26975,38.27964
46051,34.644036,35.990556,40.991916,40.116678,39.328002,39.318384,39.81852,40.8765,39.491508,38.52009,41.40549,37.94301,38.750922,38.510472,39.28953,41.30931,41.241984,43.213674,39.222204,37.587144,39.328002,37.212042,37.183188,37.26975,38.27964
46053,34.644036,35.990556,40.991916,40.116678,39.328002,39.318384,39.81852,40.8765,39.491508,38.52009,41.40549,37.94301,38.750922,38.510472,39.28953,41.30931,41.241984,43.213674,39.222204,37.587144,39.328002,37.212042,37.183188,37.26975,38.27964
46055,34.644036,35.990556,40.991916,40.116678,39.328002,39.318384,39.81852,40.8765,39.491508,38.52009,41.40549,37.94301,38.750922,38.510472,39.28953,41.30931,41.241984,43.213674,39.222204,37.587144,39.328002,37.212042,37.183188,37.26975,38.27964
46057,34.644036,35.990556,40.991916,40.116678,39.328002,39.318384,39.81852,40.8765,39.491508,38.52009,41.40549,37.94301,38.750922,38.510472,39.28953,41.30931,41.241984,43.213674,39.222204,37.587144,39.328002,37.212042,37.183188,37.26975,38.27964
46059,34.644036,35.990556,40.991916,40.116678,39.328002,39.318384,39.81852,40.8765,39.491508,38.52009,41.40549,37.94301,38.750922,38.510472,39.28953,41.30931,41.241984,43.213674,39.222204,37.587144,39.328002,37.212042,37.183188,37.26975,38.27964
46061,34.644036,35.990556,40.991916,40.116678,39.328002,39.318384,39.81852,40.8765,39.491508,38.52009,41.40549,37.94301,38.750922,38.510472,39.28953,41.30931,41.241984,43.213674,39.222204,37.587144,39.328002,37.212042,37.183188,37.26975,38.27964
46063,34.644036,35.990556,40.991916,40.116678,39.328002,39.318384,39.81852,40.8765,39.491508,38.52009,41.40549,37.94301,38.750922,38.510472,39.28953,41.30931,41.241984,43.213674,39.222204,37.587144,39.328002,37.212042,37.183188,37.26975,38.27964
46065,34.644036,35.990556,40.991916,40.116678,39.328002,39.318384,39.81852,40.8765,39.491508,38.52009,41.40549,37.94301,38.750922,38.510472,39.28953,41.30931,41.241984,43.213674,39.222204,37.587144,39.328002,37.212042,37.183188,37.26975,38.27964
46067,34.644036,35.990556,40.991916,40.116678,39.328002,39.318384,39.81852,40.8765,39.491508,38.52009,41.40549,37.94301,38.750922,38.510472,39.28953,41.30931,41.241984,43.213674,39.222204,37.587144,39.328002,37.212042,37.183188,37.26975,38.27964
46069,34.644036,35.990556,40.991916,40.116678,39.328002,39.318384,39.81852,40.8765,39.491508,38.52009,41.40549,37.94301,38.750922,38.510472,39.28953,41.30931,41.241984,43.213674,39.222204,37.587144,39.328002,37.212042,37.183188,37.26975,38.27964
46071,34.644036,35.990556,40.991916,40.116678,39.328002,39.318384,39.81852,40.8765,39.491508,38.52009,41.40549,37.94301,38.750922,38.510472,39.28953,41.30931,41.241984,43.213674,39.222204,37.587144,39.328002,37.212042,37.183188,37.26975,38.27964
46073,34.644036,35.990556,40.991916,40.116678,39.328002,39.318384,39.81852,40.8765,39.491508,38.52009,41.40549,37.94301,38.750922,38.510472,39.28953,41.30931,41.241984,43.213674,39.222204,37.587144,39.328002,37.212042,37.183188,37.26975,38.27964
46075,34.644036,35.990556,40.991916,40.116678,39.328002,39.318384,39.81852,40.8765,39.491508,38.52009,41.40549,37.94301,38.750922,38.510472,39.28953,41.30931,41.241984,43.213674,39.222204,37.587144,39.328002,37.212042,37.183188,37.26975,38.27964
46077,34.644036,35.990556,40.991916,40.116678,39.328002,39.318384,39.81852,40.8765,39.491508,38.52009,41.40549,37.94301,38.750922,38.510472,39.28953,41.30931,41.241984,43.213674,39.222204,37.587144,39.328002,37.212042,37.183188,37.26975,38.27964
46079,34.644036,35.990556,40.991916,40.116678,39.328002,39.318384,39.81852,40.8765,39.491508,38.52009,41.40549,37.94301,38.750922,38.510472,39.28953,41.30931,41.241984,43.213674,39.222204,37.587144,39.328002,37.212042,37.183188,37.26975,38.27964
46081,34.644036,35.990556,40.991916,40.116678,39.328002,39.318384,39.81852,40.8765,39.491508,38.52009,41.40549,37.94301,38.750922,38.510472,39.28953,41.30931,41.241984,43.213674,39.222204,37.587144,39.328002,37.212042,37.183188,37.26975,38.27964
46083,34.644036,35.990556,40.991916,40.116678,39.328002,39.318384,39.81852,40.8765,39.491508,38.52009,41.40549,37.94301,38.750922,38.510472,39.28953,41.30931,41.241984,43.213674,39.222204,37.587144,39.328002,37.212042,37.183188,37.26975,38.27964
46085,34.644036,35.990556,40.991916,40.116678,39.328002,39.318384,39.81852,40.8765,39.491508,38.52009,41.40549,37.94301,38.750922,38.510472,39.28953,41.30931,41.241984,43.213674,39.222204,37.587144,39.328002,37.212042,37.183188,37.26975,38.27964
46087,34.644036,35.990556,40.991916,40.116678,39.328002,39.318384,39.81852,40.8765,39.491508,38.52009,41.40549,37.94301,38.750922,38.510472,39.28953,41.30931,41.241984,43.213674,39.222204,37.587144,39.328002,37.212042,37.183188,37.26975,38.27964
46089,34.644036,35.990556,40.991916,40.116678,39.328002,39.318384,39.81852,40.8765,39.491508,38.52009,41.40549,37.94301,38.750922,38.510472,39.28953,41.30931,41.241984,43.213674,39.222204,37.587144,39.328002,37.212042,37.183188,37.26975,38.27964
46091,34.644036,35.990556,40.991916,40.116678,39.328002,39.318384,39.81852,40.8765,39.491508,38.52009,41.40549,37.94301,38.750922,38.510472,39.28953,41.30931,41.241984,43.213674,39.222204,37.587144,39.328002,37.212042,37.183188,37.26975,38.27964
46093,34.644036,35.990556,40.991916,40.116678,39.328002,39.318384,39.81852,40.8765,39.491508,38.52009,41.40549,37.94301,38.750922,38.510472,39.28953,41.30931,41.241984,43.213674,39.222204,37.587144,39.328002,37.212042,37.183188,37.26975,38.27964
46095,34.644036,35.990556,40.991916,40.116678,39.328002,39.318384,39.81852,40.8765,39.491508,38.52009,41.40549,37.94301,38.750922,38.510472,39.28953,41.30931,41.241984,43.213674,39.222204,37.587144,39.328002,37.212042,37.183188,37.26975,38.27964
46097,34.644036,35.990556,40.991916,40.116678,39.328002,39.318384,39.81852,40.8765,39.491508,38.52009,41.40549,37.94301,38.750922,38.510472,39.28953,41.30931,41.241984,43.213674,39.222204,37.587144,39.328002,37.212042,37.183188,37.26975,38.27964
46099,34.644036,35.990556,40.991916,40.116678,39.328002,39.318384,39.81852,40.8765,39.491508,38.52009,41.40549,37.94301,38.750922,38.510472,39.28953,41.30931,41.241984,43.213674,39.222204,37.587144,39.328002,37.212042,37.183188,37.26975,38.27964
46101,34.644036,35.990556,40.991916,40.116678,39.328002,39.318384,39.81852,40.8765,39.491508,38.52009,41.40549,37.94301,38.750922,38.510472,39.28953,41.30931,41.241984,43.213674,39.222204,37.587144,39.328002,37.212042,37.183188,37.26975,38.27964
46102,34.644036,35.990556,40.991916,40.116678,39.328002,39.318384,39.81852,40.8765,39.491508,38.52009,41.40549,37.94301,38.750922,38.510472,39.28953,41.30931,41.241984,43.213674,39.222204,37.587144,39.328002,37.212042,37.183188,37.26975,38.27964
46103,34.644036,35.990556,40.991916,40.116678,39.328002,39.318384,39.81852,40.8765,39.491508,38.52009,41.40549,37.94301,38.750922,38.510472,39.28953,41.30931,41.241984,43.213674,39.222204,37.587144,39.328002,37.212042,37.183188,37.26975,38.27964
46105,34.644036,35.990556,40.991916,40.116678,39.328002,39.318384,39.81852,40.8765,39.491508,38.52009,41.40549,37.94301,38.750922,38.510472,39.28953,41.30931,41.241984,43.213674,39.222204,37.587144,39.328002,37.212042,37.183188,37.26975,38.27964
46107,34.644036,35.990556,40.991916,40.116678,39.328002,39.318384,39.81852,40.8765,39.491508,38.52009,41.40549,37.94301,38.750922,38.510472,39.28953,41.30931,41.241984,43.213674,39.222204,37.587144,39.328002,37.212042,37.183188,37.26975,38.27964
46109,34.644036,35.990556,40.991916,40.116678,39.328002,39.318384,39.81852,40.8765,39.491508,38.52009,41.40549,37.94301,38.750922,38.510472,39.28953,41.30931,41.241984,43.213674,39.222204,37.587144,39.328002,37.212042,37.183188,37.26975,38.27964
46111,34.644036,35.990556,40.991916,40.116678,39.328002,39.318384,39.81852,40.8765,39.491508,38.52009,41.40549,37.94301,38.750922,38.510472,39.28953,41.30931,41.241984,43.213674,39.222204,37.587144,39.328002,37.212042,37.183188,37.26975,38.27964
46115,34.644036,35.990556,40.991916,40.116678,39.328002,39.318384,39.81852,40.8765,39.491508,38.52009,41.40549,37.94301,38.750922,38.510472,39.28953,41.30931,41.241984,43.213674,39.222204,37.587144,39.328002,37.212042,37.183188,37.26975,38.27964
46117,34.644036,35.990556,40.991916,40.116678,39.328002,39.318384,39.81852,40.8765,39.491508,38.52009,41.40549,37.94301,38.750922,38.510472,39.28953,41.30931,41.241984,43.213674,39.222204,37.587144,39.328002,37.212042,37.183188,37.26975,38.27964
46119,34.644036,35.990556,40.991916,40.116678,39.328002,39.318384,39.81852,40.8765,39.491508,38.52009,41.40549,37.94301,38.750922,38.510472,39.28953,41.30931,41.241984,43.213674,39.222204,37.587144,39.328002,37.212042,37.183188,37.26975,38.27964
46121,34.644036,35.990556,40.991916,40.116678,39.328002,39.318384,39.81852,40.8765,39.491508,38.52009,41.40549,37.94301,38.750922,38.510472,39.28953,41.30931,41.241984,43.213674,39.222204,37.587144,39.328002,37.212042,37.183188,37.26975,38.27964
46123,34.644036,35.990556,40.991916,40.116678,39.328002,39.318384,39.81852,40.8765,39.491508,38.52009,41.40549,37.94301,38.750922,38.510472,39.28953,41.30931,41.241984,43.213674,39.222204,37.587144,39.328002,37.212042,37.183188,37.26975,38.27964
46125,34.644036,35.990556,40.991916,40.116678,39.328002,39.318384,39.81852,40.8765,39.491508,38.52009,41.40549,37.94301,38.750922,38.510472,39.28953,41.30931,41.241984,43.213674,39.222204,37.587144,39.328002,37.212042,37.183188,37.26975,38.27964
46127,34.644036,35.990556,40.991916,40.116678,39.328002,39.318384,39.81852,40.8765,39.491508,38.52009,41.40549,37.94301,38.750922,38.510472,39.28953,41.30931,41.241984,43.213674,39.222204,37.587144,39.328002,37.212042,37.183188,37.26975,38.27964
46129,34.644036,35.990556,40.991916,40.116678,39.328002,39.318384,39.81852,40.8765,39.491508,38.52009,41.40549,37.94301,38.750922,38.510472,39.28953,41.30931,41.241984,43.213674,39.222204,37.587144,39.328002,37.212042,37.183188,37.26975,38.27964
46135,34.644036,35.990556,40.991916,40.116678,39.328002,39.318384,39.81852,40.8765,39.491508,38.52009,41.40549,37.94301,38.750922,38.510472,39.28953,41.30931,41.241984,43.213674,39.222204,37.587144,39.328002,37.212042,37.183188,37.26975,38.27964
46137,34.644036,35.990556,40.991916,40.116678,39.328002,39.318384,39.81852,40.8765,39.491508,38.52009,41.40549,37.94301,38.750922,38.510472,39.28953,41.30931,41.241984,43.213674,39.222204,37.587144,39.328002,37.212042,37.183188,37.26975,38.27964
47001,34.644036,35.990556,40.991916,40.116678,39.328002,39.318384,39.81852,40.8765,39.491508,38.52009,41.40549,37.94301,38.750922,38.510472,39.28953,41.30931,41.241984,43.213674,39.222204,37.587144,39.328002,37.212042,37.183188,37.26975,38.27964
47003,34.644036,35.990556,40.991916,40.116678,39.328002,39.318384,39.81852,40.8765,39.491508,38.52009,41.40549,37.94301,38.750922,38.510472,39.28953,41.30931,41.241984,43.213674,39.222204,37.587144,39.328002,37.212042,37.183188,37.26975,38.27964
47005,34.644036,35.990556,40.991916,40.116678,39.328002,39.318384,39.81852,40.8765,39.491508,38.52009,41.40549,37.94301,38.750922,38.510472,39.28953,41.30931,41.241984,43.213674,39.222204,37.587144,39.328002,37.212042,37.183188,37.26975,38.27964
47007,34.644036,35.990556,40.991916,40.116678,39.328002,39.318384,39.81852,40.8765,39.491508,38.52009,41.40549,37.94301,38.750922,38.510472,39.28953,41.30931,41.241984,43.213674,39.222204,37.587144,39.328002,37.212042,37.183188,37.26975,38.27964
47009,34.644036,35.990556,40.991916,40.116678,39.328002,39.318384,39.81852,40.8765,39.491508,38.52009,41.40549,37.94301,38.750922,38.510472,39.28953,41.30931,41.241984,43.213674,39.222204,37.587144,39.328002,37.212042,37.183188,37.26975,38.27964
47011,34.644036,35.990556,40.991916,40.116678,39.328002,39.318384,39.81852,40.8765,39.491508,38.52009,41.40549,37.94301,38.750922,38.510472,39.28953,41.30931,41.241984,43.213674,39.222204,37.587144,39.328002,37.212042,37.183188,37.26975,38.27964
47013,34.644036,35.990556,40.991916,40.116678,39.328002,39.318384,39.81852,40.8765,39.491508,38.52009,41.40549,37.94301,38.750922,38.510472,39.28953,41.30931,41.241984,43.213674,39.222204,37.587144,39.328002,37.212042,37.183188,37.26975,38.27964
47015,34.644036,35.990556,40.991916,40.116678,39.328002,39.318384,39.81852,40.8765,39.491508,38.52009,41.40549,37.94301,38.750922,38.510472,39.28953,41.30931,41.241984,43.213674,39.222204,37.587144,39.328002,37.212042,37.183188,37.26975,38.27964
47017,34.644036,35.990556,40.991916,40.116678,39.328002,39.318384,39.81852,40.8765,39.491508,38.52009,41.40549,37.94301,38.750922,38.510472,39.28953,41.30931,41.241984,43.213674,39.222204,37.587144,39.328002,37.212042,37.183188,37.26975,38.27964
47019,34.644036,35.990556,40.991916,40.116678,39.328002,39.318384,39.81852,40.8765,39.491508,38.52009,41.40549,37.94301,38.750922,38.510472,39.28953,41.30931,41.241984,43.213674,39.222204,37.587144,39.328002,37.212042,37.183188,37.26975,38.27964
47021,34.644036,35.990556,40.991916,40.116678,39.328002,39.318384,39.81852,40.8765,39.491508,38.52009,41.40549,37.94301,38.750922,38.510472,39.28953,41.30931,41.241984,43.213674,39.222204,37.587144,39.328002,37.212042,37.183188,37.26975,38.27964
47023,34.644036,35.990556,40.991916,40.116678,39.328002,39.318384,39.81852,40.8765,39.491508,38.52009,41.40549,37.94301,38.750922,38.510472,39.28953,41.30931,41.241984,43.213674,39.222204,37.587144,39.328002,37.212042,37.183188,37.26975,38.27964
47025,34.644036,35.990556,40.991916,40.116678,39.328002,39.318384,39.81852,40.8765,39.491508,38.52009,41.40549,37.94301,38.750922,38.510472,39.28953,41.30931,41.241984,43.213674,39.222204,37.587144,39.328002,37.212042,37.183188,37.26975,38.27964
47027,34.644036,35.990556,40.991916,40.116678,39.328002,39.318384,39.81852,40.8765,39.491508,38.52009,41.40549,37.94301,38.750922,38.510472,39.28953,41.30931,41.241984,43.213674,39.222204,37.587144,39.328002,37.212042,37.183188,37.26975,38.27964
47029,34.644036,35.990556,40.991916,40.116678,39.328002,39.318384,39.81852,40.8765,39.491508,38.52009,41.40549,37.94301,38.750922,38.510472,39.28953,41.30931,41.241984,43.213674,39.222204,37.587144,39.328002,37.212042,37.183188,37.26975,38.27964
47031,34.644036,35.990556,40.991916,40.116678,39.328002,39.318384,39.81852,40.8765,39.491508,38.52009,41.40549,37.94301,38.750922,38.510472,39.28953,41.30931,41.241984,43.213674,39.222204,37.587144,39.328002,37.212042,37.183188,37.26975,38.27964
47033,34.644036,35.990556,40.991916,40.116678,39.328002,39.318384,39.81852,40.8765,39.491508,38.52009,41.40549,37.94301,38.750922,38.510472,39.28953,41.30931,41.241984,43.213674,39.222204,37.587144,39.328002,37.212042,37.183188,37.26975,38.27964
47035,34.644036,35.990556,40.991916,40.116678,39.328002,39.318384,39.81852,40.8765,39.491508,38.52009,41.40549,37.94301,38.750922,38.510472,39.28953,41.30931,41.241984,43.213674,39.222204,37.587144,39.328002,37.212042,37.183188,37.26975,38.27964
47037,34.644036,35.990556,40.991916,40.116678,39.328002,39.318384,39.81852,40.8765,39.491508,38.52009,41.40549,37.94301,38.750922,38.510472,39.28953,41.30931,41.241984,43.213674,39.222204,37.587144,39.328002,37.212042,37.183188,37.26975,38.27964
47039,34.644036,35.990556,40.991916,40.116678,39.328002,39.318384,39.81852,40.8765,39.491508,38.52009,41.40549,37.94301,38.750922,38.510472,39.28953,41.30931,41.241984,43.213674,39.222204,37.587144,39.328002,37.212042,37.183188,37.26975,38.27964
47041,34.644036,35.990556,40.991916,40.116678,39.328002,39.318384,39.81852,40.8765,39.491508,38.52009,41.40549,37.94301,38.750922,38.510472,39.28953,41.30931,41.241984,43.213674,39.222204,37.587144,39.328002,37.212042,37.183188,37.26975,38.27964
47043,34.644036,35.990556,40.991916,40.116678,39.328002,39.318384,39.81852,40.8765,39.491508,38.52009,41.40549,37.94301,38.750922,38.510472,39.28953,41.30931,41.241984,43.213674,39.222204,37.587144,39.328002,37.212042,37.183188,37.26975,38.27964
47045,34.644036,35.990556,40.991916,40.116678,39.328002,39.318384,39.81852,40.8765,39.491508,38.52009,41.40549,37.94301,38.750922,38.510472,39.28953,41.30931,41.241984,43.213674,39.222204,37.587144,39.328002,37.212042,37.183188,37.26975,38.27964
47047,34.644036,35.990556,40.991916,40.116678,39.328002,39.318384,39.81852,40.8765,39.491508,38.52009,41.40549,37.94301,38.750922,38.510472,39.28953,41.30931,41.241984,43.213674,39.222204,37.587144,39.328002,37.212042,37.183188,37.26975,38.27964
47049,34.644036,35.990556,40.991916,40.116678,39.328002,39.318384,39.81852,40.8765,39.491508,38.52009,41.40549,37.94301,38.750922,38.510472,39.28953,41.30931,41.241984,43.213674,39.222204,37.587144,39.328002,37.212042,37.183188,37.26975,38.27964
47051,34.644036,35.990556,40.991916,40.116678,39.328002,39.318384,39.81852,40.8765,39.491508,38.52009,41.40549,37.94301,38.750922,38.510472,39.28953,41.30931,41.241984,43.213674,39.222204,37.587144,39.328002,37.212042,37.183188,37.26975,38.27964
47053,34.644036,35.990556,40.991916,40.116678,39.328002,39.318384,39.81852,40.8765,39.491508,38.52009,41.40549,37.94301,38.750922,38.510472,39.28953,41.30931,41.241984,43.213674,39.222204,37.587144,39.328002,37.212042,37.183188,37.26975,38.27964
47055,34.644036,35.990556,40.991916,40.116678,39.328002,39.318384,39.81852,40.8765,39.491508,38.52009,41.40549,37.94301,38.750922,38.510472,39.28953,41.30931,41.241984,43.213674,39.222204,37.587144,39.328002,37.212042,37.183188,37.26975,38.27964
47057,34.644036,35.990556,40.991916,40.116678,39.328002,39.318384,39.81852,40.8765,39.491508,38.52009,41.40549,37.94301,38.750922,38.510472,39.28953,41.30931,41.241984,43.213674,39.222204,37.587144,39.328002,37.212042,37.183188,37.26975,38.27964
47059,34.644036,35.990556,40.991916,40.116678,39.328002,39.318384,39.81852,40.8765,39.491508,38.52009,41.40549,37.94301,38.750922,38.510472,39.28953,41.30931,41.241984,43.213674,39.222204,37.587144,39.328002,37.212042,37.183188,37.26975,38.27964
47061,34.644036,35.990556,40.991916,40.116678,39.328002,39.318384,39.81852,40.8765,39.491508,38.52009,41.40549,37.94301,38.750922,38.510472,39.28953,41.30931,41.241984,43.213674,39.222204,37.587144,39.328002,37.212042,37.183188,37.26975,38.27964
47063,34.644036,35.990556,40.991916,40.116678,39.328002,39.318384,39.81852,40.8765,39.491508,38.52009,41.40549,37.94301,38.750922,38.510472,39.28953,41.30931,41.241984,43.213674,39.222204,37.587144,39.328002,37.212042,37.183188,37.26975,38.27964
47065,34.644036,35.990556,40.991916,40.116678,39.328002,39.318384,39.81852,40.8765,39.491508,38.52009,41.40549,37.94301,38.750922,38.510472,39.28953,41.30931,41.241984,43.213674,39.222204,37.587144,39.328002,37.212042,37.183188,37.26975,38.27964
47067,34.644036,35.990556,40.991916,40.116678,39.328002,39.318384,39.81852,40.8765,39.491508,38.52009,41.40549,37.94301,38.750922,38.510472,39.28953,41.30931,41.241984,43.213674,39.222204,37.587144,39.328002,37.212042,37.183188,37.26975,38.27964
47069,34.644036,35.990556,40.991916,40.116678,39.328002,39.318384,39.81852,40.8765,39.491508,38.52009,41.40549,37.94301,38.750922,38.510472,39.28953,41.30931,41.241984,43.213674,39.222204,37.587144,39.328002,37.212042,37.183188,37.26975,38.27964
47071,34.644036,35.990556,40.991916,40.116678,39.328002,39.318384,39.81852,40.8765,39.491508,38.52009,41.40549,37.94301,38.750922,38.510472,39.28953,41.30931,41.241984,43.213674,39.222204,37.587144,39.328002,37.212042,37.183188,37.26975,38.27964
47073,34.644036,35.990556,40.991916,40.116678,39.328002,39.318384,39.81852,40.8765,39.491508,38.52009,41.40549,37.94301,38.750922,38.510472,39.28953,41.30931,41.241984,43.213674,39.222204,37.587144,39.328002,37.212042,37.183188,37.26975,38.27964
47075,34.644036,35.990556,40.991916,40.116678,39.328002,39.318384,39.81852,40.8765,39.491508,38.52009,41.40549,37.94301,38.750922,38.510472,39.28953,41.30931,41.241984,43.213674,39.222204,37.587144,39.328002,37.212042,37.183188,37.26975,38.27964
47077,34.644036,35.990556,40.991916,40.116678,39.328002,39.318384,39.81852,40.8765,39.491508,38.52009,41.40549,37.94301,38.750922,38.510472,39.28953,41.30931,41.241984,43.213674,39.222204,37.587144,39.328002,37.212042,37.183188,37.26975,38.27964
47079,34.644036,35.990556,40.991916,40.116678,39.328002,39.318384,39.81852,40.8765,39.491508,38.52009,41.40549,37.94301,38.750922,38.510472,39.28953,41.30931,41.241984,43.213674,39.222204,37.587144,39.328002,37.212042,37.183188,37.26975,38.27964
47081,34.644036,35.990556,40.991916,40.116678,39.328002,39.318384,39.81852,40.8765,39.491508,38.52009,41.40549,37.94301,38.750922,38.510472,39.28953,41.30931,41.241984,43.213674,39.222204,37.587144,39.328002,37.212042,37.183188,37.26975,38.27964
47083,34.644036,35.990556,40.991916,40.116678,39.328002,39.318384,39.81852,40.8765,39.491508,38.52009,41.40549,37.94301,38.750922,38.510472,39.28953,41.30931,41.241984,43.213674,39.222204,37.587144,39.328002,37.212042,37.183188,37.26975,38.27964
47085,34.644036,35.990556,40.991916,40.116678,39.328002,39.318384,39.81852,40.8765,39.491508,38.52009,41.40549,37.94301,38.750922,38.510472,39.28953,41.30931,41.241984,43.213674,39.222204,37.587144,39.328002,37.212042,37.183188,37.26975,38.27964
47087,34.644036,35.990556,40.991916,40.116678,39.328002,39.318384,39.81852,40.8765,39.491508,38.52009,41.40549,37.94301,38.750922,38.510472,39.28953,41.30931,41.241984,43.213674,39.222204,37.587144,39.328002,37.212042,37.183188,37.26975,38.27964
47089,34.644036,35.990556,40.991916,40.116678,39.328002,39.318384,39.81852,40.8765,39.491508,38.52009,41.40549,37.94301,38.750922,38.510472,39.28953,41.30931,41.241984,43.213674,39.222204,37.587144,39.328002,37.212042,37.183188,37.26975,38.27964
47091,34.644036,35.990556,40.991916,40.116678,39.328002,39.318384,39.81852,40.8765,39.491508,38.52009,41.40549,37.94301,38.750922,38.510472,39.28953,41.30931,41.241984,43.213674,39.222204,37.587144,39.328002,37.212042,37.183188,37.26975,38.27964
47093,34.644036,35.990556,40.991916,40.116678,39.328002,39.318384,39.81852,40.8765,39.491508,38.52009,41.40549,37.94301,38.750922,38.510472,39.28953,41.30931,41.241984,43.213674,39.222204,37.587144,39.328002,37.212042,37.183188,37.26975,38.27964
47095,34.644036,35.990556,40.991916,40.116678,39.328002,39.318384,39.81852,40.8765,39.491508,38.52009,41.40549,37.94301,38.750922,38.510472,39.28953,41.30931,41.241984,43.213674,39.222204,37.587144,39.328002,37.212042,37.183188,37.26975,38.27964
47097,34.644036,35.990556,40.991916,40.116678,39.328002,39.318384,39.81852,40.8765,39.491508,38.52009,41.40549,37.94301,38.750922,38.510472,39.28953,41.30931,41.241984,43.213674,39.222204,37.587144,39.328002,37.212042,37.183188,37.26975,38.27964
47099,34.644036,35.990556,40.991916,40.116678,39.328002,39.318384,39.81852,40.8765,39.491508,38.52009,41.40549,37.94301,38.750922,38.510472,39.28953,41.30931,41.241984,43.213674,39.222204,37.587144,39.328002,37.212042,37.183188,37.26975,38.27964
47101,34.644036,35.990556,40.991916,40.116678,39.328002,39.318384,39.81852,40.8765,39.491508,38.52009,41.40549,37.94301,38.750922,38.510472,39.28953,41.30931,41.241984,43.213674,39.222204,37.587144,39.328002,37.212042,37.183188,37.26975,38.27964
47103,34.644036,35.990556,40.991916,40.116678,39.328002,39.318384,39.81852,40.8765,39.491508,38.52009,41.40549,37.94301,38.750922,38.510472,39.28953,41.30931,41.241984,43.213674,39.222204,37.587144,39.328002,37.212042,37.183188,37.26975,38.27964
47105,34.644036,35.990556,40.991916,40.116678,39.328002,39.318384,39.81852,40.8765,39.491508,38.52009,41.40549,37.94301,38.750922,38.510472,39.28953,41.30931,41.241984,43.213674,39.222204,37.587144,39.328002,37.212042,37.183188,37.26975,38.27964
47107,34.644036,35.990556,40.991916,40.116678,39.328002,39.318384,39.81852,40.8765,39.491508,38.52009,41.40549,37.94301,38.750922,38.510472,39.28953,41.30931,41.241984,43.213674,39.222204,37.587144,39.328002,37.212042,37.183188,37.26975,38.27964
47109,34.644036,35.990556,40.991916,40.116678,39.328002,39.318384,39.81852,40.8765,39.491508,38.52009,41.40549,37.94301,38.750922,38.510472,39.28953,41.30931,41.241984,43.213674,39.222204,37.587144,39.328002,37.212042,37.183188,37.26975,38.27964
47111,34.644036,35.990556,40.991916,40.116678,39.328002,39.318384,39.81852,40.8765,39.491508,38.52009,41.40549,37.94301,38.750922,38.510472,39.28953,41.30931,41.241984,43.213674,39.222204,37.587144,39.328002,37.212042,37.183188,37.26975,38.27964
47113,34.644036,35.990556,40.991916,40.116678,39.328002,39.318384,39.81852,40.8765,39.491508,38.52009,41.40549,37.94301,38.750922,38.510472,39.28953,41.30931,41.241984,43.213674,39.222204,37.587144,39.328002,37.212042,37.183188,37.26975,38.27964
47115,34.644036,35.990556,40.991916,40.116678,39.328002,39.318384,39.81852,40.8765,39.491508,38.52009,41.40549,37.94301,38.750922,38.510472,39.28953,41.30931,41.241984,43.213674,39.222204,37.587144,39.328002,37.212042,37.183188,37.26975,38.27964
47117,34.644036,35.990556,40.991916,40.116678,39.328002,39.318384,39.81852,40.8765,39.491508,38.52009,41.40549,37.94301,38.750922,38.510472,39.28953,41.30931,41.241984,43.213674,39.222204,37.587144,39.328002,37.212042,37.183188,37.26975,38.27964
47119,34.644036,35.990556,40.991916,40.116678,39.328002,39.318384,39.81852,40.8765,39.491508,38.52009,41.40549,37.94301,38.750922,38.510472,39.28953,41.30931,41.241984,43.213674,39.222204,37.587144,39.328002,37.212042,37.183188,37.26975,38.27964
47121,34.644036,35.990556,40.991916,40.116678,39.328002,39.318384,39.81852,40.8765,39.491508,38.52009,41.40549,37.94301,38.750922,38.510472,39.28953,41.30931,41.241984,43.213674,39.222204,37.587144,39.328002,37.212042,37.183188,37.26975,38.27964
47123,34.644036,35.990556,40.991916,40.116678,39.328002,39.318384,39.81852,40.8765,39.491508,38.52009,41.40549,37.94301,38.750922,38.510472,39.28953,41.30931,41.241984,43.213674,39.222204,37.587144,39.328002,37.212042,37.183188,37.26975,38.27964
47125,34.644036,35.990556,40.991916,40.116678,39.328002,39.318384,39.81852,40.8765,39.491508,38.52009,41.40549,37.94301,38.750922,38.510472,39.28953,41.30931,41.241984,43.213674,39.222204,37.587144,39.328002,37.212042,37.183188,37.26975,38.27964
47127,34.644036,35.990556,40.991916,40.116678,39.328002,39.318384,39.81852,40.8765,39.491508,38.52009,41.40549,37.94301,38.750922,38.510472,39.28953,41.30931,41.241984,43.213674,39.222204,37.587144,39.328002,37.212042,37.183188,37.26975,38.27964
47129,34.644036,35.990556,40.991916,40.116678,39.328002,39.318384,39.81852,40.8765,39.491508,38.52009,41.40549,37.94301,38.750922,38.510472,39.28953,41.30931,41.241984,43.213674,39.222204,37.587144,39.328002,37.212042,37.183188,37.26975,38.27964
47131,34.644036,35.990556,40.991916,40.116678,39.328002,39.318384,39.81852,40.8765,39.491508,38.52009,41.40549,37.94301,38.750922,38.510472,39.28953,41.30931,41.241984,43.213674,39.222204,37.587144,39.328002,37.212042,37.183188,37.26975,38.27964
47133,34.644036,35.990556,40.991916,40.116678,39.328002,39.318384,39.81852,40.8765,39.491508,38.52009,41.40549,37.94301,38.750922,38.510472,39.28953,41.30931,41.241984,43.213674,39.222204,37.587144,39.328002,37.212042,37.183188,37.26975,38.27964
47135,34.644036,35.990556,40.991916,40.116678,39.328002,39.318384,39.81852,40.8765,39.491508,38.52009,41.40549,37.94301,38.750922,38.510472,39.28953,41.30931,41.241984,43.213674,39.222204,37.587144,39.328002,37.212042,37.183188,37.26975,38.27964
47137,34.644036,35.990556,40.991916,40.116678,39.328002,39.318384,39.81852,40.8765,39.491508,38.52009,41.40549,37.94301,38.750922,38.510472,39.28953,41.30931,41.241984,43.213674,39.222204,37.587144,39.328002,37.212042,37.183188,37.26975,38.27964
47139,34.644036,35.990556,40.991916,40.116678,39.328002,39.318384,39.81852,40.8765,39.491508,38.52009,41.40549,37.94301,38.750922,38.510472,39.28953,41.30931,41.241984,43.213674,39.222204,37.587144,39.328002,37.212042,37.183188,37.26975,38.27964
47141,34.644036,35.990556,40.991916,40.116678,39.328002,39.318384,39.81852,40.8765,39.491508,38.52009,41.40549,37.94301,38.750922,38.510472,39.28953,41.30931,41.241984,43.213674,39.222204,37.587144,39.328002,37.212042,37.183188,37.26975,38.27964
47143,34.644036,35.990556,40.991916,40.116678,39.328002,39.318384,39.81852,40.8765,39.491508,38.52009,41.40549,37.94301,38.750922,38.510472,39.28953,41.30931,41.241984,43.213674,39.222204,37.587144,39.328002,37.212042,37.183188,37.26975,38.27964
47145,34.644036,35.990556,40.991916,40.116678,39.328002,39.318384,39.81852,40.8765,39.491508,38.52009,41.40549,37.94301,38.750922,38.510472,39.28953,41.30931,41.241984,43.213674,39.222204,37.587144,39.328002,37.212042,37.183188,37.26975,38.27964
47147,34.644036,35.990556,40.991916,40.116678,39.328002,39.318384,39.81852,40.8765,39.491508,38.52009,41.40549,37.94301,38.750922,38.510472,39.28953,41.30931,41.241984,43.213674,39.222204,37.587144,39.328002,37.212042,37.183188,37.26975,38.27964
47149,34.644036,35.990556,40.991916,40.116678,39.328002,39.318384,39.81852,40.8765,39.491508,38.52009,41.40549,37.94301,38.750922,38.510472,39.28953,41.30931,41.241984,43.213674,39.222204,37.587144,39.328002,37.212042,37.183188,37.26975,38.27964
47151,34.644036,35.990556,40.991916,40.116678,39.328002,39.318384,39.81852,40.8765,39.491508,38.52009,41.40549,37.94301,38.750922,38.510472,39.28953,41.30931,41.241984,43.213674,39.222204,37.587144,39.328002,37.212042,37.183188,37.26975,38.27964
47153,34.644036,35.990556,40.991916,40.116678,39.328002,39.318384,39.81852,40.8765,39.491508,38.52009,41.40549,37.94301,38.750922,38.510472,39.28953,41.30931,41.241984,43.213674,39.222204,37.587144,39.328002,37.212042,37.183188,37.26975,38.27964
47155,34.644036,35.990556,40.991916,40.116678,39.328002,39.318384,39.81852,40.8765,39.491508,38.52009,41.40549,37.94301,38.750922,38.510472,39.28953,41.30931,41.241984,43.213674,39.222204,37.587144,39.328002,37.212042,37.183188,37.26975,38.27964
47157,34.644036,35.990556,40.991916,40.116678,39.328002,39.318384,39.81852,40.8765,39.491508,38.52009,41.40549,37.94301,38.750922,38.510472,39.28953,41.30931,41.241984,43.213674,39.222204,37.587144,39.328002,37.212042,37.183188,37.26975,38.27964
47159,34.644036,35.990556,40.991916,40.116678,39.328002,39.318384,39.81852,40.8765,39.491508,38.52009,41.40549,37.94301,38.750922,38.510472,39.28953,41.30931,41.241984,43.213674,39.222204,37.587144,39.328002,37.212042,37.183188,37.26975,38.27964
47161,34.644036,35.990556,40.991916,40.116678,39.328002,39.318384,39.81852,40.8765,39.491508,38.52009,41.40549,37.94301,38.750922,38.510472,39.28953,41.30931,41.241984,43.213674,39.222204,37.587144,39.328002,37.212042,37.183188,37.26975,38.27964
47163,34.644036,35.990556,40.991916,40.116678,39.328002,39.318384,39.81852,40.8765,39.491508,38.52009,41.40549,37.94301,38.750922,38.510472,39.28953,41.30931,41.241984,43.213674,39.222204,37.587144,39.328002,37.212042,37.183188,37.26975,38.27964
47165,34.644036,35.990556,40.991916,40.116678,39.328002,39.318384,39.81852,40.8765,39.491508,38.52009,41.40549,37.94301,38.750922,38.510472,39.28953,41.30931,41.241984,43.213674,39.222204,37.587144,39.328002,37.212042,37.183188,37.26975,38.27964
47167,34.644036,35.990556,40.991916,40.116678,39.328002,39.318384,39.81852,40.8765,39.491508,38.52009,41.40549,37.94301,38.750922,38.510472,39.28953,41.30931,41.241984,43.213674,39.222204,37.587144,39.328002,37.212042,37.183188,37.26975,38.27964
47169,34.644036,35.990556,40.991916,40.116678,39.328002,39.318384,39.81852,40.8765,39.491508,38.52009,41.40549,37.94301,38.750922,38.510472,39.28953,41.30931,41.241984,43.213674,39.222204,37.587144,39.328002,37.212042,37.183188,37.26975,38.27964
47171,34.644036,35.990556,40.991916,40.116678,39.328002,39.318384,39.81852,40.8765,39.491508,38.52009,41.40549,37.94301,38.750922,38.510472,39.28953,41.30931,41.241984,43.213674,39.222204,37.587144,39.328002,37.212042,37.183188,37.26975,38.27964
47173,34.644036,35.990556,40.991916,40.116678,39.328002,39.318384,39.81852,40.8765,39.491508,38.52009,41.40549,37.94301,38.750922,38.510472,39.28953,41.30931,41.241984,43.213674,39.222204,37.587144,39.328002,37.212042,37.183188,37.26975,38.27964
47175,34.644036,35.990556,40.991916,40.116678,39.328002,39.318384,39.81852,40.8765,39.491508,38.52009,41.40549,37.94301,38.750922,38.510472,39.28953,41.30931,41.241984,43.213674,39.222204,37.587144,39.328002,37.212042,37.183188,37.26975,38.27964
47177,34.644036,35.990556,40.991916,40.116678,39.328002,39.318384,39.81852,40.8765,39.491508,38.52009,41.40549,37.94301,38.750922,38.510472,39.28953,41.30931,41.241984,43.213674,39.222204,37.587144,39.328002,37.212042,37.183188,37.26975,38.27964
47179,34.644036,35.990556,40.991916,40.116678,39.328002,39.318384,39.81852,40.8765,39.491508,38.52009,41.40549,37.94301,38.750922,38.510472,39.28953,41.30931,41.241984,43.213674,39.222204,37.587144,39.328002,37.212042,37.183188,37.26975,38.27964
47181,34.644036,35.990556,40.991916,40.116678,39.328002,39.318384,39.81852,40.8765,39.491508,38.52009,41.40549,37.94301,38.750922,38.510472,39.28953,41.30931,41.241984,43.213674,39.222204,37.587144,39.328002,37.212042,37.183188,37.26975,38.27964
47183,34.644036,35.990556,40.991916,40.116678,39.328002,39.318384,39.81852,40.8765,39.491508,38.52009,41.40549,37.94301,38.750922,38.510472,39.28953,41.30931,41.241984,43.213674,39.222204,37.587144,39.328002,37.212042,37.183188,37.26975,38.27964
47185,34.644036,35.990556,40.991916,40.116678,39.328002,39.318384,39.81852,40.8765,39.491508,38.52009,41.40549,37.94301,38.750922,38.510472,39.28953,41.30931,41.241984,43.213674,39.222204,37.587144,39.328002,37.212042,37.183188,37.26975,38.27964
47187,34.644036,35.990556,40.991916,40.116678,39.328002,39.318384,39.81852,40.8765,39.491508,38.52009,41.40549,37.94301,38.750922,38.510472,39.28953,41.30931,41.241984,43.213674,39.222204,37.587144,39.328002,37.212042,37.183188,37.26975,38.27964
47189,34.644036,35.990556,40.991916,40.116678,39.328002,39.318384,39.81852,40.8765,39.491508,38.52009,41.40549,37.94301,38.750922,38.510472,39.28953,41.30931,41.241984,43.213674,39.222204,37.587144,39.328002,37.212042,37.183188,37.26975,38.27964
48001,34.644036,35.990556,40.991916,40.116678,39.328002,39.318384,39.81852,40.8765,39.491508,38.52009,41.40549,37.94301,38.750922,38.510472,39.28953,41.30931,41.241984,43.213674,39.222204,37.587144,39.328002,37.212042,37.183188,37.26975,38.27964
48003,34.644036,35.990556,40.991916,40.116678,39.328002,39.318384,39.81852,40.8765,39.491508,38.52009,41.40549,37.94301,38.750922,38.510472,39.28953,41.30931,41.241984,43.213674,39.222204,37.587144,39.328002,37.212042,37.183188,37.26975,38.27964
48005,34.644036,35.990556,40.991916,40.116678,39.328002,39.318384,39.81852,40.8765,39.491508,38.52009,41.40549,37.94301,38.750922,38.510472,39.28953,41.30931,41.241984,43.213674,39.222204,37.587144,39.328002,37.212042,37.183188,37.26975,38.27964
48007,34.644036,35.990556,40.991916,40.116678,39.328002,39.318384,39.81852,40.8765,39.491508,38.52009,41.40549,37.94301,38.750922,38.510472,39.28953,41.30931,41.241984,43.213674,39.222204,37.587144,39.328002,37.212042,37.183188,37.26975,38.27964
48009,34.644036,35.990556,40.991916,40.116678,39.328002,39.318384,39.81852,40.8765,39.491508,38.52009,41.40549,37.94301,38.750922,38.510472,39.28953,41.30931,41.241984,43.213674,39.222204,37.587144,39.328002,37.212042,37.183188,37.26975,38.27964
48011,34.644036,35.990556,40.991916,40.116678,39.328002,39.318384,39.81852,40.8765,39.491508,38.52009,41.40549,37.94301,38.750922,38.510472,39.28953,41.30931,41.241984,43.213674,39.222204,37.587144,39.328002,37.212042,37.183188,37.26975,38.27964
48013,34.644036,35.990556,40.991916,40.116678,39.328002,39.318384,39.81852,40.8765,39.491508,38.52009,41.40549,37.94301,38.750922,38.510472,39.28953,41.30931,41.241984,43.213674,39.222204,37.587144,39.328002,37.212042,37.183188,37.26975,38.27964
48015,34.644036,35.990556,40.991916,40.116678,39.328002,39.318384,39.81852,40.8765,39.491508,38.52009,41.40549,37.94301,38.750922,38.510472,39.28953,41.30931,41.241984,43.213674,39.222204,37.587144,39.328002,37.212042,37.183188,37.26975,38.27964
48017,34.644036,35.990556,40.991916,40.116678,39.328002,39.318384,39.81852,40.8765,39.491508,38.52009,41.40549,37.94301,38.750922,38.510472,39.28953,41.30931,41.241984,43.213674,39.222204,37.587144,39.328002,37.212042,37.183188,37.26975,38.27964
48019,34.644036,35.990556,40.991916,40.116678,39.328002,39.318384,39.81852,40.8765,39.491508,38.52009,41.40549,37.94301,38.750922,38.510472,39.28953,41.30931,41.241984,43.213674,39.222204,37.587144,39.328002,37.212042,37.183188,37.26975,38.27964
48021,34.644036,35.990556,40.991916,40.116678,39.328002,39.318384,39.81852,40.8765,39.491508,38.52009,41.40549,37.94301,38.750922,38.510472,39.28953,41.30931,41.241984,43.213674,39.222204,37.587144,39.328002,37.212042,37.183188,37.26975,38.27964
48023,34.644036,35.990556,40.991916,40.116678,39.328002,39.318384,39.81852,40.8765,39.491508,38.52009,41.40549,37.94301,38.750922,38.510472,39.28953,41.30931,41.241984,43.213674,39.222204,37.587144,39.328002,37.212042,37.183188,37.26975,38.27964
48025,34.644036,35.990556,40.991916,40.116678,39.328002,39.318384,39.81852,40.8765,39.491508,38.52009,41.40549,37.94301,38.750922,38.510472,39.28953,41.30931,41.241984,43.213674,39.222204,37.587144,39.328002,37.212042,37.183188,37.26975,38.27964
48027,34.644036,35.990556,40.991916,40.116678,39.328002,39.318384,39.81852,40.8765,39.491508,38.52009,41.40549,37.94301,38.750922,38.510472,39.28953,41.30931,41.241984,43.213674,39.222204,37.587144,39.328002,37.212042,37.183188,37.26975,38.27964
48029,34.644036,35.990556,40.991916,40.116678,39.328002,39.318384,39.81852,40.8765,39.491508,38.52009,41.40549,37.94301,38.750922,38.510472,39.28953,41.30931,41.241984,43.213674,39.222204,37.587144,39.328002,37.212042,37.183188,37.26975,38.27964
48031,34.644036,35.990556,40.991916,40.116678,39.328002,39.318384,39.81852,40.8765,39.491508,38.52009,41.40549,37.94301,38.750922,38.510472,39.28953,41.30931,41.241984,43.213674,39.222204,37.587144,39.328002,37.212042,37.183188,37.26975,38.27964
48033,34.644036,35.990556,40.991916,40.116678,39.328002,39.318384,39.81852,40.8765,39.491508,38.52009,41.40549,37.94301,38.750922,38.510472,39.28953,41.30931,41.241984,43.213674,39.222204,37.587144,39.328002,37.212042,37.183188,37.26975,38.27964
48035,34.644036,35.990556,40.991916,40.116678,39.328002,39.318384,39.81852,40.8765,39.491508,38.52009,41.40549,37.94301,38.750922,38.510472,39.28953,41.30931,41.241984,43.213674,39.222204,37.587144,39.328002,37.212042,37.183188,37.26975,38.27964
48037,34.644036,35.990556,40.991916,40.116678,39.328002,39.318384,39.81852,40.8765,39.491508,38.52009,41.40549,37.94301,38.750922,38.510472,39.28953,41.30931,41.241984,43.213674,39.222204,37.587144,39.328002,37.212042,37.183188,37.26975,38.27964
48039,34.644036,35.990556,40.991916,40.116678,39.328002,39.318384,39.81852,40.8765,39.491508,38.52009,41.40549,37.94301,38.750922,38.510472,39.28953,41.30931,41.241984,43.213674,39.222204,37.587144,39.328002,37.212042,37.183188,37.26975,38.27964
48041,34.644036,35.990556,40.991916,40.116678,39.328002,39.318384,39.81852,40.8765,39.491508,38.52009,41.40549,37.94301,38.750922,38.510472,39.28953,41.30931,41.241984,43.213674,39.222204,37.587144,39.328002,37.212042,37.183188,37.26975,38.27964
48043,34.644036,35.990556,40.991916,40.116678,39.328002,39.318384,39.81852,40.8765,39.491508,38.52009,41.40549,37.94301,38.750922,38.510472,39.28953,41.30931,41.241984,43.213674,39.222204,37.587144,39.328002,37.212042,37.183188,37.26975,38.27964
48045,34.644036,35.990556,40.991916,40.116678,39.328002,39.318384,39.81852,40.8765,39.491508,38.52009,41.40549,37.94301,38.750922,38.510472,39.28953,41.30931,41.241984,43.213674,39.222204,37.587144,39.328002,37.212042,37.183188,37.26975,38.27964
48047,34.644036,35.990556,40.991916,40.116678,39.328002,39.318384,39.81852,40.8765,39.491508,38.52009,41.40549,37.94301,38.750922,38.510472,39.28953,41.30931,41.241984,43.213674,39.222204,37.587144,39.328002,37.212042,37.183188,37.26975,38.27964
48049,34.644036,35.990556,40.991916,40.116678,39.328002,39.318384,39.81852,40.8765,39.491508,38.52009,41.40549,37.94301,38.750922,38.510472,39.28953,41.30931,41.241984,43.213674,39.222204,37.587144,39.328002,37.212042,37.183188,37.26975,38.27964
48051,34.644036,35.990556,40.991916,40.116678,39.328002,39.318384,39.81852,40.8765,39.491508,38.52009,41.40549,37.94301,38.750922,38.510472,39.28953,41.30931,41.241984,43.213674,39.222204,37.587144,39.328002,37.212042,37.183188,37.26975,38.27964
48053,34.644036,35.990556,40.991916,40.116678,39.328002,39.318384,39.81852,40.8765,39.491508,38.52009,41.40549,37.94301,38.750922,38.510472,39.28953,41.30931,41.241984,43.213674,39.222204,37.587144,39.328002,37.212042,37.183188,37.26975,38.27964
48055,34.644036,35.990556,40.991916,40.116678,39.328002,39.318384,39.81852,40.8765,39.491508,38.52009,41.40549,37.94301,38.750922,38.510472,39.28953,41.30931,41.241984,43.213674,39.222204,37.587144,39.328002,37.212042,37.183188,37.26975,38.27964
48057,34.644036,35.990556,40.991916,40.116678,39.328002,39.318384,39.81852,40.8765,39.491508,38.52009,41.40549,37.94301,38.750922,38.510472,39.28953,41.30931,41.241984,43.213674,39.222204,37.587144,39.328002,37.212042,37.183188,37.26975,38.27964
48059,34.644036,35.990556,40.991916,40.116678,39.328002,39.318384,39.81852,40.8765,39.491508,38.52009,41.40549,37.94301,38.750922,38.510472,39.28953,41.30931,41.241984,43.213674,39.222204,37.587144,39.328002,37.212042,37.183188,37.26975,38.27964
48061,34.644036,35.990556,40.991916,40.116678,39.328002,39.318384,39.81852,40.8765,39.491508,38.52009,41.40549,37.94301,38.750922,38.510472,39.28953,41.30931,41.241984,43.213674,39.222204,37.587144,39.328002,37.212042,37.183188,37.26975,38.27964
48063,34.644036,35.990556,40.991916,40.116678,39.328002,39.318384,39.81852,40.8765,39.491508,38.52009,41.40549,37.94301,38.750922,38.510472,39.28953,41.30931,41.241984,43.213674,39.222204,37.587144,39.328002,37.212042,37.183188,37.26975,38.27964
48065,34.644036,35.990556,40.991916,40.116678,39.328002,39.318384,39.81852,40.8765,39.491508,38.52009,41.40549,37.94301,38.750922,38.510472,39.28953,41.30931,41.241984,43.213674,39.222204,37.587144,39.328002,37.212042,37.183188,37.26975,38.27964
48067,34.644036,35.990556,40.991916,40.116678,39.328002,39.318384,39.81852,40.8765,39.491508,38.52009,41.40549,37.94301,38.750922,38.510472,39.28953,41.30931,41.241984,43.213674,39.222204,37.587144,39.328002,37.212042,37.183188,37.26975,38.27964
48069,34.644036,35.990556,40.991916,40.116678,39.328002,39.318384,39.81852,40.8765,39.491508,38.52009,41.40549,37.94301,38.750922,38.510472,39.28953,41.30931,41.241984,43.213674,39.222204,37.587144,39.328002,37.212042,37.183188,37.26975,38.27964
48071,34.644036,35.990556,40.991916,40.116678,39.328002,39.318384,39.81852,40.8765,39.491508,38.52009,41.40549,37.94301,38.750922,38.510472,39.28953,41.30931,41.241984,43.213674,39.222204,37.587144,39.328002,37.212042,37.183188,37.26975,38.27964
48073,34.644036,35.990556,40.991916,40.116678,39.328002,39.318384,39.81852,40.8765,39.491508,38.52009,41.40549,37.94301,38.750922,38.510472,39.28953,41.30931,41.241984,43.213674,39.222204,37.587144,39.328002,37.212042,37.183188,37.26975,38.27964
48075,34.644036,35.990556,40.991916,40.116678,39.328002,39.318384,39.81852,40.8765,39.491508,38.52009,41.40549,37.94301,38.750922,38.510472,39.28953,41.30931,41.241984,43.213674,39.222204,37.587144,39.328002,37.212042,37.183188,37.26975,38.27964
48077,34.644036,35.990556,40.991916,40.116678,39.328002,39.318384,39.81852,40.8765,39.491508,38.52009,41.40549,37.94301,38.750922,38.510472,39.28953,41.30931,41.241984,43.213674,39.222204,37.587144,39.328002,37.212042,37.183188,37.26975,38.27964
48079,34.644036,35.990556,40.991916,40.116678,39.328002,39.318384,39.81852,40.8765,39.491508,38.52009,41.40549,37.94301,38.750922,38.510472,39.28953,41.30931,41.241984,43.213674,39.222204,37.587144,39.328002,37.212042,37.183188,37.26975,38.27964
48081,34.644036,35.990556,40.991916,40.116678,39.328002,39.318384,39.81852,40.8765,39.491508,38.52009,41.40549,37.94301,38.750922,38.510472,39.28953,41.30931,41.241984,43.213674,39.222204,37.587144,39.328002,37.212042,37.183188,37.26975,38.27964
48083,34.644036,35.990556,40.991916,40.116678,39.328002,39.318384,39.81852,40.8765,39.491508,38.52009,41.40549,37.94301,38.750922,38.510472,39.28953,41.30931,41.241984,43.213674,39.222204,37.587144,39.328002,37.212042,37.183188,37.26975,38.27964
48085,34.644036,35.990556,40.991916,40.116678,39.328002,39.318384,39.81852,40.8765,39.491508,38.52009,41.40549,37.94301,38.750922,38.510472,39.28953,41.30931,41.241984,43.213674,39.222204,37.587144,39.328002,37.212042,37.183188,37.26975,38.27964
48087,34.644036,35.990556,40.991916,40.116678,39.328002,39.318384,39.81852,40.8765,39.491508,38.52009,41.40549,37.94301,38.750922,38.510472,39.28953,41.30931,41.241984,43.213674,39.222204,37.587144,39.328002,37.212042,37.183188,37.26975,38.27964
48089,34.644036,35.990556,40.991916,40.116678,39.328002,39.318384,39.81852,40.8765,39.491508,38.52009,41.40549,37.94301,38.750922,38.510472,39.28953,41.30931,41.241984,43.213674,39.222204,37.587144,39.328002,37.212042,37.183188,37.26975,38.27964
48091,34.644036,35.990556,40.991916,40.116678,39.328002,39.318384,39.81852,40.8765,39.491508,38.52009,41.40549,37.94301,38.750922,38.510472,39.28953,41.30931,41.241984,43.213674,39.222204,37.587144,39.328002,37.212042,37.183188,37.26975,38.27964
48093,34.644036,35.990556,40.991916,40.116678,39.328002,39.318384,39.81852,40.8765,39.491508,38.52009,41.40549,37.94301,38.750922,38.510472,39.28953,41.30931,41.241984,43.213674,39.222204,37.587144,39.328002,37.212042,37.183188,37.26975,38.27964
48095,34.644036,35.990556,40.991916,40.116678,39.328002,39.318384,39.81852,40.8765,39.491508,38.52009,41.40549,37.94301,38.750922,38.510472,39.28953,41.30931,41.241984,43.213674,39.222204,37.587144,39.328002,37.212042,37.183188,37.26975,38.27964
48097,34.644036,35.990556,40.991916,40.116678,39.328002,39.318384,39.81852,40.8765,39.491508,38.52009,41.40549,37.94301,38.750922,38.510472,39.28953,41.30931,41.241984,43.213674,39.222204,37.587144,39.328002,37.212042,37.183188,37.26975,38.27964
48099,34.644036,35.990556,40.991916,40.116678,39.328002,39.318384,39.81852,40.8765,39.491508,38.52009,41.40549,37.94301,38.750922,38.510472,39.28953,41.30931,41.241984,43.213674,39.222204,37.587144,39.328002,37.212042,37.183188,37.26975,38.27964
48101,34.644036,35.990556,40.991916,40.116678,39.328002,39.318384,39.81852,40.8765,39.491508,38.52009,41.40549,37.94301,38.750922,38.510472,39.28953,41.30931,41.241984,43.213674,39.222204,37.587144,39.328002,37.212042,37.183188,37.26975,38.27964
48103,34.644036,35.990556,40.991916,40.116678,39.328002,39.318384,39.81852,40.8765,39.491508,38.52009,41.40549,37.94301,38.750922,38.510472,39.28953,41.30931,41.241984,43.213674,39.222204,37.587144,39.328002,37.212042,37.183188,37.26975,38.27964
48105,34.644036,35.990556,40.991916,40.116678,39.328002,39.318384,39.81852,40.8765,39.491508,38.52009,41.40549,37.94301,38.750922,38.510472,39.28953,41.30931,41.241984,43.213674,39.222204,37.587144,39.328002,37.212042,37.183188,37.26975,38.27964
48107,34.644036,35.990556,40.991916,40.116678,39.328002,39.318384,39.81852,40.8765,39.491508,38.52009,41.40549,37.94301,38.750922,38.510472,39.28953,41.30931,41.241984,43.213674,39.222204,37.587144,39.328002,37.212042,37.183188,37.26975,38.27964
48109,34.644036,35.990556,40.991916,40.116678,39.328002,39.318384,39.81852,40.8765,39.491508,38.52009,41.40549,37.94301,38.750922,38.510472,39.28953,41.30931,41.241984,43.213674,39.222204,37.587144,39.328002,37.212042,37.183188,37.26975,38.27964
48111,34.644036,35.990556,40.991916,40.116678,39.328002,39.318384,39.81852,40.8765,39.491508,38.52009,41.40549,37.94301,38.750922,38.510472,39.28953,41.30931,41.241984,43.213674,39.222204,37.587144,39.328002,37.212042,37.183188,37.26975,38.27964
48113,34.644036,35.990556,40.991916,40.116678,39.328002,39.318384,39.81852,40.8765,39.491508,38.52009,41.40549,37.94301,38.750922,38.510472,39.28953,41.30931,41.241984,43.213674,39.222204,37.587144,39.328002,37.212042,37.183188,37.26975,38.27964
48115,34.644036,35.990556,40.991916,40.116678,39.328002,39.318384,39.81852,40.8765,39.491508,38.52009,41.40549,37.94301,38.750922,38.510472,39.28953,41.30931,41.241984,43.213674,39.222204,37.587144,39.328002,37.212042,37.183188,37.26975,38.27964
48117,34.644036,35.990556,40.991916,40.116678,39.328002,39.318384,39.81852,40.8765,39.491508,38.52009,41.40549,37.94301,38.750922,38.510472,39.28953,41.30931,41.241984,43.213674,39.222204,37.587144,39.328002,37.212042,37.183188,37.26975,38.27964
48119,34.644036,35.990556,40.991916,40.116678,39.328002,39.318384,39.81852,40.8765,39.491508,38.52009,41.40549,37.94301,38.750922,38.510472,39.28953,41.30931,41.241984,43.213674,39.222204,37.587144,39.328002,37.212042,37.183188,37.26975,38.27964
48121,34.644036,35.990556,40.991916,40.116678,39.328002,39.318384,39.81852,40.8765,39.491508,38.52009,41.40549,37.94301,38.750922,38.510472,39.28953,41.30931,41.241984,43.213674,39.222204,37.587144,39.328002,37.212042,37.183188,37.26975,38.27964
48123,34.644036,35.990556,40.991916,40.116678,39.328002,39.318384,39.81852,40.8765,39.491508,38.52009,41.40549,37.94301,38.750922,38.510472,39.28953,41.30931,41.241984,43.213674,39.222204,37.587144,39.328002,37.212042,37.183188,37.26975,38.27964
48125,34.644036,35.990556,40.991916,40.116678,39.328002,39.318384,39.81852,40.8765,39.491508,38.52009,41.40549,37.94301,38.750922,38.510472,39.28953,41.30931,41.241984,43.213674,39.222204,37.587144,39.328002,37.212042,37.183188,37.26975,38.27964
48127,34.644036,35.990556,40.991916,40.116678,39.328002,39.318384,39.81852,40.8765,39.491508,38.52009,41.40549,37.94301,38.750922,38.510472,39.28953,41.30931,41.241984,43.213674,39.222204,37.587144,39.328002,37.212042,37.183188,37.26975,38.27964
48129,34.644036,35.990556,40.991916,40.116678,39.328002,39.318384,39.81852,40.8765,39.491508,38.52009,41.40549,37.94301,38.750922,38.510472,39.28953,41.30931,41.241984,43.213674,39.222204,37.587144,39.328002,37.212042,37.183188,37.26975,38.27964
48131,34.644036,35.990556,40.991916,40.116678,39.328002,39.318384,39.81852,40.8765,39.491508,38.52009,41.40549,37.94301,38.750922,38.510472,39.28953,41.30931,41.241984,43.213674,39.222204,37.587144,39.328002,37.212042,37.183188,37.26975,38.27964
48133,34.644036,35.990556,40.991916,40.116678,39.328002,39.318384,39.81852,40.8765,39.491508,38.52009,41.40549,37.94301,38.750922,38.510472,39.28953,41.30931,41.241984,43.213674,39.222204,37.587144,39.328002,37.212042,37.183188,37.26975,38.27964
48135,34.644036,35.990556,40.991916,40.116678,39.328002,39.318384,39.81852,40.8765,39.491508,38.52009,41.40549,37.94301,38.750922,38.510472,39.28953,41.30931,41.241984,43.213674,39.222204,37.587144,39.328002,37.212042,37.183188,37.26975,38.27964
48137,34.644036,35.990556,40.991916,40.116678,39.328002,39.318384,39.81852,40.8765,39.491508,38.52009,41.40549,37.94301,38.750922,38.510472,39.28953,41.30931,41.241984,43.213674,39.222204,37.587144,39.328002,37.212042,37.183188,37.26975,38.27964
48139,34.644036,35.990556,40.991916,40.116678,39.328002,39.318384,39.81852,40.8765,39.491508,38.52009,41.40549,37.94301,38.750922,38.510472,39.28953,41.30931,41.241984,43.213674,39.222204,37.587144,39.328002,37.212042,37.183188,37.26975,38.27964
48141,34.644036,35.990556,40.991916,40.116678,39.328002,39.318384,39.81852,40.8765,39.491508,38.52009,41.40549,37.94301,38.750922,38.510472,39.28953,41.30931,41.241984,43.213674,39.222204,37.587144,39.328002,37.212042,37.183188,37.26975,38.27964
48143,34.644036,35.990556,40.991916,40.116678,39.328002,39.318384,39.81852,40.8765,39.491508,38.52009,41.40549,37.94301,38.750922,38.510472,39.28953,41.30931,41.241984,43.213674,39.222204,37.587144,39.328002,37.212042,37.183188,37.26975,38.27964
48145,34.644036,35.990556,40.991916,40.116678,39.328002,39.318384,39.81852,40.8765,39.491508,38.52009,41.40549,37.94301,38.750922,38.510472,39.28953,41.30931,41.241984,43.213674,39.222204,37.587144,39.328002,37.212042,37.183188,37.26975,38.27964
48147,34.644036,35.990556,40.991916,40.116678,39.328002,39.318384,39.81852,40.8765,39.491508,38.52009,41.40549,37.94301,38.750922,38.510472,39.28953,41.30931,41.241984,43.213674,39.222204,37.587144,39.328002,37.212042,37.183188,37.26975,38.27964
48149,34.644036,35.990556,40.991916,40.116678,39.328002,39.318384,39.81852,40.8765,39.491508,38.52009,41.40549,37.94301,38.750922,38.510472,39.28953,41.30931,41.241984,43.213674,39.222204,37.587144,39.328002,37.212042,37.183188,37.26975,38.27964
48151,34.644036,35.990556,40.991916,40.116678,39.328002,39.318384,39.81852,40.8765,39.491508,38.52009,41.40549,37.94301,38.750922,38.510472,39.28953,41.30931,41.241984,43.213674,39.222204,37.587144,39.328002,37.212042,37.183188,37.26975,38.27964
48153,34.644036,35.990556,40.991916,40.116678,39.328002,39.318384,39.81852,40.8765,39.491508,38.52009,41.40549,37.94301,38.750922,38.510472,39.28953,41.30931,41.241984,43.213674,39.222204,37.587144,39.328002,37.212042,37.183188,37.26975,38.27964
48155,34.644036,35.990556,40.991916,40.116678,39.328002,39.318384,39.81852,40.8765,39.491508,38.52009,41.40549,37.94301,38.750922,38.510472,39.28953,41.30931,41.241984,43.213674,39.222204,37.587144,39.328002,37.212042,37.183188,37.26975,38.27964
48157,34.644036,35.990556,40.991916,40.116678,39.328002,39.318384,39.81852,40.8765,39.491508,38.52009,41.40549,37.94301,38.750922,38.510472,39.28953,41.30931,41.241984,43.213674,39.222204,37.587144,39.328002,37.212042,37.183188,37.26975,38.27964
48159,34.644036,35.990556,40.991916,40.116678,39.328002,39.318384,39.81852,40.8765,39.491508,38.52009,41.40549,37.94301,38.750922,38.510472,39.28953,41.30931,41.241984,43.213674,39.222204,37.587144,39.328002,37.212042,37.183188,37.26975,38.27964
48161,34.644036,35.990556,40.991916,40.116678,39.328002,39.318384,39.81852,40.8765,39.491508,38.52009,41.40549,37.94301,38.750922,38.510472,39.28953,41.30931,41.241984,43.213674,39.222204,37.587144,39.328002,37.212042,37.183188,37.26975,38.27964
48163,34.644036,35.990556,40.991916,40.116678,39.328002,39.318384,39.81852,40.8765,39.491508,38.52009,41.40549,37.94301,38.750922,38.510472,39.28953,41.30931,41.241984,43.213674,39.222204,37.587144,39.328002,37.212042,37.183188,37.26975,38.27964
48165,34.644036,35.990556,40.991916,40.116678,39.328002,39.318384,39.81852,40.8765,39.491508,38.52009,41.40549,37.94301,38.750922,38.510472,39.28953,41.30931,41.241984,43.213674,39.222204,37.587144,39.328002,37.212042,37.183188,37.26975,38.27964
48167,34.644036,35.990556,40.991916,40.116678,39.328002,39.318384,39.81852,40.8765,39.491508,38.52009,41.40549,37.94301,38.750922,38.510472,39.28953,41.30931,41.241984,43.213674,39.222204,37.587144,39.328002,37.212042,37.183188,37.26975,38.27964
48169,34.644036,35.990556,40.991916,40.116678,39.328002,39.318384,39.81852,40.8765,39.491508,38.52009,41.40549,37.94301,38.750922,38.510472,39.28953,41.30931,41.241984,43.213674,39.222204,37.587144,39.328002,37.212042,37.183188,37.26975,38.27964
48171,34.644036,35.990556,40.991916,40.116678,39.328002,39.318384,39.81852,40.8765,39.491508,38.52009,41.40549,37.94301,38.750922,38.510472,39.28953,41.30931,41.241984,43.213674,39.222204,37.587144,39.328002,37.212042,37.183188,37.26975,38.27964
48173,34.644036,35.990556,40.991916,40.116678,39.328002,39.318384,39.81852,40.8765,39.491508,38.52009,41.40549,37.94301,38.750922,38.510472,39.28953,41.30931,41.241984,43.213674,39.222204,37.587144,39.328002,37.212042,37.183188,37.26975,38.27964
48175,34.644036,35.990556,40.991916,40.116678,39.328002,39.318384,39.81852,40.8765,39.491508,38.52009,41.40549,37.94301,38.750922,38.510472,39.28953,41.30931,41.241984,43.213674,39.222204,37.587144,39.328002,37.212042,37.183188,37.26975,38.27964
48177,34.644036,35.990556,40.991916,40.116678,39.328002,39.318384,39.81852,40.8765,39.491508,38.52009,41.40549,37.94301,38.750922,38.510472,39.28953,41.30931,41.241984,43.213674,39.222204,37.587144,39.328002,37.212042,37.183188,37.26975,38.27964
48179,34.644036,35.990556,40.991916,40.116678,39.328002,39.318384,39.81852,40.8765,39.491508,38.52009,41.40549,37.94301,38.750922,38.510472,39.28953,41.30931,41.241984,43.213674,39.222204,37.587144,39.328002,37.212042,37.183188,37.26975,38.27964
48181,34.644036,35.990556,40.991916,40.116678,39.328002,39.318384,39.81852,40.8765,39.491508,38.52009,41.40549,37.94301,38.750922,38.510472,39.28953,41.30931,41.241984,43.213674,39.222204,37.587144,39.328002,37.212042,37.183188,37.26975,38.27964
48183,34.644036,35.990556,40.991916,40.116678,39.328002,39.318384,39.81852,40.8765,39.491508,38.52009,41.40549,37.94301,38.750922,38.510472,39.28953,41.30931,41.241984,43.213674,39.222204,37.587144,39.328002,37.212042,37.183188,37.26975,38.27964
48185,34.644036,35.990556,40.991916,40.116678,39.328002,39.318384,39.81852,40.8765,39.491508,38.52009,41.40549,37.94301,38.750922,38.510472,39.28953,41.30931,41.241984,43.213674,39.222204,37.587144,39.328002,37.212042,37.183188,37.26975,38.27964
48187,34.644036,35.990556,40.991916,40.116678,39.328002,39.318384,39.81852,40.8765,39.491508,38.52009,41.40549,37.94301,38.750922,38.510472,39.28953,41.30931,41.241984,43.213674,39.222204,37.587144,39.328002,37.212042,37.183188,37.26975,38.27964
48189,34.644036,35.990556,40.991916,40.116678,39.328002,39.318384,39.81852,40.8765,39.491508,38.52009,41.40549,37.94301,38.750922,38.510472,39.28953,41.30931,41.241984,43.213674,39.222204,37.587144,39.328002,37.212042,37.183188,37.26975,38.27964
48191,34.644036,35.990556,40.991916,40.116678,39.328002,39.318384,39.81852,40.8765,39.491508,38.52009,41.40549,37.94301,38.750922,38.510472,39.28953,41.30931,41.241984,43.213674,39.222204,37.587144,39.328002,37.212042,37.183188,37.26975,38.27964
48193,34.644036,35.990556,40.991916,40.116678,39.328002,39.318384,39.81852,40.8765,39.491508,38.52009,41.40549,37.94301,38.750922,38.510472,39.28953,41.30931,41.241984,43.213674,39.222204,37.587144,39.328002,37.212042,37.183188,37.26975,38.27964
48195,34.644036,35.990556,40.991916,40.116678,39.328002,39.318384,39.81852,40.8765,39.491508,38.52009,41.40549,37.94301,38.750922,38.510472,39.28953,41.30931,41.241984,43.213674,39.222204,37.587144,39.328002,37.212042,37.183188,37.26975,38.27964
48197,34.644036,35.990556,40.991916,40.116678,39.328002,39.318384,39.81852,40.8765,39.491508,38.52009,41.40549,37.94301,38.750922,38.510472,39.28953,41.30931,41.241984,43.213674,39.222204,37.587144,39.328002,37.212042,37.183188,37.26975,38.27964
48199,34.644036,35.990556,40.991916,40.116678,39.328002,39.318384,39.81852,40.8765,39.491508,38.52009,41.40549,37.94301,38.750922,38.510472,39.28953,41.30931,41.241984,43.213674,39.222204,37.587144,39.328002,37.212042,37.183188,37.26975,38.27964
48201,34.644036,35.990556,40.991916,40.116678,39.328002,39.318384,39.81852,40.8765,39.491508,38.52009,41.40549,37.94301,38.750922,38.510472,39.28953,41.30931,41.241984,43.213674,39.222204,37.587144,39.328002,37.212042,37.183188,37.26975,38.27964
48203,34.644036,35.990556,40.991916,40.116678,39.328002,39.318384,39.81852,40.8765,39.491508,38.52009,41.40549,37.94301,38.750922,38.510472,39.28953,41.30931,41.241984,43.213674,39.222204,37.587144,39.328002,37.212042,37.183188,37.26975,38.27964
48205,34.644036,35.990556,40.991916,40.116678,39.328002,39.318384,39.81852,40.8765,39.491508,38.52009,41.40549,37.94301,38.750922,38.510472,39.28953,41.30931,41.241984,43.213674,39.222204,37.587144,39.328002,37.212042,37.183188,37.26975,38.27964
48207,34.644036,35.990556,40.991916,40.116678,39.328002,39.318384,39.81852,40.8765,39.491508,38.52009,41.40549,37.94301,38.750922,38.510472,39.28953,41.30931,41.241984,43.213674,39.222204,37.587144,39.328002,37.212042,37.183188,37.26975,38.27964
48209,34.644036,35.990556,40.991916,40.116678,39.328002,39.318384,39.81852,40.8765,39.491508,38.52009,41.40549,37.94301,38.750922,38.510472,39.28953,41.30931,41.241984,43.213674,39.222204,37.587144,39.328002,37.212042,37.183188,37.26975,38.27964
48211,34.644036,35.990556,40.991916,40.116678,39.328002,39.318384,39.81852,40.8765,39.491508,38.52009,41.40549,37.94301,38.750922,38.510472,39.28953,41.30931,41.241984,43.213674,39.222204,37.587144,39.328002,37.212042,37.183188,37.26975,38.27964
48213,34.644036,35.990556,40.991916,40.116678,39.328002,39.318384,39.81852,40.8765,39.491508,38.52009,41.40549,37.94301,38.750922,38.510472,39.28953,41.30931,41.241984,43.213674,39.222204,37.587144,39.328002,37.212042,37.183188,37.26975,38.27964
48215,34.644036,35.990556,40.991916,40.116678,39.328002,39.318384,39.81852,40.8765,39.491508,38.52009,41.40549,37.94301,38.750922,38.510472,39.28953,41.30931,41.241984,43.213674,39.222204,37.587144,39.328002,37.212042,37.183188,37.26975,38.27964
48217,34.644036,35.990556,40.991916,40.116678,39.328002,39.318384,39.81852,40.8765,39.491508,38.52009,41.40549,37.94301,38.750922,38.510472,39.28953,41.30931,41.241984,43.213674,39.222204,37.587144,39.328002,37.212042,37.183188,37.26975,38.27964
48219,34.644036,35.990556,40.991916,40.116678,39.328002,39.318384,39.81852,40.8765,39.491508,38.52009,41.40549,37.94301,38.750922,38.510472,39.28953,41.30931,41.241984,43.213674,39.222204,37.587144,39.328002,37.212042,37.183188,37.26975,38.27964
48221,34.644036,35.990556,40.991916,40.116678,39.328002,39.318384,39.81852,40.8765,39.491508,38.52009,41.40549,37.94301,38.750922,38.510472,39.28953,41.30931,41.241984,43.213674,39.222204,37.587144,39.328002,37.212042,37.183188,37.26975,38.27964
48223,34.644036,35.990556,40.991916,40.116678,39.328002,39.318384,39.81852,40.8765,39.491508,38.52009,41.40549,37.94301,38.750922,38.510472,39.28953,41.30931,41.241984,43.213674,39.222204,37.587144,39.328002,37.212042,37.183188,37.26975,38.27964
48225,34.644036,35.990556,40.991916,40.116678,39.328002,39.318384,39.81852,40.8765,39.491508,38.52009,41.40549,37.94301,38.750922,38.510472,39.28953,41.30931,41.241984,43.213674,39.222204,37.587144,39.328002,37.212042,37.183188,37.26975,38.27964
48227,34.644036,35.990556,40.991916,40.116678,39.328002,39.318384,39.81852,40.8765,39.491508,38.52009,41.40549,37.94301,38.750922,38.510472,39.28953,41.30931,41.241984,43.213674,39.222204,37.587144,39.328002,37.212042,37.183188,37.26975,38.27964
48229,34.644036,35.990556,40.991916,40.116678,39.328002,39.318384,39.81852,40.8765,39.491508,38.52009,41.40549,37.94301,38.750922,38.510472,39.28953,41.30931,41.241984,43.213674,39.222204,37.587144,39.328002,37.212042,37.183188,37.26975,38.27964
48231,34.644036,35.990556,40.991916,40.116678,39.328002,39.318384,39.81852,40.8765,39.491508,38.52009,41.40549,37.94301,38.750922,38.510472,39.28953,41.30931,41.241984,43.213674,39.222204,37.587144,39.328002,37.212042,37.183188,37.26975,38.27964
48233,34.644036,35.990556,40.991916,40.116678,39.328002,39.318384,39.81852,40.8765,39.491508,38.52009,41.40549,37.94301,38.750922,38.510472,39.28953,41.30931,41.241984,43.213674,39.222204,37.587144,39.328002,37.212042,37.183188,37.26975,38.27964
48235,34.644036,35.990556,40.991916,40.116678,39.328002,39.318384,39.81852,40.8765,39.491508,38.52009,41.40549,37.94301,38.750922,38.510472,39.28953,41.30931,41.241984,43.213674,39.222204,37.587144,39.328002,37.212042,37.183188,37.26975,38.27964
48237,34.644036,35.990556,40.991916,40.116678,39.328002,39.318384,39.81852,40.8765,39.491508,38.52009,41.40549,37.94301,38.750922,38.510472,39.28953,41.30931,41.241984,43.213674,39.222204,37.587144,39.328002,37.212042,37.183188,37.26975,38.27964
48239,34.644036,35.990556,40.991916,40.116678,39.328002,39.318384,39.81852,40.8765,39.491508,38.52009,41.40549,37.94301,38.750922,38.510472,39.28953,41.30931,41.241984,43.213674,39.222204,37.587144,39.328002,37.212042,37.183188,37.26975,38.27964
48241,34.644036,35.990556,40.991916,40.116678,39.328002,39.318384,39.81852,40.8765,39.491508,38.52009,41.40549,37.94301,38.750922,38.510472,39.28953,41.30931,41.241984,43.213674,39.222204,37.587144,39.328002,37.212042,37.183188,37.26975,38.27964
48243,34.644036,35.990556,40.991916,40.116678,39.328002,39.318384,39.81852,40.8765,39.491508,38.52009,41.40549,37.94301,38.750922,38.510472,39.28953,41.30931,41.241984,43.213674,39.222204,37.587144,39.328002,37.212042,37.183188,37.26975,38.27964
48245,34.644036,35.990556,40.991916,40.116678,39.328002,39.318384,39.81852,40.8765,39.491508,38.52009,41.40549,37.94301,38.750922,38.510472,39.28953,41.30931,41.241984,43.213674,39.222204,37.587144,39.328002,37.212042,37.183188,37.26975,38.27964
48247,34.644036,35.990556,40.991916,40.116678,39.328002,39.318384,39.81852,40.8765,39.491508,38.52009,41.40549,37.94301,38.750922,38.510472,39.28953,41.30931,41.241984,43.213674,39.222204,37.587144,39.328002,37.212042,37.183188,37.26975,38.27964
48249,34.644036,35.990556,40.991916,40.116678,39.328002,39.318384,39.81852,40.8765,39.491508,38.52009,41.40549,37.94301,38.750922,38.510472,39.28953,41.30931,41.241984,43.213674,39.222204,37.587144,39.328002,37.212042,37.183188,37.26975,38.27964
48251,34.644036,35.990556,40.991916,40.116678,39.328002,39.318384,39.81852,40.8765,39.491508,38.52009,41.40549,37.94301,38.750922,38.510472,39.28953,41.30931,41.241984,43.213674,39.222204,37.587144,39.328002,37.212042,37.183188,37.26975,38.27964
48253,34.644036,35.990556,40.991916,40.116678,39.328002,39.318384,39.81852,40.8765,39.491508,38.52009,41.40549,37.94301,38.750922,38.510472,39.28953,41.30931,41.241984,43.213674,39.222204,37.587144,39.328002,37.212042,37.183188,37.26975,38.27964
48255,34.644036,35.990556,40.991916,40.116678,39.328002,39.318384,39.81852,40.8765,39.491508,38.52009,41.40549,37.94301,38.750922,38.510472,39.28953,41.30931,41.241984,43.213674,39.222204,37.587144,39.328002,37.212042,37.183188,37.26975,38.27964
48257,34.644036,35.990556,40.991916,40.116678,39.328002,39.318384,39.81852,40.8765,39.491508,38.52009,41.40549,37.94301,38.750922,38.510472,39.28953,41.30931,41.241984,43.213674,39.222204,37.587144,39.328002,37.212042,37.183188,37.26975,38.27964
48259,34.644036,35.990556,40.991916,40.116678,39.328002,39.318384,39.81852,40.8765,39.491508,38.52009,41.40549,37.94301,38.750922,38.510472,39.28953,41.30931,41.241984,43.213674,39.222204,37.587144,39.328002,37.212042,37.183188,37.26975,38.27964
48261,34.644036,35.990556,40.991916,40.116678,39.328002,39.318384,39.81852,40.8765,39.491508,38.52009,41.40549,37.94301,38.750922,38.510472,39.28953,41.30931,41.241984,43.213674,39.222204,37.587144,39.328002,37.212042,37.183188,37.26975,38.27964
48263,34.644036,35.990556,40.991916,40.116678,39.328002,39.318384,39.81852,40.8765,39.491508,38.52009,41.40549,37.94301,38.750922,38.510472,39.28953,41.30931,41.241984,43.213674,39.222204,37.587144,39.328002,37.212042,37.183188,37.26975,38.27964
48265,34.644036,35.990556,40.991916,40.116678,39.328002,39.318384,39.81852,40.8765,39.491508,38.52009,41.40549,37.94301,38.750922,38.510472,39.28953,41.30931,41.241984,43.213674,39.222204,37.587144,39.328002,37.212042,37.183188,37.26975,38.27964
48267,34.644036,35.990556,40.991916,40.116678,39.328002,39.318384,39.81852,40.8765,39.491508,38.52009,41.40549,37.94301,38.750922,38.510472,39.28953,41.30931,41.241984,43.213674,39.222204,37.587144,39.328002,37.212042,37.183188,37.26975,38.27964
48269,34.644036,35.990556,40.991916,40.116678,39.328002,39.318384,39.81852,40.8765,39.491508,38.52009,41.40549,37.94301,38.750922,38.510472,39.28953,41.30931,41.241984,43.213674,39.222204,37.587144,39.328002,37.212042,37.183188,37.26975,38.27964
48271,34.644036,35.990556,40.991916,40.116678,39.328002,39.318384,39.81852,40.8765,39.491508,38.52009,41.40549,37.94301,38.750922,38.510472,39.28953,41.30931,41.241984,43.213674,39.222204,37.587144,39.328002,37.212042,37.183188,37.26975,38.27964
48273,34.644036,35.990556,40.991916,40.116678,39.328002,39.318384,39.81852,40.8765,39.491508,38.52009,41.40549,37.94301,38.750922,38.510472,39.28953,41.30931,41.241984,43.213674,39.222204,37.587144,39.328002,37.212042,37.183188,37.26975,38.27964
48275,34.644036,35.990556,40.991916,40.116678,39.328002,39.318384,39.81852,40.8765,39.491508,38.52009,41.40549,37.94301,38.750922,38.510472,39.28953,41.30931,41.241984,43.213674,39.222204,37.587144,39.328002,37.212042,37.183188,37.26975,38.27964
48277,34.644036,35.990556,40.991916,40.116678,39.328002,39.318384,39.81852,40.8765,39.491508,38.52009,41.40549,37.94301,38.750922,38.510472,39.28953,41.30931,41.241984,43.213674,39.222204,37.587144,39.328002,37.212042,37.183188,37.26975,38.27964
48279,34.644036,35.990556,40.991916,40.116678,39.328002,39.318384,39.81852,40.8765,39.491508,38.52009,41.40549,37.94301,38.750922,38.510472,39.28953,41.30931,41.241984,43.213674,39.222204,37.587144,39.328002,37.212042,37.183188,37.26975,38.27964
48281,34.644036,35.990556,40.991916,40.116678,39.328002,39.318384,39.81852,40.8765,39.491508,38.52009,41.40549,37.94301,38.750922,38.510472,39.28953,41.30931,41.241984,43.213674,39.222204,37.587144,39.328002,37.212042,37.183188,37.26975,38.27964
48283,34.644036,35.990556,40.991916,40.116678,39.328002,39.318384,39.81852,40.8765,39.491508,38.52009,41.40549,37.94301,38.750922,38.510472,39.28953,41.30931,41.241984,43.213674,39.222204,37.587144,39.328002,37.212042,37.183188,37.26975,38.27964
48285,34.644036,35.990556,40.991916,40.116678,39.328002,39.318384,39.81852,40.8765,39.491508,38.52009,41.40549,37.94301,38.750922,38.510472,39.28953,41.30931,41.241984,43.213674,39.222204,37.587144,39.328002,37.212042,37.183188,37.26975,38.27964
48287,34.644036,35.990556,40.991916,40.116678,39.328002,39.318384,39.81852,40.8765,39.491508,38.52009,41.40549,37.94301,38.750922,38.510472,39.28953,41.30931,41.241984,43.213674,39.222204,37.587144,39.328002,37.212042,37.183188,37.26975,38.27964
48289,34.644036,35.990556,40.991916,40.116678,39.328002,39.318384,39.81852,40.8765,39.491508,38.52009,41.40549,37.94301,38.750922,38.510472,39.28953,41.30931,41.241984,43.213674,39.222204,37.587144,39.328002,37.212042,37.183188,37.26975,38.27964
48291,34.644036,35.990556,40.991916,40.116678,39.328002,39.318384,39.81852,40.8765,39.491508,38.52009,41.40549,37.94301,38.750922,38.510472,39.28953,41.30931,41.241984,43.213674,39.222204,37.587144,39.328002,37.212042,37.183188,37.26975,38.27964
48293,34.644036,35.990556,40.991916,40.116678,39.328002,39.318384,39.81852,40.8765,39.491508,38.52009,41.40549,37.94301,38.750922,38.510472,39.28953,41.30931,41.241984,43.213674,39.222204,37.587144,39.328002,37.212042,37.183188,37.26975,38.27964
48295,34.644036,35.990556,40.991916,40.116678,39.328002,39.318384,39.81852,40.8765,39.491508,38.52009,41.40549,37.94301,38.750922,38.510472,39.28953,41.30931,41.241984,43.213674,39.222204,37.587144,39.328002,37.212042,37.183188,37.26975,38.27964
48297,34.644036,35.990556,40.991916,40.116678,39.328002,39.318384,39.81852,40.8765,39.491508,38.52009,41.40549,37.94301,38.750922,38.510472,39.28953,41.30931,41.241984,43.213674,39.222204,37.587144,39.328002,37.212042,37.183188,37.26975,38.27964
48299,34.644036,35.990556,40.991916,40.116678,39.328002,39.318384,39.81852,40.8765,39.491508,38.52009,41.40549,37.94301,38.750922,38.510472,39.28953,41.30931,41.241984,43.213674,39.222204,37.587144,39.328002,37.212042,37.183188,37.26975,38.27964
48301,34.644036,35.990556,40.991916,40.116678,39.328002,39.318384,39.81852,40.8765,39.491508,38.52009,41.40549,37.94301,38.750922,38.510472,39.28953,41.30931,41.241984,43.213674,39.222204,37.587144,39.328002,37.212042,37.183188,37.26975,38.27964
48303,34.644036,35.990556,40.991916,40.116678,39.328002,39.318384,39.81852,40.8765,39.491508,38.52009,41.40549,37.94301,38.750922,38.510472,39.28953,41.30931,41.241984,43.213674,39.222204,37.587144,39.328002,37.212042,37.183188,37.26975,38.27964
48305,34.644036,35.990556,40.991916,40.116678,39.328002,39.318384,39.81852,40.8765,39.491508,38.52009,41.40549,37.94301,38.750922,38.510472,39.28953,41.30931,41.241984,43.213674,39.222204,37.587144,39.328002,37.212042,37.183188,37.26975,38.27964
48307,34.644036,35.990556,40.991916,40.116678,39.328002,39.318384,39.81852,40.8765,39.491508,38.52009,41.40549,37.94301,38.750922,38.510472,39.28953,41.30931,41.241984,43.213674,39.222204,37.587144,39.328002,37.212042,37.183188,37.26975,38.27964
48309,34.644036,35.990556,40.991916,40.116678,39.328002,39.318384,39.81852,40.8765,39.491508,38.52009,41.40549,37.94301,38.750922,38.510472,39.28953,41.30931,41.241984,43.213674,39.222204,37.587144,39.328002,37.212042,37.183188,37.26975,38.27964
48311,34.644036,35.990556,40.991916,40.116678,39.328002,39.318384,39.81852,40.8765,39.491508,38.52009,41.40549,37.94301,38.750922,38.510472,39.28953,41.30931,41.241984,43.213674,39.222204,37.587144,39.328002,37.212042,37.183188,37.26975,38.27964
48313,34.644036,35.990556,40.991916,40.116678,39.328002,39.318384,39.81852,40.8765,39.491508,38.52009,41.40549,37.94301,38.750922,38.510472,39.28953,41.30931,41.241984,43.213674,39.222204,37.587144,39.328002,37.212042,37.183188,37.26975,38.27964
48315,34.644036,35.990556,40.991916,40.116678,39.328002,39.318384,39.81852,40.8765,39.491508,38.52009,41.40549,37.94301,38.750922,38.510472,39.28953,41.30931,41.241984,43.213674,39.222204,37.587144,39.328002,37.212042,37.183188,37.26975,38.27964
48317,34.644036,35.990556,40.991916,40.116678,39.328002,39.318384,39.81852,40.8765,39.491508,38.52009,41.40549,37.94301,38.750922,38.510472,39.28953,41.30931,41.241984,43.213674,39.222204,37.587144,39.328002,37.212042,37.183188,37.26975,38.27964
48319,34.644036,35.990556,40.991916,40.116678,39.328002,39.318384,39.81852,40.8765,39.491508,38.52009,41.40549,37.94301,38.750922,38.510472,39.28953,41.30931,41.241984,43.213674,39.222204,37.587144,39.328002,37.212042,37.183188,37.26975,38.27964
48321,34.644036,35.990556,40.991916,40.116678,39.328002,39.318384,39.81852,40.8765,39.491508,38.52009,41.40549,37.94301,38.750922,38.510472,39.28953,41.30931,41.241984,43.213674,39.222204,37.587144,39.328002,37.212042,37.183188,37.26975,38.27964
48323,34.644036,35.990556,40.991916,40.116678,39.328002,39.318384,39.81852,40.8765,39.491508,38.52009,41.40549,37.94301,38.750922,38.510472,39.28953,41.30931,41.241984,43.213674,39.222204,37.587144,39.328002,37.212042,37.183188,37.26975,38.27964
48325,34.644036,35.990556,40.991916,40.116678,39.328002,39.318384,39.81852,40.8765,39.491508,38.52009,41.40549,37.94301,38.750922,38.510472,39.28953,41.30931,41.241984,43.213674,39.222204,37.587144,39.328002,37.212042,37.183188,37.26975,38.27964
48327,34.644036,35.990556,40.991916,40.116678,39.328002,39.318384,39.81852,40.8765,39.491508,38.52009,41.40549,37.94301,38.750922,38.510472,39.28953,41.30931,41.241984,43.213674,39.222204,37.587144,39.328002,37.212042,37.183188,37.26975,38.27964
48329,34.644036,35.990556,40.991916,40.116678,39.328002,39.318384,39.81852,40.8765,39.491508,38.52009,41.40549,37.94301,38.750922,38.510472,39.28953,41.30931,41.241984,43.213674,39.222204,37.587144,39.328002,37.212042,37.183188,37.26975,38.27964
48331,34.644036,35.990556,40.991916,40.116678,39.328002,39.318384,39.81852,40.8765,39.491508,38.52009,41.40549,37.94301,38.750922,38.510472,39.28953,41.30931,41.241984,43.213674,39.222204,37.587144,39.328002,37.212042,37.183188,37.26975,38.27964
48333,34.644036,35.990556,40.991916,40.116678,39.328002,39.318384,39.81852,40.8765,39.491508,38.52009,41.40549,37.94301,38.750922,38.510472,39.28953,41.30931,41.241984,43.213674,39.222204,37.587144,39.328002,37.212042,37.183188,37.26975,38.27964
48335,34.644036,35.990556,40.991916,40.116678,39.328002,39.318384,39.81852,40.8765,39.491508,38.52009,41.40549,37.94301,38.750922,38.510472,39.28953,41.30931,41.241984,43.213674,39.222204,37.587144,39.328002,37.212042,37.183188,37.26975,38.27964
48337,34.644036,35.990556,40.991916,40.116678,39.328002,39.318384,39.81852,40.8765,39.491508,38.52009,41.40549,37.94301,38.750922,38.510472,39.28953,41.30931,41.241984,43.213674,39.222204,37.587144,39.328002,37.212042,37.183188,37.26975,38.27964
48339,34.644036,35.990556,40.991916,40.116678,39.328002,39.318384,39.81852,40.8765,39.491508,38.52009,41.40549,37.94301,38.750922,38.510472,39.28953,41.30931,41.241984,43.213674,39.222204,37.587144,39.328002,37.212042,37.183188,37.26975,38.27964
48341,34.644036,35.990556,40.991916,40.116678,39.328002,39.318384,39.81852,40.8765,39.491508,38.52009,41.40549,37.94301,38.750922,38.510472,39.28953,41.30931,41.241984,43.213674,39.222204,37.587144,39.328002,37.212042,37.183188,37.26975,38.27964
48343,34.644036,35.990556,40.991916,40.116678,39.328002,39.318384,39.81852,40.8765,39.491508,38.52009,41.40549,37.94301,38.750922,38.510472,39.28953,41.30931,41.241984,43.213674,39.222204,37.587144,39.328002,37.212042,37.183188,37.26975,38.27964
48345,34.644036,35.990556,40.991916,40.116678,39.328002,39.318384,39.81852,40.8765,39.491508,38.52009,41.40549,37.94301,38.750922,38.510472,39.28953,41.30931,41.241984,43.213674,39.222204,37.587144,39.328002,37.212042,37.183188,37.26975,38.27964
48347,34.644036,35.990556,40.991916,40.116678,39.328002,39.318384,39.81852,40.8765,39.491508,38.52009,41.40549,37.94301,38.750922,38.510472,39.28953,41.30931,41.241984,43.213674,39.222204,37.587144,39.328002,37.212042,37.183188,37.26975,38.27964
48349,34.644036,35.990556,40.991916,40.116678,39.328002,39.318384,39.81852,40.8765,39.491508,38.52009,41.40549,37.94301,38.750922,38.510472,39.28953,41.30931,41.241984,43.213674,39.222204,37.587144,39.328002,37.212042,37.183188,37.26975,38.27964
48351,34.644036,35.990556,40.991916,40.116678,39.328002,39.318384,39.81852,40.8765,39.491508,38.52009,41.40549,37.94301,38.750922,38.510472,39.28953,41.30931,41.241984,43.213674,39.222204,37.587144,39.328002,37.212042,37.183188,37.26975,38.27964
48353,34.644036,35.990556,40.991916,40.116678,39.328002,39.318384,39.81852,40.8765,39.491508,38.52009,41.40549,37.94301,38.750922,38.510472,39.28953,41.30931,41.241984,43.213674,39.222204,37.587144,39.328002,37.212042,37.183188,37.26975,38.27964
48355,34.644036,35.990556,40.991916,40.116678,39.328002,39.318384,39.81852,40.8765,39.491508,38.52009,41.40549,37.94301,38.750922,38.510472,39.28953,41.30931,41.241984,43.213674,39.222204,37.587144,39.328002,37.212042,37.183188,37.26975,38.27964
48357,34.644036,35.990556,40.991916,40.116678,39.328002,39.318384,39.81852,40.8765,39.491508,38.52009,41.40549,37.94301,38.750922,38.510472,39.28953,41.30931,41.241984,43.213674,39.222204,37.587144,39.328002,37.212042,37.183188,37.26975,38.27964
48359,34.644036,35.990556,40.991916,40.116678,39.328002,39.318384,39.81852,40.8765,39.491508,38.52009,41.40549,37.94301,38.750922,38.510472,39.28953,41.30931,41.241984,43.213674,39.222204,37.587144,39.328002,37.212042,37.183188,37.26975,38.27964
48361,34.644036,35.990556,40.991916,40.116678,39.328002,39.318384,39.81852,40.8765,39.491508,38.52009,41.40549,37.94301,38.750922,38.510472,39.28953,41.30931,41.241984,43.213674,39.222204,37.587144,39.328002,37.212042,37.183188,37.26975,38.27964
48363,34.644036,35.990556,40.991916,40.116678,39.328002,39.318384,39.81852,40.8765,39.491508,38.52009,41.40549,37.94301,38.750922,38.510472,39.28953,41.30931,41.241984,43.213674,39.222204,37.587144,39.328002,37.212042,37.183188,37.26975,38.27964
48365,34.644036,35.990556,40.991916,40.116678,39.328002,39.318384,39.81852,40.8765,39.491508,38.52009,41.40549,37.94301,38.750922,38.510472,39.28953,41.30931,41.241984,43.213674,39.222204,37.587144,39.328002,37.212042,37.183188,37.26975,38.27964
48367,34.644036,35.990556,40.991916,40.116678,39.328002,39.318384,39.81852,40.8765,39.491508,38.52009,41.40549,37.94301,38.750922,38.510472,39.28953,41.30931,41.241984,43.213674,39.222204,37.587144,39.328002,37.212042,37.183188,37.26975,38.27964
48369,34.644036,35.990556,40.991916,40.116678,39.328002,39.318384,39.81852,40.8765,39.491508,38.52009,41.40549,37.94301,38.750922,38.510472,39.28953,41.30931,41.241984,43.213674,39.222204,37.587144,39.328002,37.212042,37.183188,37.26975,38.27964
48371,34.644036,35.990556,40.991916,40.116678,39.328002,39.318384,39.81852,40.8765,39.491508,38.52009,41.40549,37.94301,38.750922,38.510472,39.28953,41.30931,41.241984,43.213674,39.222204,37.587144,39.328002,37.212042,37.183188,37.26975,38.27964
48373,34.644036,35.990556,40.991916,40.116678,39.328002,39.318384,39.81852,40.8765,39.491508,38.52009,41.40549,37.94301,38.750922,38.510472,39.28953,41.30931,41.241984,43.213674,39.222204,37.587144,39.328002,37.212042,37.183188,37.26975,38.27964
48375,34.644036,35.990556,40.991916,40.116678,39.328002,39.318384,39.81852,40.8765,39.491508,38.52009,41.40549,37.94301,38.750922,38.510472,39.28953,41.30931,41.241984,43.213674,39.222204,37.587144,39.328002,37.212042,37.183188,37.26975,38.27964
48377,34.644036,35.990556,40.991916,40.116678,39.328002,39.318384,39.81852,40.8765,39.491508,38.52009,41.40549,37.94301,38.750922,38.510472,39.28953,41.30931,41.241984,43.213674,39.222204,37.587144,39.328002,37.212042,37.183188,37.26975,38.27964
48379,34.644036,35.990556,40.991916,40.116678,39.328002,39.318384,39.81852,40.8765,39.491508,38.52009,41.40549,37.94301,38.750922,38.510472,39.28953,41.30931,41.241984,43.213674,39.222204,37.587144,39.328002,37.212042,37.183188,37.26975,38.27964
48381,34.644036,35.990556,40.991916,40.116678,39.328002,39.318384,39.81852,40.8765,39.491508,38.52009,41.40549,37.94301,38.750922,38.510472,39.28953,41.30931,41.241984,43.213674,39.222204,37.587144,39.328002,37.212042,37.183188,37.26975,38.27964
48383,34.644036,35.990556,40.991916,40.116678,39.328002,39.318384,39.81852,40.8765,39.491508,38.52009,41.40549,37.94301,38.750922,38.510472,39.28953,41.30931,41.241984,43.213674,39.222204,37.587144,39.328002,37.212042,37.183188,37.26975,38.27964
48385,34.644036,35.990556,40.991916,40.116678,39.328002,39.318384,39.81852,40.8765,39.491508,38.52009,41.40549,37.94301,38.750922,38.510472,39.28953,41.30931,41.241984,43.213674,39.222204,37.587144,39.328002,37.212042,37.183188,37.26975,38.27964
48387,34.644036,35.990556,40.991916,40.116678,39.328002,39.318384,39.81852,40.8765,39.491508,38.52009,41.40549,37.94301,38.750922,38.510472,39.28953,41.30931,41.241984,43.213674,39.222204,37.587144,39.328002,37.212042,37.183188,37.26975,38.27964
48389,34.644036,35.990556,40.991916,40.116678,39.328002,39.318384,39.81852,40.8765,39.491508,38.52009,41.40549,37.94301,38.750922,38.510472,39.28953,41.30931,41.241984,43.213674,39.222204,37.587144,39.328002,37.212042,37.183188,37.26975,38.27964
48391,34.644036,35.990556,40.991916,40.116678,39.328002,39.318384,39.81852,40.8765,39.491508,38.52009,41.40549,37.94301,38.750922,38.510472,39.28953,41.30931,41.241984,43.213674,39.222204,37.587144,39.328002,37.212042,37.183188,37.26975,38.27964
48393,34.644036,35.990556,40.991916,40.116678,39.328002,39.318384,39.81852,40.8765,39.491508,38.52009,41.40549,37.94301,38.750922,38.510472,39.28953,41.30931,41.241984,43.213674,39.222204,37.587144,39.328002,37.212042,37.183188,37.26975,38.27964
48395,34.644036,35.990556,40.991916,40.116678,39.328002,39.318384,39.81852,40.8765,39.491508,38.52009,41.40549,37.94301,38.750922,38.510472,39.28953,41.30931,41.241984,43.213674,39.222204,37.587144,39.328002,37.212042,37.183188,37.26975,38.27964
48397,34.644036,35.990556,40.991916,40.116678,39.328002,39.318384,39.81852,40.8765,39.491508,38.52009,41.40549,37.94301,38.750922,38.510472,39.28953,41.30931,41.241984,43.213674,39.222204,37.587144,39.328002,37.212042,37.183188,37.26975,38.27964
48399,34.644036,35.990556,40.991916,40.116678,39.328002,39.318384,39.81852,40.8765,39.491508,38.52009,41.40549,37.94301,38.750922,38.510472,39.28953,41.30931,41.241984,43.213674,39.222204,37.587144,39.328002,37.212042,37.183188,37.26975,38.27964
48401,34.644036,35.990556,40.991916,40.116678,39.328002,39.318384,39.81852,40.8765,39.491508,38.52009,41.40549,37.94301,38.750922,38.510472,39.28953,41.30931,41.241984,43.213674,39.222204,37.587144,39.328002,37.212042,37.183188,37.26975,38.27964
48403,34.644036,35.990556,40.991916,40.116678,39.328002,39.318384,39.81852,40.8765,39.491508,38.52009,41.40549,37.94301,38.750922,38.510472,39.28953,41.30931,41.241984,43.213674,39.222204,37.587144,39.328002,37.212042,37.183188,37.26975,38.27964
48405,34.644036,35.990556,40.991916,40.116678,39.328002,39.318384,39.81852,40.8765,39.491508,38.52009,41.40549,37.94301,38.750922,38.510472,39.28953,41.30931,41.241984,43.213674,39.222204,37.587144,39.328002,37.212042,37.183188,37.26975,38.27964
48407,34.644036,35.990556,40.991916,40.116678,39.328002,39.318384,39.81852,40.8765,39.491508,38.52009,41.40549,37.94301,38.750922,38.510472,39.28953,41.30931,41.241984,43.213674,39.222204,37.587144,39.328002,37.212042,37.183188,37.26975,38.27964
48409,34.644036,35.990556,40.991916,40.116678,39.328002,39.318384,39.81852,40.8765,39.491508,38.52009,41.40549,37.94301,38.750922,38.510472,39.28953,41.30931,41.241984,43.213674,39.222204,37.587144,39.328002,37.212042,37.183188,37.26975,38.27964
48411,34.644036,35.990556,40.991916,40.116678,39.328002,39.318384,39.81852,40.8765,39.491508,38.52009,41.40549,37.94301,38.750922,38.510472,39.28953,41.30931,41.241984,43.213674,39.222204,37.587144,39.328002,37.212042,37.183188,37.26975,38.27964
48413,34.644036,35.990556,40.991916,40.116678,39.328002,39.318384,39.81852,40.8765,39.491508,38.52009,41.40549,37.94301,38.750922,38.510472,39.28953,41.30931,41.241984,43.213674,39.222204,37.587144,39.328002,37.212042,37.183188,37.26975,38.27964
48415,34.644036,35.990556,40.991916,40.116678,39.328002,39.318384,39.81852,40.8765,39.491508,38.52009,41.40549,37.94301,38.750922,38.510472,39.28953,41.30931,41.241984,43.213674,39.222204,37.587144,39.328002,37.212042,37.183188,37.26975,38.27964
48417,34.644036,35.990556,40.991916,40.116678,39.328002,39.318384,39.81852,40.8765,39.491508,38.52009,41.40549,37.94301,38.750922,38.510472,39.28953,41.30931,41.241984,43.213674,39.222204,37.587144,39.328002,37.212042,37.183188,37.26975,38.27964
48419,34.644036,35.990556,40.991916,40.116678,39.328002,39.318384,39.81852,40.8765,39.491508,38.52009,41.40549,37.94301,38.750922,38.510472,39.28953,41.30931,41.241984,43.213674,39.222204,37.587144,39.328002,37.212042,37.183188,37.26975,38.27964
48421,34.644036,35.990556,40.991916,40.116678,39.328002,39.318384,39.81852,40.8765,39.491508,38.52009,41.40549,37.94301,38.750922,38.510472,39.28953,41.30931,41.241984,43.213674,39.222204,37.587144,39.328002,37.212042,37.183188,37.26975,38.27964
48423,34.644036,35.990556,40.991916,40.116678,39.328002,39.318384,39.81852,40.8765,39.491508,38.52009,41.40549,37.94301,38.750922,38.510472,39.28953,41.30931,41.241984,43.213674,39.222204,37.587144,39.328002,37.212042,37.183188,37.26975,38.27964
48425,34.644036,35.990556,40.991916,40.116678,39.328002,39.318384,39.81852,40.8765,39.491508,38.52009,41.40549,37.94301,38.750922,38.510472,39.28953,41.30931,41.241984,43.213674,39.222204,37.587144,39.328002,37.212042,37.183188,37.26975,38.27964
48427,34.644036,35.990556,40.991916,40.116678,39.328002,39.318384,39.81852,40.8765,39.491508,38.52009,41.40549,37.94301,38.750922,38.510472,39.28953,41.30931,41.241984,43.213674,39.222204,37.587144,39.328002,37.212042,37.183188,37.26975,38.27964
48429,34.644036,35.990556,40.991916,40.116678,39.328002,39.318384,39.81852,40.8765,39.491508,38.52009,41.40549,37.94301,38.750922,38.510472,39.28953,41.30931,41.241984,43.213674,39.222204,37.587144,39.328002,37.212042,37.183188,37.26975,38.27964
48431,34.644036,35.990556,40.991916,40.116678,39.328002,39.318384,39.81852,40.8765,39.491508,38.52009,41.40549,37.94301,38.750922,38.510472,39.28953,41.30931,41.241984,43.213674,39.222204,37.587144,39.328002,37.212042,37.183188,37.26975,38.27964
48433,34.644036,35.990556,40.991916,40.116678,39.328002,39.318384,39.81852,40.8765,39.491508,38.52009,41.40549,37.94301,38.750922,38.510472,39.28953,41.30931,41.241984,43.213674,39.222204,37.587144,39.328002,37.212042,37.183188,37.26975,38.27964
48435,34.644036,35.990556,40.991916,40.116678,39.328002,39.318384,39.81852,40.8765,39.491508,38.52009,41.40549,37.94301,38.750922,38.510472,39.28953,41.30931,41.241984,43.213674,39.222204,37.587144,39.328002,37.212042,37.183188,37.26975,38.27964
48437,34.644036,35.990556,40.991916,40.116678,39.328002,39.318384,39.81852,40.8765,39.491508,38.52009,41.40549,37.94301,38.750922,38.510472,39.28953,41.30931,41.241984,43.213674,39.222204,37.587144,39.328002,37.212042,37.183188,37.26975,38.27964
48439,34.644036,35.990556,40.991916,40.116678,39.328002,39.318384,39.81852,40.8765,39.491508,38.52009,41.40549,37.94301,38.750922,38.510472,39.28953,41.30931,41.241984,43.213674,39.222204,37.587144,39.328002,37.212042,37.183188,37.26975,38.27964
48441,34.644036,35.990556,40.991916,40.116678,39.328002,39.318384,39.81852,40.8765,39.491508,38.52009,41.40549,37.94301,38.750922,38.510472,39.28953,41.30931,41.241984,43.213674,39.222204,37.587144,39.328002,37.212042,37.183188,37.26975,38.27964
48443,34.644036,35.990556,40.991916,40.116678,39.328002,39.318384,39.81852,40.8765,39.491508,38.52009,41.40549,37.94301,38.750922,38.510472,39.28953,41.30931,41.241984,43.213674,39.222204,37.587144,39.328002,37.212042,37.183188,37.26975,38.27964
48445,34.644036,35.990556,40.991916,40.116678,39.328002,39.318384,39.81852,40.8765,39.491508,38.52009,41.40549,37.94301,38.750922,38.510472,39.28953,41.30931,41.241984,43.213674,39.222204,37.587144,39.328002,37.212042,37.183188,37.26975,38.27964
48447,34.644036,35.990556,40.991916,40.116678,39.328002,39.318384,39.81852,40.8765,39.491508,38.52009,41.40549,37.94301,38.750922,38.510472,39.28953,41.30931,41.241984,43.213674,39.222204,37.587144,39.328002,37.212042,37.183188,37.26975,38.27964
48449,34.644036,35.990556,40.991916,40.116678,39.328002,39.318384,39.81852,40.8765,39.491508,38.52009,41.40549,37.94301,38.750922,38.510472,39.28953,41.30931,41.241984,43.213674,39.222204,37.587144,39.328002,37.212042,37.183188,37.26975,38.27964
48451,34.644036,35.990556,40.991916,40.116678,39.328002,39.318384,39.81852,40.8765,39.491508,38.52009,41.40549,37.94301,38.750922,38.510472,39.28953,41.30931,41.241984,43.213674,39.222204,37.587144,39.328002,37.212042,37.183188,37.26975,38.27964
48453,34.644036,35.990556,40.991916,40.116678,39.328002,39.318384,39.81852,40.8765,39.491508,38.52009,41.40549,37.94301,38.750922,38.510472,39.28953,41.30931,41.241984,43.213674,39.222204,37.587144,39.328002,37.212042,37.183188,37.26975,38.27964
48455,34.644036,35.990556,40.991916,40.116678,39.328002,39.318384,39.81852,40.8765,39.491508,38.52009,41.40549,37.94301,38.750922,38.510472,39.28953,41.30931,41.241984,43.213674,39.222204,37.587144,39.328002,37.212042,37.183188,37.26975,38.27964
48457,34.644036,35.990556,40.991916,40.116678,39.328002,39.318384,39.81852,40.8765,39.491508,38.52009,41.40549,37.94301,38.750922,38.510472,39.28953,41.30931,41.241984,43.213674,39.222204,37.587144,39.328002,37.212042,37.183188,37.26975,38.27964
48459,34.644036,35.990556,40.991916,40.116678,39.328002,39.318384,39.81852,40.8765,39.491508,38.52009,41.40549,37.94301,38.750922,38.510472,39.28953,41.30931,41.241984,43.213674,39.222204,37.587144,39.328002,37.212042,37.183188,37.26975,38.27964
48461,34.644036,35.990556,40.991916,40.116678,39.328002,39.318384,39.81852,40.8765,39.491508,38.52009,41.40549,37.94301,38.750922,38.510472,39.28953,41.30931,41.241984,43.213674,39.222204,37.587144,39.328002,37.212042,37.183188,37.26975,38.27964
48463,34.644036,35.990556,40.991916,40.116678,39.328002,39.318384,39.81852,40.8765,39.491508,38.52009,41.40549,37.94301,38.750922,38.510472,39.28953,41.30931,41.241984,43.213674,39.222204,37.587144,39.328002,37.212042,37.183188,37.26975,38.27964
48465,34.644036,35.990556,40.991916,40.116678,39.328002,39.318384,39.81852,40.8765,39.491508,38.52009,41.40549,37.94301,38.750922,38.510472,39.28953,41.30931,41.241984,43.213674,39.222204,37.587144,39.328002,37.212042,37.183188,37.26975,38.27964
48467,34.644036,35.990556,40.991916,40.116678,39.328002,39.318384,39.81852,40.8765,39.491508,38.52009,41.40549,37.94301,38.750922,38.510472,39.28953,41.30931,41.241984,43.213674,39.222204,37.587144,39.328002,37.212042,37.183188,37.26975,38.27964
48469,34.644036,35.990556,40.991916,40.116678,39.328002,39.318384,39.81852,40.8765,39.491508,38.52009,41.40549,37.94301,38.750922,38.510472,39.28953,41.30931,41.241984,43.213674,39.222204,37.587144,39.328002,37.212042,37.183188,37.26975,38.27964
48471,34.644036,35.990556,40.991916,40.116678,39.328002,39.318384,39.81852,40.8765,39.491508,38.52009,41.40549,37.94301,38.750922,38.510472,39.28953,41.30931,41.241984,43.213674,39.222204,37.587144,39.328002,37.212042,37.183188,37.26975,38.27964
48473,34.644036,35.990556,40.991916,40.116678,39.328002,39.318384,39.81852,40.8765,39.491508,38.52009,41.40549,37.94301,38.750922,38.510472,39.28953,41.30931,41.241984,43.213674,39.222204,37.587144,39.328002,37.212042,37.183188,37.26975,38.27964
48475,34.644036,35.990556,40.991916,40.116678,39.328002,39.318384,39.81852,40.8765,39.491508,38.52009,41.40549,37.94301,38.750922,38.510472,39.28953,41.30931,41.241984,43.213674,39.222204,37.587144,39.328002,37.212042,37.183188,37.26975,38.27964
48477,34.644036,35.990556,40.991916,40.116678,39.328002,39.318384,39.81852,40.8765,39.491508,38.52009,41.40549,37.94301,38.750922,38.510472,39.28953,41.30931,41.241984,43.213674,39.222204,37.587144,39.328002,37.212042,37.183188,37.26975,38.27964
48479,34.644036,35.990556,40.991916,40.116678,39.328002,39.318384,39.81852,40.8765,39.491508,38.52009,41.40549,37.94301,38.750922,38.510472,39.28953,41.30931,41.241984,43.213674,39.222204,37.587144,39.328002,37.212042,37.183188,37.26975,38.27964
48481,34.644036,35.990556,40.991916,40.116678,39.328002,39.318384,39.81852,40.8765,39.491508,38.52009,41.40549,37.94301,38.750922,38.510472,39.28953,41.30931,41.241984,43.213674,39.222204,37.587144,39.328002,37.212042,37.183188,37.26975,38.27964
48483,34.644036,35.990556,40.991916,40.116678,39.328002,39.318384,39.81852,40.8765,39.491508,38.52009,41.40549,37.94301,38.750922,38.510472,39.28953,41.30931,41.241984,43.213674,39.222204,37.587144,39.328002,37.212042,37.183188,37.26975,38.27964
48485,34.644036,35.990556,40.991916,40.116678,39.328002,39.318384,39.81852,40.8765,39.491508,38.52009,41.40549,37.94301,38.750922,38.510472,39.28953,41.30931,41.241984,43.213674,39.222204,37.587144,39.328002,37.212042,37.183188,37.26975,38.27964
48487,34.644036,35.990556,40.991916,40.116678,39.328002,39.318384,39.81852,40.8765,39.491508,38.52009,41.40549,37.94301,38.750922,38.510472,39.28953,41.30931,41.241984,43.213674,39.222204,37.587144,39.328002,37.212042,37.183188,37.26975,38.27964
48489,34.644036,35.990556,40.991916,40.116678,39.328002,39.318384,39.81852,40.8765,39.491508,38.52009,41.40549,37.94301,38.750922,38.510472,39.28953,41.30931,41.241984,43.213674,39.222204,37.587144,39.328002,37.212042,37.183188,37.26975,38.27964
48491,34.644036,35.990556,40.991916,40.116678,39.328002,39.318384,39.81852,40.8765,39.491508,38.52009,41.40549,37.94301,38.750922,38.510472,39.28953,41.30931,41.241984,43.213674,39.222204,37.587144,39.328002,37.212042,37.183188,37.26975,38.27964
48493,34.644036,35.990556,40.991916,40.116678,39.328002,39.318384,39.81852,40.8765,39.491508,38.52009,41.40549,37.94301,38.750922,38.510472,39.28953,41.30931,41.241984,43.213674,39.222204,37.587144,39.328002,37.212042,37.183188,37.26975,38.27964
48495,34.644036,35.990556,40.991916,40.116678,39.328002,39.318384,39.81852,40.8765,39.491508,38.52009,41.40549,37.94301,38.750922,38.510472,39.28953,41.30931,41.241984,43.213674,39.222204,37.587144,39.328002,37.212042,37.183188,37.26975,38.27964
48497,34.644036,35.990556,40.991916,40.116678,39.328002,39.318384,39.81852,40.8765,39.491508,38.52009,41.40549,37.94301,38.750922,38.510472,39.28953,41.30931,41.241984,43.213674,39.222204,37.587144,39.328002,37.212042,37.183188,37.26975,38.27964
48499,34.644036,35.990556,40.991916,40.116678,39.328002,39.318384,39.81852,40.8765,39.491508,38.52009,41.40549,37.94301,38.750922,38.510472,39.28953,41.30931,41.241984,43.213674,39.222204,37.587144,39.328002,37.212042,37.183188,37.26975,38.27964
48501,34.644036,35.990556,40.991916,40.116678,39.328002,39.318384,39.81852,40.8765,39.491508,38.52009,41.40549,37.94301,38.750922,38.510472,39.28953,41.30931,41.241984,43.213674,39.222204,37.587144,39.328002,37.212042,37.183188,37.26975,38.27964
48503,34.644036,35.990556,40.991916,40.116678,39.328002,39.318384,39.81852,40.8765,39.491508,38.52009,41.40549,37.94301,38.750922,38.510472,39.28953,41.30931,41.241984,43.213674,39.222204,37.587144,39.328002,37.212042,37.183188,37.26975,38.27964
48505,34.644036,35.990556,40.991916,40.116678,39.328002,39.318384,39.81852,40.8765,39.491508,38.52009,41.40549,37.94301,38.750922,38.510472,39.28953,41.30931,41.241984,43.213674,39.222204,37.587144,39.328002,37.212042,37.183188,37.26975,38.27964
48507,34.644036,35.990556,40.991916,40.116678,39.328002,39.318384,39.81852,40.8765,39.491508,38.52009,41.40549,37.94301,38.750922,38.510472,39.28953,41.30931,41.241984,43.213674,39.222204,37.587144,39.328002,37.212042,37.183188,37.26975,38.27964
49001,34.644036,35.990556,40.991916,40.116678,39.328002,39.318384,39.81852,40.8765,39.491508,38.52009,41.40549,37.94301,38.750922,38.510472,39.28953,41.30931,41.241984,43.213674,39.222204,37.587144,39.328002,37.212042,37.183188,37.26975,38.27964
49003,34.644036,35.990556,40.991916,40.116678,39.328002,39.318384,39.81852,40.8765,39.491508,38.52009,41.40549,37.94301,38.750922,38.510472,39.28953,41.30931,41.241984,43.213674,39.222204,37.587144,39.328002,37.212042,37.183188,37.26975,38.27964
49005,34.644036,35.990556,40.991916,40.116678,39.328002,39.318384,39.81852,40.8765,39.491508,38.52009,41.40549,37.94301,38.750922,38.510472,39.28953,41.30931,41.241984,43.213674,39.222204,37.587144,39.328002,37.212042,37.183188,37.26975,38.27964
49007,34.644036,35.990556,40.991916,40.116678,39.328002,39.318384,39.81852,40.8765,39.491508,38.52009,41.40549,37.94301,38.750922,38.510472,39.28953,41.30931,41.241984,43.213674,39.222204,37.587144,39.328002,37.212042,37.183188,37.26975,38.27964
49009,34.644036,35.990556,40.991916,40.116678,39.328002,39.318384,39.81852,40.8765,39.491508,38.52009,41.40549,37.94301,38.750922,38.510472,39.28953,41.30931,41.241984,43.213674,39.222204,37.587144,39.328002,37.212042,37.183188,37.26975,38.27964
49011,34.644036,35.990556,40.991916,40.116678,39.328002,39.318384,39.81852,40.8765,39.491508,38.52009,41.40549,37.94301,38.750922,38.510472,39.28953,41.30931,41.241984,43.213674,39.222204,37.587144,39.328002,37.212042,37.183188,37.26975,38.27964
49013,34.644036,35.990556,40.991916,40.116678,39.328002,39.318384,39.81852,40.8765,39.491508,38.52009,41.40549,37.94301,38.750922,38.510472,39.28953,41.30931,41.241984,43.213674,39.222204,37.587144,39.328002,37.212042,37.183188,37.26975,38.27964
49015,34.644036,35.990556,40.991916,40.116678,39.328002,39.318384,39.81852,40.8765,39.491508,38.52009,41.40549,37.94301,38.750922,38.510472,39.28953,41.30931,41.241984,43.213674,39.222204,37.587144,39.328002,37.212042,37.183188,37.26975,38.27964
49017,34.644036,35.990556,40.991916,40.116678,39.328002,39.318384,39.81852,40.8765,39.491508,38.52009,41.40549,37.94301,38.750922,38.510472,39.28953,41.30931,41.241984,43.213674,39.222204,37.587144,39.328002,37.212042,37.183188,37.26975,38.27964
49019,34.644036,35.990556,40.991916,40.116678,39.328002,39.318384,39.81852,40.8765,39.491508,38.52009,41.40549,37.94301,38.750922,38.510472,39.28953,41.30931,41.241984,43.213674,39.222204,37.587144,39.328002,37.212042,37.183188,37.26975,38.27964
49021,34.644036,35.990556,40.991916,40.116678,39.328002,39.318384,39.81852,40.8765,39.491508,38.52009,41.40549,37.94301,38.750922,38.510472,39.28953,41.30931,41.241984,43.213674,39.222204,37.587144,39.328002,37.212042,37.183188,37.26975,38.27964
49023,34.644036,35.990556,40.991916,40.116678,39.328002,39.318384,39.81852,40.8765,39.491508,38.52009,41.40549,37.94301,38.750922,38.510472,39.28953,41.30931,41.241984,43.213674,39.222204,37.587144,39.328002,37.212042,37.183188,37.26975,38.27964
49025,34.644036,35.990556,40.991916,40.116678,39.328002,39.318384,39.81852,40.8765,39.491508,38.52009,41.40549,37.94301,38.750922,38.510472,39.28953,41.30931,41.241984,43.213674,39.222204,37.587144,39.328002,37.212042,37.183188,37.26975,38.27964
49027,34.644036,35.990556,40.991916,40.116678,39.328002,39.318384,39.81852,40.8765,39.491508,38.52009,41.40549,37.94301,38.750922,38.510472,39.28953,41.30931,41.241984,43.213674,39.222204,37.587144,39.328002,37.212042,37.183188,37.26975,38.27964
49029,34.644036,35.990556,40.991916,40.116678,39.328002,39.318384,39.81852,40.8765,39.491508,38.52009,41.40549,37.94301,38.750922,38.510472,39.28953,41.30931,41.241984,43.213674,39.222204,37.587144,39.328002,37.212042,37.183188,37.26975,38.27964
49031,34.644036,35.990556,40.991916,40.116678,39.328002,39.318384,39.81852,40.8765,39.491508,38.52009,41.40549,37.94301,38.750922,38.510472,39.28953,41.30931,41.241984,43.213674,39.222204,37.587144,39.328002,37.212042,37.183188,37.26975,38.27964
49033,34.644036,35.990556,40.991916,40.116678,39.328002,39.318384,39.81852,40.8765,39.491508,38.52009,41.40549,37.94301,38.750922,38.510472,39.28953,41.30931,41.241984,43.213674,39.222204,37.587144,39.328002,37.212042,37.183188,37.26975,38.27964
49035,34.644036,35.990556,40.991916,40.116678,39.328002,39.318384,39.81852,40.8765,39.491508,38.52009,41.40549,37.94301,38.750922,38.510472,39.28953,41.30931,41.241984,43.213674,39.222204,37.587144,39.328002,37.212042,37.183188,37.26975,38.27964
49037,34.644036,35.990556,40.991916,40.116678,39.328002,39.318384,39.81852,40.8765,39.491508,38.52009,41.40549,37.94301,38.750922,38.510472,39.28953,41.30931,41.241984,43.213674,39.222204,37.587144,39.328002,37.212042,37.183188,37.26975,38.27964
49039,34.644036,35.990556,40.991916,40.116678,39.328002,39.318384,39.81852,40.8765,39.491508,38.52009,41.40549,37.94301,38.750922,38.510472,39.28953,41.30931,41.241984,43.213674,39.222204,37.587144,39.328002,37.212042,37.183188,37.26975,38.27964
49041,34.644036,35.990556,40.991916,40.116678,39.328002,39.318384,39.81852,40.8765,39.491508,38.52009,41.40549,37.94301,38.750922,38.510472,39.28953,41.30931,41.241984,43.213674,39.222204,37.587144,39.328002,37.212042,37.183188,37.26975,38.27964
49043,34.644036,35.990556,40.991916,40.116678,39.328002,39.318384,39.81852,40.8765,39.491508,38.52009,41.40549,37.94301,38.750922,38.510472,39.28953,41.30931,41.241984,43.213674,39.222204,37.587144,39.328002,37.212042,37.183188,37.26975,38.27964
49045,34.644036,35.990556,40.991916,40.116678,39.328002,39.318384,39.81852,40.8765,39.491508,38.52009,41.40549,37.94301,38.750922,38.510472,39.28953,41.30931,41.241984,43.213674,39.222204,37.587144,39.328002,37.212042,37.183188,37.26975,38.27964
49047,34.644036,35.990556,40.991916,40.116678,39.328002,39.318384,39.81852,40.8765,39.491508,38.52009,41.40549,37.94301,38.750922,38.510472,39.28953,41.30931,41.241984,43.213674,39.222204,37.587144,39.328002,37.212042,37.183188,37.26975,38.27964
49049,34.644036,35.990556,40.991916,40.116678,39.328002,39.318384,39.81852,40.8765,39.491508,38.52009,41.40549,37.94301,38.750922,38.510472,39.28953,41.30931,41.241984,43.213674,39.222204,37.587144,39.328002,37.212042,37.183188,37.26975,38.27964
49051,34.644036,35.990556,40.991916,40.116678,39.328002,39.318384,39.81852,40.8765,39.491508,38.52009,41.40549,37.94301,38.750922,38.510472,39.28953,41.30931,41.241984,43.213674,39.222204,37.587144,39.328002,37.212042,37.183188,37.26975,38.27964
49053,34.644036,35.990556,40.991916,40.116678,39.328002,39.318384,39.81852,40.8765,39.491508,38.52009,41.40549,37.94301,38.750922,38.510472,39.28953,41.30931,41.241984,43.213674,39.222204,37.587144,39.328002,37.212042,37.183188,37.26975,38.27964
49055,34.644036,35.990556,40.991916,40.116678,39.328002,39.318384,39.81852,40.8765,39.491508,38.52009,41.40549,37.94301,38.750922,38.510472,39.28953,41.30931,41.241984,43.213674,39.222204,37.587144,39.328002,37.212042,37.183188,37.26975,38.27964
49057,34.644036,35.990556,40.991916,40.116678,39.328002,39.318384,39.81852,40.8765,39.491508,38.52009,41.40549,37.94301,38.750922,38.510472,39.28953,41.30931,41.241984,43.213674,39.222204,37.587144,39.328002,37.212042,37.183188,37.26975,38.27964
50001,34.644036,35.990556,40.991916,40.116678,39.328002,39.318384,39.81852,40.8765,39.491508,38.52009,41.40549,37.94301,38.750922,38.510472,39.28953,41.30931,41.241984,43.213674,39.222204,37.587144,39.328002,37.212042,37.183188,37.26975,38.27964
50003,34.644036,35.990556,40.991916,40.116678,39.328002,39.318384,39.81852,40.8765,39.491508,38.52009,41.40549,37.94301,38.750922,38.510472,39.28953,41.30931,41.241984,43.213674,39.222204,37.587144,39.328002,37.212042,37.183188,37.26975,38.27964
50005,34.644036,35.990556,40.991916,40.116678,39.328002,39.318384,39.81852,40.8765,39.491508,38.52009,41.40549,37.94301,38.750922,38.510472,39.28953,41.30931,41.241984,43.213674,39.222204,37.587144,39.328002,37.212042,37.183188,37.26975,38.27964
50007,34.644036,35.990556,40.991916,40.116678,39.328002,39.318384,39.81852,40.8765,39.491508,38.52009,41.40549,37.94301,38.750922,38.510472,39.28953,41.30931,41.241984,43.213674,39.222204,37.587144,39.328002,37.212042,37.183188,37.26975,38.27964
50009,34.644036,35.990556,40.991916,40.116678,39.328002,39.318384,39.81852,40.8765,39.491508,38.52009,41.40549,37.94301,38.750922,38.510472,39.28953,41.30931,41.241984,43.213674,39.222204,37.587144,39.328002,37.212042,37.183188,37.26975,38.27964
50011,34.644036,35.990556,40.991916,40.116678,39.328002,39.318384,39.81852,40.8765,39.491508,38.52009,41.40549,37.94301,38.750922,38.510472,39.28953,41.30931,41.241984,43.213674,39.222204,37.587144,39.328002,37.212042,37.183188,37.26975,38.27964
50013,34.644036,35.990556,40.991916,40.116678,39.328002,39.318384,39.81852,40.8765,39.491508,38.52009,41.40549,37.94301,38.750922,38.510472,39.28953,41.30931,41.241984,43.213674,39.222204,37.587144,39.328002,37.212042,37.183188,37.26975,38.27964
50015,34.644036,35.990556,40.991916,40.116678,39.328002,39.318384,39.81852,40.8765,39.491508,38.52009,41.40549,37.94301,38.750922,38.510472,39.28953,41.30931,41.241984,43.213674,39.222204,37.587144,39.328002,37.212042,37.183188,37.26975,38.27964
50017,34.644036,35.990556,40.991916,40.116678,39.328002,39.318384,39.81852,40.8765,39.491508,38.52009,41.40549,37.94301,38.750922,38.510472,39.28953,41.30931,41.241984,43.213674,39.222204,37.587144,39.328002,37.212042,37.183188,37.26975,38.27964
50019,34.644036,35.990556,40.991916,40.116678,39.328002,39.318384,39.81852,40.8765,39.491508,38.52009,41.40549,37.94301,38.750922,38.510472,39.28953,41.30931,41.241984,43.213674,39.222204,37.587144,39.328002,37.212042,37.183188,37.26975,38.27964
50021,34.644036,35.990556,40.991916,40.116678,39.328002,39.318384,39.81852,40.8765,39.491508,38.52009,41.40549,37.94301,38.750922,38.510472,39.28953,41.30931,41.241984,43.213674,39.222204,37.587144,39.328002,37.212042,37.183188,37.26975,38.27964
50023,34.644036,35.990556,40.991916,40.116678,39.328002,39.318384,39.81852,40.8765,39.491508,38.52009,41.40549,37.94301,38.750922,38.510472,39.28953,41.30931,41.241984,43.213674,39.222204,37.587144,39.328002,37.212042,37.183188,37.26975,38.27964
50025,34.644036,35.990556,40.991916,40.116678,39.328002,39.318384,39.81852,40.8765,39.491508,38.52009,41.40549,37.94301,38.750922,38.510472,39.28953,41.30931,41.241984,43.213674,39.222204,37.587144,39.328002,37.212042,37.183188,37.26975,38.27964
50027,34.644036,35.990556,40.991916,40.116678,39.328002,39.318384,39.81852,40.8765,39.491508,38.52009,41.40549,37.94301,38.750922,38.510472,39.28953,41.30931,41.241984,43.213674,39.222204,37.587144,39.328002,37.212042,37.183188,37.26975,38.27964
51001,34.644036,35.990556,40.991916,40.116678,39.328002,39.318384,39.81852,40.8765,39.491508,38.52009,41.40549,37.94301,38.750922,38.510472,39.28953,41.30931,41.241984,43.213674,39.222204,37.587144,39.328002,37.212042,37.183188,37.26975,38.27964
51003,34.644036,35.990556,40.991916,40.116678,39.328002,39.318384,39.81852,40.8765,39.491508,38.52009,41.40549,37.94301,38.750922,38.510472,39.28953,41.30931,41.241984,43.213674,39.222204,37.587144,39.328002,37.212042,37.183188,37.26975,38.27964
51005,34.644036,35.990556,40.991916,40.116678,39.328002,39.318384,39.81852,40.8765,39.491508,38.52009,41.40549,37.94301,38.750922,38.510472,39.28953,41.30931,41.241984,43.213674,39.222204,37.587144,39.328002,37.212042,37.183188,37.26975,38.27964
51007,34.644036,35.990556,40.991916,40.116678,39.328002,39.318384,39.81852,40.8765,39.491508,38.52009,41.40549,37.94301,38.750922,38.510472,39.28953,41.30931,41.241984,43.213674,39.222204,37.587144,39.328002,37.212042,37.183188,37.26975,38.27964
51009,34.644036,35.990556,40.991916,40.116678,39.328002,39.318384,39.81852,40.8765,39.491508,38.52009,41.40549,37.94301,38.750922,38.510472,39.28953,41.30931,41.241984,43.213674,39.222204,37.587144,39.328002,37.212042,37.183188,37.26975,38.27964
51011,34.644036,35.990556,40.991916,40.116678,39.328002,39.318384,39.81852,40.8765,39.491508,38.52009,41.40549,37.94301,38.750922,38.510472,39.28953,41.30931,41.241984,43.213674,39.222204,37.587144,39.328002,37.212042,37.183188,37.26975,38.27964
51013,34.644036,35.990556,40.991916,40.116678,39.328002,39.318384,39.81852,40.8765,39.491508,38.52009,41.40549,37.94301,38.750922,38.510472,39.28953,41.30931,41.241984,43.213674,39.222204,37.587144,39.328002,37.212042,37.183188,37.26975,38.27964
51015,34.644036,35.990556,40.991916,40.116678,39.328002,39.318384,39.81852,40.8765,39.491508,38.52009,41.40549,37.94301,38.750922,38.510472,39.28953,41.30931,41.241984,43.213674,39.222204,37.587144,39.328002,37.212042,37.183188,37.26975,38.27964
51017,34.644036,35.990556,40.991916,40.116678,39.328002,39.318384,39.81852,40.8765,39.491508,38.52009,41.40549,37.94301,38.750922,38.510472,39.28953,41.30931,41.241984,43.213674,39.222204,37.587144,39.328002,37.212042,37.183188,37.26975,38.27964
51019,34.644036,35.990556,40.991916,40.116678,39.328002,39.318384,39.81852,40.8765,39.491508,38.52009,41.40549,37.94301,38.750922,38.510472,39.28953,41.30931,41.241984,43.213674,39.222204,37.587144,39.328002,37.212042,37.183188,37.26975,38.27964
51021,34.644036,35.990556,40.991916,40.116678,39.328002,39.318384,39.81852,40.8765,39.491508,38.52009,41.40549,37.94301,38.750922,38.510472,39.28953,41.30931,41.241984,43.213674,39.222204,37.587144,39.328002,37.212042,37.183188,37.26975,38.27964
51023,34.644036,35.990556,40.991916,40.116678,39.328002,39.318384,39.81852,40.8765,39.491508,38.52009,41.40549,37.94301,38.750922,38.510472,39.28953,41.30931,41.241984,43.213674,39.222204,37.587144,39.328002,37.212042,37.183188,37.26975,38.27964
51025,34.644036,35.990556,40.991916,40.116678,39.328002,39.318384,39.81852,40.8765,39.491508,38.52009,41.40549,37.94301,38.750922,38.510472,39.28953,41.30931,41.241984,43.213674,39.222204,37.587144,39.328002,37.212042,37.183188,37.26975,38.27964
51027,34.644036,35.990556,40.991916,40.116678,39.328002,39.318384,39.81852,40.8765,39.491508,38.52009,41.40549,37.94301,38.750922,38.510472,39.28953,41.30931,41.241984,43.213674,39.222204,37.587144,39.328002,37.212042,37.183188,37.26975,38.27964
51029,34.644036,35.990556,40.991916,40.116678,39.328002,39.318384,39.81852,40.8765,39.491508,38.52009,41.40549,37.94301,38.750922,38.510472,39.28953,41.30931,41.241984,43.213674,39.222204,37.587144,39.328002,37.212042,37.183188,37.26975,38.27964
51031,34.644036,35.990556,40.991916,40.116678,39.328002,39.318384,39.81852,40.8765,39.491508,38.52009,41.40549,37.94301,38.750922,38.510472,39.28953,41.30931,41.241984,43.213674,39.222204,37.587144,39.328002,37.212042,37.183188,37.26975,38.27964
51033,34.644036,35.990556,40.991916,40.116678,39.328002,39.318384,39.81852,40.8765,39.491508,38.52009,41.40549,37.94301,38.750922,38.510472,39.28953,41.30931,41.241984,43.213674,39.222204,37.587144,39.328002,37.212042,37.183188,37.26975,38.27964
51035,34.644036,35.990556,40.991916,40.116678,39.328002,39.318384,39.81852,40.8765,39.491508,38.52009,41.40549,37.94301,38.750922,38.510472,39.28953,41.30931,41.241984,43.213674,39.222204,37.587144,39.328002,37.212042,37.183188,37.26975,38.27964
51036,34.644036,35.990556,40.991916,40.116678,39.328002,39.318384,39.81852,40.8765,39.491508,38.52009,41.40549,37.94301,38.750922,38.510472,39.28953,41.30931,41.241984,43.213674,39.222204,37.587144,39.328002,37.212042,37.183188,37.26975,38.27964
51037,34.644036,35.990556,40.991916,40.116678,39.328002,39.318384,39.81852,40.8765,39.491508,38.52009,41.40549,37.94301,38.750922,38.510472,39.28953,41.30931,41.241984,43.213674,39.222204,37.587144,39.328002,37.212042,37.183188,37.26975,38.27964
51041,34.644036,35.990556,40.991916,40.116678,39.328002,39.318384,39.81852,40.8765,39.491508,38.52009,41.40549,37.94301,38.750922,38.510472,39.28953,41.30931,41.241984,43.213674,39.222204,37.587144,39.328002,37.212042,37.183188,37.26975,38.27964
51043,34.644036,35.990556,40.991916,40.116678,39.328002,39.318384,39.81852,40.8765,39.491508,38.52009,41.40549,37.94301,38.750922,38.510472,39.28953,41.30931,41.241984,43.213674,39.222204,37.587144,39.328002,37.212042,37.183188,37.26975,38.27964
51045,34.644036,35.990556,40.991916,40.116678,39.328002,39.318384,39.81852,40.8765,39.491508,38.52009,41.40549,37.94301,38.750922,38.510472,39.28953,41.30931,41.241984,43.213674,39.222204,37.587144,39.328002,37.212042,37.183188,37.26975,38.27964
51047,34.644036,35.990556,40.991916,40.116678,39.328002,39.318384,39.81852,40.8765,39.491508,38.52009,41.40549,37.94301,38.750922,38.510472,39.28953,41.30931,41.241984,43.213674,39.222204,37.587144,39.328002,37.212042,37.183188,37.26975,38.27964
51049,34.644036,35.990556,40.991916,40.116678,39.328002,39.318384,39.81852,40.8765,39.491508,38.52009,41.40549,37.94301,38.750922,38.510472,39.28953,41.30931,41.241984,43.213674,39.222204,37.587144,39.328002,37.212042,37.183188,37.26975,38.27964
51051,34.644036,35.990556,40.991916,40.116678,39.328002,39.318384,39.81852,40.8765,39.491508,38.52009,41.40549,37.94301,38.750922,38.510472,39.28953,41.30931,41.241984,43.213674,39.222204,37.587144,39.328002,37.212042,37.183188,37.26975,38.27964
51053,34.644036,35.990556,40.991916,40.116678,39.328002,39.318384,39.81852,40.8765,39.491508,38.52009,41.40549,37.94301,38.750922,38.510472,39.28953,41.30931,41.241984,43.213674,39.222204,37.587144,39.328002,37.212042,37.183188,37.26975,38.27964
51057,34.644036,35.990556,40.991916,40.116678,39.328002,39.318384,39.81852,40.8765,39.491508,38.52009,41.40549,37.94301,38.750922,38.510472,39.28953,41.30931,41.241984,43.213674,39.222204,37.587144,39.328002,37.212042,37.183188,37.26975,38.27964
51059,34.644036,35.990556,40.991916,40.116678,39.328002,39.318384,39.81852,40.8765,39.491508,38.52009,41.40549,37.94301,38.750922,38.510472,39.28953,41.30931,41.241984,43.213674,39.222204,37.587144,39.328002,37.212042,37.183188,37.26975,38.27964
51061,34.644036,35.990556,40.991916,40.116678,39.328002,39.318384,39.81852,40.8765,39.491508,38.52009,41.40549,37.94301,38.750922,38.510472,39.28953,41.30931,41.241984,43.213674,39.222204,37.587144,39.328002,37.212042,37.183188,37.26975,38.27964
51063,34.644036,35.990556,40.991916,40.116678,39.328002,39.318384,39.81852,40.8765,39.491508,38.52009,41.40549,37.94301,38.750922,38.510472,39.28953,41.30931,41.241984,43.213674,39.222204,37.587144,39.328002,37.212042,37.183188,37.26975,38.27964
51065,34.644036,35.990556,40.991916,40.116678,39.328002,39.318384,39.81852,40.8765,39.491508,38.52009,41.40549,37.94301,38.750922,38.510472,39.28953,41.30931,41.241984,43.213674,39.222204,37.587144,39.328002,37.212042,37.183188,37.26975,38.27964
51067,34.644036,35.990556,40.991916,40.116678,39.328002,39.318384,39.81852,40.8765,39.491508,38.52009,41.40549,37.94301,38.750922,38.510472,39.28953,41.30931,41.241984,43.213674,39.222204,37.587144,39.328002,37.212042,37.183188,37.26975,38.27964
51069,34.644036,35.990556,40.991916,40.116678,39.328002,39.318384,39.81852,40.8765,39.491508,38.52009,41.40549,37.94301,38.750922,38.510472,39.28953,41.30931,41.241984,43.213674,39.222204,37.587144,39.328002,37.212042,37.183188,37.26975,38.27964
51071,34.644036,35.990556,40.991916,40.116678,39.328002,39.318384,39.81852,40.8765,39.491508,38.52009,41.40549,37.94301,38.750922,38.510472,39.28953,41.30931,41.241984,43.213674,39.222204,37.587144,39.328002,37.212042,37.183188,37.26975,38.27964
51073,34.644036,35.990556,40.991916,40.116678,39.328002,39.318384,39.81852,40.8765,39.491508,38.52009,41.40549,37.94301,38.750922,38.510472,39.28953,41.30931,41.241984,43.213674,39.222204,37.587144,39.328002,37.212042,37.183188,37.26975,38.27964
51075,34.644036,35.990556,40.991916,40.116678,39.328002,39.318384,39.81852,40.8765,39.491508,38.52009,41.40549,37.94301,38.750922,38.510472,39.28953,41.30931,41.241984,43.213674,39.222204,37.587144,39.328002,37.212042,37.183188,37.26975,38.27964
51077,34.644036,35.990556,40.991916,40.116678,39.328002,39.318384,39.81852,40.8765,39.491508,38.52009,41.40549,37.94301,38.750922,38.510472,39.28953,41.30931,41.241984,43.213674,39.222204,37.587144,39.328002,37.212042,37.183188,37.26975,38.27964
51079,34.644036,35.990556,40.991916,40.116678,39.328002,39.318384,39.81852,40.8765,39.491508,38.52009,41.40549,37.94301,38.750922,38.510472,39.28953,41.30931,41.241984,43.213674,39.222204,37.587144,39.328002,37.212042,37.183188,37.26975,38.27964
51081,34.644036,35.990556,40.991916,40.116678,39.328002,39.318384,39.81852,40.8765,39.491508,38.52009,41.40549,37.94301,38.750922,38.510472,39.28953,41.30931,41.241984,43.213674,39.222204,37.587144,39.328002,37.212042,37.183188,37.26975,38.27964
51083,34.644036,35.990556,40.991916,40.116678,39.328002,39.318384,39.81852,40.8765,39.491508,38.52009,41.40549,37.94301,38.750922,38.510472,39.28953,41.30931,41.241984,43.213674,39.222204,37.587144,39.328002,37.212042,37.183188,37.26975,38.27964
51085,34.644036,35.990556,40.991916,40.116678,39.328002,39.318384,39.81852,40.8765,39.491508,38.52009,41.40549,37.94301,38.750922,38.510472,39.28953,41.30931,41.241984,43.213674,39.222204,37.587144,39.328002,37.212042,37.183188,37.26975,38.27964
51087,34.644036,35.990556,40.991916,40.116678,39.328002,39.318384,39.81852,40.8765,39.491508,38.52009,41.40549,37.94301,38.750922,38.510472,39.28953,41.30931,41.241984,43.213674,39.222204,37.587144,39.328002,37.212042,37.183188,37.26975,38.27964
51089,34.644036,35.990556,40.991916,40.116678,39.328002,39.318384,39.81852,40.8765,39.491508,38.52009,41.40549,37.94301,38.750922,38.510472,39.28953,41.30931,41.241984,43.213674,39.222204,37.587144,39.328002,37.212042,37.183188,37.26975,38.27964
51091,34.644036,35.990556,40.991916,40.116678,39.328002,39.318384,39.81852,40.8765,39.491508,38.52009,41.40549,37.94301,38.750922,38.510472,39.28953,41.30931,41.241984,43.213674,39.222204,37.587144,39.328002,37.212042,37.183188,37.26975,38.27964
51093,34.644036,35.990556,40.991916,40.116678,39.328002,39.318384,39.81852,40.8765,39.491508,38.52009,41.40549,37.94301,38.750922,38.510472,39.28953,41.30931,41.241984,43.213674,39.222204,37.587144,39.328002,37.212042,37.183188,37.26975,38.27964
51095,34.644036,35.990556,40.991916,40.116678,39.328002,39.318384,39.81852,40.8765,39.491508,38.52009,41.40549,37.94301,38.750922,38.510472,39.28953,41.30931,41.241984,43.213674,39.222204,37.587144,39.328002,37.212042,37.183188,37.26975,38.27964
51097,34.644036,35.990556,40.991916,40.116678,39.328002,39.318384,39.81852,40.8765,39.491508,38.52009,41.40549,37.94301,38.750922,38.510472,39.28953,41.30931,41.241984,43.213674,39.222204,37.587144,39.328002,37.212042,37.183188,37.26975,38.27964
51099,34.644036,35.990556,40.991916,40.116678,39.328002,39.318384,39.81852,40.8765,39.491508,38.52009,41.40549,37.94301,38.750922,38.510472,39.28953,41.30931,41.241984,43.213674,39.222204,37.587144,39.328002,37.212042,37.183188,37.26975,38.27964
51101,34.644036,35.990556,40.991916,40.116678,39.328002,39.318384,39.81852,40.8765,39.491508,38.52009,41.40549,37.94301,38.750922,38.510472,39.28953,41.30931,41.241984,43.213674,39.222204,37.587144,39.328002,37.212042,37.183188,37.26975,38.27964
51103,34.644036,35.990556,40.991916,40.116678,39.328002,39.318384,39.81852,40.8765,39.491508,38.52009,41.40549,37.94301,38.750922,38.510472,39.28953,41.30931,41.241984,43.213674,39.222204,37.587144,39.328002,37.212042,37.183188,37.26975,38.27964
51105,34.644036,35.990556,40.991916,40.116678,39.328002,39.318384,39.81852,40.8765,39.491508,38.52009,41.40549,37.94301,38.750922,38.510472,39.28953,41.30931,41.241984,43.213674,39.222204,37.587144,39.328002,37.212042,37.183188,37.26975,38.27964
51107,34.644036,35.990556,40.991916,40.116678,39.328002,39.318384,39.81852,40.8765,39.491508,38.52009,41.40549,37.94301,38.750922,38.510472,39.28953,41.30931,41.241984,43.213674,39.222204,37.587144,39.328002,37.212042,37.183188,37.26975,38.27964
51109,34.644036,35.990556,40.991916,40.116678,39.328002,39.318384,39.81852,40.8765,39.491508,38.52009,41.40549,37.94301,38.750922,38.510472,39.28953,41.30931,41.241984,43.213674,39.222204,37.587144,39.328002,37.212042,37.183188,37.26975,38.27964
51111,34.644036,35.990556,40.991916,40.116678,39.328002,39.318384,39.81852,40.8765,39.491508,38.52009,41.40549,37.94301,38.750922,38.510472,39.28953,41.30931,41.241984,43.213674,39.222204,37.587144,39.328002,37.212042,37.183188,37.26975,38.27964
51113,34.644036,35.990556,40.991916,40.116678,39.328002,39.318384,39.81852,40.8765,39.491508,38.52009,41.40549,37.94301,38.750922,38.510472,39.28953,41.30931,41.241984,43.213674,39.222204,37.587144,39.328002,37.212042,37.183188,37.26975,38.27964
51115,34.644036,35.990556,40.991916,40.116678,39.328002,39.318384,39.81852,40.8765,39.491508,38.52009,41.40549,37.94301,38.750922,38.510472,39.28953,41.30931,41.241984,43.213674,39.222204,37.587144,39.328002,37.212042,37.183188,37.26975,38.27964
51117,34.644036,35.990556,40.991916,40.116678,39.328002,39.318384,39.81852,40.8765,39.491508,38.52009,41.40549,37.94301,38.750922,38.510472,39.28953,41.30931,41.241984,43.213674,39.222204,37.587144,39.328002,37.212042,37.183188,37.26975,38.27964
51119,34.644036,35.990556,40.991916,40.116678,39.328002,39.318384,39.81852,40.8765,39.491508,38.52009,41.40549,37.94301,38.750922,38.510472,39.28953,41.30931,41.241984,43.213674,39.222204,37.587144,39.328002,37.212042,37.183188,37.26975,38.27964
51121,34.644036,35.990556,40.991916,40.116678,39.328002,39.318384,39.81852,40.8765,39.491508,38.52009,41.40549,37.94301,38.750922,38.510472,39.28953,41.30931,41.241984,43.213674,39.222204,37.587144,39.328002,37.212042,37.183188,37.26975,38.27964
51125,34.644036,35.990556,40.991916,40.116678,39.328002,39.318384,39.81852,40.8765,39.491508,38.52009,41.40549,37.94301,38.750922,38.510472,39.28953,41.30931,41.241984,43.213674,39.222204,37.587144,39.328002,37.212042,37.183188,37.26975,38.27964
51127,34.644036,35.990556,40.991916,40.116678,39.328002,39.318384,39.81852,40.8765,39.491508,38.52009,41.40549,37.94301,38.750922,38.510472,39.28953,41.30931,41.241984,43.213674,39.222204,37.587144,39.328002,37.212042,37.183188,37.26975,38.27964
51131,34.644036,35.990556,40.991916,40.116678,39.328002,39.318384,39.81852,40.8765,39.491508,38.52009,41.40549,37.94301,38.750922,38.510472,39.28953,41.30931,41.241984,43.213674,39.222204,37.587144,39.328002,37.212042,37.183188,37.26975,38.27964
51133,34.644036,35.990556,40.991916,40.116678,39.328002,39.318384,39.81852,40.8765,39.491508,38.52009,41.40549,37.94301,38.750922,38.510472,39.28953,41.30931,41.241984,43.213674,39.222204,37.587144,39.328002,37.212042,37.183188,37.26975,38.27964
51135,34.644036,35.990556,40.991916,40.116678,39.328002,39.318384,39.81852,40.8765,39.491508,38.52009,41.40549,37.94301,38.750922,38.510472,39.28953,41.30931,41.241984,43.213674,39.222204,37.587144,39.328002,37.212042,37.183188,37.26975,38.27964
51137,34.644036,35.990556,40.991916,40.116678,39.328002,39.318384,39.81852,40.8765,39.491508,38.52009,41.40549,37.94301,38.750922,38.510472,39.28953,41.30931,41.241984,43.213674,39.222204,37.587144,39.328002,37.212042,37.183188,37.26975,38.27964
51139,34.644036,35.990556,40.991916,40.116678,39.328002,39.318384,39.81852,40.8765,39.491508,38.52009,41.40549,37.94301,38.750922,38.510472,39.28953,41.30931,41.241984,43.213674,39.222204,37.587144,39.328002,37.212042,37.183188,37.26975,38.27964
51141,34.644036,35.990556,40.991916,40.116678,39.328002,39.318384,39.81852,40.8765,39.491508,38.52009,41.40549,37.94301,38.750922,38.510472,39.28953,41.30931,41.241984,43.213674,39.222204,37.587144,39.328002,37.212042,37.183188,37.26975,38.27964
51143,34.644036,35.990556,40.991916,40.116678,39.328002,39.318384,39.81852,40.8765,39.491508,38.52009,41.40549,37.94301,38.750922,38.510472,39.28953,41.30931,41.241984,43.213674,39.222204,37.587144,39.328002,37.212042,37.183188,37.26975,38.27964
51145,34.644036,35.990556,40.991916,40.116678,39.328002,39.318384,39.81852,40.8765,39.491508,38.52009,41.40549,37.94301,38.750922,38.510472,39.28953,41.30931,41.241984,43.213674,39.222204,37.587144,39.328002,37.212042,37.183188,37.26975,38.27964
51147,34.644036,35.990556,40.991916,40.116678,39.328002,39.318384,39.81852,40.8765,39.491508,38.52009,41.40549,37.94301,38.750922,38.510472,39.28953,41.30931,41.241984,43.213674,39.222204,37.587144,39.328002,37.212042,37.183188,37.26975,38.27964
51149,34.644036,35.990556,40.991916,40.116678,39.328002,39.318384,39.81852,40.8765,39.491508,38.52009,41.40549,37.94301,38.750922,38.510472,39.28953,41.30931,41.241984,43.213674,39.222204,37.587144,39.328002,37.212042,37.183188,37.26975,38.27964
51153,34.644036,35.990556,40.991916,40.116678,39.328002,39.318384,39.81852,40.8765,39.491508,38.52009,41.40549,37.94301,38.750922,38.510472,39.28953,41.30931,41.241984,43.213674,39.222204,37.587144,39.328002,37.212042,37.183188,37.26975,38.27964
51155,34.644036,35.990556,40.991916,40.116678,39.328002,39.318384,39.81852,40.8765,39.491508,38.52009,41.40549,37.94301,38.750922,38.510472,39.28953,41.30931,41.241984,43.213674,39.222204,37.587144,39.328002,37.212042,37.183188,37.26975,38.27964
51157,34.644036,35.990556,40.991916,40.116678,39.328002,39.318384,39.81852,40.8765,39.491508,38.52009,41.40549,37.94301,38.750922,38.510472,39.28953,41.30931,41.241984,43.213674,39.222204,37.587144,39.328002,37.212042,37.183188,37.26975,38.27964
51159,34.644036,35.990556,40.991916,40.116678,39.328002,39.318384,39.81852,40.8765,39.491508,38.52009,41.40549,37.94301,38.750922,38.510472,39.28953,41.30931,41.241984,43.213674,39.222204,37.587144,39.328002,37.212042,37.183188,37.26975,38.27964
51161,34.644036,35.990556,40.991916,40.116678,39.328002,39.318384,39.81852,40.8765,39.491508,38.52009,41.40549,37.94301,38.750922,38.510472,39.28953,41.30931,41.241984,43.213674,39.222204,37.587144,39.328002,37.212042,37.183188,37.26975,38.27964
51163,34.644036,35.990556,40.991916,40.116678,39.328002,39.318384,39.81852,40.8765,39.491508,38.52009,41.40549,37.94301,38.750922,38.510472,39.28953,41.30931,41.241984,43.213674,39.222204,37.587144,39.328002,37.212042,37.183188,37.26975,38.27964
51165,34.644036,35.990556,40.991916,40.116678,39.328002,39.318384,39.81852,40.8765,39.491508,38.52009,41.40549,37.94301,38.750922,38.510472,39.28953,41.30931,41.241984,43.213674,39.222204,37.587144,39.328002,37.212042,37.183188,37.26975,38.27964
51167,34.644036,35.990556,40.991916,40.116678,39.328002,39.318384,39.81852,40.8765,39.491508,38.52009,41.40549,37.94301,38.750922,38.510472,39.28953,41.30931,41.241984,43.213674,39.222204,37.587144,39.328002,37.212042,37.183188,37.26975,38.27964
51169,34.644036,35.990556,40.991916,40.116678,39.328002,39.318384,39.81852,40.8765,39.491508,38.52009,41.40549,37.94301,38.750922,38.510472,39.28953,41.30931,41.241984,43.213674,39.222204,37.587144,39.328002,37.212042,37.183188,37.26975,38.27964
51171,34.644036,35.990556,40.991916,40.116678,39.328002,39.318384,39.81852,40.8765,39.491508,38.52009,41.40549,37.94301,38.750922,38.510472,39.28953,41.30931,41.241984,43.213674,39.222204,37.587144,39.328002,37.212042,37.183188,37.26975,38.27964
51173,34.644036,35.990556,40.991916,40.116678,39.328002,39.318384,39.81852,40.8765,39.491508,38.52009,41.40549,37.94301,38.750922,38.510472,39.28953,41.30931,41.241984,43.213674,39.222204,37.587144,39.328002,37.212042,37.183188,37.26975,38.27964
51175,34.644036,35.990556,40.991916,40.116678,39.328002,39.318384,39.81852,40.8765,39.491508,38.52009,41.40549,37.94301,38.750922,38.510472,39.28953,41.30931,41.241984,43.213674,39.222204,37.587144,39.328002,37.212042,37.183188,37.26975,38.27964
51177,34.644036,35.990556,40.991916,40.116678,39.328002,39.318384,39.81852,40.8765,39.491508,38.52009,41.40549,37.94301,38.750922,38.510472,39.28953,41.30931,41.241984,43.213674,39.222204,37.587144,39.328002,37.212042,37.183188,37.26975,38.27964
51179,34.644036,35.990556,40.991916,40.116678,39.328002,39.318384,39.81852,40.8765,39.491508,38.52009,41.40549,37.94301,38.750922,38.510472,39.28953,41.30931,41.241984,43.213674,39.222204,37.587144,39.328002,37.212042,37.183188,37.26975,38.27964
51181,34.644036,35.990556,40.991916,40.116678,39.328002,39.318384,39.81852,40.8765,39.491508,38.52009,41.40549,37.94301,38.750922,38.510472,39.28953,41.30931,41.241984,43.213674,39.222204,37.587144,39.328002,37.212042,37.183188,37.26975,38.27964
51183,34.644036,35.990556,40.991916,40.116678,39.328002,39.318384,39.81852,40.8765,39.491508,38.52009,41.40549,37.94301,38.750922,38.510472,39.28953,41.30931,41.241984,43.213674,39.222204,37.587144,39.328002,37.212042,37.183188,37.26975,38.27964
51185,34.644036,35.990556,40.991916,40.116678,39.328002,39.318384,39.81852,40.8765,39.491508,38.52009,41.40549,37.94301,38.750922,38.510472,39.28953,41.30931,41.241984,43.213674,39.222204,37.587144,39.328002,37.212042,37.183188,37.26975,38.27964
51187,34.644036,35.990556,40.991916,40.116678,39.328002,39.318384,39.81852,40.8765,39.491508,38.52009,41.40549,37.94301,38.750922,38.510472,39.28953,41.30931,41.241984,43.213674,39.222204,37.587144,39.328002,37.212042,37.183188,37.26975,38.27964
51191,34.644036,35.990556,40.991916,40.116678,39.328002,39.318384,39.81852,40.8765,39.491508,38.52009,41.40549,37.94301,38.750922,38.510472,39.28953,41.30931,41.241984,43.213674,39.222204,37.587144,39.328002,37.212042,37.183188,37.26975,38.27964
51193,34.644036,35.990556,40.991916,40.116678,39.328002,39.318384,39.81852,40.8765,39.491508,38.52009,41.40549,37.94301,38.750922,38.510472,39.28953,41.30931,41.241984,43.213674,39.222204,37.587144,39.328002,37.212042,37.183188,37.26975,38.27964
51195,34.644036,35.990556,40.991916,40.116678,39.328002,39.318384,39.81852,40.8765,39.491508,38.52009,41.40549,37.94301,38.750922,38.510472,39.28953,41.30931,41.241984,43.213674,39.222204,37.587144,39.328002,37.212042,37.183188,37.26975,38.27964
51197,34.644036,35.990556,40.991916,40.116678,39.328002,39.318384,39.81852,40.8765,39.491508,38.52009,41.40549,37.94301,38.750922,38.510472,39.28953,41.30931,41.241984,43.213674,39.222204,37.587144,39.328002,37.212042,37.183188,37.26975,38.27964
51199,34.644036,35.990556,40.991916,40.116678,39.328002,39.318384,39.81852,40.8765,39.491508,38.52009,41.40549,37.94301,38.750922,38.510472,39.28953,41.30931,41.241984,43.213674,39.222204,37.587144,39.328002,37.212042,37.183188,37.26975,38.27964
51510,34.644036,35.990556,40.991916,40.116678,39.328002,39.318384,39.81852,40.8765,39.491508,38.52009,41.40549,37.94301,38.750922,38.510472,39.28953,41.30931,41.241984,43.213674,39.222204,37.587144,39.328002,37.212042,37.183188,37.26975,38.27964
51520,34.644036,35.990556,40.991916,40.116678,39.328002,39.318384,39.81852,40.8765,39.491508,38.52009,41.40549,37.94301,38.750922,38.510472,39.28953,41.30931,41.241984,43.213674,39.222204,37.587144,39.328002,37.212042,37.183188,37.26975,38.27964
51530,34.644036,35.990556,40.991916,40.116678,39.328002,39.318384,39.81852,40.8765,39.491508,38.52009,41.40549,37.94301,38.750922,38.510472,39.28953,41.30931,41.241984,43.213674,39.222204,37.587144,39.328002,37.212042,37.183188,37.26975,38.27964
51540,34.644036,35.990556,40.991916,40.116678,39.328002,39.318384,39.81852,40.8765,39.491508,38.52009,41.40549,37.94301,38.750922,38.510472,39.28953,41.30931,41.241984,43.213674,39.222204,37.587144,39.328002,37.212042,37.183188,37.26975,38.27964
51550,34.644036,35.990556,40.991916,40.116678,39.328002,39.318384,39.81852,40.8765,39.491508,38.52009,41.40549,37.94301,38.750922,38.510472,39.28953,41.30931,41.241984,43.213674,39.222204,37.587144,39.328002,37.212042,37.183188,37.26975,38.27964
51570,34.644036,35.990556,40.991916,40.116678,39.328002,39.318384,39.81852,40.8765,39.491508,38.52009,41.40549,37.94301,38.750922,38.510472,39.28953,41.30931,41.241984,43.213674,39.222204,37.587144,39.328002,37.212042,37.183188,37.26975,38.27964
51580,34.644036,35.990556,40.991916,40.116678,39.328002,39.318384,39.81852,40.8765,39.491508,38.52009,41.40549,37.94301,38.750922,38.510472,39.28953,41.30931,41.241984,43.213674,39.222204,37.587144,39.328002,37.212042,37.183188,37.26975,38.27964
51590,34.644036,35.990556,40.991916,40.116678,39.328002,39.318384,39.81852,40.8765,39.491508,38.52009,41.40549,37.94301,38.750922,38.510472,39.28953,41.30931,41.241984,43.213674,39.222204,37.587144,39.328002,37.212042,37.183188,37.26975,38.27964
51595,34.644036,35.990556,40.991916,40.116678,39.328002,39.318384,39.81852,40.8765,39.491508,38.52009,41.40549,37.94301,38.750922,38.510472,39.28953,41.30931,41.241984,43.213674,39.222204,37.587144,39.328002,37.212042,37.183188,37.26975,38.27964
51600,34.644036,35.990556,40.991916,40.116678,39.328002,39.318384,39.81852,40.8765,39.491508,38.52009,41.40549,37.94301,38.750922,38.510472,39.28953,41.30931,41.241984,43.213674,39.222204,37.587144,39.328002,37.212042,37.183188,37.26975,38.27964
51610,34.644036,35.990556,40.991916,40.116678,39.328002,39.318384,39.81852,40.8765,39.491508,38.52009,41.40549,37.94301,38.750922,38.510472,39.28953,41.30931,41.241984,43.213674,39.222204,37.587144,39.328002,37.212042,37.183188,37.26975,38.27964
51620,34.644036,35.990556,40.991916,40.116678,39.328002,39.318384,39.81852,40.8765,39.491508,38.52009,41.40549,37.94301,38.750922,38.510472,39.28953,41.30931,41.241984,43.213674,39.222204,37.587144,39.328002,37.212042,37.183188,37.26975,38.27964
51630,34.644036,35.990556,40.991916,40.116678,39.328002,39.318384,39.81852,40.8765,39.491508,38.52009,41.40549,37.94301,38.750922,38.510472,39.28953,41.30931,41.241984,43.213674,39.222204,37.587144,39.328002,37.212042,37.183188,37.26975,38.27964
51640,34.644036,35.990556,40.991916,40.116678,39.328002,39.318384,39.81852,40.8765,39.491508,38.52009,41.40549,37.94301,38.750922,38.510472,39.28953,41.30931,41.241984,43.213674,39.222204,37.587144,39.328002,37.212042,37.183188,37.26975,38.27964
51650,34.644036,35.990556,40.991916,40.116678,39.328002,39.318384,39.81852,40.8765,39.491508,38.52009,41.40549,37.94301,38.750922,38.510472,39.28953,41.30931,41.241984,43.213674,39.222204,37.587144,39.328002,37.212042,37.183188,37.26975,38.27964
51660,34.644036,35.990556,40.991916,40.116678,39.328002,39.318384,39.81852,40.8765,39.491508,38.52009,41.40549,37.94301,38.750922,38.510472,39.28953,41.30931,41.241984,43.213674,39.222204,37.587144,39.328002,37.212042,37.183188,37.26975,38.27964
51670,34.644036,35.990556,40.991916,40.116678,39.328002,39.318384,39.81852,40.8765,39.491508,38.52009,41.40549,37.94301,38.750922,38.510472,39.28953,41.30931,41.241984,43.213674,39.222204,37.587144,39.328002,37.212042,37.183188,37.26975,38.27964
51678,34.644036,35.990556,40.991916,40.116678,39.328002,39.318384,39.81852,40.8765,39.491508,38.52009,41.40549,37.94301,38.750922,38.510472,39.28953,41.30931,41.241984,43.213674,39.222204,37.587144,39.328002,37.212042,37.183188,37.26975,38.27964
51680,34.644036,35.990556,40.991916,40.116678,39.328002,39.318384,39.81852,40.8765,39.491508,38.52009,41.40549,37.94301,38.750922,38.510472,39.28953,41.30931,41.241984,43.213674,39.222204,37.587144,39.328002,37.212042,37.183188,37.26975,38.27964
51683,34.644036,35.990556,40.991916,40.116678,39.328002,39.318384,39.81852,40.8765,39.491508,38.52009,41.40549,37.94301,38.750922,38.510472,39.28953,41.30931,41.241984,43.213674,39.222204,37.587144,39.328002,37.212042,37.183188,37.26975,38.27964
51685,34.644036,35.990556,40.991916,40.116678,39.328002,39.318384,39.81852,40.8765,39.491508,38.52009,41.40549,37.94301,38.750922,38.510472,39.28953,41.30931,41.241984,43.213674,39.222204,37.587144,39.328002,37.212042,37.183188,37.26975,38.27964
51690,34.644036,35.990556,40.991916,40.116678,39.328002,39.318384,39.81852,40.8765,39.491508,38.52009,41.40549,37.94301,38.750922,38.510472,39.28953,41.30931,41.241984,43.213674,39.222204,37.587144,39.328002,37.212042,37.183188,37.26975,38.27964
51700,34.644036,35.990556,40.991916,40.116678,39.328002,39.318384,39.81852,40.8765,39.491508,38.52009,41.40549,37.94301,38.750922,38.510472,39.28953,41.30931,41.241984,43.213674,39.222204,37.587144,39.328002,37.212042,37.183188,37.26975,38.27964
51710,34.644036,35.990556,40.991916,40.116678,39.328002,39.318384,39.81852,40.8765,39.491508,38.52009,41.40549,37.94301,38.750922,38.510472,39.28953,41.30931,41.241984,43.213674,39.222204,37.587144,39.328002,37.212042,37.183188,37.26975,38.27964
51720,34.644036,35.990556,40.991916,40.116678,39.328002,39.318384,39.81852,40.8765,39.491508,38.52009,41.40549,37.94301,38.750922,38.510472,39.28953,41.30931,41.241984,43.213674,39.222204,37.587144,39.328002,37.212042,37.183188,37.26975,38.27964
51730,34.644036,35.990556,40.991916,40.116678,39.328002,39.318384,39.81852,40.8765,39.491508,38.52009,41.40549,37.94301,38.750922,38.510472,39.28953,41.30931,41.241984,43.213674,39.222204,37.587144,39.328002,37.212042,37.183188,37.26975,38.27964
51735,34.644036,35.990556,40.991916,40.116678,39.328002,39.318384,39.81852,40.8765,39.491508,38.52009,41.40549,37.94301,38.750922,38.510472,39.28953,41.30931,41.241984,43.213674,39.222204,37.587144,39.328002,37.212042,37.183188,37.26975,38.27964
51740,34.644036,35.990556,40.991916,40.116678,39.328002,39.318384,39.81852,40.8765,39.491508,38.52009,41.40549,37.94301,38.750922,38.510472,39.28953,41.30931,41.241984,43.213674,39.222204,37.587144,39.328002,37.212042,37.183188,37.26975,38.27964
51750,34.644036,35.990556,40.991916,40.116678,39.328002,39.318384,39.81852,40.8765,39.491508,38.52009,41.40549,37.94301,38.750922,38.510472,39.28953,41.30931,41.241984,43.213674,39.222204,37.587144,39.328002,37.212042,37.183188,37.26975,38.27964
51760,34.644036,35.990556,40.991916,40.116678,39.328002,39.318384,39.81852,40.8765,39.491508,38.52009,41.40549,37.94301,38.750922,38.510472,39.28953,41.30931,41.241984,43.213674,39.222204,37.587144,39.328002,37.212042,37.183188,37.26975,38.27964
51770,34.644036,35.990556,40.991916,40.116678,39.328002,39.318384,39.81852,40.8765,39.491508,38.52009,41.40549,37.94301,38.750922,38.510472,39.28953,41.30931,41.241984,43.213674,39.222204,37.587144,39.328002,37.212042,37.183188,37.26975,38.27964
51775,34.644036,35.990556,40.991916,40.116678,39.328002,39.318384,39.81852,40.8765,39.491508,38.52009,41.40549,37.94301,38.750922,38.510472,39.28953,41.30931,41.241984,43.213674,39.222204,37.587144,39.328002,37.212042,37.183188,37.26975,38.27964
51790,34.644036,35.990556,40.991916,40.116678,39.328002,39.318384,39.81852,40.8765,39.491508,38.52009,41.40549,37.94301,38.750922,38.510472,39.28953,41.30931,41.241984,43.213674,39.222204,37.587144,39.328002,37.212042,37.183188,37.26975,38.27964
51800,34.644036,35.990556,40.991916,40.116678,39.328002,39.318384,39.81852,40.8765,39.491508,38.52009,41.40549,37.94301,38.750922,38.510472,39.28953,41.30931,41.241984,43.213674,39.222204,37.587144,39.328002,37.212042,37.183188,37.26975,38.27964
51810,34.644036,35.990556,40.991916,40.116678,39.328002,39.318384,39.81852,40.8765,39.491508,38.52009,41.40549,37.94301,38.750922,38.510472,39.28953,41.30931,41.241984,43.213674,39.222204,37.587144,39.328002,37.212042,37.183188,37.26975,38.27964
51820,34.644036,35.990556,40.991916,40.116678,39.328002,39.318384,39.81852,40.8765,39.491508,38.52009,41.40549,37.94301,38.750922,38.510472,39.28953,41.30931,41.241984,43.213674,39.222204,37.587144,39.328002,37.212042,37.183188,37.26975,38.27964
51830,34.644036,35.990556,40.991916,40.116678,39.328002,39.318384,39.81852,40.8765,39.491508,38.52009,41.40549,37.94301,38.750922,38.510472,39.28953,41.30931,41.241984,43.213674,39.222204,37.587144,39.328002,37.212042,37.183188,37.26975,38.27964
51840,34.644036,35.990556,40.991916,40.116678,39.328002,39.318384,39.81852,40.8765,39.491508,38.52009,41.40549,37.94301,38.750922,38.510472,39.28953,41.30931,41.241984,43.213674,39.222204,37.587144,39.328002,37.212042,37.183188,37.26975,38.27964
53001,34.644036,35.990556,40.991916,40.116678,39.328002,39.318384,39.81852,40.8765,39.491508,38.52009,41.40549,37.94301,38.750922,38.510472,39.28953,41.30931,41.241984,43.213674,39.222204,37.587144,39.328002,37.212042,37.183188,37.26975,38.27964
53003,34.644036,35.990556,40.991916,40.116678,39.328002,39.318384,39.81852,40.8765,39.491508,38.52009,41.40549,37.94301,38.750922,38.510472,39.28953,41.30931,41.241984,43.213674,39.222204,37.587144,39.328002,37.212042,37.183188,37.26975,38.27964
53005,34.644036,35.990556,40.991916,40.116678,39.328002,39.318384,39.81852,40.8765,39.491508,38.52009,41.40549,37.94301,38.750922,38.510472,39.28953,41.30931,41.241984,43.213674,39.222204,37.587144,39.328002,37.212042,37.183188,37.26975,38.27964
53007,34.644036,35.990556,40.991916,40.116678,39.328002,39.318384,39.81852,40.8765,39.491508,38.52009,41.40549,37.94301,38.750922,38.510472,39.28953,41.30931,41.241984,43.213674,39.222204,37.587144,39.328002,37.212042,37.183188,37.26975,38.27964
53009,34.644036,35.990556,40.991916,40.116678,39.328002,39.318384,39.81852,40.8765,39.491508,38.52009,41.40549,37.94301,38.750922,38.510472,39.28953,41.30931,41.241984,43.213674,39.222204,37.587144,39.328002,37.212042,37.183188,37.26975,38.27964
53011,34.644036,35.990556,40.991916,40.116678,39.328002,39.318384,39.81852,40.8765,39.491508,38.52009,41.40549,37.94301,38.750922,38.510472,39.28953,41.30931,41.241984,43.213674,39.222204,37.587144,39.328002,37.212042,37.183188,37.26975,38.27964
53013,34.644036,35.990556,40.991916,40.116678,39.328002,39.318384,39.81852,40.8765,39.491508,38.52009,41.40549,37.94301,38.750922,38.510472,39.28953,41.30931,41.241984,43.213674,39.222204,37.587144,39.328002,37.212042,37.183188,37.26975,38.27964
53015,34.644036,35.990556,40.991916,40.116678,39.328002,39.318384,39.81852,40.8765,39.491508,38.52009,41.40549,37.94301,38.750922,38.510472,39.28953,41.30931,41.241984,43.213674,39.222204,37.587144,39.328002,37.212042,37.183188,37.26975,38.27964
53017,34.644036,35.990556,40.991916,40.116678,39.328002,39.318384,39.81852,40.8765,39.491508,38.52009,41.40549,37.94301,38.750922,38.510472,39.28953,41.30931,41.241984,43.213674,39.222204,37.587144,39.328002,37.212042,37.183188,37.26975,38.27964
53019,34.644036,35.990556,40.991916,40.116678,39.328002,39.318384,39.81852,40.8765,39.491508,38.52009,41.40549,37.94301,38.750922,38.510472,39.28953,41.30931,41.241984,43.213674,39.222204,37.587144,39.328002,37.212042,37.183188,37.26975,38.27964
53021,34.644036,35.990556,40.991916,40.116678,39.328002,39.318384,39.81852,40.8765,39.491508,38.52009,41.40549,37.94301,38.750922,38.510472,39.28953,41.30931,41.241984,43.213674,39.222204,37.587144,39.328002,37.212042,37.183188,37.26975,38.27964
53023,34.644036,35.990556,40.991916,40.116678,39.328002,39.318384,39.81852,40.8765,39.491508,38.52009,41.40549,37.94301,38.750922,38.510472,39.28953,41.30931,41.241984,43.213674,39.222204,37.587144,39.328002,37.212042,37.183188,37.26975,38.27964
53025,34.644036,35.990556,40.991916,40.116678,39.328002,39.318384,39.81852,40.8765,39.491508,38.52009,41.40549,37.94301,38.750922,38.510472,39.28953,41.30931,41.241984,43.213674,39.222204,37.587144,39.328002,37.212042,37.183188,37.26975,38.27964
53027,34.644036,35.990556,40.991916,40.116678,39.328002,39.318384,39.81852,40.8765,39.491508,38.52009,41.40549,37.94301,38.750922,38.510472,39.28953,41.30931,41.241984,43.213674,39.222204,37.587144,39.328002,37.212042,37.183188,37.26975,38.27964
53029,34.644036,35.990556,40.991916,40.116678,39.328002,39.318384,39.81852,40.8765,39.491508,38.52009,41.40549,37.94301,38.750922,38.510472,39.28953,41.30931,41.241984,43.213674,39.222204,37.587144,39.328002,37.212042,37.183188,37.26975,38.27964
53031,34.644036,35.990556,40.991916,40.116678,39.328002,39.318384,39.81852,40.8765,39.491508,38.52009,41.40549,37.94301,38.750922,38.510472,39.28953,41.30931,41.241984,43.213674,39.222204,37.587144,39.328002,37.212042,37.183188,37.26975,38.27964
53033,34.644036,35.990556,40.991916,40.116678,39.328002,39.318384,39.81852,40.8765,39.491508,38.52009,41.40549,37.94301,38.750922,38.510472,39.28953,41.30931,41.241984,43.213674,39.222204,37.587144,39.328002,37.212042,37.183188,37.26975,38.27964
53035,34.644036,35.990556,40.991916,40.116678,39.328002,39.318384,39.81852,40.8765,39.491508,38.52009,41.40549,37.94301,38.750922,38.510472,39.28953,41.30931,41.241984,43.213674,39.222204,37.587144,39.328002,37.212042,37.183188,37.26975,38.27964
53037,34.644036,35.990556,40.991916,40.116678,39.328002,39.318384,39.81852,40.8765,39.491508,38.52009,41.40549,37.94301,38.750922,38.510472,39.28953,41.30931,41.241984,43.213674,39.222204,37.587144,39.328002,37.212042,37.183188,37.26975,38.27964
53039,34.644036,35.990556,40.991916,40.116678,39.328002,39.318384,39.81852,40.8765,39.491508,38.52009,41.40549,37.94301,38.750922,38.510472,39.28953,41.30931,41.241984,43.213674,39.222204,37.587144,39.328002,37.212042,37.183188,37.26975,38.27964
53041,34.644036,35.990556,40.991916,40.116678,39.328002,39.318384,39.81852,40.8765,39.491508,38.52009,41.40549,37.94301,38.750922,38.510472,39.28953,41.30931,41.241984,43.213674,39.222204,37.587144,39.328002,37.212042,37.183188,37.26975,38.27964
53043,34.644036,35.990556,40.991916,40.116678,39.328002,39.318384,39.81852,40.8765,39.491508,38.52009,41.40549,37.94301,38.750922,38.510472,39.28953,41.30931,41.241984,43.213674,39.222204,37.587144,39.328002,37.212042,37.183188,37.26975,38.27964
53045,34.644036,35.990556,40.991916,40.116678,39.328002,39.318384,39.81852,40.8765,39.491508,38.52009,41.40549,37.94301,38.750922,38.510472,39.28953,41.30931,41.241984,43.213674,39.222204,37.587144,39.328002,37.212042,37.183188,37.26975,38.27964
53047,34.644036,35.990556,40.991916,40.116678,39.328002,39.318384,39.81852,40.8765,39.491508,38.52009,41.40549,37.94301,38.750922,38.510472,39.28953,41.30931,41.241984,43.213674,39.222204,37.587144,39.328002,37.212042,37.183188,37.26975,38.27964
53049,34.644036,35.990556,40.991916,40.116678,39.328002,39.318384,39.81852,40.8765,39.491508,38.52009,41.40549,37.94301,38.750922,38.510472,39.28953,41.30931,41.241984,43.213674,39.222204,37.587144,39.328002,37.212042,37.183188,37.26975,38.27964
53051,34.644036,35.990556,40.991916,40.116678,39.328002,39.318384,39.81852,40.8765,39.491508,38.52009,41.40549,37.94301,38.750922,38.510472,39.28953,41.30931,41.241984,43.213674,39.222204,37.587144,39.328002,37.212042,37.183188,37.26975,38.27964
53053,34.644036,35.990556,40.991916,40.116678,39.328002,39.318384,39.81852,40.8765,39.491508,38.52009,41.40549,37.94301,38.750922,38.510472,39.28953,41.30931,41.241984,43.213674,39.222204,37.587144,39.328002,37.212042,37.183188,37.26975,38.27964
53055,34.644036,35.990556,40.991916,40.116678,39.328002,39.318384,39.81852,40.8765,39.491508,38.52009,41.40549,37.94301,38.750922,38.510472,39.28953,41.30931,41.241984,43.213674,39.222204,37.587144,39.328002,37.212042,37.183188,37.26975,38.27964
53057,34.644036,35.990556,40.991916,40.116678,39.328002,39.318384,39.81852,40.8765,39.491508,38.52009,41.40549,37.94301,38.750922,38.510472,39.28953,41.30931,41.241984,43.213674,39.222204,37.587144,39.328002,37.212042,37.183188,37.26975,38.27964
53059,34.644036,35.990556,40.991916,40.116678,39.328002,39.318384,39.81852,40.8765,39.491508,38.52009,41.40549,37.94301,38.750922,38.510472,39.28953,41.30931,41.241984,43.213674,39.222204,37.587144,39.328002,37.212042,37.183188,37.26975,38.27964
53061,34.644036,35.990556,40.991916,40.116678,39.328002,39.318384,39.81852,40.8765,39.491508,38.52009,41.40549,37.94301,38.750922,38.510472,39.28953,41.30931,41.241984,43.213674,39.222204,37.587144,39.328002,37.212042,37.183188,37.26975,38.27964
53063,34.644036,35.990556,40.991916,40.116678,39.328002,39.318384,39.81852,40.8765,39.491508,38.52009,41.40549,37.94301,38.750922,38.510472,39.28953,41.30931,41.241984,43.213674,39.222204,37.587144,39.328002,37.212042,37.183188,37.26975,38.27964
53065,34.644036,35.990556,40.991916,40.116678,39.328002,39.318384,39.81852,40.8765,39.491508,38.52009,41.40549,37.94301,38.750922,38.510472,39.28953,41.30931,41.241984,43.213674,39.222204,37.587144,39.328002,37.212042,37.183188,37.26975,38.27964
53067,34.644036,35.990556,40.991916,40.116678,39.328002,39.318384,39.81852,40.8765,39.491508,38.52009,41.40549,37.94301,38.750922,38.510472,39.28953,41.30931,41.241984,43.213674,39.222204,37.587144,39.328002,37.212042,37.183188,37.26975,38.27964
53069,34.644036,35.990556,40.991916,40.116678,39.328002,39.318384,39.81852,40.8765,39.491508,38.52009,41.40549,37.94301,38.750922,38.510472,39.28953,41.30931,41.241984,43.213674,39.222204,37.587144,39.328002,37.212042,37.183188,37.26975,38.27964
53071,34.644036,35.990556,40.991916,40.116678,39.328002,39.318384,39.81852,40.8765,39.491508,38.52009,41.40549,37.94301,38.750922,38.510472,39.28953,41.30931,41.241984,43.213674,39.222204,37.587144,39.328002,37.212042,37.183188,37.26975,38.27964
53073,34.644036,35.990556,40.991916,40.116678,39.328002,39.318384,39.81852,40.8765,39.491508,38.52009,41.40549,37.94301,38.750922,38.510472,39.28953,41.30931,41.241984,43.213674,39.222204,37.587144,39.328002,37.212042,37.183188,37.26975,38.27964
53075,34.644036,35.990556,40.991916,40.116678,39.328002,39.318384,39.81852,40.8765,39.491508,38.52009,41.40549,37.94301,38.750922,38.510472,39.28953,41.30931,41.241984,43.213674,39.222204,37.587144,39.328002,37.212042,37.183188,37.26975,38.27964
53077,34.644036,35.990556,40.991916,40.116678,39.328002,39.318384,39.81852,40.8765,39.491508,38.52009,41.40549,37.94301,38.750922,38.510472,39.28953,41.30931,41.241984,43.213674,39.222204,37.587144,39.328002,37.212042,37.183188,37.26975,38.27964
54001,34.644036,35.990556,40.991916,40.116678,39.328002,39.318384,39.81852,40.8765,39.491508,38.52009,41.40549,37.94301,38.750922,38.510472,39.28953,41.30931,41.241984,43.213674,39.222204,37.587144,39.328002,37.212042,37.183188,37.26975,38.27964
54003,34.644036,35.990556,40.991916,40.116678,39.328002,39.318384,39.81852,40.8765,39.491508,38.52009,41.40549,37.94301,38.750922,38.510472,39.28953,41.30931,41.241984,43.213674,39.222204,37.587144,39.328002,37.212042,37.183188,37.26975,38.27964
54005,34.644036,35.990556,40.991916,40.116678,39.328002,39.318384,39.81852,40.8765,39.491508,38.52009,41.40549,37.94301,38.750922,38.510472,39.28953,41.30931,41.241984,43.213674,39.222204,37.587144,39.328002,37.212042,37.183188,37.26975,38.27964
54007,34.644036,35.990556,40.991916,40.116678,39.328002,39.318384,39.81852,40.8765,39.491508,38.52009,41.40549,37.94301,38.750922,38.510472,39.28953,41.30931,41.241984,43.213674,39.222204,37.587144,39.328002,37.212042,37.183188,37.26975,38.27964
54009,34.644036,35.990556,40.991916,40.116678,39.328002,39.318384,39.81852,40.8765,39.491508,38.52009,41.40549,37.94301,38.750922,38.510472,39.28953,41.30931,41.241984,43.213674,39.222204,37.587144,39.328002,37.212042,37.183188,37.26975,38.27964
54011,34.644036,35.990556,40.991916,40.116678,39.328002,39.318384,39.81852,40.8765,39.491508,38.52009,41.40549,37.94301,38.750922,38.510472,39.28953,41.30931,41.241984,43.213674,39.222204,37.587144,39.328002,37.212042,37.183188,37.26975,38.27964
54013,34.644036,35.990556,40.991916,40.116678,39.328002,39.318384,39.81852,40.8765,39.491508,38.52009,41.40549,37.94301,38.750922,38.510472,39.28953,41.30931,41.241984,43.213674,39.222204,37.587144,39.328002,37.212042,37.183188,37.26975,38.27964
54015,34.644036,35.990556,40.991916,40.116678,39.328002,39.318384,39.81852,40.8765,39.491508,38.52009,41.40549,37.94301,38.750922,38.510472,39.28953,41.30931,41.241984,43.213674,39.222204,37.587144,39.328002,37.212042,37.183188,37.26975,38.27964
54017,34.644036,35.990556,40.991916,40.116678,39.328002,39.318384,39.81852,40.8765,39.491508,38.52009,41.40549,37.94301,38.750922,38.510472,39.28953,41.30931,41.241984,43.213674,39.222204,37.587144,39.328002,37.212042,37.183188,37.26975,38.27964
54019,34.644036,35.990556,40.991916,40.116678,39.328002,39.318384,39.81852,40.8765,39.491508,38.52009,41.40549,37.94301,38.750922,38.510472,39.28953,41.30931,41.241984,43.213674,39.222204,37.587144,39.328002,37.212042,37.183188,37.26975,38.27964
54021,34.644036,35.990556,40.991916,40.116678,39.328002,39.318384,39.81852,40.8765,39.491508,38.52009,41.40549,37.94301,38.750922,38.510472,39.28953,41.30931,41.241984,43.213674,39.222204,37.587144,39.328002,37.212042,37.183188,37.26975,38.27964
54023,34.644036,35.990556,40.991916,40.116678,39.328002,39.318384,39.81852,40.8765,39.491508,38.52009,41.40549,37.94301,38.750922,38.510472,39.28953,41.30931,41.241984,43.213674,39.222204,37.587144,39.328002,37.212042,37.183188,37.26975,38.27964
54025,34.644036,35.990556,40.991916,40.116678,39.328002,39.318384,39.81852,40.8765,39.491508,38.52009,41.40549,37.94301,38.750922,38.510472,39.28953,41.30931,41.241984,43.213674,39.222204,37.587144,39.328002,37.212042,37.183188,37.26975,38.27964
54027,34.644036,35.990556,40.991916,40.116678,39.328002,39.318384,39.81852,40.8765,39.491508,38.52009,41.40549,37.94301,38.750922,38.510472,39.28953,41.30931,41.241984,43.213674,39.222204,37.587144,39.328002,37.212042,37.183188,37.26975,38.27964
54029,34.644036,35.990556,40.991916,40.116678,39.328002,39.318384,39.81852,40.8765,39.491508,38.52009,41.40549,37.94301,38.750922,38.510472,39.28953,41.30931,41.241984,43.213674,39.222204,37.587144,39.328002,37.212042,37.183188,37.26975,38.27964
54031,34.644036,35.990556,40.991916,40.116678,39.328002,39.318384,39.81852,40.8765,39.491508,38.52009,41.40549,37.94301,38.750922,38.510472,39.28953,41.30931,41.241984,43.213674,39.222204,37.587144,39.328002,37.212042,37.183188,37.26975,38.27964
54033,34.644036,35.990556,40.991916,40.116678,39.328002,39.318384,39.81852,40.8765,39.491508,38.52009,41.40549,37.94301,38.750922,38.510472,39.28953,41.30931,41.241984,43.213674,39.222204,37.587144,39.328002,37.212042,37.183188,37.26975,38.27964
54035,34.644036,35.990556,40.991916,40.116678,39.328002,39.318384,39.81852,40.8765,39.491508,38.52009,41.40549,37.94301,38.750922,38.510472,39.28953,41.30931,41.241984,43.213674,39.222204,37.587144,39.328002,37.212042,37.183188,37.26975,38.27964
54037,34.644036,35.990556,40.991916,40.116678,39.328002,39.318384,39.81852,40.8765,39.491508,38.52009,41.40549,37.94301,38.750922,38.510472,39.28953,41.30931,41.241984,43.213674,39.222204,37.587144,39.328002,37.212042,37.183188,37.26975,38.27964
54039,34.644036,35.990556,40.991916,40.116678,39.328002,39.318384,39.81852,40.8765,39.491508,38.52009,41.40549,37.94301,38.750922,38.510472,39.28953,41.30931,41.241984,43.213674,39.222204,37.587144,39.328002,37.212042,37.183188,37.26975,38.27964
54041,34.644036,35.990556,40.991916,40.116678,39.328002,39.318384,39.81852,40.8765,39.491508,38.52009,41.40549,37.94301,38.750922,38.510472,39.28953,41.30931,41.241984,43.213674,39.222204,37.587144,39.328002,37.212042,37.183188,37.26975,38.27964
54043,34.644036,35.990556,40.991916,40.116678,39.328002,39.318384,39.81852,40.8765,39.491508,38.52009,41.40549,37.94301,38.750922,38.510472,39.28953,41.30931,41.241984,43.213674,39.222204,37.587144,39.328002,37.212042,37.183188,37.26975,38.27964
54045,34.644036,35.990556,40.991916,40.116678,39.328002,39.318384,39.81852,40.8765,39.491508,38.52009,41.40549,37.94301,38.750922,38.510472,39.28953,41.30931,41.241984,43.213674,39.222204,37.587144,39.328002,37.212042,37.183188,37.26975,38.27964
54047,34.644036,35.990556,40.991916,40.116678,39.328002,39.318384,39.81852,40.8765,39.491508,38.52009,41.40549,37.94301,38.750922,38.510472,39.28953,41.30931,41.241984,43.213674,39.222204,37.587144,39.328002,37.212042,37.183188,37.26975,38.27964
54049,34.644036,35.990556,40.991916,40.116678,39.328002,39.318384,39.81852,40.8765,39.491508,38.52009,41.40549,37.94301,38.750922,38.510472,39.28953,41.30931,41.241984,43.213674,39.222204,37.587144,39.328002,37.212042,37.183188,37.26975,38.27964
54051,34.644036,35.990556,40.991916,40.116678,39.328002,39.318384,39.81852,40.8765,39.491508,38.52009,41.40549,37.94301,38.750922,38.510472,39.28953,41.30931,41.241984,43.213674,39.222204,37.587144,39.328002,37.212042,37.183188,37.26975,38.27964
54053,34.644036,35.990556,40.991916,40.116678,39.328002,39.318384,39.81852,40.8765,39.491508,38.52009,41.40549,37.94301,38.750922,38.510472,39.28953,41.30931,41.241984,43.213674,39.222204,37.587144,39.328002,37.212042,37.183188,37.26975,38.27964
54055,34.644036,35.990556,40.991916,40.116678,39.328002,39.318384,39.81852,40.8765,39.491508,38.52009,41.40549,37.94301,38.750922,38.510472,39.28953,41.30931,41.241984,43.213674,39.222204,37.587144,39.328002,37.212042,37.183188,37.26975,38.27964
54057,34.644036,35.990556,40.991916,40.116678,39.328002,39.318384,39.81852,40.8765,39.491508,38.52009,41.40549,37.94301,38.750922,38.510472,39.28953,41.30931,41.241984,43.213674,39.222204,37.587144,39.328002,37.212042,37.183188,37.26975,38.27964
54059,34.644036,35.990556,40.991916,40.116678,39.328002,39.318384,39.81852,40.8765,39.491508,38.52009,41.40549,37.94301,38.750922,38.510472,39.28953,41.30931,41.241984,43.213674,39.222204,37.587144,39.328002,37.212042,37.183188,37.26975,38.27964
54061,34.644036,35.990556,40.991916,40.116678,39.328002,39.318384,39.81852,40.8765,39.491508,38.52009,41.40549,37.94301,38.750922,38.510472,39.28953,41.30931,41.241984,43.213674,39.222204,37.587144,39.328002,37.212042,37.183188,37.26975,38.27964
54063,34.644036,35.990556,40.991916,40.116678,39.328002,39.318384,39.81852,40.8765,39.491508,38.52009,41.40549,37.94301,38.750922,38.510472,39.28953,41.30931,41.241984,43.213674,39.222204,37.587144,39.328002,37.212042,37.183188,37.26975,38.27964
54065,34.644036,35.990556,40.991916,40.116678,39.328002,39.318384,39.81852,40.8765,39.491508,38.52009,41.40549,37.94301,38.750922,38.510472,39.28953,41.30931,41.241984,43.213674,39.222204,37.587144,39.328002,37.212042,37.183188,37.26975,38.27964
54067,34.644036,35.990556,40.991916,40.116678,39.328002,39.318384,39.81852,40.8765,39.491508,38.52009,41.40549,37.94301,38.750922,38.510472,39.28953,41.30931,41.241984,43.213674,39.222204,37.587144,39.328002,37.212042,37.183188,37.26975,38.27964
54069,34.644036,35.990556,40.991916,40.116678,39.328002,39.318384,39.81852,40.8765,39.491508,38.52009,41.40549,37.94301,38.750922,38.510472,39.28953,41.30931,41.241984,43.213674,39.222204,37.587144,39.328002,37.212042,37.183188,37.26975,38.27964
54071,34.644036,35.990556,40.991916,40.116678,39.328002,39.318384,39.81852,40.8765,39.491508,38.52009,41.40549,37.94301,38.750922,38.510472,39.28953,41.30931,41.241984,43.213674,39.222204,37.587144,39.328002,37.212042,37.183188,37.26975,38.27964
54073,34.644036,35.990556,40.991916,40.116678,39.328002,39.318384,39.81852,40.8765,39.491508,38.52009,41.40549,37.94301,38.750922,38.510472,39.28953,41.30931,41.241984,43.213674,39.222204,37.587144,39.328002,37.212042,37.183188,37.26975,38.27964
54075,34.644036,35.990556,40.991916,40.116678,39.328002,39.318384,39.81852,40.8765,39.491508,38.52009,41.40549,37.94301,38.750922,38.510472,39.28953,41.30931,41.241984,43.213674,39.222204,37.587144,39.328002,37.212042,37.183188,37.26975,38.27964
54077,34.644036,35.990556,40.991916,40.116678,39.328002,39.318384,39.81852,40.8765,39.491508,38.52009,41.40549,37.94301,38.750922,38.510472,39.28953,41.30931,41.241984,43.213674,39.222204,37.587144,39.328002,37.212042,37.183188,37.26975,38.27964
54079,34.644036,35.990556,40.991916,40.116678,39.328002,39.318384,39.81852,40.8765,39.491508,38.52009,41.40549,37.94301,38.750922,38.510472,39.28953,41.30931,41.241984,43.213674,39.222204,37.587144,39.328002,37.212042,37.183188,37.26975,38.27964
54081,34.644036,35.990556,40.991916,40.116678,39.328002,39.318384,39.81852,40.8765,39.491508,38.52009,41.40549,37.94301,38.750922,38.510472,39.28953,41.30931,41.241984,43.213674,39.222204,37.587144,39.328002,37.212042,37.183188,37.26975,38.27964
54083,34.644036,35.990556,40.991916,40.116678,39.328002,39.318384,39.81852,40.8765,39.491508,38.52009,41.40549,37.94301,38.750922,38.510472,39.28953,41.30931,41.241984,43.213674,39.222204,37.587144,39.328002,37.212042,37.183188,37.26975,38.27964
54085,34.644036,35.990556,40.991916,40.116678,39.328002,39.318384,39.81852,40.8765,39.491508,38.52009,41.40549,37.94301,38.750922,38.510472,39.28953,41.30931,41.241984,43.213674,39.222204,37.587144,39.328002,37.212042,37.183188,37.26975,38.27964
54087,34.644036,35.990556,40.991916,40.116678,39.328002,39.318384,39.81852,40.8765,39.491508,38.52009,41.40549,37.94301,38.750922,38.510472,39.28953,41.30931,41.241984,43.213674,39.222204,37.587144,39.328002,37.212042,37.183188,37.26975,38.27964
54089,34.644036,35.990556,40.991916,40.116678,39.328002,39.318384,39.81852,40.8765,39.491508,38.52009,41.40549,37.94301,38.750922,38.510472,39.28953,41.30931,41.241984,43.213674,39.222204,37.587144,39.328002,37.212042,37.183188,37.26975,38.27964
54091,34.644036,35.990556,40.991916,40.116678,39.328002,39.318384,39.81852,40.8765,39.491508,38.52009,41.40549,37.94301,38.750922,38.510472,39.28953,41.30931,41.241984,43.213674,39.222204,37.587144,39.328002,37.212042,37.183188,37.26975,38.27964
54093,34.644036,35.990556,40.991916,40.116678,39.328002,39.318384,39.81852,40.8765,39.491508,38.52009,41.40549,37.94301,38.750922,38.510472,39.28953,41.30931,41.241984,43.213674,39.222204,37.587144,39.328002,37.212042,37.183188,37.26975,38.27964
54095,34.644036,35.990556,40.991916,40.116678,39.328002,39.318384,39.81852,40.8765,39.491508,38.52009,41.40549,37.94301,38.750922,38.510472,39.28953,41.30931,41.241984,43.213674,39.222204,37.587144,39.328002,37.212042,37.183188,37.26975,38.27964
54097,34.644036,35.990556,40.991916,40.116678,39.328002,39.318384,39.81852,40.8765,39.491508,38.52009,41.40549,37.94301,38.750922,38.510472,39.28953,41.30931,41.241984,43.213674,39.222204,37.587144,39.328002,37.212042,37.183188,37.26975,38.27964
54099,34.644036,35.990556,40.991916,40.116678,39.328002,39.318384,39.81852,40.8765,39.491508,38.52009,41.40549,37.94301,38.750922,38.510472,39.28953,41.30931,41.241984,43.213674,39.222204,37.587144,39.328002,37.212042,37.183188,37.26975,38.27964
54101,34.644036,35.990556,40.991916,40.116678,39.328002,39.318384,39.81852,40.8765,39.491508,38.52009,41.40549,37.94301,38.750922,38.510472,39.28953,41.30931,41.241984,43.213674,39.222204,37.587144,39.328002,37.212042,37.183188,37.26975,38.27964
54103,34.644036,35.990556,40.991916,40.116678,39.328002,39.318384,39.81852,40.8765,39.491508,38.52009,41.40549,37.94301,38.750922,38.510472,39.28953,41.30931,41.241984,43.213674,39.222204,37.587144,39.328002,37.212042,37.183188,37.26975,38.27964
54105,34.644036,35.990556,40.991916,40.116678,39.328002,39.318384,39.81852,40.8765,39.491508,38.52009,41.40549,37.94301,38.750922,38.510472,39.28953,41.30931,41.241984,43.213674,39.222204,37.587144,39.328002,37.212042,37.183188,37.26975,38.27964
54107,34.644036,35.990556,40.991916,40.116678,39.328002,39.318384,39.81852,40.8765,39.491508,38.52009,41.40549,37.94301,38.750922,38.510472,39.28953,41.30931,41.241984,43.213674,39.222204,37.587144,39.328002,37.212042,37.183188,37.26975,38.27964
54109,34.644036,35.990556,40.991916,40.116678,39.328002,39.318384,39.81852,40.8765,39.491508,38.52009,41.40549,37.94301,38.750922,38.510472,39.28953,41.30931,41.241984,43.213674,39.222204,37.587144,39.328002,37.212042,37.183188,37.26975,38.27964
55001,34.644036,35.990556,40.991916,40.116678,39.328002,39.318384,39.81852,40.8765,39.491508,38.52009,41.40549,37.94301,38.750922,38.510472,39.28953,41.30931,41.241984,43.213674,39.222204,37.587144,39.328002,37.212042,37.183188,37.26975,38.27964
55003,34.644036,35.990556,40.991916,40.116678,39.328002,39.318384,39.81852,40.8765,39.491508,38.52009,41.40549,37.94301,38.750922,38.510472,39.28953,41.30931,41.241984,43.213674,39.222204,37.587144,39.328002,37.212042,37.183188,37.26975,38.27964
55005,34.644036,35.990556,40.991916,40.116678,39.328002,39.318384,39.81852,40.8765,39.491508,38.52009,41.40549,37.94301,38.750922,38.510472,39.28953,41.30931,41.241984,43.213674,39.222204,37.587144,39.328002,37.212042,37.183188,37.26975,38.27964
55007,34.644036,35.990556,40.991916,40.116678,39.328002,39.318384,39.81852,40.8765,39.491508,38.52009,41.40549,37.94301,38.750922,38.510472,39.28953,41.30931,41.241984,43.213674,39.222204,37.587144,39.328002,37.212042,37.183188,37.26975,38.27964
55009,34.644036,35.990556,40.991916,40.116678,39.328002,39.318384,39.81852,40.8765,39.491508,38.52009,41.40549,37.94301,38.750922,38.510472,39.28953,41.30931,41.241984,43.213674,39.222204,37.587144,39.328002,37.212042,37.183188,37.26975,38.27964
55011,34.644036,35.990556,40.991916,40.116678,39.328002,39.318384,39.81852,40.8765,39.491508,38.52009,41.40549,37.94301,38.750922,38.510472,39.28953,41.30931,41.241984,43.213674,39.222204,37.587144,39.328002,37.212042,37.183188,37.26975,38.27964
55013,34.644036,35.990556,40.991916,40.116678,39.328002,39.318384,39.81852,40.8765,39.491508,38.52009,41.40549,37.94301,38.750922,38.510472,39.28953,41.30931,41.241984,43.213674,39.222204,37.587144,39.328002,37.212042,37.183188,37.26975,38.27964
55015,34.644036,35.990556,40.991916,40.116678,39.328002,39.318384,39.81852,40.8765,39.491508,38.52009,41.40549,37.94301,38.750922,38.510472,39.28953,41.30931,41.241984,43.213674,39.222204,37.587144,39.328002,37.212042,37.183188,37.26975,38.27964
55017,34.644036,35.990556,40.991916,40.116678,39.328002,39.318384,39.81852,40.8765,39.491508,38.52009,41.40549,37.94301,38.750922,38.510472,39.28953,41.30931,41.241984,43.213674,39.222204,37.587144,39.328002,37.212042,37.183188,37.26975,38.27964
55019,34.644036,35.990556,40.991916,40.116678,39.328002,39.318384,39.81852,40.8765,39.491508,38.52009,41.40549,37.94301,38.750922,38.510472,39.28953,41.30931,41.241984,43.213674,39.222204,37.587144,39.328002,37.212042,37.183188,37.26975,38.27964
55021,34.644036,35.990556,40.991916,40.116678,39.328002,39.318384,39.81852,40.8765,39.491508,38.52009,41.40549,37.94301,38.750922,38.510472,39.28953,41.30931,41.241984,43.213674,39.222204,37.587144,39.328002,37.212042,37.183188,37.26975,38.27964
55023,34.644036,35.990556,40.991916,40.116678,39.328002,39.318384,39.81852,40.8765,39.491508,38.52009,41.40549,37.94301,38.750922,38.510472,39.28953,41.30931,41.241984,43.213674,39.222204,37.587144,39.328002,37.212042,37.183188,37.26975,38.27964
55025,34.644036,35.990556,40.991916,40.116678,39.328002,39.318384,39.81852,40.8765,39.491508,38.52009,41.40549,37.94301,38.750922,38.510472,39.28953,41.30931,41.241984,43.213674,39.222204,37.587144,39.328002,37.212042,37.183188,37.26975,38.27964
55027,34.644036,35.990556,40.991916,40.116678,39.328002,39.318384,39.81852,40.8765,39.491508,38.52009,41.40549,37.94301,38.750922,38.510472,39.28953,41.30931,41.241984,43.213674,39.222204,37.587144,39.328002,37.212042,37.183188,37.26975,38.27964
55029,34.644036,35.990556,40.991916,40.116678,39.328002,39.318384,39.81852,40.8765,39.491508,38.52009,41.40549,37.94301,38.750922,38.510472,39.28953,41.30931,41.241984,43.213674,39.222204,37.587144,39.328002,37.212042,37.183188,37.26975,38.27964
55031,34.644036,35.990556,40.991916,40.116678,39.328002,39.318384,39.81852,40.8765,39.491508,38.52009,41.40549,37.94301,38.750922,38.510472,39.28953,41.30931,41.241984,43.213674,39.222204,37.587144,39.328002,37.212042,37.183188,37.26975,38.27964
55033,34.644036,35.990556,40.991916,40.116678,39.328002,39.318384,39.81852,40.8765,39.491508,38.52009,41.40549,37.94301,38.750922,38.510472,39.28953,41.30931,41.241984,43.213674,39.222204,37.587144,39.328002,37.212042,37.183188,37.26975,38.27964
55035,34.644036,35.990556,40.991916,40.116678,39.328002,39.318384,39.81852,40.8765,39.491508,38.52009,41.40549,37.94301,38.750922,38.510472,39.28953,41.30931,41.241984,43.213674,39.222204,37.587144,39.328002,37.212042,37.183188,37.26975,38.27964
55037,34.644036,35.990556,40.991916,40.116678,39.328002,39.318384,39.81852,40.8765,39.491508,38.52009,41.40549,37.94301,38.750922,38.510472,39.28953,41.30931,41.241984,43.213674,39.222204,37.587144,39.328002,37.212042,37.183188,37.26975,38.27964
55039,34.644036,35.990556,40.991916,40.116678,39.328002,39.318384,39.81852,40.8765,39.491508,38.52009,41.40549,37.94301,38.750922,38.510472,39.28953,41.30931,41.241984,43.213674,39.222204,37.587144,39.328002,37.212042,37.183188,37.26975,38.27964
55041,34.644036,35.990556,40.991916,40.116678,39.328002,39.318384,39.81852,40.8765,39.491508,38.52009,41.40549,37.94301,38.750922,38.510472,39.28953,41.30931,41.241984,43.213674,39.222204,37.587144,39.328002,37.212042,37.183188,37.26975,38.27964
55043,34.644036,35.990556,40.991916,40.116678,39.328002,39.318384,39.81852,40.8765,39.491508,38.52009,41.40549,37.94301,38.750922,38.510472,39.28953,41.30931,41.241984,43.213674,39.222204,37.587144,39.328002,37.212042,37.183188,37.26975,38.27964
55045,34.644036,35.990556,40.991916,40.116678,39.328002,39.318384,39.81852,40.8765,39.491508,38.52009,41.40549,37.94301,38.750922,38.510472,39.28953,41.30931,41.241984,43.213674,39.222204,37.587144,39.328002,37.212042,37.183188,37.26975,38.27964
55047,34.644036,35.990556,40.991916,40.116678,39.328002,39.318384,39.81852,40.8765,39.491508,38.52009,41.40549,37.94301,38.750922,38.510472,39.28953,41.30931,41.241984,43.213674,39.222204,37.587144,39.328002,37.212042,37.183188,37.26975,38.27964
55049,34.644036,35.990556,40.991916,40.116678,39.328002,39.318384,39.81852,40.8765,39.491508,38.52009,41.40549,37.94301,38.750922,38.510472,39.28953,41.30931,41.241984,43.213674,39.222204,37.587144,39.328002,37.212042,37.183188,37.26975,38.27964
55051,34.644036,35.990556,40.991916,40.116678,39.328002,39.318384,39.81852,40.8765,39.491508,38.52009,41.40549,37.94301,38.750922,38.510472,39.28953,41.30931,41.241984,43.213674,39.222204,37.587144,39.328002,37.212042,37.183188,37.26975,38.27964
55053,34.644036,35.990556,40.991916,40.116678,39.328002,39.318384,39.81852,40.8765,39.491508,38.52009,41.40549,37.94301,38.750922,38.510472,39.28953,41.30931,41.241984,43.213674,39.222204,37.587144,39.328002,37.212042,37.183188,37.26975,38.27964
55055,34.644036,35.990556,40.991916,40.116678,39.328002,39.318384,39.81852,40.8765,39.491508,38.52009,41.40549,37.94301,38.750922,38.510472,39.28953,41.30931,41.241984,43.213674,39.222204,37.587144,39.328002,37.212042,37.183188,37.26975,38.27964
55057,34.644036,35.990556,40.991916,40.116678,39.328002,39.318384,39.81852,40.8765,39.491508,38.52009,41.40549,37.94301,38.750922,38.510472,39.28953,41.30931,41.241984,43.213674,39.222204,37.587144,39.328002,37.212042,37.183188,37.26975,38.27964
55059,34.644036,35.990556,40.991916,40.116678,39.328002,39.318384,39.81852,40.8765,39.491508,38.52009,41.40549,37.94301,38.750922,38.510472,39.28953,41.30931,41.241984,43.213674,39.222204,37.587144,39.328002,37.212042,37.183188,37.26975,38.27964
55061,34.644036,35.990556,40.991916,40.116678,39.328002,39.318384,39.81852,40.8765,39.491508,38.52009,41.40549,37.94301,38.750922,38.510472,39.28953,41.30931,41.241984,43.213674,39.222204,37.587144,39.328002,37.212042,37.183188,37.26975,38.27964
55063,34.644036,35.990556,40.991916,40.116678,39.328002,39.318384,39.81852,40.8765,39.491508,38.52009,41.40549,37.94301,38.750922,38.510472,39.28953,41.30931,41.241984,43.213674,39.222204,37.587144,39.328002,37.212042,37.183188,37.26975,38.27964
55065,34.644036,35.990556,40.991916,40.116678,39.328002,39.318384,39.81852,40.8765,39.491508,38.52009,41.40549,37.94301,38.750922,38.510472,39.28953,41.30931,41.241984,43.213674,39.222204,37.587144,39.328002,37.212042,37.183188,37.26975,38.27964
55067,34.644036,35.990556,40.991916,40.116678,39.328002,39.318384,39.81852,40.8765,39.491508,38.52009,41.40549,37.94301,38.750922,38.510472,39.28953,41.30931,41.241984,43.213674,39.222204,37.587144,39.328002,37.212042,37.183188,37.26975,38.27964
55069,34.644036,35.990556,40.991916,40.116678,39.328002,39.318384,39.81852,40.8765,39.491508,38.52009,41.40549,37.94301,38.750922,38.510472,39.28953,41.30931,41.241984,43.213674,39.222204,37.587144,39.328002,37.212042,37.183188,37.26975,38.27964
55071,34.644036,35.990556,40.991916,40.116678,39.328002,39.318384,39.81852,40.8765,39.491508,38.52009,41.40549,37.94301,38.750922,38.510472,39.28953,41.30931,41.241984,43.213674,39.222204,37.587144,39.328002,37.212042,37.183188,37.26975,38.27964
55073,34.644036,35.990556,40.991916,40.116678,39.328002,39.318384,39.81852,40.8765,39.491508,38.52009,41.40549,37.94301,38.750922,38.510472,39.28953,41.30931,41.241984,43.213674,39.222204,37.587144,39.328002,37.212042,37.183188,37.26975,38.27964
55075,34.644036,35.990556,40.991916,40.116678,39.328002,39.318384,39.81852,40.8765,39.491508,38.52009,41.40549,37.94301,38.750922,38.510472,39.28953,41.30931,41.241984,43.213674,39.222204,37.587144,39.328002,37.212042,37.183188,37.26975,38.27964
55077,34.644036,35.990556,40.991916,40.116678,39.328002,39.318384,39.81852,40.8765,39.491508,38.52009,41.40549,37.94301,38.750922,38.510472,39.28953,41.30931,41.241984,43.213674,39.222204,37.587144,39.328002,37.212042,37.183188,37.26975,38.27964
55078,34.644036,35.990556,40.991916,40.116678,39.328002,39.318384,39.81852,40.8765,39.491508,38.52009,41.40549,37.94301,38.750922,38.510472,39.28953,41.30931,41.241984,43.213674,39.222204,37.587144,39.328002,37.212042,37.183188,37.26975,38.27964
55079,34.644036,35.990556,40.991916,40.116678,39.328002,39.318384,39.81852,40.8765,39.491508,38.52009,41.40549,37.94301,38.750922,38.510472,39.28953,41.30931,41.241984,43.213674,39.222204,37.587144,39.328002,37.212042,37.183188,37.26975,38.27964
55081,34.644036,35.990556,40.991916,40.116678,39.328002,39.318384,39.81852,40.8765,39.491508,38.52009,41.40549,37.94301,38.750922,38.510472,39.28953,41.30931,41.241984,43.213674,39.222204,37.587144,39.328002,37.212042,37.183188,37.26975,38.27964
55083,34.644036,35.990556,40.991916,40.116678,39.328002,39.318384,39.81852,40.8765,39.491508,38.52009,41.40549,37.94301,38.750922,38.510472,39.28953,41.30931,41.241984,43.213674,39.222204,37.587144,39.328002,37.212042,37.183188,37.26975,38.27964
55085,34.644036,35.990556,40.991916,40.116678,39.328002,39.318384,39.81852,40.8765,39.491508,38.52009,41.40549,37.94301,38.750922,38.510472,39.28953,41.30931,41.241984,43.213674,39.222204,37.587144,39.328002,37.212042,37.183188,37.26975,38.27964
55087,34.644036,35.990556,40.991916,40.116678,39.328002,39.318384,39.81852,40.8765,39.491508,38.52009,41.40549,37.94301,38.750922,38.510472,39.28953,41.30931,41.241984,43.213674,39.222204,37.587144,39.328002,37.212042,37.183188,37.26975,38.27964
55089,34.644036,35.990556,40.991916,40.116678,39.328002,39.318384,39.81852,40.8765,39.491508,38.52009,41.40549,37.94301,38.750922,38.510472,39.28953,41.30931,41.241984,43.213674,39.222204,37.587144,39.328002,37.212042,37.183188,37.26975,38.27964
55091,34.644036,35.990556,40.991916,40.116678,39.328002,39.318384,39.81852,40.8765,39.491508,38.52009,41.40549,37.94301,38.750922,38.510472,39.28953,41.30931,41.241984,43.213674,39.222204,37.587144,39.328002,37.212042,37.183188,37.26975,38.27964
55093,34.644036,35.990556,40.991916,40.116678,39.328002,39.318384,39.81852,40.8765,39.491508,38.52009,41.40549,37.94301,38.750922,38.510472,39.28953,41.30931,41.241984,43.213674,39.222204,37.587144,39.328002,37.212042,37.183188,37.26975,38.27964
55095,34.644036,35.990556,40.991916,40.116678,39.328002,39.318384,39.81852,40.8765,39.491508,38.52009,41.40549,37.94301,38.750922,38.510472,39.28953,41.30931,41.241984,43.213674,39.222204,37.587144,39.328002,37.212042,37.183188,37.26975,38.27964
55097,34.644036,35.990556,40.991916,40.116678,39.328002,39.318384,39.81852,40.8765,39.491508,38.52009,41.40549,37.94301,38.750922,38.510472,39.28953,41.30931,41.241984,43.213674,39.222204,37.587144,39.328002,37.212042,37.183188,37.26975,38.27964
55099,34.644036,35.990556,40.991916,40.116678,39.328002,39.318384,39.81852,40.8765,39.491508,38.52009,41.40549,37.94301,38.750922,38.510472,39.28953,41.30931,41.241984,43.213674,39.222204,37.587144,39.328002,37.212042,37.183188,37.26975,38.27964
55101,34.644036,35.990556,40.991916,40.116678,39.328002,39.318384,39.81852,40.8765,39.491508,38.52009,41.40549,37.94301,38.750922,38.510472,39.28953,41.30931,41.241984,43.213674,39.222204,37.587144,39.328002,37.212042,37.183188,37.26975,38.27964
55103,34.644036,35.990556,40.991916,40.116678,39.328002,39.318384,39.81852,40.8765,39.491508,38.52009,41.40549,37.94301,38.750922,38.510472,39.28953,41.30931,41.241984,43.213674,39.222204,37.587144,39.328002,37.212042,37.183188,37.26975,38.27964
55105,34.644036,35.990556,40.991916,40.116678,39.328002,39.318384,39.81852,40.8765,39.491508,38.52009,41.40549,37.94301,38.750922,38.510472,39.28953,41.30931,41.241984,43.213674,39.222204,37.587144,39.328002,37.212042,37.183188,37.26975,38.27964
55107,34.644036,35.990556,40.991916,40.116678,39.328002,39.318384,39.81852,40.8765,39.491508,38.52009,41.40549,37.94301,38.750922,38.510472,39.28953,41.30931,41.241984,43.213674,39.222204,37.587144,39.328002,37.212042,37.183188,37.26975,38.27964
55109,34.644036,35.990556,40.991916,40.116678,39.328002,39.318384,39.81852,40.8765,39.491508,38.52009,41.40549,37.94301,38.750922,38.510472,39.28953,41.30931,41.241984,43.213674,39.222204,37.587144,39.328002,37.212042,37.183188,37.26975,38.27964
55111,34.644036,35.990556,40.991916,40.116678,39.328002,39.318384,39.81852,40.8765,39.491508,38.52009,41.40549,37.94301,38.750922,38.510472,39.28953,41.30931,41.241984,43.213674,39.222204,37.587144,39.328002,37.212042,37.183188,37.26975,38.27964
55113,34.644036,35.990556,40.991916,40.116678,39.328002,39.318384,39.81852,40.8765,39.491508,38.52009,41.40549,37.94301,38.750922,38.510472,39.28953,41.30931,41.241984,43.213674,39.222204,37.587144,39.328002,37.212042,37.183188,37.26975,38.27964
55115,34.644036,35.990556,40.991916,40.116678,39.328002,39.318384,39.81852,40.8765,39.491508,38.52009,41.40549,37.94301,38.750922,38.510472,39.28953,41.30931,41.241984,43.213674,39.222204,37.587144,39.328002,37.212042,37.183188,37.26975,38.27964
55117,34.644036,35.990556,40.991916,40.116678,39.328002,39.318384,39.81852,40.8765,39.491508,38.52009,41.40549,37.94301,38.750922,38.510472,39.28953,41.30931,41.241984,43.213674,39.222204,37.587144,39.328002,37.212042,37.183188,37.26975,38.27964
55119,34.644036,35.990556,40.991916,40.116678,39.328002,39.318384,39.81852,40.8765,39.491508,38.52009,41.40549,37.94301,38.750922,38.510472,39.28953,41.30931,41.241984,43.213674,39.222204,37.587144,39.328002,37.212042,37.183188,37.26975,38.27964
55121,34.644036,35.990556,40.991916,40.116678,39.328002,39.318384,39.81852,40.8765,39.491508,38.52009,41.40549,37.94301,38.750922,38.510472,39.28953,41.30931,41.241984,43.213674,39.222204,37.587144,39.328002,37.212042,37.183188,37.26975,38.27964
55123,34.644036,35.990556,40.991916,40.116678,39.328002,39.318384,39.81852,40.8765,39.491508,38.52009,41.40549,37.94301,38.750922,38.510472,39.28953,41.30931,41.241984,43.213674,39.222204,37.587144,39.328002,37.212042,37.183188,37.26975,38.27964
55125,34.644036,35.990556,40.991916,40.116678,39.328002,39.318384,39.81852,40.8765,39.491508,38.52009,41.40549,37.94301,38.750922,38.510472,39.28953,41.30931,41.241984,43.213674,39.222204,37.587144,39.328002,37.212042,37.183188,37.26975,38.27964
55127,34.644036,35.990556,40.991916,40.116678,39.328002,39.318384,39.81852,40.8765,39.491508,38.52009,41.40549,37.94301,38.750922,38.510472,39.28953,41.30931,41.241984,43.213674,39.222204,37.587144,39.328002,37.212042,37.183188,37.26975,38.27964
55129,34.644036,35.990556,40.991916,40.116678,39.328002,39.318384,39.81852,40.8765,39.491508,38.52009,41.40549,37.94301,38.750922,38.510472,39.28953,41.30931,41.241984,43.213674,39.222204,37.587144,39.328002,37.212042,37.183188,37.26975,38.27964
55131,34.644036,35.990556,40.991916,40.116678,39.328002,39.318384,39.81852,40.8765,39.491508,38.52009,41.40549,37.94301,38.750922,38.510472,39.28953,41.30931,41.241984,43.213674,39.222204,37.587144,39.328002,37.212042,37.183188,37.26975,38.27964
55133,34.644036,35.990556,40.991916,40.116678,39.328002,39.318384,39.81852,40.8765,39.491508,38.52009,41.40549,37.94301,38.750922,38.510472,39.28953,41.30931,41.241984,43.213674,39.222204,37.587144,39.328002,37.212042,37.183188,37.26975,38.27964
55135,34.644036,35.990556,40.991916,40.116678,39.328002,39.318384,39.81852,40.8765,39.491508,38.52009,41.40549,37.94301,38.750922,38.510472,39.28953,41.30931,41.241984,43.213674,39.222204,37.587144,39.328002,37.212042,37.183188,37.26975,38.27964
55137,34.644036,35.990556,40.991916,40.116678,39.328002,39.318384,39.81852,40.8765,39.491508,38.52009,41.40549,37.94301,38.750922,38.510472,39.28953,41.30931,41.241984,43.213674,39.222204,37.587144,39.328002,37.212042,37.183188,37.26975,38.27964
55139,34.644036,35.990556,40.991916,40.116678,39.328002,39.318384,39.81852,40.8765,39.491508,38.52009,41.40549,37.94301,38.750922,38.510472,39.28953,41.30931,41.241984,43.213674,39.222204,37.587144,39.328002,37.212042,37.183188,37.26975,38.27964
55141,34.644036,35.990556,40.991916,40.116678,39.328002,39.318384,39.81852,40.8765,39.491508,38.52009,41.40549,37.94301,38.750922,38.510472,39.28953,41.30931,41.241984,43.213674,39.222204,37.587144,39.328002,37.212042,37.183188,37.26975,38.27964
56001,34.644036,35.990556,40.991916,40.116678,39.328002,39.318384,39.81852,40.8765,39.491508,38.52009,41.40549,37.94301,38.750922,38.510472,39.28953,41.30931,41.241984,43.213674,39.222204,37.587144,39.328002,37.212042,37.183188,37.26975,38.27964
56003,34.644036,35.990556,40.991916,40.116678,39.328002,39.318384,39.81852,40.8765,39.491508,38.52009,41.40549,37.94301,38.750922,38.510472,39.28953,41.30931,41.241984,43.213674,39.222204,37.587144,39.328002,37.212042,37.183188,37.26975,38.27964
56005,34.644036,35.990556,40.991916,40.116678,39.328002,39.318384,39.81852,40.8765,39.491508,38.52009,41.40549,37.94301,38.750922,38.510472,39.28953,41.30931,41.241984,43.213674,39.222204,37.587144,39.328002,37.212042,37.183188,37.26975,38.27964
56007,34.644036,35.990556,40.991916,40.116678,39.328002,39.318384,39.81852,40.8765,39.491508,38.52009,41.40549,37.94301,38.750922,38.510472,39.28953,41.30931,41.241984,43.213674,39.222204,37.587144,39.328002,37.212042,37.183188,37.26975,38.27964
56009,34.644036,35.990556,40.991916,40.116678,39.328002,39.318384,39.81852,40.8765,39.491508,38.52009,41.40549,37.94301,38.750922,38.510472,39.28953,41.30931,41.241984,43.213674,39.222204,37.587144,39.328002,37.212042,37.183188,37.26975,38.27964
56011,34.644036,35.990556,40.991916,40.116678,39.328002,39.318384,39.81852,40.8765,39.491508,38.52009,41.40549,37.94301,38.750922,38.510472,39.28953,41.30931,41.241984,43.213674,39.222204,37.587144,39.328002,37.212042,37.183188,37.26975,38.27964
56013,34.644036,35.990556,40.991916,40.116678,39.328002,39.318384,39.81852,40.8765,39.491508,38.52009,41.40549,37.94301,38.750922,38.510472,39.28953,41.30931,41.241984,43.213674,39.222204,37.587144,39.328002,37.212042,37.183188,37.26975,38.27964
56015,34.644036,35.990556,40.991916,40.116678,39.328002,39.318384,39.81852,40.8765,39.491508,38.52009,41.40549,37.94301,38.750922,38.510472,39.28953,41.30931,41.241984,43.213674,39.222204,37.587144,39.328002,37.212042,37.183188,37.26975,38.27964
56017,34.644036,35.990556,40.991916,40.116678,39.328002,39.318384,39.81852,40.8765,39.491508,38.52009,41.40549,37.94301,38.750922,38.510472,39.28953,41.30931,41.241984,43.213674,39.222204,37.587144,39.328002,37.212042,37.183188,37.26975,38.27964
56019,34.644036,35.990556,40.991916,40.116678,39.328002,39.318384,39.81852,40.8765,39.491508,38.52009,41.40549,37.94301,38.750922,38.510472,39.28953,41.30931,41.241984,43.213674,39.222204,37.587144,39.328002,37.212042,37.183188,37.26975,38.27964
56021,34.644036,35.990556,40.991916,40.116678,39.328002,39.318384,39.81852,40.8765,39.491508,38.52009,41.40549,37.94301,38.750922,38.510472,39.28953,41.30931,41.241984,43.213674,39.222204,37.587144,39.328002,37.212042,37.183188,37.26975,38.27964
56023,34.644036,35.990556,40.991916,40.116678,39.328002,39.318384,39.81852,40.8765,39.491508,38.52009,41.40549,37.94301,38.750922,38.510472,39.28953,41.30931,41.241984,43.213674,39.222204,37.587144,39.328002,37.212042,37.183188,37.26975,38.27964
56025,34.644036,35.990556,40.991916,40.116678,39.328002,39.318384,39.81852,40.8765,39.491508,38.52009,41.40549,37.94301,38.750922,38.510472,39.28953,41.30931,41.241984,43.213674,39.222204,37.587144,39.328002,37.212042,37.183188,37.26975,38.27964
56027,34.644036,35.990556,40.991916,40.116678,39.328002,39.318384,39.81852,40.8765,39.491508,38.52009,41.40549,37.94301,38.750922,38.510472,39.28953,41.30931,41.241984,43.213674,39.222204,37.587144,39.328002,37.212042,37.183188,37.26975,38.27964
56029,34.644036,35.990556,40.991916,40.116678,39.328002,39.318384,39.81852,40.8765,39.491508,38.52009,41.40549,37.94301,38.750922,38.510472,39.28953,41.30931,41.241984,43.213674,39.222204,37.587144,39.328002,37.212042,37.183188,37.26975,38.27964
56031,34.644036,35.990556,40.991916,40.116678,39.328002,39.318384,39.81852,40.8765,39.491508,38.52009,41.40549,37.94301,38.750922,38.510472,39.28953,41.30931,41.241984,43.213674,39.222204,37.587144,39.328002,37.212042,37.183188,37.26975,38.27964
56033,34.644036,35.990556,40.991916,40.116678,39.328002,39.318384,39.81852,40.8765,39.491508,38.52009,41.40549,37.94301,38.750922,38.510472,39.28953,41.30931,41.241984,43.213674,39.222204,37.587144,39.328002,37.212042,37.183188,37.26975,38.27964
56035,34.644036,35.990556,40.991916,40.116678,39.328002,39.318384,39.81852,40.8765,39.491508,38.52009,41.40549,37.94301,38.750922,38.510472,39.28953,41.30931,41.241984,43.213674,39.222204,37.587144,39.328002,37.212042,37.183188,37.26975,38.27964
56037,34.644036,35.990556,40.991916,40.116678,39.328002,39.318384,39.81852,40.8765,39.491508,38.52009,41.40549,37.94301,38.750922,38.510472,39.28953,41.30931,41.241984,43.213674,39.222204,37.587144,39.328002,37.212042,37.183188,37.26975,38.27964
56039,34.644036,35.990556,40.991916,40.116678,39.328002,39.318384,39.81852,40.8765,39.491508,38.52009,41.40549,37.94301,38.750922,38.510472,39.28953,41.30931,41.241984,43.213674,39.222204,37.587144,39.328002,37.212042,37.183188,37.26975,38.27964
56041,34.644036,35.990556,40.991916,40.116678,39.328002,39.318384,39.81852,40.8765,39.491508,38.52009,41.40549,37.94301,38.750922,38.510472,39.28953,41.30931,41.241984,43.213674,39.222204,37.587144,39.328002,37.212042,37.183188,37.26975,38.27964
56043,34.644036,35.990556,40.991916,40.116678,39.328002,39.318384,39.81852,40.8765,39.491508,38.52009,41.40549,37.94301,38.750922,38.510472,39.28953,41.30931,41.241984,43.213674,39.222204,37.587144,39.328002,37.212042,37.183188,37.26975,38.27964
56045,34.644036,35.990556,40.991916,40.116678,39.328002,39.318384,39.81852,40.8765,39.491508,38.52009,41.40549,37.94301,38.750922,38.510472,39.28953,41.30931,41.241984,43.213674,39.222204,37.587144,39.328002,37.212042,37.183188,37.26975,38.27964