fips,2000,2001,2002,2003,2004,2005,2006,2007,2008,2009,2010,2011,2012,2013,2014,2015,2016,2017,2018,2019,2020,2021,2022,2023,2024
01,36.02,37.42,42.62,41.71,40.89,40.88,41.4,42.5,41.06,40.05,43.05,39.45,40.29,40.04,40.85,42.95,42.88,44.93,40.78,39.08,40.89,38.69,38.66,38.75,39.8
01001,36.02,37.42,42.62,41.71,40.89,40.88,41.4,42.5,41.06,40.05,43.05,39.45,40.29,40.04,40.85,42.95,42.88,44.93,40.78,39.08,40.89,38.69,38.66,38.75,39.8
01003,36.02,37.42,42.62,41.71,40.89,40.88,41.4,42.5,41.06,40.05,43.05,39.45,40.29,40.04,40.85,42.95,42.88,44.93,40.78,39.08,40.89,38.69,38.66,38.75,39.8
01005,36.02,37.42,42.62,41.71,40.89,40.88,41.4,42.5,41.06,40.05,43.05,39.45,40.29,40.04,40.85,42.95,42.88,44.93,40.78,39.08,40.89,38.69,38.66,38.75,39.8
01007,36.02,37.42,42.62,41.71,40.89,40.88,41.4,42.5,41.06,40.05,43.05,39.45,40.29,40.04,40.85,42.95,42.88,44.93,40.78,39.08,40.89,38.69,38.66,38.75,39.8
01009,36.02,37.42,42.62,41.71,40.89,40.88,41.4,42.5,41.06,40.05,43.05,39.45,40.29,40.04,40.85,42.95,42.88,44.93,40.78,39.08,40.89,38.69,38.66,38.75,39.8
01011,36.02,37.42,42.62,41.71,40.89,40.88,41.4,42.5,41.06,40.05,43.05,39.45,40.29,40.04,40.85,42.95,42.88,44.93,40.78,39.08,40.89,38.69,38.66,38.75,39.8
01013,36.02,37.42,42.62,41.71,40.89,40.88,41.4,42.5,41.06,40.05,43.05,39.45,40.29,40.04,40.85,42.95,42.88,44.93,40.78,39.08,40.89,38.69,38.66,38.75,39.8
01015,36.02,37.42,42.62,41.71,40.89,40.88,41.4,42.5,41.06,40.05,43.05,39.45,40.29,40.04,40.85,42.95,42.88,44.93,40.78,39.08,40.89,38.69,38.66,38.75,39.8
01017,36.02,37.42,42.62,41.71,40.89,40.88,41.4,42.5,41.06,40.05,43.05,39.45,40.29,40.04,40.85,42.95,42.88,44.93,40.78,39.08,40.89,38.69,38.66,38.75,39.8
01019,36.02,37.42,42.62,41.71,40.89,40.88,41.4,42.5,41.06,40.05,43.05,39.45,40.29,40.04,40.85,42.95,42.88,44.93,40.78,39.08,40.89,38.69,38.66,38.75,39.8
01021,36.02,37.42,42.62,41.71,40.89,40.88,41.4,42.5,41.06,40.05,43.05,39.45,40.29,40.04,40.85,42.95,42.88,44.93,40.78,39.08,40.89,38.69,38.66,38.75,39.8
01023,36.02,37.42,42.62,41.71,40.89,40.88,41.4,42.5,41.06,40.05,43.05,39.45,40.29,40.04,40.85,42.95,42.88,44.93,40.78,39.08,40.89,38.69,38.66,38.75,39.8
01025,36.02,37.42,42.62,41.71,40.89,40.88,41.4,42.5,41.06,40.05,43.05,39.45,40.29,40.04,40.85,42.95,42.88,44.93,40.78,39.08,40.89,38.69,38.66,38.75,39.8
01027,36.02,37.42,42.62,41.71,40.89,40.88,41.4,42.5,41.06,40.05,43.05,39.45,40.29,40.04,40.85,42.95,42.88,44.93,40.78,39.08,40.89,38.69,38.66,38.75,39.8
01029,36.02,37.42,42.62,41.71,40.89,40.88,41.4,42.5,41.06,40.05,43.05,39.45,40.29,40.04,40.85,42.95,42.88,44.93,40.78,39.08,40.89,38.69,38.66,38.75,39.8
01031,36.02,37.42,42.62,41.71,40.89,40.88,41.4,42.5,41.06,40.05,43.05,39.45,40.29,40.04,40.85,42.95,42.88,44.93,40.78,39.08,40.89,38.69,38.66,38.75,39.8
01033,36.02,37.42,42.62,41.71,40.89,40.88,41.4,42.5,41.06,40.05,43.05,39.45,40.29,40.04,40.85,42.95,42.88,44.93,40.78,39.08,40.89,38.69,38.66,38.75,39.8
01035,36.02,37.42,42.62,41.71,40.89,40.88,41.4,42.5,41.06,40.05,43.05,39.45,40.29,40.04,40.85,42.95,42.88,44.93,40.78,39.08,40.89,38.69,38.66,38.75,39.8
01037,36.02,37.42,42.62,41.71,40.89,40.88,41.4,42.5,41.06,40.05,43.05,39.45,40.29,40.04,40.85,42.95,42.88,44.93,40.78,39.08,40.89,38.69,38.66,38.75,39.8
01039,36.02,37.42,42.62,41.71,40.89,40.88,41.4,42.5,41.06,40.05,43.05,39.45,40.29,40.04,40.85,42.95,42.88,44.93,40.78,39.08,40.89,38.69,38.66,38.75,39.8
01041,36.02,37.42,42.62,41.71,40.89,40.88,41.4,42.5,41.06,40.05,43.05,39.45,40.29,40.04,40.85,42.95,42.88,44.93,40.78,39.08,40.89,38.69,38.66,38.75,39.8
01043,36.02,37.42,42.62,41.71,40.89,40.88,41.4,42.5,41.06,40.05,43.05,39.45,40.29,40.04,40.85,42.95,42.88,44.93,40.78,39.08,40.89,38.69,38.66,38.75,39.8
01045,36.02,37.42,42.62,41.71,40.89,40.88,41.4,42.5,41.06,40.05,43.05,39.45,40.29,40.04,40.85,42.95,42.88,44.93,40.78,39.08,40.89,38.69,38.66,38.75,39.8
01047,36.02,37.42,42.62,41.71,40.89,40.88,41.4,42.5,41.06,40.05,43.05,39.45,40.29,40.04,40.85,42.95,42.88,44.93,40.78,39.08,40.89,38.69,38.66,38.75,39.8
01049,36.02,37.42,42.62,41.71,40.89,40.88,41.4,42.5,41.06,40.05,43.05,39.45,40.29,40.04,40.85,42.95,42.88,44.93,40.78,39.08,40.89,38.69,38.66,38.75,39.8
01051,36.02,37.42,42.62,41.71,40.89,40.88,41.4,42.5,41.06,40.05,43.05,39.45,40.29,40.04,40.85,42.95,42.88,44.93,40.78,39.08,40.89,38.69,38.66,38.75,39.8
01053,36.02,37.42,42.62,41.71,40.89,40.88,41.4,42.5,41.06,40.05,43.05,39.45,40.29,40.04,40.85,42.95,42.88,44.93,40.78,39.08,40.89,38.69,38.66,38.75,39.8
01055,36.02,37.42,42.62,41.71,40.89,40.88,41.4,42.5,41.06,40.05,43.05,39.45,40.29,40.04,40.85,42.95,42.88,44.93,40.78,39.08,40.89,38.69,38.66,38.75,39.8
01057,36.02,37.42,42.62,41.71,40.89,40.88,41.4,42.5,41.06,40.05,43.05,39.45,40.29,40.04,40.85,42.95,42.88,44.93,40.78,39.08,40.89,38.69,38.66,38.75,39.8
01059,36.02,37.42,42.62,41.71,40.89,40.88,41.4,42.5,41.06,40.05,43.05,39.45,40.29,40.04,40.85,42.95,42.88,44.93,40.78,39.08,40.89,38.69,38.66,38.75,39.8
01061,36.02,37.42,42.62,41.71,40.89,40.88,41.4,42.5,41.06,40.05,43.05,39.45,40.29,40.04,40.85,42.95,42.88,44.93,40.78,39.08,40.89,38.69,38.66,38.75,39.8
01063,36.02,37.42,42.62,41.71,40.89,40.88,41.4,42.5,41.06,40.05,43.05,39.45,40.29,40.04,40.85,42.95,42.88,44.93,40.78,39.08,40.89,38.69,38.66,38.75,39.8
01065,36.02,37.42,42.62,41.71,40.89,40.88,41.4,42.5,41.06,40.05,43.05,39.45,40.29,40.04,40.85,42.95,42.88,44.93,40.78,39.08,40.89,38.69,38.66,38.75,39.8
01067,36.02,37.42,42.62,41.71,40.89,40.88,41.4,42.5,41.06,40.05,43.05,39.45,40.29,40.04,40.85,42.95,42.88,44.93,40.78,39.08,40.89,38.69,38.66,38.75,39.8
01069,36.02,37.42,42.62,41.71,40.89,40.88,41.4,42.5,41.06,40.05,43.05,39.45,40.29,40.04,40.85,42.95,42.88,44.93,40.78,39.08,40.89,38.69,38.66,38.75,39.8
01071,36.02,37.42,42.62,41.71,40.89,40.88,41.4,42.5,41.06,40.05,43.05,39.45,40.29,40.04,40.85,42.95,42.88,44.93,40.78,39.08,40.89,38.69,38.66,38.75,39.8
01073,36.02,37.42,42.62,41.71,40.89,40.88,41.4,42.5,41.06,40.05,43.05,39.45,40.29,40.04,40.85,42.95,42.88,44.93,40.78,39.08,40.89,38.69,38.66,38.75,39.8
01075,36.02,37.42,42.62,41.71,40.89,40.88,41.4,42.5,41.06,40.05,43.05,39.45,40.29,40.04,40.85,42.95,42.88,44.93,40.78,39.08,40.89,38.69,38.66,38.75,39.8
01077,36.02,37.42,42.62,41.71,40.89,40.88,41.4,42.5,41.06,40.05,43.05,39.45,40.29,40.04,40.85,42.95,42.88,44.93,40.78,39.08,40.89,38.69,38.66,38.75,39.8
01079,36.02,37.42,42.62,41.71,40.89,40.88,41.4,42.5,41.06,40.05,43.05,39.45,40.29,40.04,40.85,42.95,42.88,44.93,40.78,39.08,40.89,38.69,38.66,38.75,39.8
01081,36.02,37.42,42.62,41.71,40.89,40.88,41.4,42.5,41.06,40.05,43.05,39.45,40.29,40.04,40.85,42.95,42.88,44.93,40.78,39.08,40.89,38.69,38.66,38.75,39.8
01083,36.02,37.42,42.62,41.71,40.89,40.88,41.4,42.5,41.06,40.05,43.05,39.45,40.29,40.04,40.85,42.95,42.88,44.93,40.78,39.08,40.89,38.69,38.66,38.75,39.8
01085,36.02,37.42,42.62,41.71,40.89,40.88,41.4,42.5,41.06,40.05,43.05,39.45,40.29,40.04,40.85,42.95,42.88,44.93,40.78,39.08,40.89,38.69,38.66,38.75,39.8
01087,36.02,37.42,42.62,41.71,40.89,40.88,41.4,42.5,41.06,40.05,43.05,39.45,40.29,40.04,40.85,42.95,42.88,44.93,40.78,39.08,40.89,38.69,38.66,38.75,39.8
01089,36.02,37.42,42.62,41.71,40.89,40.88,41.4,42.5,41.06,40.05,43.05,39.45,40.29,40.04,40.85,42.95,42.88,44.93,40.78,39.08,40.89,38.69,38.66,38.75,39.8
01091,36.02,37.42,42.62,41.71,40.89,40.88,41.4,42.5,41.06,40.05,43.05,39.45,40.29,40.04,40.85,42.95,42.88,44.93,40.78,39.08,40.89,38.69,38.66,38.75,39.8
01093,36.02,37.42,42.62,41.71,40.89,40.88,41.4,42.5,41.06,40.05,43.05,39.45,40.29,40.04,40.85,42.95,42.88,44.93,40.78,39.08,40.89,38.69,38.66,38.75,39.8
01095,36.02,37.42,42.62,41.71,40.89,40.88,41.4,42.5,41.06,40.05,43.05,39.45,40.29,40.04,40.85,42.95,42.88,44.93,40.78,39.08,40.89,38.69,38.66,38.75,39.8
01097,36.02,37.42,42.62,41.71,40.89,40.88,41.4,42.5,41.06,40.05,43.05,39.45,40.29,40.04,40.85,42.95,42.88,44.93,40.78,39.08,40.89,38.69,38.66,38.75,39.8
01099,36.02,37.42,42.62,41.71,40.89,40.88,41.4,42.5,41.06,40.05,43.05,39.45,40.29,40.04,40.85,42.95,42.88,44.93,40.78,39.08,40.89,38.69,38.66,38.75,39.8
01101,36.02,37.42,42.62,41.71,40.89,40.88,41.4,42.5,41.06,40.05,43.05,39.45,40.29,40.04,40.85,42.95,42.88,44.93,40.78,39.08,40.89,38.69,38.66,38.75,39.8
01103,36.02,37.42,42.62,41.71,40.89,40.88,41.4,42.5,41.06,40.05,43.05,39.45,40.29,40.04,40.85,42.95,42.88,44.93,40.78,39.08,40.89,38.69,38.66,38.75,39.8
01105,36.02,37.42,42.62,41.71,40.89,40.88,41.4,42.5,41.06,40.05,43.05,39.45,40.29,40.04,40.85,42.95,42.88,44.93,40.78,39.08,40.89,38.69,38.66,38.75,39.8
01107,36.02,37.42,42.62,41.71,40.89,40.88,41.4,42.5,41.06,40.05,43.05,39.45,40.29,40.04,40.85,42.95,42.88,44.93,40.78,39.08,40.89,38.69,38.66,38.75,39.8
01109,36.02,37.42,42.62,41.71,40.89,40.88,41.4,42.5,41.06,40.05,43.05,39.45,40.29,40.04,40.85,42.95,42.88,44.93,40.78,39.08,40.89,38.69,38.66,38.75,39.8
01111,36.02,37.42,42.62,41.71,40.89,40.88,41.4,42.5,41.06,40.05,43.05,39.45,40.29,40.04,40.85,42.95,42.88,44.93,40.78,39.08,40.89,38.69,38.66,38.75,39.8
01113,36.02,37.42,42.62,41.71,40.89,40.88,41.4,42.5,41.06,40.05,43.05,39.45,40.29,40.04,40.85,42.95,42.88,44.93,40.78,39.08,40.89,38.69,38.66,38.75,39.8
01115,36.02,37.42,42.62,41.71,40.89,40.88,41.4,42.5,41.06,40.05,43.05,39.45,40.29,40.04,40.85,42.95,42.88,44.93,40.78,39.08,40.89,38.69,38.66,38.75,39.8
01117,36.02,37.42,42.62,41.71,40.89,40.88,41.4,42.5,41.06,40.05,43.05,39.45,40.29,40.04,40.85,42.95,42.88,44.93,40.78,39.08,40.89,38.69,38.66,38.75,39.8
01119,36.02,37.42,42.62,41.71,40.89,40.88,41.4,42.5,41.06,40.05,43.05,39.45,40.29,40.04,40.85,42.95,42.88,44.93,40.78,39.08,40.89,38.69,38.66,38.75,39.8
01121,36.02,37.42,42.62,41.71,40.89,40.88,41.4,42.5,41.06,40.05,43.05,39.45,40.29,40.04,40.85,42.95,42.88,44.93,40.78,39.08,40.89,38.69,38.66,38.75,39.8
01123,36.02,37.42,42.62,41.71,40.89,40.88,41.4,42.5,41.06,40.05,43.05,39.45,40.29,40.04,40.85,42.95,42.88,44.93,40.78,39.08,40.89,38.69,38.66,38.75,39.8
01125,36.02,37.42,42.62,41.71,40.89,40.88,41.4,42.5,41.06,40.05,43.05,39.45,40.29,40.04,40.85,42.95,42.88,44.93,40.78,39.08,40.89,38.69,38.66,38.75,39.8
01127,36.02,37.42,42.62,41.71,40.89,40.88,41.4,42.5,41.06,40.05,43.05,39.45,40.29,40.04,40.85,42.95,42.88,44.93,40.78,39.08,40.89,38.69,38.66,38.75,39.8
01129,36.02,37.42,42.62,41.71,40.89,40.88,41.4,42.5,41.06,40.05,43.05,39.45,40.29,40.04,40.85,42.95,42.88,44.93,40.78,39.08,40.89,38.69,38.66,38.75,39.8
01131,36.02,37.42,42.62,41.71,40.89,40.88,41.4,42.5,41.06,40.05,43.05,39.45,40.29,40.04,40.85,42.95,42.88,44.93,40.78,39.08,40.89,38.69,38.66,38.75,39.8
01133,36.02,37.42,42.62,41.71,40.89,40.88,41.4,42.5,41.06,40.05,43.05,39.45,40.29,40.04,40.85,42.95,42.88,44.93,40.78,39.08,40.89,38.69,38.66,38.75,39.8
04001,36.02,37.42,42.62,41.71,40.89,40.88,41.4,42.5,41.06,40.05,43.05,39.45,40.29,40.04,40.85,42.95,42.88,44.93,40.78,39.08,40.89,38.69,38.66,38.75,39.8
04003,36.02,37.42,42.62,41.71,40.89,40.88,41.4,42.5,41.06,40.05,43.05,39.45,40.29,40.04,40.85,42.95,42.88,44.93,40.78,39.08,40.89,38.69,38.66,38.75,39.8
04005,36.02,37.42,42.62,41.71,40.89,40.88,41.4,42.5,41.06,40.05,43.05,39.45,40.29,40.04,40.85,42.95,42.88,44.93,40.78,39.08,40.89,38.69,38.66,38.75,39.8
04007,36.02,37.42,42.62,41.71,40.89,40.88,41.4,42.5,41.06,40.05,43.05,39.45,40.29,40.04,40.85,42.95,42.88,44.93,40.78,39.08,40.89,38.69,38.66,38.75,39.8
04009,36.02,37.42,42.62,41.71,40.89,40.88,41.4,42.5,41.06,40.05,43.05,39.45,40.29,40.04,40.85,42.95,42.88,44.93,40.78,39.08,40.89,38.69,38.66,38.75,39.8
04011,36.02,37.42,42.62,41.71,40.89,40.88,41.4,42.5,41.06,40.05,43.05,39.45,40.29,40.04,40.85,42.95,42.88,44.93,40.78,39.08,40.89,38.69,38.66,38.75,39.8
04012,36.02,37.42,42.62,41.71,40.89,40.88,41.4,42.5,41.06,40.05,43.05,39.45,40.29,40.04,40.85,42.95,42.88,44.93,40.78,39.08,40.89,38.69,38.66,38.75,39.8
04013,36.02,37.42,42.62,41.71,40.89,40.88,41.4,42.5,41.06,40.05,43.05,39.45,40.29,40.04,40.85,42.95,42.88,44.93,40.78,39.08,40.89,38.69,38.66,38.75,39.8
04015,36.02,37.42,42.62,41.71,40.89,40.88,41.4,42.5,41.06,40.05,43.05,39.45,40.29,40.04,40.85,42.95,42.88,44.93,40.78,39.08,40.89,38.69,38.66,38.75,39.8
04017,36.02,37.42,42.62,41.71,40.89,40.88,41.4,42.5,41.06,40.05,43.05,39.45,40.29,40.04,40.85,42.95,42.88,44.93,40.78,39.08,40.89,38.69,38.66,38.75,39.8
04019,36.02,37.42,42.62,41.71,40.89,40.88,41.4,42.5,41.06,40.05,43.05,39.45,40.29,40.04,40.85,42.95,42.88,44.93,40.78,39.08,40.89,38.69,38.66,38.75,39.8
04021,36.02,37.42,42.62,41.71,40.89,40.88,41.4,42.5,41.06,40.05,43.05,39.45,40.29,40.04,40.85,42.95,42.88,44.93,40.78,39.08,40.89,38.69,38.66,38.75,39.8
04023,36.02,37.42,42.62,41.71,40.89,40.88,41.4,42.5,41.06,40.05,43.05,39.45,40.29,40.04,40.85,42.95,42.88,44.93,40.78,39.08,40.89,38.69,38.66,38.75,39.8
04025,36.02,37.42,42.62,41.71,40.89,40.88,41.4,42.5,41.06,40.05,43.05,39.45,40.29,40.04,40.85,42.95,42.88,44.93,40.78,39.08,40.89,38.69,38.66,38.75,39.8
04027,36.02,37.42,42.62,41.71,40.89,40.88,41.4,42.5,41.06,40.05,43.05,39.45,40.29,40.04,40.85,42.95,42.88,44.93,40.78,39.08,40.89,38.69,38.66,38.75,39.8
05001,36.02,37.42,42.62,41.71,40.89,40.88,41.4,42.5,41.06,40.05,43.05,39.45,40.29,40.04,40.85,42.95,42.88,44.93,40.78,39.08,40.89,38.69,38.66,38.75,39.8
05003,36.02,37.42,42.62,41.71,40.89,40.88,41.4,42.5,41.06,40.05,43.05,39.45,40.29,40.04,40.85,42.95,42.88,44.93,40.78,39.08,40.89,38.69,38.66,38.75,39.8
05005,36.02,37.42,42.62,41.71,40.89,40.88,41.4,42.5,41.06,40.05,43.05,39.45,40.29,40.04,40.85,42.95,42.88,44.93,40.78,39.08,40.89,38.69,38.66,38.75,39.8
05007,36.02,37.42,42.62,41.71,40.89,40.88,41.4,42.5,41.06,40.05,43.05,39.45,40.29,40.04,40.85,42.95,42.88,44.93,40.78,39.08,40.89,38.69,38.66,38.75,39.8
05009,36.02,37.42,42.62,41.71,40.89,40.88,41.4,42.5,41.06,40.05,43.05,39.45,40.29,40.04,40.85,42.95,42.88,44.93,40.78,39.08,40.89,38.69,38.66,38.75,39.8
05011,36.02,37.42,42.62,41.71,40.89,40.88,41.4,42.5,41.06,40.05,43.05,39.45,40.29,40.04,40.85,42.95,42.88,44.93,40.78,39.08,40.89,38.69,38.66,38.75,39.8
05013,36.02,37.42,42.62,41.71,40.89,40.88,41.4,42.5,41.06,40.05,43.05,39.45,40.29,40.04,40.85,42.95,42.88,44.93,40.78,39.08,40.89,38.69,38.66,38.75,39.8
05015,36.02,37.42,42.62,41.71,40.89,40.88,41.4,42.5,41.06,40.05,43.05,39.45,40.29,40.04,40.85,42.95,42.88,44.93,40.78,39.08,40.89,38.69,38.66,38.75,39.8
05017,36.02,37.42,42.62,41.71,40.89,40.88,41.4,42.5,41.06,40.05,43.05,39.45,40.29,40.04,40.85,42.95,42.88,44.93,40.78,39.08,40.89,38.69,38.66,38.75,39.8
05019,36.02,37.42,42.62,41.71,40.89,40.88,41.4,42.5,41.06,40.05,43.05,39.45,40.29,40.04,40.85,42.95,42.88,44.93,40.78,39.08,40.89,38.69,38.66,38.75,39.8
05021,36.02,37.42,42.62,41.71,40.89,40.88,41.4,42.5,41.06,40.05,43.05,39.45,40.29,40.04,40.85,42.95,42.88,44.93,40.78,39.08,40.89,38.69,38.66,38.75,39.8
05023,36.02,37.42,42.62,41.71,40.89,40.88,41.4,42.5,41.06,40.05,43.05,39.45,40.29,40.04,40.85,42.95,42.88,44.93,40.78,39.08,40.89,38.69,38.66,38.75,39.8
05025,36.02,37.42,42.62,41.71,40.89,40.88,41.4,42.5,41.06,40.05,43.05,39.45,40.29,40.04,40.85,42.95,42.88,44.93,40.78,39.08,40.89,38.69,38.66,38.75,39.8
05027,36.02,37.42,42.62,41.71,40.89,40.88,41.4,42.5,41.06,40.05,43.05,39.45,40.29,40.04,40.85,42.95,42.88,44.93,40.78,39.08,40.89,38.69,38.66,38.75,39.8
05029,36.02,37.42,42.62,41.71,40.89,40.88,41.4,42.5,41.06,40.05,43.05,39.45,40.29,40.04,40.85,42.95,42.88,44.93,40.78,39.08,40.89,38.69,38.66,38.75,39.8
05031,36.02,37.42,42.62,41.71,40.89,40.88,41.4,42.5,41.06,40.05,43.05,39.45,40.29,40.04,40.85,42.95,42.88,44.93,40.78,39.08,40.89,38.69,38.66,38.75,39.8
05033,36.02,37.42,42.62,41.71,40.89,40.88,41.4,42.5,41.06,40.05,43.05,39.45,40.29,40.04,40.85,42.95,42.88,44.93,40.78,39.08,40.89,38.69,38.66,38.75,39.8
05035,36.02,37.42,42.62,41.71,40.89,40.88,41.4,42.5,41.06,40.05,43.05,39.45,40.29,40.04,40.85,42.95,42.88,44.93,40.78,39.08,40.89,38.69,38.66,38.75,39.8
05037,36.02,37.42,42.62,41.71,40.89,40.88,41.4,42.5,41.06,40.05,43.05,39.45,40.29,40.04,40.85,42.95,42.88,44.93,40.78,39.08,40.89,38.69,38.66,38.75,39.8
05039,36.02,37.42,42.62,41.71,40.89,40.88,41.4,42.5,41.06,40.05,43.05,39.45,40.29,40.04,40.85,42.95,42.88,44.93,40.78,39.08,40.89,38.69,38.66,38.75,39.8
05041,36.02,37.42,42.62,41.71,40.89,40.88,41.4,42.5,41.06,40.05,43.05,39.45,40.29,40.04,40.85,42.95,42.88,44.93,40.78,39.08,40.89,38.69,38.66,38.75,39.8
05043,36.02,37.42,42.62,41.71,40.89,40.88,41.4,42.5,41.06,40.05,43.05,39.45,40.29,40.04,40.85,42.95,42.88,44.93,40.78,39.08,40.89,38.69,38.66,38.75,39.8
05045,36.02,37.42,42.62,41.71,40.89,40.88,41.4,42.5,41.06,40.05,43.05,39.45,40.29,40.04,40.85,42.95,42.88,44.93,40.78,39.08,40.89,38.69,38.66,38.75,39.8
05047,36.02,37.42,42.62,41.71,40.89,40.88,41.4,42.5,41.06,40.05,43.05,39.45,40.29,40.04,40.85,42.95,42.88,44.93,40.78,39.08,40.89,38.69,38.66,38.75,39.8
05049,36.02,37.42,42.62,41.71,40.89,40.88,41.4,42.5,41.06,40.05,43.05,39.45,40.29,40.04,40.85,42.95,42.88,44.93,40.78,39.08,40.89,38.69,38.66,38.75,39.8
05051,36.02,37.42,42.62,41.71,40.89,40.88,41.4,42.5,41.06,40.05,43.05,39.45,40.29,40.04,40.85,42.95,42.88,44.93,40.78,39.08,40.89,38.69,38.66,38.75,39.8
05053,36.02,37.42,42.62,41.71,40.89,40.88,41.4,42.5,41.06,40.05,43.05,39.45,40.29,40.04,40.85,42.95,42.88,44.93,40.78,39.08,40.89,38.69,38.66,38.75,39.8
05055,36.02,37.42,42.62,41.71,40.89,40.88,41.4,42.5,41.06,40.05,43.05,39.45,40.29,40.04,40.85,42.95,42.88,44.93,40.78,39.08,40.89,38.69,38.66,38.75,39.8
05057,36.02,37.42,42.62,41.71,40.89,40.88,41.4,42.5,41.06,40.05,43.05,39.45,40.29,40.04,40.85,42.95,42.88,44.93,40.78,39.08,40.89,38.69,38.66,38.75,39.8
05059,36.02,37.42,42.62,41.71,40.89,40.88,41.4,42.5,41.06,40.05,43.05,39.45,40.29,40.04,40.85,42.95,42.88,44.93,40.78,39.08,40.89,38.69,38.66,38.75,39.8
05061,36.02,37.42,42.62,41.71,40.89,40.88,41.4,42.5,41.06,40.05,43.05,39.45,40.29,40.04,40.85,42.95,42.88,44.93,40.78,39.08,40.89,38.69,38.66,38.75,39.8
05063,36.02,37.42,42.62,41.71,40.89,40.88,41.4,42.5,41.06,40.05,43.05,39.45,40.29,40.04,40.85,42.95,42.88,44.93,40.78,39.08,40.89,38.69,38.66,38.75,39.8
05065,36.02,37.42,42.62,41.71,40.89,40.88,41.4,42.5,41.06,40.05,43.05,39.45,40.29,40.04,40.85,42.95,42.88,44.93,40.78,39.08,40.89,38.69,38.66,38.75,39.8
05067,36.02,37.42,42.62,41.71,40.89,40.88,41.4,42.5,41.06,40.05,43.05,39.45,40.29,40.04,40.85,42.95,42.88,44.93,40.78,39.08,40.89,38.69,38.66,38.75,39.8
05069,36.02,37.42,42.62,41.71,40.89,40.88,41.4,42.5,41.06,40.05,43.05,39.45,40.29,40.04,40.85,42.95,42.88,44.93,40.78,39.08,40.89,38.69,38.66,38.75,39.8
05071,36.02,37.42,42.62,41.71,40.89,40.88,41.4,42.5,41.06,40.05,43.05,39.45,40.29,40.04,40.85,42.95,42.88,44.93,40.78,39.08,40.89,38.69,38.66,38.75,39.8
05073,36.02,37.42,42.62,41.71,40.89,40.88,41.4,42.5,41.06,40.05,43.05,39.45,40.29,40.04,40.85,42.95,42.88,44.93,40.78,39.08,40.89,38.69,38.66,38.75,39.8
05075,36.02,37.42,42.62,41.71,40.89,40.88,41.4,42.5,41.06,40.05,43.05,39.45,40.29,40.04,40.85,42.95,42.88,44.93,40.78,39.08,40.89,38.69,38.66,38.75,39.8
05077,36.02,37.42,42.62,41.71,40.89,40.88,41.4,42.5,41.06,40.05,43.05,39.45,40.29,40.04,40.85,42.95,42.88,44.93,40.78,39.08,40.89,38.69,38.66,38.75,39.8
05079,36.02,37.42,42.62,41.71,40.89,40.88,41.4,42.5,41.06,40.05,43.05,39.45,40.29,40.04,40.85,42.95,42.88,44.93,40.78,39.08,40.89,38.69,38.66,38.75,39.8
05081,36.02,37.42,42.62,41.71,40.89,40.88,41.4,42.5,41.06,40.05,43.05,39.45,40.29,40.04,40.85,42.95,42.88,44.93,40.78,39.08,40.89,38.69,38.66,38.75,39.8
05083,36.02,37.42,42.62,41.71,40.89,40.88,41.4,42.5,41.06,40.05,43.05,39.45,40.29,40.04,40.85,42.95,42.88,44.93,40.78,39.08,40.89,38.69,38.66,38.75,39.8
05085,36.02,37.42,42.62,41.71,40.89,40.88,41.4,42.5,41.06,40.05,43.05,39.45,40.29,40.04,40.85,42.95,42.88,44.93,40.78,39.08,40.89,38.69,38.66,38.75,39.8
05087,36.02,37.42,42.62,41.71,40.89,40.88,41.4,42.5,41.06,40.05,43.05,39.45,40.29,40.04,40.85,42.95,42.88,44.93,40.78,39.08,40.89,38.69,38.66,38.75,39.8
05089,36.02,37.42,42.62,41.71,40.89,40.88,41.4,42.5,41.06,40.05,43.05,39.45,40.29,40.04,40.85,42.95,42.88,44.93,40.78,39.08,40.89,38.69,38.66,38.75,39.8
05091,36.02,37.42,42.62,41.71,40.89,40.88,41.4,42.5,41.06,40.05,43.05,39.45,40.29,40.04,40.85,42.95,42.88,44.93,40.78,39.08,40.89,38.69,38.66,38.75,39.8
05093,36.02,37.42,42.62,41.71,40.89,40.88,41.4,42.5,41.06,40.05,43.05,39.45,40.29,40.04,40.85,42.95,42.88,44.93,40.78,39.08,40.89,38.69,38.66,38.75,39.8
05095,36.02,37.42,42.62,41.71,40.89,40.88,41.4,42.5,41.06,40.05,43.05,39.45,40.29,40.04,40.85,42.95,42.88,44.93,40.78,39.08,40.89,38.69,38.66,38.75,39.8
05097,36.02,37.42,42.62,41.71,40.89,40.88,41.4,42.5,41.06,40.05,43.05,39.45,40.29,40.04,40.85,42.95,42.88,44.93,40.78,39.08,40.89,38.69,38.66,38.75,39.8
05099,36.02,37.42,42.62,41.71,40.89,40.88,41.4,42.5,41.06,40.05,43.05,39.45,40.29,40.04,40.85,42.95,42.88,44.93,40.78,39.08,40.89,38.69,38.66,38.75,39.8
05101,36.02,37.42,42.62,41.71,40.89,40.88,41.4,42.5,41.06,40.05,43.05,39.45,40.29,40.04,40.85,42.95,42.88,44.93,40.78,39.08,40.89,38.69,38.66,38.75,39.8
05103,36.02,37.42,42.62,41.71,40.89,40.88,41.4,42.5,41.06,40.05,43.05,39.45,40.29,40.04,40.85,42.95,42.88,44.93,40.78,39.08,40.89,38.69,38.66,38.75,39.8
05105,36.02,37.42,42.62,41.71,40.89,40.88,41.4,42.5,41.06,40.05,43.05,39.45,40.29,40.04,40.85,42.95,42.88,44.93,40.78,39.08,40.89,38.69,38.66,38.75,39.8
05107,36.02,37.42,42.62,41.71,40.89,40.88,41.4,42.5,41.06,40.05,43.05,39.45,40.29,40.04,40.85,42.95,42.88,44.93,40.78,39.08,40.89,38.69,38.66,38.75,39.8
05109,36.02,37.42,42.62,41.71,40.89,40.88,41.4,42.5,41.06,40.05,43.05,39.45,40.29,40.04,40.85,42.95,42.88,44.93,40.78,39.08,40.89,38.69,38.66,38.75,39.8
05111,36.02,37.42,42.62,41.71,40.89,40.88,41.4,42.5,41.06,40.05,43.05,39.45,40.29,40.04,40.85,42.95,42.88,44.93,40.78,39.08,40.89,38.69,38.66,38.75,39.8
05113,36.02,37.42,42.62,41.71,40.89,40.88,41.4,42.5,41.06,40.05,43.05,39.45,40.29,40.04,40.85,42.95,42.88,44.93,40.78,39.08,40.89,38.69,38.66,38.75,39.8
05115,36.02,37.42,42.62,41.71,40.89,40.88,41.4,42.5,41.06,40.05,43.05,39.45,40.29,40.04,40.85,42.95,42.88,44.93,40.78,39.08,40.89,38.69,38.66,38.75,39.8
05117,36.02,37.42,42.62,41.71,40.89,40.88,41.4,42.5,41.06,40.05,43.05,39.45,40.29,40.04,40.85,42.95,42.88,44.93,40.78,39.08,40.89,38.69,38.66,38.75,39.8
05119,36.02,37.42,42.62,41.71,40.89,40.88,41.4,42.5,41.06,40.05,43.05,39.45,40.29,40.04,40.85,42.95,42.88,44.93,40.78,39.08,40.89,38.69,38.66,38.75,39.8
05121,36.02,37.42,42.62,41.71,40.89,40.88,41.4,42.5,41.06,40.05,43.05,39.45,40.29,40.04,40.85,42.95,42.88,44.93,40.78,39.08,40.89,38.69,38.66,38.75,39.8
05123,36.02,37.42,42.62,41.71,40.89,40.88,41.4,42.5,41.06,40.05,43.05,39.45,40.29,40.04,40.85,42.95,42.88,44.93,40.78,39.08,40.89,38.69,38.66,38.75,39.8
05125,36.02,37.42,42.62,41.71,40.89,40.88,41.4,42.5,41.06,40.05,43.05,39.45,40.29,40.04,40.85,42.95,42.88,44.93,40.78,39.08,40.89,38.69,38.66,38.75,39.8
05127,36.02,37.42,42.62,41.71,40.89,40.88,41.4,42.5,41.06,40.05,43.05,39.45,40.29,40.04,40.85,42.95,42.88,44.93,40.78,39.08,40.89,38.69,38.66,38.75,39.8
05129,36.02,37.42,42.62,41.71,40.89,40.88,41.4,42.5,41.06,40.05,43.05,39.45,40.29,40.04,40.85,42.95,42.88,44.93,40.78,39.08,40.89,38.69,38.66,38.75,39.8
05131,36.02,37.42,42.62,41.71,40.89,40.88,41.4,42.5,41.06,40.05,43.05,39.45,40.29,40.04,40.85,42.95,42.88,44.93,40.78,39.08,40.89,38.69,38.66,38.75,39.8
05133,36.02,37.42,42.62,41.71,40.89,40.88,41.4,42.5,41.06,40.05,43.05,39.45,40.29,40.04,40.85,42.95,42.88,44.93,40.78,39.08,40.89,38.69,38.66,38.75,39.8
05135,36.02,37.42,42.62,41.71,40.89,40.88,41.4,42.5,41.06,40.05,43.05,39.45,40.29,40.04,40.85,42.95,42.88,44.93,40.78,39.08,40.89,38.69,38.66,38.75,39.8
05137,36.02,37.42,42.62,41.71,40.89,40.88,41.4,42.5,41.06,40.05,43.05,39.45,40.29,40.04,40.85,42.95,42.88,44.93,40.78,39.08,40.89,38.69,38.66,38.75,39.8
05139,36.02,37.42,42.62,41.71,40.89,40.88,41.4,42.5,41.06,40.05,43.05,39.45,40.29,40.04,40.85,42.95,42.88,44.93,40.78,39.08,40.89,38.69,38.66,38.75,39.8
05141,36.02,37.42,42.62,41.71,40.89,40.88,41.4,42.5,41.06,40.05,43.05,39.45,40.29,40.04,40.85,42.95,42.88,44.93,40.78,39.08,40.89,38.69,38.66,38.75,39.8
05143,36.02,37.42,42.62,41.71,40.89,40.88,41.4,42.5,41.06,40.05,43.05,39.45,40.29,40.04,40.85,42.95,42.88,44.93,40.78,39.08,40.89,38.69,38.66,38.75,39.8
05145,36.02,37.42,42.62,41.71,40.89,40.88,41.4,42.5,41.06,40.05,43.05,39.45,40.29,40.04,40.85,42.95,42.88,44.93,40.78,39.08,40.89,38.69,38.66,38.75,39.8
05147,36.02,37.42,42.62,41.71,40.89,40.88,41.4,42.5,41.06,40.05,43.05,39.45,40.29,40.04,40.85,42.95,42.88,44.93,40.78,39.08,40.89,38.69,38.66,38.75,39.8
05149,36.02,37.42,42.62,41.71,40.89,40.88,41.4,42.5,41.06,40.05,43.05,39.45,40.29,40.04,40.85,42.95,42.88,44.93,40.78,39.08,40.89,38.69,38.66,38.75,39.8
06001,36.02,37.42,42.62,41.71,40.89,40.88,41.4,42.5,41.06,40.05,43.05,39.45,40.29,40.04,40.85,42.95,42.88,44.93,40.78,39.08,40.89,38.69,38.66,38.75,39.8
06003,36.02,37.42,42.62,41.71,40.89,40.88,41.4,42.5,41.06,40.05,43.05,39.45,40.29,40.04,40.85,42.95,42.88,44.93,40.78,39.08,40.89,38.69,38.66,38.75,39.8
06005,36.02,37.42,42.62,41.71,40.89,40.88,41.4,42.5,41.06,40.05,43.05,39.45,40.29,40.04,40.85,42.95,42.88,44.93,40.78,39.08,40.89,38.69,38.66,38.75,39.8
06007,36.02,37.42,42.62,41.71,40.89,40.88,41.4,42.5,41.06,40.05,43.05,39.45,40.29,40.04,40.85,42.95,42.88,44.93,40.78,39.08,40.89,38.69,38.66,38.75,39.8
06009,36.02,37.42,42.62,41.71,40.89,40.88,41.4,42.5,41.06,40.05,43.05,39.45,40.29,40.04,40.85,42.95,42.88,44.93,40.78,39.08,40.89,38.69,38.66,38.75,39.8
06011,36.02,37.42,42.62,41.71,40.89,40.88,41.4,42.5,41.06,40.05,43.05,39.45,40.29,40.04,40.85,42.95,42.88,44.93,40.78,39.08,40.89,38.69,38.66,38.75,39.8
06013,36.02,37.42,42.62,41.71,40.89,40.88,41.4,42.5,41.06,40.05,43.05,39.45,40.29,40.04,40.85,42.95,42.88,44.93,40.78,39.08,40.89,38.69,38.66,38.75,39.8
06015,36.02,37.42,42.62,41.71,40.89,40.88,41.4,42.5,41.06,40.05,43.05,39.45,40.29,40.04,40.85,42.95,42.88,44.93,40.78,39.08,40.89,38.69,38.66,38.75,39.8
06017,36.02,37.42,42.62,41.71,40.89,40.88,41.4,42.5,41.06,40.05,43.05,39.45,40.29,40.04,40.85,42.95,42.88,44.93,40.78,39.08,40.89,38.69,38.66,38.75,39.8
06019,36.02,37.42,42.62,41.71,40.89,40.88,41.4,42.5,41.06,40.05,43.05,39.45,40.29,40.04,40.85,42.95,42.88,44.93,40.78,39.08,40.89,38.69,38.66,38.75,39.8
06021,36.02,37.42,42.62,41.71,40.89,40.88,41.4,42.5,41.06,40.05,43.05,39.45,40.29,40.04,40.85,42.95,42.88,44.93,40.78,39.08,40.89,38.69,38.66,38.75,39.8
06023,36.02,37.42,42.62,41.71,40.89,40.88,41.4,42.5,41.06,40.05,43.05,39.45,40.29,40.04,40.85,42.95,42.88,44.93,40.78,39.08,40.89,38.69,38.66,38.75,39.8
06025,36.02,37.42,42.62,41.71,40.89,40.88,41.4,42.5,41.06,40.05,43.05,39.45,40.29,40.04,40.85,42.95,42.88,44.93,40.78,39.08,40.89,38.69,38.66,38.75,39.8
06027,36.02,37.42,42.62,41.71,40.89,40.88,41.4,42.5,41.06,40.05,43.05,39.45,40.29,40.04,40.85,42.95,42.88,44.93,40.78,39.08,40.89,38.69,38.66,38.75,39.8
06029,36.02,37.42,42.62,41.71,40.89,40.88,41.4,42.5,41.06,40.05,43.05,39.45,40.29,40.04,40.85,42.95,42.88,44.93,40.78,39.08,40.89,38.69,38.66,38.75,39.8
06031,36.02,37.42,42.62,41.71,40.89,40.88,41.4,42.5,41.06,40.05,43.05,39.45,40.29,40.04,40.85,42.95,42.88,44.93,40.78,39.08,40.89,38.69,38.66,38.75,39.8
06033,36.02,37.42,42.62,41.71,40.89,40.88,41.4,42.5,41.06,40.05,43.05,39.45,40.29,40.04,40.85,42.95,42.88,44.93,40.78,39.08,40.89,38.69,38.66,38.75,39.8
06035,36.02,37.42,42.62,41.71,40.89,40.88,41.4,42.5,41.06,40.05,43.05,39.45,40.29,40.04,40.85,42.95,42.88,44.93,40.78,39.08,40.89,38.69,38.66,38.75,39.8
06037,36.02,37.42,42.62,41.71,40.89,40.88,41.4,42.5,41.06,40.05,43.05,39.45,40.29,40.04,40.85,42.95,42.88,44.93,40.78,39.08,40.89,38.69,38.66,38.75,39.8
06039,36.02,37.42,42.62,41.71,40.89,40.88,41.4,42.5,41.06,40.05,43.05,39.45,40.29,40.04,40.85,42.95,42.88,44.93,40.78,39.08,40.89,38.69,38.66,38.75,39.8
06041,36.02,37.42,42.62,41.71,40.89,40.88,41.4,42.5,41.06,40.05,43.05,39.45,40.29,40.04,40.85,42.95,42.88,44.93,40.78,39.08,40.89,38.69,38.66,38.75,39.8
06043,36.02,37.42,42.62,41.71,40.89,40.88,41.4,42.5,41.06,40.05,43.05,39.45,40.29,40.04,40.85,42.95,42.88,44.93,40.78,39.08,40.89,38.69,38.66,38.75,39.8
06045,36.02,37.42,42.62,41.71,40.89,40.88,41.4,42.5,41.06,40.05,43.05,39.45,40.29,40.04,40.85,42.95,42.88,44.93,40.78,39.08,40.89,38.69,38.66,38.75,39.8
06047,36.02,37.42,42.62,41.71,40.89,40.88,41.4,42.5,41.06,40.05,43.05,39.45,40.29,40.04,40.85,42.95,42.88,44.93,40.78,39.08,40.89,38.69,38.66,38.75,39.8
06049,36.02,37.42,42.62,41.71,40.89,40.88,41.4,42.5,41.06,40.05,43.05,39.45,40.29,40.04,40.85,42.95,42.88,44.93,40.78,39.08,40.89,38.69,38.66,38.75,39.8
06051,36.02,37.42,42.62,41.71,40.89,40.88,41.4,42.5,41.06,40.05,43.05,39.45,40.29,40.04,40.85,42.95,42.88,44.93,40.78,39.08,40.89,38.69,38.66,38.75,39.8
06053,36.02,37.42,42.62,41.71,40.89,40.88,41.4,42.5,41.06,40.05,43.05,39.45,40.29,40.04,40.85,42.95,42.88,44.93,40.78,39.08,40.89,38.69,38.66,38.75,39.8
06055,36.02,37.42,42.62,41.71,40.89,40.88,41.4,42.5,41.06,40.05,43.05,39.45,40.29,40.04,40.85,42.95,42.88,44.93,40.78,39.08,40.89,38.69,38.66,38.75,39.8
06057,36.02,37.42,42.62,41.71,40.89,40.88,41.4,42.5,41.06,40.05,43.05,39.45,40.29,40.04,40.85,42.95,42.88,44.93,40.78,39.08,40.89,38.69,38.66,38.75,39.8
06059,36.02,37.42,42.62,41.71,40.89,40.88,41.4,42.5,41.06,40.05,43.05,39.45,40.29,40.04,40.85,42.95,42.88,44.93,40.78,39.08,40.89,38.69,38.66,38.75,39.8
06061,36.02,37.42,42.62,41.71,40.89,40.88,41.4,42.5,41.06,40.05,43.05,39.45,40.29,40.04,40.85,42.95,42.88,44.93,40.78,39.08,40.89,38.69,38.66,38.75,39.8
06063,36.02,37.42,42.62,41.71,40.89,40.88,41.4,42.5,41.06,40.05,43.05,39.45,40.29,40.04,40.85,42.95,42.88,44.93,40.78,39.08,40.89,38.69,38.66,38.75,39.8
06065,36.02,37.42,42.62,41.71,40.89,40.88,41.4,42.5,41.06,40.05,43.05,39.45,40.29,40.04,40.85,42.95,42.88,44.93,40.78,39.08,40.89,38.69,38.66,38.75,39.8
06067,36.02,37.42,42.62,41.71,40.89,40.88,41.4,42.5,41.06,40.05,43.05,39.45,40.29,40.04,40.85,42.95,42.88,44.93,40.78,39.08,40.89,38.69,38.66,38.75,39.8
06069,36.02,37.42,42.62,41.71,40.89,40.88,41.4,42.5,41.06,40.05,43.05,39.45,40.29,40.04,40.85,42.95,42.88,44.93,40.78,39.08,40.89,38.69,38.66,38.75,39.8
06071,36.02,37.42,42.62,41.71,40.89,40.88,41.4,42.5,41.06,40.05,43.05,39.45,40.29,40.04,40.85,42.95,42.88,44.93,40.78,39.08,40.89,38.69,38.66,38.75,39.8
06073,36.02,37.42,42.62,41.71,40.89,40.88,41.4,42.5,41.06,40.05,43.05,39.45,40.29,40.04,40.85,42.95,42.88,44.93,40.78,39.08,40.89,38.69,38.66,38.75,39.8
06075,36.02,37.42,42.62,41.71,40.89,40.88,41.4,42.5,41.06,40.05,43.05,39.45,40.29,40.04,40.85,42.95,42.88,44.93,40.78,39.08,40.89,38.69,38.66,38.75,39.8
06077,36.02,37.42,42.62,41.71,40.89,40.88,41.4,42.5,41.06,40.05,43.05,39.45,40.29,40.04,40.85,42.95,42.88,44.93,40.78,39.08,40.89,38.69,38.66,38.75,39.8
06079,36.02,37.42,42.62,41.71,40.89,40.88,41.4,42.5,41.06,40.05,43.05,39.45,40.29,40.04,40.85,42.95,42.88,44.93,40.78,39.08,40.89,38.69,38.66,38.75,39.8
06081,36.02,37.42,42.62,41.71,40.89,40.88,41.4,42.5,41.06,40.05,43.05,39.45,40.29,40.04,40.85,42.95,42.88,44.93,40.78,39.08,40.89,38.69,38.66,38.75,39.8
06083,36.02,37.42,42.62,41.71,40.89,40.88,41.4,42.5,41.06,40.05,43.05,39.45,40.29,40.04,40.85,42.95,42.88,44.93,40.78,39.08,40.89,38.69,38.66,38.75,39.8
06085,36.02,37.42,42.62,41.71,40.89,40.88,41.4,42.5,41.06,40.05,43.05,39.45,40.29,40.04,40.85,42.95,42.88,44.93,40.78,39.08,40.89,38.69,38.66,38.75,39.8
06087,36.02,37.42,42.62,41.71,40.89,40.88,41.4,42.5,41.06,40.05,43.05,39.45,40.29,40.04,40.85,42.95,42.88,44.93,40.78,39.08,40.89,38.69,38.66,38.75,39.8
06089,36.02,37.42,42.62,41.71,40.89,40.88,41.4,42.5,41.06,40.05,43.05,39.45,40.29,40.04,40.85,42.95,42.88,44.93,40.78,39.08,40.89,38.69,38.66,38.75,39.8
06091,36.02,37.42,42.62,41.71,40.89,40.88,41.4,42.5,41.06,40.05,43.05,39.45,40.29,40.04,40.85,42.95,42.88,44.93,40.78,39.08,40.89,38.69,38.66,38.75,39.8
06093,36.02,37.42,42.62,41.71,40.89,40.88,41.4,42.5,41.06,40.05,43.05,39.45,40.29,40.04,40.85,42.95,42.88,44.93,40.78,39.08,40.89,38.69,38.66,38.75,39.8
06095,36.02,37.42,42.62,41.71,40.89,40.88,41.4,42.5,41.06,40.05,43.05,39.45,40.29,40.04,40.85,42.95,42.88,44.93,40.78,39.08,40.89,38.69,38.66,38.75,39.8
06097,36.02,37.42,42.62,41.71,40.89,40.88,41.4,42.5,41.06,40.05,43.05,39.45,40.29,40.04,40.85,42.95,42.88,44.93,40.78,39.08,40.89,38.69,38.66,38.75,39.8
06099,36.02,37.42,42.62,41.71,40.89,40.88,41.4,42.5,41.06,40.05,43.05,39.45,40.29,40.04,40.85,42.95,42.88,44.93,40.78,39.08,40.89,38.69,38.66,38.75,39.8
06101,36.02,37.42,42.62,41.71,40.89,40.88,41.4,42.5,41.06,40.05,43.05,39.45,40.29,40.04,40.85,42.95,42.88,44.93,40.78,39.08,40.89,38.69,38.66,38.75,39.8
06103,36.02,37.42,42.62,41.71,40.89,40.88,41.4,42.5,41.06,40.05,43.05,39.45,40.29,40.04,40.85,42.95,42.88,44.93,40.78,39.08,40.89,38.69,38.66,38.75,39.8
06105,36.02,37.42,42.62,41.71,40.89,40.88,41.4,42.5,41.06,40.05,43.05,39.45,40.29,40.04,40.85,42.95,42.88,44.93,40.78,39.08,40.89,38.69,38.66,38.75,39.8
06107,36.02,37.42,42.62,41.71,40.89,40.88,41.4,42.5,41.06,40.05,43.05,39.45,40.29,40.04,40.85,42.95,42.88,44.93,40.78,39.08,40.89,38.69,38.66,38.75,39.8
06109,36.02,37.42,42.62,41.71,40.89,40.88,41.4,42.5,41.06,40.05,43.05,39.45,40.29,40.04,40.85,42.95,42.88,44.93,40.78,39.08,40.89,38.69,38.66,38.75,39.8
06111,36.02,37.42,42.62,41.71,40.89,40.88,41.4,42.5,41.06,40.05,43.05,39.45,40.29,40.04,40.85,42.95,42.88,44.93,40.78,39.08,40.89,38.69,38.66,38.75,39.8
06113,36.02,37.42,42.62,41.71,40.89,40.88,41.4,42.5,41.06,40.05,43.05,39.45,40.29,40.04,40.85,42.95,42.88,44.93,40.78,39.08,40.89,38.69,38.66,38.75,39.8
06115,36.02,37.42,42.62,41.71,40.89,40.88,41.4,42.5,41.06,40.05,43.05,39.45,40.29,40.04,40.85,42.95,42.88,44.93,40.78,39.08,40.89,38.69,38.66,38.75,39.8
08001,36.02,37.42,42.62,41.71,40.89,40.88,41.4,42.5,41.06,40.05,43.05,39.45,40.29,40.04,40.85,42.95,42.88,44.93,40.78,39.08,40.89,38.69,38.66,38.75,39.8
08003,36.02,37.42,42.62,41.71,40.89,40.88,41.4,42.5,41.06,40.05,43.05,39.45,40.29,40.04,40.85,42.95,42.88,44.93,40.78,39.08,40.89,38.69,38.66,38.75,39.8
08005,36.02,37.42,42.62,41.71,40.89,40.88,41.4,42.5,41.06,40.05,43.05,39.45,40.29,40.04,40.85,42.95,42.88,44.93,40.78,39.08,40.89,38.69,38.66,38.75,39.8
08007,36.02,37.42,42.62,41.71,40.89,40.88,41.4,42.5,41.06,40.05,43.05,39.45,40.29,40.04,40.85,42.95,42.88,44.93,40.78,39.08,40.89,38.69,38.66,38.75,39.8
08009,36.02,37.42,42.62,41.71,40.89,40.88,41.4,42.5,41.06,40.05,43.05,39.45,40.29,40.04,40.85,42.95,42.88,44.93,40.78,39.08,40.89,38.69,38.66,38.75,39.8
08011,36.02,37.42,42.62,41.71,40.89,40.88,41.4,42.5,41.06,40.05,43.05,39.45,40.29,40.04,40.85,42.95,42.88,44.93,40.78,39.08,40.89,38.69,38.66,38.75,39.8
08013,36.02,37.42,42.62,41.71,40.89,40.88,41.4,42.5,41.06,40.05,43.05,39.45,40.29,40.04,40.85,42.95,42.88,44.93,40.78,39.08,40.89,38.69,38.66,38.75,39.8
08014,36.02,37.42,42.62,41.71,40.89,40.88,41.4,42.5,41.06,40.05,43.05,39.45,40.29,40.04,40.85,42.95,42.88,44.93,40.78,39.08,40.89,38.69,38.66,38.75,39.8
08015,36.02,37.42,42.62,41.71,40.89,40.88,41.4,42.5,41.06,40.05,43.05,39.45,40.29,40.04,40.85,42.95,42.88,44.93,40.78,39.08,40.89,38.69,38.66,38.75,39.8
08017,36.02,37.42,42.62,41.71,40.89,40.88,41.4,42.5,41.06,40.05,43.05,39.45,40.29,40.04,40.85,42.95,42.88,44.93,40.78,39.08,40.89,38.69,38.66,38.75,39.8
08019,36.02,37.42,42.62,41.71,40.89,40.88,41.4,42.5,41.06,40.05,43.05,39.45,40.29,40.04,40.85,42.95,42.88,44.93,40.78,39.08,40.89,38.69,38.66,38.75,39.8
08021,36.02,37.42,42.62,41.71,40.89,40.88,41.4,42.5,41.06,40.05,43.05,39.45,40.29,40.04,40.85,42.95,42.88,44.93,40.78,39.08,40.89,38.69,38.66,38.75,39.8
08023,36.02,37.42,42.62,41.71,40.89,40.88,41.4,42.5,41.06,40.05,43.05,39.45,40.29,40.04,40.85,42.95,42.88,44.93,40.78,39.08,40.89,38.69,38.66,38.75,39.8
08025,36.02,37.42,42.62,41.71,40.89,40.88,41.4,42.5,41.06,40.05,43.05,39.45,40.29,40.04,40.85,42.95,42.88,44.93,40.78,39.08,40.89,38.69,38.66,38.75,39.8
08027,36.02,37.42,42.62,41.71,40.89,40.88,41.4,42.5,41.06,40.05,43.05,39.45,40.29,40.04,40.85,42.95,42.88,44.93,40.78,39.08,40.89,38.69,38.66,38.75,39.8
08029,36.02,37.42,42.62,41.71,40.89,40.88,41.4,42.5,41.06,40.05,43.05,39.45,40.29,40.04,40.85,42.95,42.88,44.93,40.78,39.08,40.89,38.69,38.66,38.75,39.8
08031,36.02,37.42,42.62,41.71,40.89,40.88,41.4,42.5,41.06,40.05,43.05,39.45,40.29,40.04,40.85,42.95,42.88,44.93,40.78,39.08,40.89,38.69,38.66,38.75,39.8
08033,36.02,37.42,42.62,41.71,40.89,40.88,41.4,42.5,41.06,40.05,43.05,39.45,40.29,40.04,40.85,42.95,42.88,44.93,40.78,39.08,40.89,38.69,38.66,38.75,39.8
08035,36.02,37.42,42.62,41.71,40.89,40.88,41.4,42.5,41.06,40.05,43.05,39.45,40.29,40.04,40.85,42.95,42.88,44.93,40.78,39.08,40.89,38.69,38.66,38.75,39.8
08037,36.02,37.42,42.62,41.71,40.89,40.88,41.4,42.5,41.06,40.05,43.05,39.45,40.29,40.04,40.85,42.95,42.88,44.93,40.78,39.08,40.89,38.69,38.66,38.75,39.8
08039,36.02,37.42,42.62,41.71,40.89,40.88,41.4,42.5,41.06,40.05,43.05,39.45,40.29,40.04,40.85,42.95,42.88,44.93,40.78,39.08,40.89,38.69,38.66,38.75,39.8
08041,36.02,37.42,42.62,41.71,40.89,40.88,41.4,42.5,41.06,40.05,43.05,39.45,40.29,40.04,40.85,42.95,42.88,44.93,40.78,39.08,40.89,38.69,38.66,38.75,39.8
08043,36.02,37.42,42.62,41.71,40.89,40.88,41.4,42.5,41.06,40.05,43.05,39.45,40.29,40.04,40.85,42.95,42.88,44.93,40.78,39.08,40.89,38.69,38.66,38.75,39.8
08045,36.02,37.42,42.62,41.71,40.89,40.88,41.4,42.5,41.06,40.05,43.05,39.45,40.29,40.04,40.85,42.95,42.88,44.93,40.78,39.08,40.89,38.69,38.66,38.75,39.8
08047,36.02,37.42,42.62,41.71,40.89,40.88,41.4,42.5,41.06,40.05,43.05,39.45,40.29,40.04,40.85,42.95,42.88,44.93,40.78,39.08,40.89,38.69,38.66,38.75,39.8
08049,36.02,37.42,42.62,41.71,40.89,40.88,41.4,42.5,41.06,40.05,43.05,39.45,40.29,40.04,40.85,42.95,42.88,44.93,40.78,39.08,40.89,38.69,38.66,38.75,39.8
08051,36.02,37.42,42.62,41.71,40.89,40.88,41.4,42.5,41.06,40.05,43.05,39.45,40.29,40.04,40.85,42.95,42.88,44.93,40.78,39.08,40.89,38.69,38.66,38.75,39.8
08053,36.02,37.42,42.62,41.71,40.89,40.88,41.4,42.5,41.06,40.05,43.05,39.45,40.29,40.04,40.85,42.95,42.88,44.93,40.78,39.08,40.89,38.69,38.66,38.75,39.8
08055,36.02,37.42,42.62,41.71,40.89,40.88,41.4,42.5,41.06,40.05,43.05,39.45,40.29,40.04,40.85,42.95,42.88,44.93,40.78,39.08,40.89,38.69,38.66,38.75,39.8
08057,36.02,37.42,42.62,41.71,40.89,40.88,41.4,42.5,41.06,40.05,43.05,39.45,40.29,40.04,40.85,42.95,42.88,44.93,40.78,39.08,40.89,38.69,38.66,38.75,39.8
08059,36.02,37.42,42.62,41.71,40.89,40.88,41.4,42.5,41.06,40.05,43.05,39.45,40.29,40.04,40.85,42.95,42.88,44.93,40.78,39.08,40.89,38.69,38.66,38.75,39.8
08061,36.02,37.42,42.62,41.71,40.89,40.88,41.4,42.5,41.06,40.05,43.05,39.45,40.29,40.04,40.85,42.95,42.88,44.93,40.78,39.08,40.89,38.69,38.66,38.75,39.8
08063,36.02,37.42,42.62,41.71,40.89,40.88,41.4,42.5,41.06,40.05,43.05,39.45,40.29,40.04,40.85,42.95,42.88,44.93,40.78,39.08,40.89,38.69,38.66,38.75,39.8
08065,36.02,37.42,42.62,41.71,40.89,40.88,41.4,42.5,41.06,40.05,43.05,39.45,40.29,40.04,40.85,42.95,42.88,44.93,40.78,39.08,40.89,38.69,38.66,38.75,39.8
08067,36.02,37.42,42.62,41.71,40.89,40.88,41.4,42.5,41.06,40.05,43.05,39.45,40.29,40.04,40.85,42.95,42.88,44.93,40.78,39.08,40.89,38.69,38.66,38.75,39.8
08069,36.02,37.42,42.62,41.71,40.89,40.88,41.4,42.5,41.06,40.05,43.05,39.45,40.29,40.04,40.85,42.95,42.88,44.93,40.78,39.08,40.89,38.69,38.66,38.75,39.8
08071,36.02,37.42,42.62,41.71,40.89,40.88,41.4,42.5,41.06,40.05,43.05,39.45,40.29,40.04,40.85,42.95,42.88,44.93,40.78,39.08,40.89,38.69,38.66,38.75,39.8
08073,36.02,37.42,42.62,41.71,40.89,40.88,41.4,42.5,41.06,40.05,43.05,39.45,40.29,40.04,40.85,42.95,42.88,44.93,40.78,39.08,40.89,38.69,38.66,38.75,39.8
08075,36.02,37.42,42.62,41.71,40.89,40.88,41.4,42.5,41.06,40.05,43.05,39.45,40.29,40.04,40.85,42.95,42.88,44.93,40.78,39.08,40.89,38.69,38.66,38.75,39.8
08077,36.02,37.42,42.62,41.71,40.89,40.88,41.4,42.5,41.06,40.05,43.05,39.45,40.29,40.04,40.85,42.95,42.88,44.93,40.78,39.08,40.89,38.69,38.66,38.75,39.8
08079,36.02,37.42,42.62,41.71,40.89,40.88,41.4,42.5,41.06,40.05,43.05,39.45,40.29,40.04,40.85,42.95,42.88,44.93,40.78,39.08,40.89,38.69,38.66,38.75,39.8
08081,36.02,37.42,42.62,41.71,40.89,40.88,41.4,42.5,41.06,40.05,43.05,39.45,40.29,40.04,40.85,42.95,42.88,44.93,40.78,39.08,40.89,38.69,38.66,38.75,39.8
08083,36.02,37.42,42.62,41.71,40.89,40.88,41.4,42.5,41.06,40.05,43.05,39.45,40.29,40.04,40.85,42.95,42.88,44.93,40.78,39.08,40.89,38.69,38.66,38.75,39.8
08085,36.02,37.42,42.62,41.71,40.89,40.88,41.4,42.5,41.06,40.05,43.05,39.45,40.29,40.04,40.85,42.95,42.88,44.93,40.78,39.08,40.89,38.69,38.66,38.75,39.8
08087,36.02,37.42,42.62,41.71,40.89,40.88,41.4,42.5,41.06,40.05,43.05,39.45,40.29,40.04,40.85,42.95,42.88,44.93,40.78,39.08,40.89,38.69,38.66,38.75,39.8
08089,36.02,37.42,42.62,41.71,40.89,40.88,41.4,42.5,41.06,40.05,43.05,39.45,40.29,40.04,40.85,42.95,42.88,44.93,40.78,39.08,40.89,38.69,38.66,38.75,39.8
08091,36.02,37.42,42.62,41.71,40.89,40.88,41.4,42.5,41.06,40.05,43.05,39.45,40.29,40.04,40.85,42.95,42.88,44.93,40.78,39.08,40.89,38.69,38.66,38.75,39.8
08093,36.02,37.42,42.62,41.71,40.89,40.88,41.4,42.5,41.06,40.05,43.05,39.45,40.29,40.04,40.85,42.95,42.88,44.93,40.78,39.08,40.89,38.69,38.66,38.75,39.8
08095,36.02,37.42,42.62,41.71,40.89,40.88,41.4,42.5,41.06,40.05,43.05,39.45,40.29,40.04,40.85,42.95,42.88,44.93,40.78,39.08,40.89,38.69,38.66,38.75,39.8
08097,36.02,37.42,42.62,41.71,40.89,40.88,41.4,42.5,41.06,40.05,43.05,39.45,40.29,40.04,40.85,42.95,42.88,44.93,40.78,39.08,40.89,38.69,38.66,38.75,39.8
08099,36.02,37.42,42.62,41.71,40.89,40.88,41.4,42.5,41.06,40.05,43.05,39.45,40.29,40.04,40.85,42.95,42.88,44.93,40.78,39.08,40.89,38.69,38.66,38.75,39.8
08101,36.02,37.42,42.62,41.71,40.89,40.88,41.4,42.5,41.06,40.05,43.05,39.45,40.29,40.04,40.85,42.95,42.88,44.93,40.78,39.08,40.89,38.69,38.66,38.75,39.8
08103,36.02,37.42,42.62,41.71,40.89,40.88,41.4,42.5,41.06,40.05,43.05,39.45,40.29,40.04,40.85,42.95,42.88,44.93,40.78,39.08,40.89,38.69,38.66,38.75,39.8
08105,36.02,37.42,42.62,41.71,40.89,40.88,41.4,42.5,41.06,40.05,43.05,39.45,40.29,40.04,40.85,42.95,42.88,44.93,40.78,39.08,40.89,38.69,38.66,38.75,39.8
08107,36.02,37.42,42.62,41.71,40.89,40.88,41.4,42.5,41.06,40.05,43.05,39.45,40.29,40.04,40.85,42.95,42.88,44.93,40.78,39.08,40.89,38.69,38.66,38.75,39.8
08109,36.02,37.42,42.62,41.71,40.89,40.88,41.4,42.5,41.06,40.05,43.05,39.45,40.29,40.04,40.85,42.95,42.88,44.93,40.78,39.08,40.89,38.69,38.66,38.75,39.8
08111,36.02,37.42,42.62,41.71,40.89,40.88,41.4,42.5,41.06,40.05,43.05,39.45,40.29,40.04,40.85,42.95,42.88,44.93,40.78,39.08,40.89,38.69,38.66,38.75,39.8
08113,36.02,37.42,42.62,41.71,40.89,40.88,41.4,42.5,41.06,40.05,43.05,39.45,40.29,40.04,40.85,42.95,42.88,44.93,40.78,39.08,40.89,38.69,38.66,38.75,39.8
08115,36.02,37.42,42.62,41.71,40.89,40.88,41.4,42.5,41.06,40.05,43.05,39.45,40.29,40.04,40.85,42.95,42.88,44.93,40.78,39.08,40.89,38.69,38.66,38.75,39.8
08117,36.02,37.42,42.62,41.71,40.89,40.88,41.4,42.5,41.06,40.05,43.05,39.45,40.29,40.04,40.85,42.95,42.88,44.93,40.78,39.08,40.89,38.69,38.66,38.75,39.8
08119,36.02,37.42,42.62,41.71,40.89,40.88,41.4,42.5,41.06,40.05,43.05,39.45,40.29,40.04,40.85,42.95,42.88,44.93,40.78,39.08,40.89,38.69,38.66,38.75,39.8
08121,36.02,37.42,42.62,41.71,40.89,40.88,41.4,42.5,41.06,40.05,43.05,39.45,40.29,40.04,40.85,42.95,42.88,44.93,40.78,39.08,40.89,38.69,38.66,38.75,39.8
08123,36.02,37.42,42.62,41.71,40.89,40.88,41.4,42.5,41.06,40.05,43.05,39.45,40.29,40.04,40.85,42.95,42.88,44.93,40.78,39.08,40.89,38.69,38.66,38.75,39.8
08125,36.02,37.42,42.62,41.71,40.89,40.88,41.4,42.5,41.06,40.05,43.05,39.45,40.29,40.04,40.85,42.95,42.88,44.93,40.78,39.08,40.89,38.69,38.66,38.75,39.8
09001,36.02,37.42,42.62,41.71,40.89,40.88,41.4,42.5,41.06,40.05,43.05,39.45,40.29,40.04,40.85,42.95,42.88,44.93,40.78,39.08,40.89,38.69,38.66,38.75,39.8
09003,36.02,37.42,42.62,41.71,40.89,40.88,41.4,42.5,41.06,40.05,43.05,39.45,40.29,40.04,40.85,42.95,42.88,44.93,40.78,39.08,40.89,38.69,38.66,38.75,39.8
09005,36.02,37.42,42.62,41.71,40.89,40.88,41.4,42.5,41.06,40.05,43.05,39.45,40.29,40.04,40.85,42.95,42.88,44.93,40.78,39.08,40.89,38.69,38.66,38.75,39.8
09007,36.02,37.42,42.62,41.71,40.89,40.88,41.4,42.5,41.06,40.05,43.05,39.45,40.29,40.04,40.85,42.95,42.88,44.93,40.78,39.08,40.89,38.69,38.66,38.75,39.8
09009,36.02,37.42,42.62,41.71,40.89,40.88,41.4,42.5,41.06,40.05,43.05,39.45,40.29,40.04,40.85,42.95,42.88,44.93,40.78,39.08,40.89,38.69,38.66,38.75,39.8
09011,36.02,37.42,42.62,41.71,40.89,40.88,41.4,42.5,41.06,40.05,43.05,39.45,40.29,40.04,40.85,42.95,42.88,44.93,40.78,39.08,40.89,38.69,38.66,38.75,39.8
09013,36.02,37.42,42.62,41.71,40.89,40.88,41.4,42.5,41.06,40.05,43.05,39.45,40.29,40.04,40.85,42.95,42.88,44.93,40.78,39.08,40.89,38.69,38.66,38.75,39.8
09015,36.02,37.42,42.62,41.71,40.89,40.88,41.4,42.5,41.06,40.05,43.05,39.45,40.29,40.04,40.85,42.95,42.88,44.93,40.78,39.08,40.89,38.69,38.66,38.75,39.8
10001,36.02,37.42,42.62,41.71,40.89,40.88,41.4,42.5,41.06,40.05,43.05,39.45,40.29,40.04,40.85,42.95,42.88,44.93,40.78,39.08,40.89,38.69,38.66,38.75,39.8
10003,36.02,37.42,42.62,41.71,40.89,40.88,41.4,42.5,41.06,40.05,43.05,39.45,40.29,40.04,40.85,42.95,42.88,44.93,40.78,39.08,40.89,38.69,38.66,38.75,39.8
10005,36.02,37.42,42.62,41.71,40.89,40.88,41.4,42.5,41.06,40.05,43.05,39.45,40.29,40.04,40.85,42.95,42.88,44.93,40.78,39.08,40.89,38.69,38.66,38.75,39.8
11001,36.02,37.42,42.62,41.71,40.89,40.88,41.4,42.5,41.06,40.05,43.05,39.45,40.29,40.04,40.85,42.95,42.88,44.93,40.78,39.08,40.89,38.69,38.66,38.75,39.8
12001,36.02,37.42,42.62,41.71,40.89,40.88,41.4,42.5,41.06,40.05,43.05,39.45,40.29,40.04,40.85,42.95,42.88,44.93,40.78,39.08,40.89,38.69,38.66,38.75,39.8
12003,36.02,37.42,42.62,41.71,40.89,40.88,41.4,42.5,41.06,40.05,43.05,39.45,40.29,40.04,40.85,42.95,42.88,44.93,40.78,39.08,40.89,38.69,38.66,38.75,39.8
12005,36.02,37.42,42.62,41.71,40.89,40.88,41.4,42.5,41.06,40.05,43.05,39.45,40.29,40.04,40.85,42.95,42.88,44.93,40.78,39.08,40.89,38.69,38.66,38.75,39.8
12007,36.02,37.42,42.62,41.71,40.89,40.88,41.4,42.5,41.06,40.05,43.05,39.45,40.29,40.04,40.85,42.95,42.88,44.93,40.78,39.08,40.89,38.69,38.66,38.75,39.8
12009,36.02,37.42,42.62,41.71,40.89,40.88,41.4,42.5,41.06,40.05,43.05,39.45,40.29,40.04,40.85,42.95,42.88,44.93,40.78,39.08,40.89,38.69,38.66,38.75,39.8
12011,36.02,37.42,42.62,41.71,40.89,40.88,41.4,42.5,41.06,40.05,43.05,39.45,40.29,40.04,40.85,42.95,42.88,44.93,40.78,39.08,40.89,38.69,38.66,38.75,39.8
12013,36.02,37.42,42.62,41.71,40.89,40.88,41.4,42.5,41.06,40.05,43.05,39.45,40.29,40.04,40.85,42.95,42.88,44.93,40.78,39.08,40.89,38.69,38.66,38.75,39.8
12015,36.02,37.42,42.62,41.71,40.89,40.88,41.4,42.5,41.06,40.05,43.05,39.45,40.29,40.04,40.85,42.95,42.88,44.93,40.78,39.08,40.89,38.69,38.66,38.75,39.8
12017,36.02,37.42,42.62,41.71,40.89,40.88,41.4,42.5,41.06,40.05,43.05,39.45,40.29,40.04,40.85,42.95,42.88,44.93,40.78,39.08,40.89,38.69,38.66,38.75,39.8
12019,36.02,37.42,42.62,41.71,40.89,40.88,41.4,42.5,41.06,40.05,43.05,39.45,40.29,40.04,40.85,42.95,42.88,44.93,40.78,39.08,40.89,38.69,38.66,38.75,39.8
12021,36.02,37.42,42.62,41.71,40.89,40.88,41.4,42.5,41.06,40.05,43.05,39.45,40.29,40.04,40.85,42.95,42.88,44.93,40.78,39.08,40.89,38.69,38.66,38.75,39.8
12023,36.02,37.42,42.62,41.71,40.89,40.88,41.4,42.5,41.06,40.05,43.05,39.45,40.29,40.04,40.85,42.95,42.88,44.93,40.78,39.08,40.89,38.69,38.66,38.75,39.8
12027,36.02,37.42,42.62,41.71,40.89,40.88,41.4,42.5,41.06,40.05,43.05,39.45,40.29,40.04,40.85,42.95,42.88,44.93,40.78,39.08,40.89,38.69,38.66,38.75,39.8
12029,36.02,37.42,42.62,41.71,40.89,40.88,41.4,42.5,41.06,40.05,43.05,39.45,40.29,40.04,40.85,42.95,42.88,44.93,40.78,39.08,40.89,38.69,38.66,38.75,39.8
12031,36.02,37.42,42.62,41.71,40.89,40.88,41.4,42.5,41.06,40.05,43.05,39.45,40.29,40.04,40.85,42.95,42.88,44.93,40.78,39.08,40.89,38.69,38.66,38.75,39.8
12033,36.02,37.42,42.62,41.71,40.89,40.88,41.4,42.5,41.06,40.05,43.05,39.45,40.29,40.04,40.85,42.95,42.88,44.93,40.78,39.08,40.89,38.69,38.66,38.75,39.8
12035,36.02,37.42,42.62,41.71,40.89,40.88,41.4,42.5,41.06,40.05,43.05,39.45,40.29,40.04,40.85,42.95,42.88,44.93,40.78,39.08,40.89,38.69,38.66,38.75,39.8
12037,36.02,37.42,42.62,41.71,40.89,40.88,41.4,42.5,41.06,40.05,43.05,39.45,40.29,40.04,40.85,42.95,42.88,44.93,40.78,39.08,40.89,38.69,38.66,38.75,39.8
12039,36.02,37.42,42.62,41.71,40.89,40.88,41.4,42.5,41.06,40.05,43.05,39.45,40.29,40.04,40.85,42.95,42.88,44.93,40.78,39.08,40.89,38.69,38.66,38.75,39.8
12041,36.02,37.42,42.62,41.71,40.89,40.88,41.4,42.5,41.06,40.05,43.05,39.45,40.29,40.04,40.85,42.95,42.88,44.93,40.78,39.08,40.89,38.69,38.66,38.75,39.8
12043,36.02,37.42,42.62,41.71,40.89,40.88,41.4,42.5,41.06,40.05,43.05,39.45,40.29,40.04,40.85,42.95,42.88,44.93,40.78,39.08,40.89,38.69,38.66,38.75,39.8
12045,36.02,37.42,42.62,41.71,40.89,40.88,41.4,42.5,41.06,40.05,43.05,39.45,40.29,40.04,40.85,42.95,42.88,44.93,40.78,39.08,40.89,38.69,38.66,38.75,39.8
12047,36.02,37.42,42.62,41.71,40.89,40.88,41.4,42.5,41.06,40.05,43.05,39.45,40.29,40.04,40.85,42.95,42.88,44.93,40.78,39.08,40.89,38.69,38.66,38.75,39.8
12049,36.02,37.42,42.62,41.71,40.89,40.88,41.4,42.5,41.06,40.05,43.05,39.45,40.29,40.04,40.85,42.95,42.88,44.93,40.78,39.08,40.89,38.69,38.66,38.75,39.8
12051,36.02,37.42,42.62,41.71,40.89,40.88,41.4,42.5,41.06,40.05,43.05,39.45,40.29,40.04,40.85,42.95,42.88,44.93,40.78,39.08,40.89,38.69,38.66,38.75,39.8
12053,36.02,37.42,42.62,41.71,40.89,40.88,41.4,42.5,41.06,40.05,43.05,39.45,40.29,40.04,40.85,42.95,42.88,44.93,40.78,39.08,40.89,38.69,38.66,38.75,39.8
12055,36.02,37.42,42.62,41.71,40.89,40.88,41.4,42.5,41.06,40.05,43.05,39.45,40.29,40.04,40.85,42.95,42.88,44.93,40.78,39.08,40.89,38.69,38.66,38.75,39.8
12057,36.02,37.42,42.62,41.71,40.89,40.88,41.4,42.5,41.06,40.05,43.05,39.45,40.29,40.04,40.85,42.95,42.88,44.93,40.78,39.08,40.89,38.69,38.66,38.75,39.8
12059,36.02,37.42,42.62,41.71,40.89,40.88,41.4,42.5,41.06,40.05,43.05,39.45,40.29,40.04,40.85,42.95,42.88,44.93,40.78,39.08,40.89,38.69,38.66,38.75,39.8
12061,36.02,37.42,42.62,41.71,40.89,40.88,41.4,42.5,41.06,40.05,43.05,39.45,40.29,40.04,40.85,42.95,42.88,44.93,40.78,39.08,40.89,38.69,38.66,38.75,39.8
12063,36.02,37.42,42.62,41.71,40.89,40.88,41.4,42.5,41.06,40.05,43.05,39.45,40.29,40.04,40.85,42.95,42.88,44.93,40.78,39.08,40.89,38.69,38.66,38.75,39.8
12065,36.02,37.42,42.62,41.71,40.89,40.88,41.4,42.5,41.06,40.05,43.05,39.45,40.29,40.04,40.85,42.95,42.88,44.93,40.78,39.08,40.89,38.69,38.66,38.75,39.8
12067,36.02,37.42,42.62,41.71,40.89,40.88,41.4,42.5,41.06,40.05,43.05,39.45,40.29,40.04,40.85,42.95,42.88,44.93,40.78,39.08,40.89,38.69,38.66,38.75,39.8
12069,36.02,37.42,42.62,41.71,40.89,40.88,41.4,42.5,41.06,40.05,43.05,39.45,40.29,40.04,40.85,42.95,42.88,44.93,40.78,39.08,40.89,38.69,38.66,38.75,39.8
12071,36.02,37.42,42.62,41.71,40.89,40.88,41.4,42.5,41.06,40.05,43.05,39.45,40.29,40.04,40.85,42.95,42.88,44.93,40.78,39.08,40.89,38.69,38.66,38.75,39.8
12073,36.02,37.42,42.62,41.71,40.89,40.88,41.4,42.5,41.06,40.05,43.05,39.45,40.29,40.04,40.85,42.95,42.88,44.93,40.78,39.08,40.89,38.69,38.66,38.75,39.8
12075,36.02,37.42,42.62,41.71,40.89,40.88,41.4,42.5,41.06,40.05,43.05,39.45,40.29,40.04,40.85,42.95,42.88,44.93,40.78,39.08,40.89,38.69,38.66,38.75,39.8
12077,36.02,37.42,42.62,41.71,40.89,40.88,41.4,42.5,41.06,40.05,43.05,39.45,40.29,40.04,40.85,42.95,42.88,44.93,40.78,39.08,40.89,38.69,38.66,38.75,39.8
12079,36.02,37.42,42.62,41.71,40.89,40.88,41.4,42.5,41.06,40.05,43.05,39.45,40.29,40.04,40.85,42.95,42.88,44.93,40.78,39.08,40.89,38.69,38.66,38.75,39.8
12081,36.02,37.42,42.62,41.71,40.89,40.88,41.4,42.5,41.06,40.05,43.05,39.45,40.29,40.04,40.85,42.95,42.88,44.93,40.78,39.08,40.89,38.69,38.66,38.75,39.8
12083,36.02,37.42,42.62,41.71,40.89,40.88,41.4,42.5,41.06,40.05,43.05,39.45,40.29,40.04,40.85,42.95,42.88,44.93,40.78,39.08,40.89,38.69,38.66,38.75,39.8
12085,36.02,37.42,42.62,41.71,40.89,40.88,41.4,42.5,41.06,40.05,43.05,39.45,40.29,40.04,40.85,42.95,42.88,44.93,40.78,39.08,40.89,38.69,38.66,38.75,39.8
12086,36.02,37.42,42.62,41.71,40.89,40.88,41.4,42.5,41.06,40.05,43.05,39.45,40.29,40.04,40.85,42.95,42.88,44.93,40.78,39.08,40.89,38.69,38.66,38.75,39.8
12087,36.02,37.42,42.62,41.71,40.89,40.88,41.4,42.5,41.06,40.05,43.05,39.45,40.29,40.04,40.85,42.95,42.88,44.93,40.78,39.08,40.89,38.69,38.66,38.75,39.8
12089,36.02,37.42,42.62,41.71,40.89,40.88,41.4,42.5,41.06,40.05,43.05,39.45,40.29,40.04,40.85,42.95,42.88,44.93,40.78,39.08,40.89,38.69,38.66,38.75,39.8
12091,36.02,37.42,42.62,41.71,40.89,40.88,41.4,42.5,41.06,40.05,43.05,39.45,40.29,40.04,40.85,42.95,42.88,44.93,40.78,39.08,40.89,38.69,38.66,38.75,39.8
12093,36.02,37.42,42.62,41.71,40.89,40.88,41.4,42.5,41.06,40.05,43.05,39.45,40.29,40.04,40.85,42.95,42.88,44.93,40.78,39.08,40.89,38.69,38.66,38.75,39.8
12095,36.02,37.42,42.62,41.71,40.89,40.88,41.4,42.5,41.06,40.05,43.05,39.45,40.29,40.04,40.85,42.95,42.88,44.93,40.78,39.08,40.89,38.69,38.66,38.75,39.8
12097,36.02,37.42,42.62,41.71,40.89,40.88,41.4,42.5,41.06,40.05,43.05,39.45,40.29,40.04,40.85,42.95,42.88,44.93,40.78,39.08,40.89,38.69,38.66,38.75,39.8
12099,36.02,37.42,42.62,41.71,40.89,40.88,41.4,42.5,41.06,40.05,43.05,39.45,40.29,40.04,40.85,42.95,42.88,44.93,40.78,39.08,40.89,38.69,38.66,38.75,39.8
12101,36.02,37.42,42.62,41.71,40.89,40.88,41.4,42.5,41.06,40.05,43.05,39.45,40.29,40.04,40.85,42.95,42.88,44.93,40.78,39.08,40.89,38.69,38.66,38.75,39.8
12103,36.02,37.42,42.62,41.71,40.89,40.88,41.4,42.5,41.06,40.05,43.05,39.45,40.29,40.04,40.85,42.95,42.88,44.93,40.78,39.08,40.89,38.69,38.66,38.75,39.8
12105,36.02,37.42,42.62,41.71,40.89,40.88,41.4,42.5,41.06,40.05,43.05,39.45,40.29,40.04,40.85,42.95,42.88,44.93,40.78,39.08,40.89,38.69,38.66,38.75,39.8
12107,36.02,37.42,42.62,41.71,40.89,40.88,41.4,42.5,41.06,40.05,43.05,39.45,40.29,40.04,40.85,42.95,42.88,44.93,40.78,39.08,40.89,38.69,38.66,38.75,39.8
12109,36.02,37.42,42.62,41.71,40.89,40.88,41.4,42.5,41.06,40.05,43.05,39.45,40.29,40.04,40.85,42.95,42.88,44.93,40.78,39.08,40.89,38.69,38.66,38.75,39.8
12111,36.02,37.42,42.62,41.71,40.89,40.88,41.4,42.5,41.06,40.05,43.05,39.45,40.29,40.04,40.85,42.95,42.88,44.93,40.78,39.08,40.89,38.69,38.66,38.75,39.8
12113,36.02,37.42,42.62,41.71,40.89,40.88,41.4,42.5,41.06,40.05,43.05,39.45,40.29,40.04,40.85,42.95,42.88,44.93,40.78,39.08,40.89,38.69,38.66,38.75,39.8
12115,36.02,37.42,42.62,41.71,40.89,40.88,41.4,42.5,41.06,40.05,43.05,39.45,40.29,40.04,40.85,42.95,42.88,44.93,40.78,39.08,40.89,38.69,38.66,38.75,39.8
12117,36.02,37.42,42.62,41.71,40.89,40.88,41.4,42.5,41.06,40.05,43.05,39.45,40.29,40.04,40.85,42.95,42.88,44.93,40.78,39.08,40.89,38.69,38.66,38.75,39.8
12119,36.02,37.42,42.62,41.71,40.89,40.88,41.4,42.5,41.06,40.05,43.05,39.45,40.29,40.04,40.85,42.95,42.88,44.93,40.78,39.08,40.89,38.69,38.66,38.75,39.8
12121,36.02,37.42,42.62,41.71,40.89,40.88,41.4,42.5,41.06,40.05,43.05,39.45,40.29,40.04,40.85,42.95,42.88,44.93,40.78,39.08,40.89,38.69,38.66,38.75,39.8
12123,36.02,37.42,42.62,41.71,40.89,40.88,41.4,42.5,41.06,40.05,43.05,39.45,40.29,40.04,40.85,42.95,42.88,44.93,40.78,39.08,40.89,38.69,38.66,38.75,39.8
12125,36.02,37.42,42.62,41.71,40.89,40.88,41.4,42.5,41.06,40.05,43.05,39.45,40.29,40.04,40.85,42.95,42.88,44.93,40.78,39.08,40.89,38.69,38.66,38.75,39.8
12127,36.02,37.42,42.62,41.71,40.89,40.88,41.4,42.5,41.06,40.05,43.05,39.45,40.29,40.04,40.85,42.95,42.88,44.93,40.78,39.08,40.89,38.69,38.66,38.75,39.8
12129,36.02,37.42,42.62,41.71,40.89,40.88,41.4,42.5,41.06,40.05,43.05,39.45,40.29,40.04,40.85,42.95,42.88,44.93,40.78,39.08,40.89,38.69,38.66,38.75,39.8
12131,36.02,37.42,42.62,41.71,40.89,40.88,41.4,42.5,41.06,40.05,43.05,39.45,40.29,40.04,40.85,42.95,42.88,44.93,40.78,39.08,40.89,38.69,38.66,38.75,39.8
12133,36.02,37.42,42.62,41.71,40.89,40.88,41.4,42.5,41.06,40.05,43.05,39.45,40.29,40.04,40.85,42.95,42.88,44.93,40.78,39.08,40.89,38.69,38.66,38.75,39.8
13001,36.02,37.42,42.62,41.71,40.89,40.88,41.4,42.5,41.06,40.05,43.05,39.45,40.29,40.04,40.85,42.95,42.88,44.93,40.78,39.08,40.89,38.69,38.66,38.75,39.8
13003,36.02,37.42,42.62,41.71,40.89,40.88,41.4,42.5,41.06,40.05,43.05,39.45,40.29,40.04,40.85,42.95,42.88,44.93,40.78,39.08,40.89,38.69,38.66,38.75,39.8
13005,36.02,37.42,42.62,41.71,40.89,40.88,41.4,42.5,41.06,40.05,43.05,39.45,40.29,40.04,40.85,42.95,42.88,44.93,40.78,39.08,40.89,38.69,38.66,38.75,39.8
13007,36.02,37.42,42.62,41.71,40.89,40.88,41.4,42.5,41.06,40.05,43.05,39.45,40.29,40.04,40.85,42.95,42.88,44.93,40.78,39.08,40.89,38.69,38.66,38.75,39.8
13009,36.02,37.42,42.62,41.71,40.89,40.88,41.4,42.5,41.06,40.05,43.05,39.45,40.29,40.04,40.85,42.95,42.88,44.93,40.78,39.08,40.89,38.69,38.66,38.75,39.8
13011,36.02,37.42,42.62,41.71,40.89,40.88,41.4,42.5,41.06,40.05,43.05,39.45,40.29,40.04,40.85,42.95,42.88,44.93,40.78,39.08,40.89,38.69,38.66,38.75,39.8
13013,36.02,37.42,42.62,41.71,40.89,40.88,41.4,42.5,41.06,40.05,43.05,39.45,40.29,40.04,40.85,42.95,42.88,44.93,40.78,39.08,40.89,38.69,38.66,38.75,39.8
13015,36.02,37.42,42.62,41.71,40.89,40.88,41.4,42.5,41.06,40.05,43.05,39.45,40.29,40.04,40.85,42.95,42.88,44.93,40.78,39.08,40.89,38.69,38.66,38.75,39.8
13017,36.02,37.42,42.62,41.71,40.89,40.88,41.4,42.5,41.06,40.05,43.05,39.45,40.29,40.04,40.85,42.95,42.88,44.93,40.78,39.08,40.89,38.69,38.66,38.75,39.8
13019,36.02,37.42,42.62,41.71,40.89,40.88,41.4,42.5,41.06,40.05,43.05,39.45,40.29,40.04,40.85,42.95,42.88,44.93,40.78,39.08,40.89,38.69,38.66,38.75,39.8
13021,36.02,37.42,42.62,41.71,40.89,40.88,41.4,42.5,41.06,40.05,43.05,39.45,40.29,40.04,40.85,42.95,42.88,44.93,40.78,39.08,40.89,38.69,38.66,38.75,39.8
13023,36.02,37.42,42.62,41.71,40.89,40.88,41.4,42.5,41.06,40.05,43.05,39.45,40.29,40.04,40.85,42.95,42.88,44.93,40.78,39.08,40.89,38.69,38.66,38.75,39.8
13025,36.02,37.42,42.62,41.71,40.89,40.88,41.4,42.5,41.06,40.05,43.05,39.45,40.29,40.04,40.85,42.95,42.88,44.93,40.78,39.08,40.89,38.69,38.66,38.75,39.8
13027,36.02,37.42,42.62,41.71,40.89,40.88,41.4,42.5,41.06,40.05,43.05,39.45,40.29,40.04,40.85,42.95,42.88,44.93,40.78,39.08,40.89,38.69,38.66,38.75,39.8
13029,36.02,37.42,42.62,41.71,40.89,40.88,41.4,42.5,41.06,40.05,43.05,39.45,40.29,40.04,40.85,42.95,42.88,44.93,40.78,39.08,40.89,38.69,38.66,38.75,39.8
13031,36.02,37.42,42.62,41.71,40.89,40.88,41.4,42.5,41.06,40.05,43.05,39.45,40.29,40.04,40.85,42.95,42.88,44.93,40.78,39.08,40.89,38.69,38.66,38.75,39.8
13033,36.02,37.42,42.62,41.71,40.89,40.88,41.4,42.5,41.06,40.05,43.05,39.45,40.29,40.04,40.85,42.95,42.88,44.93,40.78,39.08,40.89,38.69,38.66,38.75,39.8
13035,36.02,37.42,42.62,41.71,40.89,40.88,41.4,42.5,41.06,40.05,43.05,39.45,40.29,40.04,40.85,42.95,42.88,44.93,40.78,39.08,40.89,38.69,38.66,38.75,39.8
13037,36.02,37.42,42.62,41.71,40.89,40.88,41.4,42.5,41.06,40.05,43.05,39.45,40.29,40.04,40.85,42.95,42.88,44.93,40.78,39.08,40.89,38.69,38.66,38.75,39.8
13039,36.02,37.42,42.62,41.71,40.89,40.88,41.4,42.5,41.06,40.05,43.05,39.45,40.29,40.04,40.85,42.95,42.88,44.93,40.78,39.08,40.89,38.69,38.66,38.75,39.8
13043,36.02,37.42,42.62,41.71,40.89,40.88,41.4,42.5,41.06,40.05,43.05,39.45,40.29,40.04,40.85,42.95,42.88,44.93,40.78,39.08,40.89,38.69,38.66,38.75,39.8
13045,36.02,37.42,42.62,41.71,40.89,40.88,41.4,42.5,41.06,40.05,43.05,39.45,40.29,40.04,40.85,42.95,42.88,44.93,40.78,39.08,40.89,38.69,38.66,38.75,39.8
13047,36.02,37.42,42.62,41.71,40.89,40.88,41.4,42.5,41.06,40.05,43.05,39.45,40.29,40.04,40.85,42.95,42.88,44.93,40.78,39.08,40.89,38.69,38.66,38.75,39.8
13049,36.02,37.42,42.62,41.71,40.89,40.88,41.4,42.5,41.06,40.05,43.05,39.45,40.29,40.04,40.85,42.95,42.88,44.93,40.78,39.08,40.89,38.69,38.66,38.75,39.8
13051,36.02,37.42,42.62,41.71,40.89,40.88,41.4,42.5,41.06,40.05,43.05,39.45,40.29,40.04,40.85,42.95,42.88,44.93,40.78,39.08,40.89,38.69,38.66,38.75,39.8
13053,36.02,37.42,42.62,41.71,40.89,40.88,41.4,42.5,41.06,40.05,43.05,39.45,40.29,40.04,40.85,42.95,42.88,44.93,40.78,39.08,40.89,38.69,38.66,38.75,39.8
13055,36.02,37.42,42.62,41.71,40.89,40.88,41.4,42.5,41.06,40.05,43.05,39.45,40.29,40.04,40.85,42.95,42.88,44.93,40.78,39.08,40.89,38.69,38.66,38.75,39.8
13057,36.02,37.42,42.62,41.71,40.89,40.88,41.4,42.5,41.06,40.05,43.05,39.45,40.29,40.04,40.85,42.95,42.88,44.93,40.78,39.08,40.89,38.69,38.66,38.75,39.8
13059,36.02,37.42,42.62,41.71,40.89,40.88,41.4,42.5,41.06,40.05,43.05,39.45,40.29,40.04,40.85,42.95,42.88,44.93,40.78,39.08,40.89,38.69,38.66,38.75,39.8
13061,36.02,37.42,42.62,41.71,40.89,40.88,41.4,42.5,41.06,40.05,43.05,39.45,40.29,40.04,40.85,42.95,42.88,44.93,40.78,39.08,40.89,38.69,38.66,38.75,39.8
13063,36.02,37.42,42.62,41.71,40.89,40.88,41.4,42.5,41.06,40.05,43.05,39.45,40.29,40.04,40.85,42.95,42.88,44.93,40.78,39.08,40.89,38.69,38.66,38.75,39.8
13065,36.02,37.42,42.62,41.71,40.89,40.88,41.4,42.5,41.06,40.05,43.05,39.45,40.29,40.04,40.85,42.95,42.88,44.93,40.78,39.08,40.89,38.69,38.66,38.75,39.8
13067,36.02,37.42,42.62,41.71,40.89,40.88,41.4,42.5,41.06,40.05,43.05,39.45,40.29,40.04,40.85,42.95,42.88,44.93,40.78,39.08,40.89,38.69,38.66,38.75,39.8
13069,36.02,37.42,42.62,41.71,40.89,40.88,41.4,42.5,41.06,40.05,43.05,39.45,40.29,40.04,40.85,42.95,42.88,44.93,40.78,39.08,40.89,38.69,38.66,38.75,39.8
13071,36.02,37.42,42.62,41.71,40.89,40.88,41.4,42.5,41.06,40.05,43.05,39.45,40.29,40.04,40.85,42.95,42.88,44.93,40.78,39.08,40.89,38.69,38.66,38.75,39.8
13073,36.02,37.42,42.62,41.71,40.89,40.88,41.4,42.5,41.06,40.05,43.05,39.45,40.29,40.04,40.85,42.95,42.88,44.93,40.78,39.08,40.89,38.69,38.66,38.75,39.8
13075,36.02,37.42,42.62,41.71,40.89,40.88,41.4,42.5,41.06,40.05,43.05,39.45,40.29,40.04,40.85,42.95,42.88,44.93,40.78,39.08,40.89,38.69,38.66,38.75,39.8
13077,36.02,37.42,42.62,41.71,40.89,40.88,41.4,42.5,41.06,40.05,43.05,39.45,40.29,40.04,40.85,42.95,42.88,44.93,40.78,39.08,40.89,38.69,38.66,38.75,39.8
13079,36.02,37.42,42.62,41.71,40.89,40.88,41.4,42.5,41.06,40.05,43.05,39.45,40.29,40.04,40.85,42.95,42.88,44.93,40.78,39.08,40.89,38.69,38.66,38.75,39.8
13081,36.02,37.42,42.62,41.71,40.89,40.88,41.4,42.5,41.06,40.05,43.05,39.45,40.29,40.04,40.85,42.95,42.88,44.93,40.78,39.08,40.89,38.69,38.66,38.75,39.8
13083,36.02,37.42,42.62,41.71,40.89,40.88,41.4,42.5,41.06,40.05,43.05,39.45,40.29,40.04,40.85,42.95,42.88,44.93,40.78,39.08,40.89,38.69,38.66,38.75,39.8
13085,36.02,37.42,42.62,41.71,40.89,40.88,41.4,42.5,41.06,40.05,43.05,39.45,40.29,40.04,40.85,42.95,42.88,44.93,40.78,39.08,40.89,38.69,38.66,38.75,39.8
13087,36.02,37.42,42.62,41.71,40.89,40.88,41.4,42.5,41.06,40.05,43.05,39.45,40.29,40.04,40.85,42.95,42.88,44.93,40.78,39.08,40.89,38.69,38.66,38.75,39.8
13089,36.02,37.42,42.62,41.71,40.89,40.88,41.4,42.5,41.06,40.05,43.05,39.45,40.29,40.04,40.85,42.95,42.88,44.93,40.78,39.08,40.89,38.69,38.66,38.75,39.8
13091,36.02,37.42,42.62,41.71,40.89,40.88,41.4,42.5,41.06,40.05,43.05,39.45,40.29,40.04,40.85,42.95,42.88,44.93,40.78,39.08,40.89,38.69,38.66,38.75,39.8
13093,36.02,37.42,42.62,41.71,40.89,40.88,41.4,42.5,41.06,40.05,43.05,39.45,40.29,40.04,40.85,42.95,42.88,44.93,40.78,39.08,40.89,38.69,38.66,38.75,39.8
13095,36.02,37.42,42.62,41.71,40.89,40.88,41.4,42.5,41.06,40.05,43.05,39.45,40.29,40.04,40.85,42.95,42.88,44.93,40.78,39.08,40.89,38.69,38.66,38.75,39.8
13097,36.02,37.42,42.62,41.71,40.89,40.88,41.4,42.5,41.06,40.05,43.05,39.45,40.29,40.04,40.85,42.95,42.88,44.93,40.78,39.08,40.89,38.69,38.66,38.75,39.8
13099,36.02,37.42,42.62,41.71,40.89,40.88,41.4,42.5,41.06,40.05,43.05,39.45,40.29,40.04,40.85,42.95,42.88,44.93,40.78,39.08,40.89,38.69,38.66,38.75,39.8
13101,36.02,37.42,42.62,41.71,40.89,40.88,41.4,42.5,41.06,40.05,43.05,39.45,40.29,40.04,40.85,42.95,42.88,44.93,40.78,39.08,40.89,38.69,38.66,38.75,39.8
13103,36.02,37.42,42.62,41.71,40.89,40.88,41.4,42.5,41.06,40.05,43.05,39.45,40.29,40.04,40.85,42.95,42.88,44.93,40.78,39.08,40.89,38.69,38.66,38.75,39.8
13105,36.02,37.42,42.62,41.71,40.89,40.88,41.4,42.5,41.06,40.05,43.05,39.45,40.29,40.04,40.85,42.95,42.88,44.93,40.78,39.08,40.89,38.69,38.66,38.75,39.8
13107,36.02,37.42,42.62,41.71,40.89,40.88,41.4,42.5,41.06,40.05,43.05,39.45,40.29,40.04,40.85,42.95,42.88,44.93,40.78,39.08,40.89,38.69,38.66,38.75,39.8
13109,36.02,37.42,42.62,41.71,40.89,40.88,41.4,42.5,41.06,40.05,43.05,39.45,40.29,40.04,40.85,42.95,42.88,44.93,40.78,39.08,40.89,38.69,38.66,38.75,39.8
13111,36.02,37.42,42.62,41.71,40.89,40.88,41.4,42.5,41.06,40.05,43.05,39.45,40.29,40.04,40.85,42.95,42.88,44.93,40.78,39.08,40.89,38.69,38.66,38.75,39.8
13113,36.02,37.42,42.62,41.71,40.89,40.88,41.4,42.5,41.06,40.05,43.05,39.45,40.29,40.04,40.85,42.95,42.88,44.93,40.78,39.08,40.89,38.69,38.66,38.75,39.8
13115,36.02,37.42,42.62,41.71,40.89,40.88,41.4,42.5,41.06,40.05,43.05,39.45,40.29,40.04,40.85,42.95,42.88,44.93,40.78,39.08,40.89,38.69,38.66,38.75,39.8
13117,36.02,37.42,42.62,41.71,40.89,40.88,41.4,42.5,41.06,40.05,43.05,39.45,40.29,40.04,40.85,42.95,42.88,44.93,40.78,39.08,40.89,38.69,38.66,38.75,39.8
13119,36.02,37.42,42.62,41.71,40.89,40.88,41.4,42.5,41.06,40.05,43.05,39.45,40.29,40.04,40.85,42.95,42.88,44.93,40.78,39.08,40.89,38.69,38.66,38.75,39.8
13121,36.02,37.42,42.62,41.71,40.89,40.88,41.4,42.5,41.06,40.05,43.05,39.45,40.29,40.04,40.85,42.95,42.88,44.93,40.78,39.08,40.89,38.69,38.66,38.75,39.8
13123,36.02,37.42,42.62,41.71,40.89,40.88,41.4,42.5,41.06,40.05,43.05,39.45,40.29,40.04,40.85,42.95,42.88,44.93,40.78,39.08,40.89,38.69,38.66,38.75,39.8
13125,36.02,37.42,42.62,41.71,40.89,40.88,41.4,42.5,41.06,40.05,43.05,39.45,40.29,40.04,40.85,42.95,42.88,44.93,40.78,39.08,40.89,38.69,38.66,38.75,39.8
13127,36.02,37.42,42.62,41.71,40.89,40.88,41.4,42.5,41.06,40.05,43.05,39.45,40.29,40.04,40.85,42.95,42.88,44.93,40.78,39.08,40.89,38.69,38.66,38.75,39.8
13129,36.02,37.42,42.62,41.71,40.89,40.88,41.4,42.5,41.06,40.05,43.05,39.45,40.29,40.04,40.85,42.95,42.88,44.93,40.78,39.08,40.89,38.69,38.66,38.75,39.8
13131,36.02,37.42,42.62,41.71,40.89,40.88,41.4,42.5,41.06,40.05,43.05,39.45,40.29,40.04,40.85,42.95,42.88,44.93,40.78,39.08,40.89,38.69,38.66,38.75,39.8
13133,36.02,37.42,42.62,41.71,40.89,40.88,41.4,42.5,41.06,40.05,43.05,39.45,40.29,40.04,40.85,42.95,42.88,44.93,40.78,39.08,40.89,38.69,38.66,38.75,39.8
13135,36.02,37.42,42.62,41.71,40.89,40.88,41.4,42.5,41.06,40.05,43.05,39.45,40.29,40.04,40.85,42.95,42.88,44.93,40.78,39.08,40.89,38.69,38.66,38.75,39.8
13137,36.02,37.42,42.62,41.71,40.89,40.88,41.4,42.5,41.06,40.05,43.05,39.45,40.29,40.04,40.85,42.95,42.88,44.93,40.78,39.08,40.89,38.69,38.66,38.75,39.8
13139,36.02,37.42,42.62,41.71,40.89,40.88,41.4,42.5,41.06,40.05,43.05,39.45,40.29,40.04,40.85,42.95,42.88,44.93,40.78,39.08,40.89,38.69,38.66,38.75,39.8
13141,36.02,37.42,42.62,41.71,40.89,40.88,41.4,42.5,41.06,40.05,43.05,39.45,40.29,40.04,40.85,42.95,42.88,44.93,40.78,39.08,40.89,38.69,38.66,38.75,39.8
13143,36.02,37.42,42.62,41.71,40.89,40.88,41.4,42.5,41.06,40.05,43.05,39.45,40.29,40.04,40.85,42.95,42.88,44.93,40.78,39.08,40.89,38.69,38.66,38.75,39.8
13145,36.02,37.42,42.62,41.71,40.89,40.88,41.4,42.5,41.06,40.05,43.05,39.45,40.29,40.04,40.85,42.95,42.88,44.93,40.78,39.08,40.89,38.69,38.66,38.75,39.8
13147,36.02,37.42,42.62,41.71,40.89,40.88,41.4,42.5,41.06,40.05,43.05,39.45,40.29,40.04,40.85,42.95,42.88,44.93,40.78,39.08,40.89,38.69,38.66,38.75,39.8
13149,36.02,37.42,42.62,41.71,40.89,40.88,41.4,42.5,41.06,40.05,43.05,39.45,40.29,40.04,40.85,42.95,42.88,44.93,40.78,39.08,40.89,38.69,38.66,38.75,39.8
13151,36.02,37.42,42.62,41.71,40.89,40.88,41.4,42.5,41.06,40.05,43.05,39.45,40.29,40.04,40.85,42.95,42.88,44.93,40.78,39.08,40.89,38.69,38.66,38.75,39.8
13153,36.02,37.42,42.62,41.71,40.89,40.88,41.4,42.5,41.06,40.05,43.05,39.45,40.29,40.04,40.85,42.95,42.88,44.93,40.78,39.08,40.89,38.69,38.66,38.75,39.8
13155,36.02,37.42,42.62,41.71,40.89,40.88,41.4,42.5,41.06,40.05,43.05,39.45,40.29,40.04,40.85,42.95,42.88,44.93,40.78,39.08,40.89,38.69,38.66,38.75,39.8
13157,36.02,37.42,42.62,41.71,40.89,40.88,41.4,42.5,41.06,40.05,43.05,39.45,40.29,40.04,40.85,42.95,42.88,44.93,40.78,39.08,40.89,38.69,38.66,38.75,39.8
13159,36.02,37.42,42.62,41.71,40.89,40.88,41.4,42.5,41.06,40.05,43.05,39.45,40.29,40.04,40.85,42.95,42.88,44.93,40.78,39.08,40.89,38.69,38.66,38.75,39.8
13161,36.02,37.42,42.62,41.71,40.89,40.88,41.4,42.5,41.06,40.05,43.05,39.45,40.29,40.04,40.85,42.95,42.88,44.93,40.78,39.08,40.89,38.69,38.66,38.75,39.8
13163,36.02,37.42,42.62,41.71,40.89,40.88,41.4,42.5,41.06,40.05,43.05,39.45,40.29,40.04,40.85,42.95,42.88,44.93,40.78,39.08,40.89,38.69,38.66,38.75,39.8
13165,36.02,37.42,42.62,41.71,40.89,40.88,41.4,42.5,41.06,40.05,43.05,39.45,40.29,40.04,40.85,42.95,42.88,44.93,40.78,39.08,40.89,38.69,38.66,38.75,39.8
13167,36.02,37.42,42.62,41.71,40.89,40.88,41.4,42.5,41.06,40.05,43.05,39.45,40.29,40.04,40.85,42.95,42.88,44.93,40.78,39.08,40.89,38.69,38.66,38.75,39.8
13169,36.02,37.42,42.62,41.71,40.89,40.88,41.4,42.5,41.06,40.05,43.05,39.45,40.29,40.04,40.85,42.95,42.88,44.93,40.78,39.08,40.89,38.69,38.66,38.75,39.8
13171,36.02,37.42,42.62,41.71,40.89,40.88,41.4,42.5,41.06,40.05,43.05,39.45,40.29,40.04,40.85,42.95,42.88,44.93,40.78,39.08,40.89,38.69,38.66,38.75,39.8
13173,36.02,37.42,42.62,41.71,40.89,40.88,41.4,42.5,41.06,40.05,43.05,39.45,40.29,40.04,40.85,42.95,42.88,44.93,40.78,39.08,40.89,38.69,38.66,38.75,39.8
13175,36.02,37.42,42.62,41.71,40.89,40.88,41.4,42.5,41.06,40.05,43.05,39.45,40.29,40.04,40.85,42.95,42.88,44.93,40.78,39.08,40.89,38.69,38.66,38.75,39.8
13177,36.02,37.42,42.62,41.71,40.89,40.88,41.4,42.5,41.06,40.05,43.05,39.45,40.29,40.04,40.85,42.95,42.88,44.93,40.78,39.08,40.89,38.69,38.66,38.75,39.8
13179,36.02,37.42,42.62,41.71,40.89,40.88,41.4,42.5,41.06,40.05,43.05,39.45,40.29,40.04,40.85,42.95,42.88,44.93,40.78,39.08,40.89,38.69,38.66,38.75,39.8
13181,36.02,37.42,42.62,41.71,40.89,40.88,41.4,42.5,41.06,40.05,43.05,39.45,40.29,40.04,40.85,42.95,42.88,44.93,40.78,39.08,40.89,38.69,38.66,38.75,39.8
13183,36.02,37.42,42.62,41.71,40.89,40.88,41.4,42.5,41.06,40.05,43.05,39.45,40.29,40.04,40.85,42.95,42.88,44.93,40.78,39.08,40.89,38.69,38.66,38.75,39.8
13185,36.02,37.42,42.62,41.71,40.89,40.88,41.4,42.5,41.06,40.05,43.05,39.45,40.29,40.04,40.85,42.95,42.88,44.93,40.78,39.08,40.89,38.69,38.66,38.75,39.8
13187,36.02,37.42,42.62,41.71,40.89,40.88,41.4,42.5,41.06,40.05,43.05,39.45,40.29,40.04,40.85,42.95,42.88,44.93,40.78,39.08,40.89,38.69,38.66,38.75,39.8
13189,36.02,37.42,42.62,41.71,40.89,40.88,41.4,42.5,41.06,40.05,43.05,39.45,40.29,40.04,40.85,42.95,42.88,44.93,40.78,39.08,40.89,38.69,38.66,38.75,39.8
13191,36.02,37.42,42.62,41.71,40.89,40.88,41.4,42.5,41.06,40.05,43.05,39.45,40.29,40.04,40.85,42.95,42.88,44.93,40.78,39.08,40.89,38.69,38.66,38.75,39.8
13193,36.02,37.42,42.62,41.71,40.89,40.88,41.4,42.5,41.06,40.05,43.05,39.45,40.29,40.04,40.85,42.95,42.88,44.93,40.78,39.08,40.89,38.69,38.66,38.75,39.8
13195,36.02,37.42,42.62,41.71,40.89,40.88,41.4,42.5,41.06,40.05,43.05,39.45,40.29,40.04,40.85,42.95,42.88,44.93,40.78,39.08,40.89,38.69,38.66,38.75,39.8
13197,36.02,37.42,42.62,41.71,40.89,40.88,41.4,42.5,41.06,40.05,43.05,39.45,40.29,40.04,40.85,42.95,42.88,44.93,40.78,39.08,40.89,38.69,38.66,38.75,39.8
13199,36.02,37.42,42.62,41.71,40.89,40.88,41.4,42.5,41.06,40.05,43.05,39.45,40.29,40.04,40.85,42.95,42.88,44.93,40.78,39.08,40.89,38.69,38.66,38.75,39.8
13201,36.02,37.42,42.62,41.71,40.89,40.88,41.4,42.5,41.06,40.05,43.05,39.45,40.29,40.04,40.85,42.95,42.88,44.93,40.78,39.08,40.89,38.69,38.66,38.75,39.8
13205,36.02,37.42,42.62,41.71,40.89,40.88,41.4,42.5,41.06,40.05,43.05,39.45,40.29,40.04,40.85,42.95,42.88,44.93,40.78,39.08,40.89,38.69,38.66,38.75,39.8
13207,36.02,37.42,42.62,41.71,40.89,40.88,41.4,42.5,41.06,40.05,43.05,39.45,40.29,40.04,40.85,42.95,42.88,44.93,40.78,39.08,40.89,38.69,38.66,38.75,39.8
13209,36.02,37.42,42.62,41.71,40.89,40.88,41.4,42.5,41.06,40.05,43.05,39.45,40.29,40.04,40.85,42.95,42.88,44.93,40.78,39.08,40.89,38.69,38.66,38.75,39.8
13211,36.02,37.42,42.62,41.71,40.89,40.88,41.4,42.5,41.06,40.05,43.05,39.45,40.29,40.04,40.85,42.95,42.88,44.93,40.78,39.08,40.89,38.69,38.66,38.75,39.8
13213,36.02,37.42,42.62,41.71,40.89,40.88,41.4,42.5,41.06,40.05,43.05,39.45,40.29,40.04,40.85,42.95,42.88,44.93,40.78,39.08,40.89,38.69,38.66,38.75,39.8
13215,36.02,37.42,42.62,41.71,40.89,40.88,41.4,42.5,41.06,40.05,43.05,39.45,40.29,40.04,40.85,42.95,42.88,44.93,40.78,39.08,40.89,38.69,38.66,38.75,39.8
13217,36.02,37.42,42.62,41.71,40.89,40.88,41.4,42.5,41.06,40.05,43.05,39.45,40.29,40.04,40.85,42.95,42.88,44.93,40.78,39.08,40.89,38.69,38.66,38.75,39.8
13219,36.02,37.42,42.62,41.71,40.89,40.88,41.4,42.5,41.06,40.05,43.05,39.45,40.29,40.04,40.85,42.95,42.88,44.93,40.78,39.08,40.89,38.69,38.66,38.75,39.8
13221,36.02,37.42,42.62,41.71,40.89,40.88,41.4,42.5,41.06,40.05,43.05,39.45,40.29,40.04,40.85,42.95,42.88,44.93,40.78,39.08,40.89,38.69,38.66,38.75,39.8
13223,36.02,37.42,42.62,41.71,40.89,40.88,41.4,42.5,41.06,40.05,43.05,39.45,40.29,40.04,40.85,42.95,42.88,44.93,40.78,39.08,40.89,38.69,38.66,38.75,39.8
13225,36.02,37.42,42.62,41.71,40.89,40.88,41.4,42.5,41.06,40.05,43.05,39.45,40.29,40.04,40.85,42.95,42.88,44.93,40.78,39.08,40.89,38.69,38.66,38.75,39.8
13227,36.02,37.42,42.62,41.71,40.89,40.88,41.4,42.5,41.06,40.05,43.05,39.45,40.29,40.04,40.85,42.95,42.88,44.93,40.78,39.08,40.89,38.69,38.66,38.75,39.8
13229,36.02,37.42,42.62,41.71,40.89,40.88,41.4,42.5,41.06,40.05,43.05,39.45,40.29,40.04,40.85,42.95,42.88,44.93,40.78,39.08,40.89,38.69,38.66,38.75,39.8
13231,36.02,37.42,42.62,41.71,40.89,40.88,41.4,42.5,41.06,40.05,43.05,39.45,40.29,40.04,40.85,42.95,42.88,44.93,40.78,39.08,40.89,38.69,38.66,38.75,39.8
13233,36.02,37.42,42.62,41.71,40.89,40.88,41.4,42.5,41.06,40.05,43.05,39.45,40.29,40.04,40.85,42.95,42.88,44.93,40.78,39.08,40.89,38.69,38.66,38.75,39.8
13235,36.02,37.42,42.62,41.71,40.89,40.88,41.4,42.5,41.06,40.05,43.05,39.45,40.29,40.04,40.85,42.95,42.88,44.93,40.78,39.08,40.89,38.69,38.66,38.75,39.8
13237,36.02,37.42,42.62,41.71,40.89,40.88,41.4,42.5,41.06,40.05,43.05,39.45,40.29,40.04,40.85,42.95,42.88,44.93,40.78,39.08,40.89,38.69,38.66,38.75,39.8
13239,36.02,37.42,42.62,41.71,40.89,40.88,41.4,42.5,41.06,40.05,43.05,39.45,40.29,40.04,40.85,42.95,42.88,44.93,40.78,39.08,40.89,38.69,38.66,38.75,39.8
13241,36.02,37.42,42.62,41.71,40.89,40.88,41.4,42.5,41.06,40.05,43.05,39.45,40.29,40.04,40.85,42.95,42.88,44.93,40.78,39.08,40.89,38.69,38.66,38.75,39.8
13243,36.02,37.42,42.62,41.71,40.89,40.88,41.4,42.5,41.06,40.05,43.05,39.45,40.29,40.04,40.85,42.95,42.88,44.93,40.78,39.08,40.89,38.69,38.66,38.75,39.8
13245,36.02,37.42,42.62,41.71,40.89,40.88,41.4,42.5,41.06,40.05,43.05,39.45,40.29,40.04,40.85,42.95,42.88,44.93,40.78,39.08,40.89,38.69,38.66,38.75,39.8
13247,36.02,37.42,42.62,41.71,40.89,40.88,41.4,42.5,41.06,40.05,43.05,39.45,40.29,40.04,40.85,42.95,42.88,44.93,40.78,39.08,40.89,38.69,38.66,38.75,39.8
13249,36.02,37.42,42.62,41.71,40.89,40.88,41.4,42.5,41.06,40.05,43.05,39.45,40.29,40.04,40.85,42.95,42.88,44.93,40.78,39.08,40.89,38.69,38.66,38.75,39.8
13251,36.02,37.42,42.62,41.71,40.89,40.88,41.4,42.5,41.06,40.05,43.05,39.45,40.29,40.04,40.85,42.95,42.88,44.93,40.78,39.08,40.89,38.69,38.66,38.75,39.8
13253,36.02,37.42,42.62,41.71,40.89,40.88,41.4,42.5,41.06,40.05,43.05,39.45,40.29,40.04,40.85,42.95,42.88,44.93,40.78,39.08,40.89,38.69,38.66,38.75,39.8
13255,36.02,37.42,42.62,41.71,40.89,40.88,41.4,42.5,41.06,40.05,43.05,39.45,40.29,40.04,40.85,42.95,42.88,44.93,40.78,39.08,40.89,38.69,38.66,38.75,39.8
13257,36.02,37.42,42.62,41.71,40.89,40.88,41.4,42.5,41.06,40.05,43.05,39.45,40.29,40.04,40.85,42.95,42.88,44.93,40.78,39.08,40.89,38.69,38.66,38.75,39.8
13259,36.02,37.42,42.62,41.71,40.89,40.88,41.4,42.5,41.06,40.05,43.05,39.45,40.29,40.04,40.85,42.95,42.88,44.93,40.78,39.08,40.89,38.69,38.66,38.75,39.8
13261,36.02,37.42,42.62,41.71,40.89,40.88,41.4,42.5,41.06,40.05,43.05,39.45,40.29,40.04,40.85,42.95,42.88,44.93,40.78,39.08,40.89,38.69,38.66,38.75,39.8
13263,36.02,37.42,42.62,41.71,40.89,40.88,41.4,42.5,41.06,40.05,43.05,39.45,40.29,40.04,40.85,42.95,42.88,44.93,40.78,39.08,40.89,38.69,38.66,38.75,39.8
13265,36.02,37.42,42.62,41.71,40.89,40.88,41.4,42.5,41.06,40.05,43.05,39.45,40.29,40.04,40.85,42.95,42.88,44.93,40.78,39.08,40.89,38.69,38.66,38.75,39.8
13267,36.02,37.42,42.62,41.71,40.89,40.88,41.4,42.5,41.06,40.05,43.05,39.45,40.29,40.04,40.85,42.95,42.88,44.93,40.78,39.08,40.89,38.69,38.66,38.75,39.8
13269,36.02,37.42,42.62,41.71,40.89,40.88,41.4,42.5,41.06,40.05,43.05,39.45,40.29,40.04,40.85,42.95,42.88,44.93,40.78,39.08,40.89,38.69,38.66,38.75,39.8
13271,36.02,37.42,42.62,41.71,40.89,40.88,41.4,42.5,41.06,40.05,43.05,39.45,40.29,40.04,40.85,42.95,42.88,44.93,40.78,39.08,40.89,38.69,38.66,38.75,39.8
13273,36.02,37.42,42.62,41.71,40.89,40.88,41.4,42.5,41.06,40.05,43.05,39.45,40.29,40.04,40.85,42.95,42.88,44.93,40.78,39.08,40.89,38.69,38.66,38.75,39.8
13275,36.02,37.42,42.62,41.71,40.89,40.88,41.4,42.5,41.06,40.05,43.05,39.45,40.29,40.04,40.85,42.95,42.88,44.93,40.78,39.08,40.89,38.69,38.66,38.75,39.8
13277,36.02,37.42,42.62,41.71,40.89,40.88,41.4,42.5,41.06,40.05,43.05,39.45,40.29,40.04,40.85,42.95,42.88,44.93,40.78,39.08,40.89,38.69,38.66,38.75,39.8
13279,36.02,37.42,42.62,41.71,40.89,40.88,41.4,42.5,41.06,40.05,43.05,39.45,40.29,40.04,40.85,42.95,42.88,44.93,40.78,39.08,40.89,38.69,38.66,38.75,39.8
13281,36.02,37.42,42.62,41.71,40.89,40.88,41.4,42.5,41.06,40.05,43.05,39.45,40.29,40.04,40.85,42.95,42.88,44.93,40.78,39.08,40.89,38.69,38.66,38.75,39.8
13283,36.02,37.42,42.62,41.71,40.89,40.88,41.4,42.5,41.06,40.05,43.05,39.45,40.29,40.04,40.85,42.95,42.88,44.93,40.78,39.08,40.89,38.69,38.66,38.75,39.8
13285,36.02,37.42,42.62,41.71,40.89,40.88,41.4,42.5,41.06,40.05,43.05,39.45,40.29,40.04,40.85,42.95,42.88,44.93,40.78,39.08,40.89,38.69,38.66,38.75,39.8
13287,36.02,37.42,42.62,41.71,40.89,40.88,41.4,42.5,41.06,40.05,43.05,39.45,40.29,40.04,40.85,42.95,42.88,44.93,40.78,39.08,40.89,38.69,38.66,38.75,39.8
13289,36.02,37.42,42.62,41.71,40.89,40.88,41.4,42.5,41.06,40.05,43.05,39.45,40.29,40.04,40.85,42.95,42.88,44.93,40.78,39.08,40.89,38.69,38.66,38.75,39.8
13291,36.02,37.42,42.62,41.71,40.89,40.88,41.4,42.5,41.06,40.05,43.05,39.45,40.29,40.04,40.85,42.95,42.88,44.93,40.78,39.08,40.89,38.69,38.66,38.75,39.8
13293,36.02,37.42,42.62,41.71,40.89,40.88,41.4,42.5,41.06,40.05,43.05,39.45,40.29,40.04,40.85,42.95,42.88,44.93,40.78,39.08,40.89,38.69,38.66,38.75,39.8
13295,36.02,37.42,42.62,41.71,40.89,40.88,41.4,42.5,41.06,40.05,43.05,39.45,40.29,40.04,40.85,42.95,42.88,44.93,40.78,39.08,40.89,38.69,38.66,38.75,39.8
13297,36.02,37.42,42.62,41.71,40.89,40.88,41.4,42.5,41.06,40.05,43.05,39.45,40.29,40.04,40.85,42.95,42.88,44.93,40.78,39.08,40.89,38.69,38.66,38.75,39.8
13299,36.02,37.42,42.62,41.71,40.89,40.88,41.4,42.5,41.06,40.05,43.05,39.45,40.29,40.04,40.85,42.95,42.88,44.93,40.78,39.08,40.89,38.69,38.66,38.75,39.8
13301,36.02,37.42,42.62,41.71,40.89,40.88,41.4,42.5,41.06,40.05,43.05,39.45,40.29,40.04,40.85,42.95,42.88,44.93,40.78,39.08,40.89,38.69,38.66,38.75,39.8
13303,36.02,37.42,42.62,41.71,40.89,40.88,41.4,42.5,41.06,40.05,43.05,39.45,40.29,40.04,40.85,42.95,42.88,44.93,40.78,39.08,40.89,38.69,38.66,38.75,39.8
13305,36.02,37.42,42.62,41.71,40.89,40.88,41.4,42.5,41.06,40.05,43.05,39.45,40.29,40.04,40.85,42.95,42.88,44.93,40.78,39.08,40.89,38.69,38.66,38.75,39.8
13307,36.02,37.42,42.62,41.71,40.89,40.88,41.4,42.5,41.06,40.05,43.05,39.45,40.29,40.04,40.85,42.95,42.88,44.93,40.78,39.08,40.89,38.69,38.66,38.75,39.8
13309,36.02,37.42,42.62,41.71,40.89,40.88,41.4,42.5,41.06,40.05,43.05,39.45,40.29,40.04,40.85,42.95,42.88,44.93,40.78,39.08,40.89,38.69,38.66,38.75,39.8
13311,36.02,37.42,42.62,41.71,40.89,40.88,41.4,42.5,41.06,40.05,43.05,39.45,40.29,40.04,40.85,42.95,42.88,44.93,40.78,39.08,40.89,38.69,38.66,38.75,39.8
13313,36.02,37.42,42.62,41.71,40.89,40.88,41.4,42.5,41.06,40.05,43.05,39.45,40.29,40.04,40.85,42.95,42.88,44.93,40.78,39.08,40.89,38.69,38.66,38.75,39.8
13315,36.02,37.42,42.62,41.71,40.89,40.88,41.4,42.5,41.06,40.05,43.05,39.45,40.29,40.04,40.85,42.95,42.88,44.93,40.78,39.08,40.89,38.69,38.66,38.75,39.8
13317,36.02,37.42,42.62,41.71,40.89,40.88,41.4,42.5,41.06,40.05,43.05,39.45,40.29,40.04,40.85,42.95,42.88,44.93,40.78,39.08,40.89,38.69,38.66,38.75,39.8
13319,36.02,37.42,42.62,41.71,40.89,40.88,41.4,42.5,41.06,40.05,43.05,39.45,40.29,40.04,40.85,42.95,42.88,44.93,40.78,39.08,40.89,38.69,38.66,38.75,39.8
13321,36.02,37.42,42.62,41.71,40.89,40.88,41.4,42.5,41.06,40.05,43.05,39.45,40.29,40.04,40.85,42.95,42.88,44.93,40.78,39.08,40.89,38.69,38.66,38.75,39.8
16001,36.02,37.42,42.62,41.71,40.89,40.88,41.4,42.5,41.06,40.05,43.05,39.45,40.29,40.04,40.85,42.95,42.88,44.93,40.78,39.08,40.89,38.69,38.66,38.75,39.8
16003,36.02,37.42,42.62,41.71,40.89,40.88,41.4,42.5,41.06,40.05,43.05,39.45,40.29,40.04,40.85,42.95,42.88,44.93,40.78,39.08,40.89,38.69,38.66,38.75,39.8
16005,36.02,37.42,42.62,41.71,40.89,40.88,41.4,42.5,41.06,40.05,43.05,39.45,40.29,40.04,40.85,42.95,42.88,44.93,40.78,39.08,40.89,38.69,38.66,38.75,39.8
16007,36.02,37.42,42.62,41.71,40.89,40.88,41.4,42.5,41.06,40.05,43.05,39.45,40.29,40.04,40.85,42.95,42.88,44.93,40.78,39.08,40.89,38.69,38.66,38.75,39.8
16009,36.02,37.42,42.62,41.71,40.89,40.88,41.4,42.5,41.06,40.05,43.05,39.45,40.29,40.04,40.85,42.95,42.88,44.93,40.78,39.08,40.89,38.69,38.66,38.75,39.8
16011,36.02,37.42,42.62,41.71,40.89,40.88,41.4,42.5,41.06,40.05,43.05,39.45,40.29,40.04,40.85,42.95,42.88,44.93,40.78,39.08,40.89,38.69,38.66,38.75,39.8
16013,36.02,37.42,42.62,41.71,40.89,40.88,41.4,42.5,41.06,40.05,43.05,39.45,40.29,40.04,40.85,42.95,42.88,44.93,40.78,39.08,40.89,38.69,38.66,38.75,39.8
16015,36.02,37.42,42.62,41.71,40.89,40.88,41.4,42.5,41.06,40.05,43.05,39.45,40.29,40.04,40.85,42.95,42.88,44.93,40.78,39.08,40.89,38.69,38.66,38.75,39.8
16017,36.02,37.42,42.62,41.71,40.89,40.88,41.4,42.5,41.06,40.05,43.05,39.45,40.29,40.04,40.85,42.95,42.88,44.93,40.78,39.08,40.89,38.69,38.66,38.75,39.8
16019,36.02,37.42,42.62,41.71,40.89,40.88,41.4,42.5,41.06,40.05,43.05,39.45,40.29,40.04,40.85,42.95,42.88,44.93,40.78,39.08,40.89,38.69,38.66,38.75,39.8
16021,36.02,37.42,42.62,41.71,40.89,40.88,41.4,42.5,41.06,40.05,43.05,39.45,40.29,40.04,40.85,42.95,42.88,44.93,40.78,39.08,40.89,38.69,38.66,38.75,39.8
16023,36.02,37.42,42.62,41.71,40.89,40.88,41.4,42.5,41.06,40.05,43.05,39.45,40.29,40.04,40.85,42.95,42.88,44.93,40.78,39.08,40.89,38.69,38.66,38.75,39.8
16025,36.02,37.42,42.62,41.71,40.89,40.88,41.4,42.5,41.06,40.05,43.05,39.45,40.29,40.04,40.85,42.95,42.88,44.93,40.78,39.08,40.89,38.69,38.66,38.75,39.8
16027,36.02,37.42,42.62,41.71,40.89,40.88,41.4,42.5,41.06,40.05,43.05,39.45,40.29,40.04,40.85,42.95,42.88,44.93,40.78,39.08,40.89,38.69,38.66,38.75,39.8
16029,36.02,37.42,42.62,41.71,40.89,40.88,41.4,42.5,41.06,40.05,43.05,39.45,40.29,40.04,40.85,42.95,42.88,44.93,40.78,39.08,40.89,38.69,38.66,38.75,39.8
16031,36.02,37.42,42.62,41.71,40.89,40.88,41.4,42.5,41.06,40.05,43.05,39.45,40.29,40.04,40.85,42.95,42.88,44.93,40.78,39.08,40.89,38.69,38.66,38.75,39.8
16033,36.02,37.42,42.62,41.71,40.89,40.88,41.4,42.5,41.06,40.05,43.05,39.45,40.29,40.04,40.85,42.95,42.88,44.93,40.78,39.08,40.89,38.69,38.66,38.75,39.8
16035,36.02,37.42,42.62,41.71,40.89,40.88,41.4,42.5,41.06,40.05,43.05,39.45,40.29,40.04,40.85,42.95,42.88,44.93,40.78,39.08,40.89,38.69,38.66,38.75,39.8
16037,36.02,37.42,42.62,41.71,40.89,40.88,41.4,42.5,41.06,40.05,43.05,39.45,40.29,40.04,40.85,42.95,42.88,44.93,40.78,39.08,40.89,38.69,38.66,38.75,39.8
16039,36.02,37.42,42.62,41.71,40.89,40.88,41.4,42.5,41.06,40.05,43.05,39.45,40.29,40.04,40.85,42.95,42.88,44.93,40.78,39.08,40.89,38.69,38.66,38.75,39.8
16041,36.02,37.42,42.62,41.71,40.89,40.88,41.4,42.5,41.06,40.05,43.05,39.45,40.29,40.04,40.85,42.95,42.88,44.93,40.78,39.08,40.89,38.69,38.66,38.75,39.8
16043,36.02,37.42,42.62,41.71,40.89,40.88,41.4,42.5,41.06,40.05,43.05,39.45,40.29,40.04,40.85,42.95,42.88,44.93,40.78,39.08,40.89,38.69,38.66,38.75,39.8
16045,36.02,37.42,42.62,41.71,40.89,40.88,41.4,42.5,41.06,40.05,43.05,39.45,40.29,40.04,40.85,42.95,42.88,44.93,40.78,39.08,40.89,38.69,38.66,38.75,39.8
16047,36.02,37.42,42.62,41.71,40.89,40.88,41.4,42.5,41.06,40.05,43.05,39.45,40.29,40.04,40.85,42.95,42.88,44.93,40.78,39.08,40.89,38.69,38.66,38.75,39.8
16049,36.02,37.42,42.62,41.71,40.89,40.88,41.4,42.5,41.06,40.05,43.05,39.45,40.29,40.04,40.85,42.95,42.88,44.93,40.78,39.08,40.89,38.69,38.66,38.75,39.8
16051,36.02,37.42,42.62,41.71,40.89,40.88,41.4,42.5,41.06,40.05,43.05,39.45,40.29,40.04,40.85,42.95,42.88,44.93,40.78,39.08,40.89,38.69,38.66,38.75,39.8
16053,36.02,37.42,42.62,41.71,40.89,40.88,41.4,42.5,41.06,40.05,43.05,39.45,40.29,40.04,40.85,42.95,42.88,44.93,40.78,39.08,40.89,38.69,38.66,38.75,39.8
16055,36.02,37.42,42.62,41.71,40.89,40.88,41.4,42.5,41.06,40.05,43.05,39.45,40.29,40.04,40.85,42.95,42.88,44.93,40.78,39.08,40.89,38.69,38.66,38.75,39.8
16057,36.02,37.42,42.62,41.71,40.89,40.88,41.4,42.5,41.06,40.05,43.05,39.45,40.29,40.04,40.85,42.95,42.88,44.93,40.78,39.08,40.89,38.69,38.66,38.75,39.8
16059,36.02,37.42,42.62,41.71,40.89,40.88,41.4,42.5,41.06,40.05,43.05,39.45,40.29,40.04,40.85,42.95,42.88,44.93,40.78,39.08,40.89,38.69,38.66,38.75,39.8
16061,36.02,37.42,42.62,41.71,40.89,40.88,41.4,42.5,41.06,40.05,43.05,39.45,40.29,40.04,40.85,42.95,42.88,44.93,40.78,39.08,40.89,38.69,38.66,38.75,39.8
16063,36.02,37.42,42.62,41.71,40.89,40.88,41.4,42.5,41.06,40.05,43.05,39.45,40.29,40.04,40.85,42.95,42.88,44.93,40.78,39.08,40.89,38.69,38.66,38.75,39.8
16065,36.02,37.42,42.62,41.71,40.89,40.88,41.4,42.5,41.06,40.05,43.05,39.45,40.29,40.04,40.85,42.95,42.88,44.93,40.78,39.08,40.89,38.69,38.66,38.75,39.8
16067,36.02,37.42,42.62,41.71,40.89,40.88,41.4,42.5,41.06,40.05,43.05,39.45,40.29,40.04,40.85,42.95,42.88,44.93,40.78,39.08,40.89,38.69,38.66,38.75,39.8
16069,36.02,37.42,42.62,41.71,40.89,40.88,41.4,42.5,41.06,40.05,43.05,39.45,40.29,40.04,40.85,42.95,42.88,44.93,40.78,39.08,40.89,38.69,38.66,38.75,39.8
16071,36.02,37.42,42.62,41.71,40.89,40.88,41.4,42.5,41.06,40.05,43.05,39.45,40.29,40.04,40.85,42.95,42.88,44.93,40.78,39.08,40.89,38.69,38.66,38.75,39.8
16073,36.02,37.42,42.62,41.71,40.89,40.88,41.4,42.5,41.06,40.05,43.05,39.45,40.29,40.04,40.85,42.95,42.88,44.93,40.78,39.08,40.89,38.69,38.66,38.75,39.8
16075,36.02,37.42,42.62,41.71,40.89,40.88,41.4,42.5,41.06,40.05,43.05,39.45,40.29,40.04,40.85,42.95,42.88,44.93,40.78,39.08,40.89,38.69,38.66,38.75,39.8
16077,36.02,37.42,42.62,41.71,40.89,40.88,41.4,42.5,41.06,40.05,43.05,39.45,40.29,40.04,40.85,42.95,42.88,44.93,40.78,39.08,40.89,38.69,38.66,38.75,39.8
16079,36.02,37.42,42.62,41.71,40.89,40.88,41.4,42.5,41.06,40.05,43.05,39.45,40.29,40.04,40.85,42.95,42.88,44.93,40.78,39.08,40.89,38.69,38.66,38.75,39.8
16081,36.02,37.42,42.62,41.71,40.89,40.88,41.4,42.5,41.06,40.05,43.05,39.45,40.29,40.04,40.85,42.95,42.88,44.93,40.78,39.08,40.89,38.69,38.66,38.75,39.8
16083,36.02,37.42,42.62,41.71,40.89,40.88,41.4,42.5,41.06,40.05,43.05,39.45,40.29,40.04,40.85,42.95,42.88,44.93,40.78,39.08,40.89,38.69,38.66,38.75,39.8
16085,36.02,37.42,42.62,41.71,40.89,40.88,41.4,42.5,41.06,40.05,43.05,39.45,40.29,40.04,40.85,42.95,42.88,44.93,40.78,39.08,40.89,38.69,38.66,38.75,39.8
16087,36.02,37.42,42.62,41.71,40.89,40.88,41.4,42.5,41.06,40.05,43.05,39.45,40.29,40.04,40.85,42.95,42.88,44.93,40.78,39.08,40.89,38.69,38.66,38.75,39.8
17001,36.02,37.42,42.62,41.71,40.89,40.88,41.4,42.5,41.06,40.05,43.05,39.45,40.29,40.04,40.85,42.95,42.88,44.93,40.78,39.08,40.89,38.69,38.66,38.75,39.8
17003,36.02,37.42,42.62,41.71,40.89,40.88,41.4,42.5,41.06,40.05,43.05,39.45,40.29,40.04,40.85,42.95,42.88,44.93,40.78,39.08,40.89,38.69,38.66,38.75,39.8
17005,36.02,37.42,42.62,41.71,40.89,40.88,41.4,42.5,41.06,40.05,43.05,39.45,40.29,40.04,40.85,42.95,42.88,44.93,40.78,39.08,40.89,38.69,38.66,38.75,39.8
17007,36.02,37.42,42.62,41.71,40.89,40.88,41.4,42.5,41.06,40.05,43.05,39.45,40.29,40.04,40.85,42.95,42.88,44.93,40.78,39.08,40.89,38.69,38.66,38.75,39.8
17009,36.02,37.42,42.62,41.71,40.89,40.88,41.4,42.5,41.06,40.05,43.05,39.45,40.29,40.04,40.85,42.95,42.88,44.93,40.78,39.08,40.89,38.69,38.66,38.75,39.8
17011,36.02,37.42,42.62,41.71,40.89,40.88,41.4,42.5,41.06,40.05,43.05,39.45,40.29,40.04,40.85,42.95,42.88,44.93,40.78,39.08,40.89,38.69,38.66,38.75,39.8
17013,36.02,37.42,42.62,41.71,40.89,40.88,41.4,42.5,41.06,40.05,43.05,39.45,40.29,40.04,40.85,42.95,42.88,44.93,40.78,39.08,40.89,38.69,38.66,38.75,39.8
17015,36.02,37.42,42.62,41.71,40.89,40.88,41.4,42.5,41.06,40.05,43.05,39.45,40.29,40.04,40.85,42.95,42.88,44.93,40.78,39.08,40.89,38.69,38.66,38.75,39.8
17017,36.02,37.42,42.62,41.71,40.89,40.88,41.4,42.5,41.06,40.05,43.05,39.45,40.29,40.04,40.85,42.95,42.88,44.93,40.78,39.08,40.89,38.69,38.66,38.75,39.8
17019,36.02,37.42,42.62,41.71,40.89,40.88,41.4,42.5,41.06,40.05,43.05,39.45,40.29,40.04,40.85,42.95,42.88,44.93,40.78,39.08,40.89,38.69,38.66,38.75,39.8
17021,36.02,37.42,42.62,41.71,40.89,40.88,41.4,42.5,41.06,40.05,43.05,39.45,40.29,40.04,40.85,42.95,42.88,44.93,40.78,39.08,40.89,38.69,38.66,38.75,39.8
17023,36.02,37.42,42.62,41.71,40.89,40.88,41.4,42.5,41.06,40.05,43.05,39.45,40.29,40.04,40.85,42.95,42.88,44.93,40.78,39.08,40.89,38.69,38.66,38.75,39.8
17025,36.02,37.42,42.62,41.71,40.89,40.88,41.4,42.5,41.06,40.05,43.05,39.45,40.29,40.04,40.85,42.95,42.88,44.93,40.78,39.08,40.89,38.69,38.66,38.75,39.8
17027,36.02,37.42,42.62,41.71,40.89,40.88,41.4,42.5,41.06,40.05,43.05,39.45,40.29,40.04,40.85,42.95,42.88,44.93,40.78,39.08,40.89,38.69,38.66,38.75,39.8
17029,36.02,37.42,42.62,41.71,40.89,40.88,41.4,42.5,41.06,40.05,43.05,39.45,40.29,40.04,40.85,42.95,42.88,44.93,40.78,39.08,40.89,38.69,38.66,38.75,39.8
17031,36.02,37.42,42.62,41.71,40.89,40.88,41.4,42.5,41.06,40.05,43.05,39.45,40.29,40.04,40.85,42.95,42.88,44.93,40.78,39.08,40.89,38.69,38.66,38.75,39.8
17033,36.02,37.42,42.62,41.71,40.89,40.88,41.4,42.5,41.06,40.05,43.05,39.45,40.29,40.04,40.85,42.95,42.88,44.93,40.78,39.08,40.89,38.69,38.66,38.75,39.8
17035,36.02,37.42,42.62,41.71,40.89,40.88,41.4,42.5,41.06,40.05,43.05,39.45,40.29,40.04,40.85,42.95,42.88,44.93,40.78,39.08,40.89,38.69,38.66,38.75,39.8
17037,36.02,37.42,42.62,41.71,40.89,40.88,41.4,42.5,41.06,40.05,43.05,39.45,40.29,40.04,40.85,42.95,42.88,44.93,40.78,39.08,40.89,38.69,38.66,38.75,39.8
17039,36.02,37.42,42.62,41.71,40.89,40.88,41.4,42.5,41.06,40.05,43.05,39.45,40.29,40.04,40.85,42.95,42.88,44.93,40.78,39.08,40.89,38.69,38.66,38.75,39.8
17041,36.02,37.42,42.62,41.71,40.89,40.88,41.4,42.5,41.06,40.05,43.05,39.45,40.29,40.04,40.85,42.95,42.88,44.93,40.78,39.08,40.89,38.69,38.66,38.75,39.8
17043,36.02,37.42,42.62,41.71,40.89,40.88,41.4,42.5,41.06,40.05,43.05,39.45,40.29,40.04,40.85,42.95,42.88,44.93,40.78,39.08,40.89,38.69,38.66,38.75,39.8
17045,36.02,37.42,42.62,41.71,40.89,40.88,41.4,42.5,41.06,40.05,43.05,39.45,40.29,40.04,40.85,42.95,42.88,44.93,40.78,39.08,40.89,38.69,38.66,38.75,39.8
17047,36.02,37.42,42.62,41.71,40.89,40.88,41.4,42.5,41.06,40.05,43.05,39.45,40.29,40.04,40.85,42.95,42.88,44.93,40.78,39.08,40.89,38.69,38.66,38.75,39.8
17049,36.02,37.42,42.62,41.71,40.89,40.88,41.4,42.5,41.06,40.05,43.05,39.45,40.29,40.04,40.85,42.95,42.88,44.93,40.78,39.08,40.89,38.69,38.66,38.75,39.8
17051,36.02,37.42,42.62,41.71,40.89,40.88,41.4,42.5,41.06,40.05,43.05,39.45,40.29,40.04,40.85,42.95,42.88,44.93,40.78,39.08,40.89,38.69,38.66,38.75,39.8
17053,36.02,37.42,42.62,41.71,40.89,40.88,41.4,42.5,41.06,40.05,43.05,39.45,40.29,40.04,40.85,42.95,42.88,44.93,40.78,39.08,40.89,38.69,38.66,38.75,39.8
17055,36.02,37.42,42.62,41.71,40.89,40.88,41.4,42.5,41.06,40.05,43.05,39.45,40.29,40.04,40.85,42.95,42.88,44.93,40.78,39.08,40.89,38.69,38.66,38.75,39.8
17057,36.02,37.42,42.62,41.71,40.89,40.88,41.4,42.5,41.06,40.05,43.05,39.45,40.29,40.04,40.85,42.95,42.88,44.93,40.78,39.08,40.89,38.69,38.66,38.75,39.8
17059,36.02,37.42,42.62,41.71,40.89,40.88,41.4,42.5,41.06,40.05,43.05,39.45,40.29,40.04,40.85,42.95,42.88,44.93,40.78,39.08,40.89,38.69,38.66,38.75,39.8
17061,36.02,37.42,42.62,41.71,40.89,40.88,41.4,42.5,41.06,40.05,43.05,39.45,40.29,40.04,40.85,42.95,42.88,44.93,40.78,39.08,40.89,38.69,38.66,38.75,39.8
17063,36.02,37.42,42.62,41.71,40.89,40.88,41.4,42.5,41.06,40.05,43.05,39.45,40.29,40.04,40.85,42.95,42.88,44.93,40.78,39.08,40.89,38.69,38.66,38.75,39.8
17065,36.02,37.42,42.62,41.71,40.89,40.88,41.4,42.5,41.06,40.05,43.05,39.45,40.29,40.04,40.85,42.95,42.88,44.93,40.78,39.08,40.89,38.69,38.66,38.75,39.8
17067,36.02,37.42,42.62,41.71,40.89,40.88,41.4,42.5,41.06,40.05,43.05,39.45,40.29,40.04,40.85,42.95,42.88,44.93,40.78,39.08,40.89,38.69,38.66,38.75,39.8
17069,36.02,37.42,42.62,41.71,40.89,40.88,41.4,42.5,41.06,40.05,43.05,39.45,40.29,40.04,40.85,42.95,42.88,44.93,40.78,39.08,40.89,38.69,38.66,38.75,39.8
17071,36.02,37.42,42.62,41.71,40.89,40.88,41.4,42.5,41.06,40.05,43.05,39.45,40.29,40.04,40.85,42.95,42.88,44.93,40.78,39.08,40.89,38.69,38.66,38.75,39.8
17073,36.02,37.42,42.62,41.71,40.89,40.88,41.4,42.5,41.06,40.05,43.05,39.45,40.29,40.04,40.85,42.95,42.88,44.93,40.78,39.08,40.89,38.69,38.66,38.75,39.8
17075,36.02,37.42,42.62,41.71,40.89,40.88,41.4,42.5,41.06,40.05,43.05,39.45,40.29,40.04,40.85,42.95,42.88,44.93,40.78,39.08,40.89,38.69,38.66,38.75,39.8
17077,36.02,37.42,42.62,41.71,40.89,40.88,41.4,42.5,41.06,40.05,43.05,39.45,40.29,40.04,40.85,42.95,42.88,44.93,40.78,39.08,40.89,38.69,38.66,38.75,39.8
17079,36.02,37.42,42.62,41.71,40.89,40.88,41.4,42.5,41.06,40.05,43.05,39.45,40.29,40.04,40.85,42.95,42.88,44.93,40.78,39.08,40.89,38.69,38.66,38.75,39.8
17081,36.02,37.42,42.62,41.71,40.89,40.88,41.4,42.5,41.06,40.05,43.05,39.45,40.29,40.04,40.85,42.95,42.88,44.93,40.78,39.08,40.89,38.69,38.66,38.75,39.8
17083,36.02,37.42,42.62,41.71,40.89,40.88,41.4,42.5,41.06,40.05,43.05,39.45,40.29,40.04,40.85,42.95,42.88,44.93,40.78,39.08,40.89,38.69,38.66,38.75,39.8
17085,36.02,37.42,42.62,41.71,40.89,40.88,41.4,42.5,41.06,40.05,43.05,39.45,40.29,40.04,40.85,42.95,42.88,44.93,40.78,39.08,40.89,38.69,38.66,38.75,39.8
17087,36.02,37.42,42.62,41.71,40.89,40.88,41.4,42.5,41.06,40.05,43.05,39.45,40.29,40.04,40.85,42.95,42.88,44.93,40.78,39.08,40.89,38.69,38.66,38.75,39.8
17089,36.02,37.42,42.62,41.71,40.89,40.88,41.4,42.5,41.06,40.05,43.05,39.45,40.29,40.04,40.85,42.95,42.88,44.93,40.78,39.08,40.89,38.69,38.66,38.75,39.8
17091,36.02,37.42,42.62,41.71,40.89,40.88,41.4,42.5,41.06,40.05,43.05,39.45,40.29,40.04,40.85,42.95,42.88,44.93,40.78,39.08,40.89,38.69,38.66,38.75,39.8
17093,36.02,37.42,42.62,41.71,40.89,40.88,41.4,42.5,41.06,40.05,43.05,39.45,40.29,40.04,40.85,42.95,42.88,44.93,40.78,39.08,40.89,38.69,38.66,38.75,39.8
17095,36.02,37.42,42.62,41.71,40.89,40.88,41.4,42.5,41.06,40.05,43.05,39.45,40.29,40.04,40.85,42.95,42.88,44.93,40.78,39.08,40.89,38.69,38.66,38.75,39.8
17097,36.02,37.42,42.62,41.71,40.89,40.88,41.4,42.5,41.06,40.05,43.05,39.45,40.29,40.04,40.85,42.95,42.88,44.93,40.78,39.08,40.89,38.69,38.66,38.75,39.8
17099,36.02,37.42,42.62,41.71,40.89,40.88,41.4,42.5,41.06,40.05,43.05,39.45,40.29,40.04,40.85,42.95,42.88,44.93,40.78,39.08,40.89,38.69,38.66,38.75,39.8
17101,36.02,37.42,42.62,41.71,40.89,40.88,41.4,42.5,41.06,40.05,43.05,39.45,40.29,40.04,40.85,42.95,42.88,44.93,40.78,39.08,40.89,38.69,38.66,38.75,39.8
17103,36.02,37.42,42.62,41.71,40.89,40.88,41.4,42.5,41.06,40.05,43.05,39.45,40.29,40.04,40.85,42.95,42.88,44.93,40.78,39.08,40.89,38.69,38.66,38.75,39.8
17105,36.02,37.42,42.62,41.71,40.89,40.88,41.4,42.5,41.06,40.05,43.05,39.45,40.29,40.04,40.85,42.95,42.88,44.93,40.78,39.08,40.89,38.69,38.66,38.75,39.8
17107,36.02,37.42,42.62,41.71,40.89,40.88,41.4,42.5,41.06,40.05,43.05,39.45,40.29,40.04,40.85,42.95,42.88,44.93,40.78,39.08,40.89,38.69,38.66,38.75,39.8
17109,36.02,37.42,42.62,41.71,40.89,40.88,41.4,42.5,41.06,40.05,43.05,39.45,40.29,40.04,40.85,42.95,42.88,44.93,40.78,39.08,40.89,38.69,38.66,38.75,39.8
17111,36.02,37.42,42.62,41.71,40.89,40.88,41.4,42.5,41.06,40.05,43.05,39.45,40.29,40.04,40.85,42.95,42.88,44.93,40.78,39.08,40.89,38.69,38.66,38.75,39.8
17113,36.02,37.42,42.62,41.71,40.89,40.88,41.4,42.5,41.06,40.05,43.05,39.45,40.29,40.04,40.85,42.95,42.88,44.93,40.78,39.08,40.89,38.69,38.66,38.75,39.8
17115,36.02,37.42,42.62,41.71,40.89,40.88,41.4,42.5,41.06,40.05,43.05,39.45,40.29,40.04,40.85,42.95,42.88,44.93,40.78,39.08,40.89,38.69,38.66,38.75,39.8
17117,36.02,37.42,42.62,41.71,40.89,40.88,41.4,42.5,41.06,40.05,43.05,39.45,40.29,40.04,40.85,42.95,42.88,44.93,40.78,39.08,40.89,38.69,38.66,38.75,39.8
17119,36.02,37.42,42.62,41.71,40.89,40.88,41.4,42.5,41.06,40.05,43.05,39.45,40.29,40.04,40.85,42.95,42.88,44.93,40.78,39.08,40.89,38.69,38.66,38.75,39.8
17121,36.02,37.42,42.62,41.71,40.89,40.88,41.4,42.5,41.06,40.05,43.05,39.45,40.29,40.04,40.85,42.95,42.88,44.93,40.78,39.08,40.89,38.69,38.66,38.75,39.8
17123,36.02,37.42,42.62,41.71,40.89,40.88,41.4,42.5,41.06,40.05,43.05,39.45,40.29,40.04,40.85,42.95,42.88,44.93,40.78,39.08,40.89,38.69,38.66,38.75,39.8
17125,36.02,37.42,42.62,41.71,40.89,40.88,41.4,42.5,41.06,40.05,43.05,39.45,40.29,40.04,40.85,42.95,42.88,44.93,40.78,39.08,40.89,38.69,38.66,38.75,39.8
17127,36.02,37.42,42.62,41.71,40.89,40.88,41.4,42.5,41.06,40.05,43.05,39.45,40.29,40.04,40.85,42.95,42.88,44.93,40.78,39.08,40.89,38.69,38.66,38.75,39.8
17129,36.02,37.42,42.62,41.71,40.89,40.88,41.4,42.5,41.06,40.05,43.05,39.45,40.29,40.04,40.85,42.95,42.88,44.93,40.78,39.08,40.89,38.69,38.66,38.75,39.8
17131,36.02,37.42,42.62,41.71,40.89,40.88,41.4,42.5,41.06,40.05,43.05,39.45,40.29,40.04,40.85,42.95,42.88,44.93,40.78,39.08,40.89,38.69,38.66,38.75,39.8
17133,36.02,37.42,42.62,41.71,40.89,40.88,41.4,42.5,41.06,40.05,43.05,39.45,40.29,40.04,40.85,42.95,42.88,44.93,40.78,39.08,40.89,38.69,38.66,38.75,39.8
17135,36.02,37.42,42.62,41.71,40.89,40.88,41.4,42.5,41.06,40.05,43.05,39.45,40.29,40.04,40.85,42.95,42.88,44.93,40.78,39.08,40.89,38.69,38.66,38.75,39.8
17137,36.02,37.42,42.62,41.71,40.89,40.88,41.4,42.5,41.06,40.05,43.05,39.45,40.29,40.04,40.85,42.95,42.88,44.93,40.78,39.08,40.89,38.69,38.66,38.75,39.8
17139,36.02,37.42,42.62,41.71,40.89,40.88,41.4,42.5,41.06,40.05,43.05,39.45,40.29,40.04,40.85,42.95,42.88,44.93,40.78,39.08,40.89,38.69,38.66,38.75,39.8
17141,36.02,37.42,42.62,41.71,40.89,40.88,41.4,42.5,41.06,40.05,43.05,39.45,40.29,40.04,40.85,42.95,42.88,44.93,40.78,39.08,40.89,38.69,38.66,38.75,39.8
17143,36.02,37.42,42.62,41.71,40.89,40.88,41.4,42.5,41.06,40.05,43.05,39.45,40.29,40.04,40.85,42.95,42.88,44.93,40.78,39.08,40.89,38.69,38.66,38.75,39.8
17145,36.02,37.42,42.62,41.71,40.89,40.88,41.4,42.5,41.06,40.05,43.05,39.45,40.29,40.04,40.85,42.95,42.88,44.93,40.78,39.08,40.89,38.69,38.66,38.75,39.8
17147,36.02,37.42,42.62,41.71,40.89,40.88,41.4,42.5,41.06,40.05,43.05,39.45,40.29,40.04,40.85,42.95,42.88,44.93,40.78,39.08,40.89,38.69,38.66,38.75,39.8
17149,36.02,37.42,42.62,41.71,40.89,40.88,41.4,42.5,41.06,40.05,43.05,39.45,40.29,40.04,40.85,42.95,42.88,44.93,40.78,39.08,40.89,38.69,38.66,38.75,39.8
17151,36.02,37.42,42.62,41.71,40.89,40.88,41.4,42.5,41.06,40.05,43.05,39.45,40.29,40.04,40.85,42.95,42.88,44.93,40.78,39.08,40.89,38.69,38.66,38.75,39.8
17153,36.02,37.42,42.62,41.71,40.89,40.88,41.4,42.5,41.06,40.05,43.05,39.45,40.29,40.04,40.85,42.95,42.88,44.93,40.78,39.08,40.89,38.69,38.66,38.75,39.8
17155,36.02,37.42,42.62,41.71,40.89,40.88,41.4,42.5,41.06,40.05,43.05,39.45,40.29,40.04,40.85,42.95,42.88,44.93,40.78,39.08,40.89,38.69,38.66,38.75,39.8
17157,36.02,37.42,42.62,41.71,40.89,40.88,41.4,42.5,41.06,40.05,43.05,39.45,40.29,40.04,40.85,42.95,42.88,44.93,40.78,39.08,40.89,38.69,38.66,38.75,39.8
17159,36.02,37.42,42.62,41.71,40.89,40.88,41.4,42.5,41.06,40.05,43.05,39.45,40.29,40.04,40.85,42.95,42.88,44.93,40.78,39.08,40.89,38.69,38.66,38.75,39.8
17161,36.02,37.42,42.62,41.71,40.89,40.88,41.4,42.5,41.06,40.05,43.05,39.45,40.29,40.04,40.85,42.95,42.88,44.93,40.78,39.08,40.89,38.69,38.66,38.75,39.8
17163,36.02,37.42,42.62,41.71,40.89,40.88,41.4,42.5,41.06,40.05,43.05,39.45,40.29,40.04,40.85,42.95,42.88,44.93,40.78,39.08,40.89,38.69,38.66,38.75,39.8
17165,36.02,37.42,42.62,41.71,40.89,40.88,41.4,42.5,41.06,40.05,43.05,39.45,40.29,40.04,40.85,42.95,42.88,44.93,40.78,39.08,40.89,38.69,38.66,38.75,39.8
17167,36.02,37.42,42.62,41.71,40.89,40.88,41.4,42.5,41.06,40.05,43.05,39.45,40.29,40.04,40.85,42.95,42.88,44.93,40.78,39.08,40.89,38.69,38.66,38.75,39.8
17169,36.02,37.42,42.62,41.71,40.89,40.88,41.4,42.5,41.06,40.05,43.05,39.45,40.29,40.04,40.85,42.95,42.88,44.93,40.78,39.08,40.89,38.69,38.66,38.75,39.8
17171,36.02,37.42,42.62,41.71,40.89,40.88,41.4,42.5,41.06,40.05,43.05,39.45,40.29,40.04,40.85,42.95,42.88,44.93,40.78,39.08,40.89,38.69,38.66,38.75,39.8
17173,36.02,37.42,42.62,41.71,40.89,40.88,41.4,42.5,41.06,40.05,43.05,39.45,40.29,40.04,40.85,42.95,42.88,44.93,40.78,39.08,40.89,38.69,38.66,38.75,39.8
17175,36.02,37.42,42.62,41.71,40.89,40.88,41.4,42.5,41.06,40.05,43.05,39.45,40.29,40.04,40.85,42.95,42.88,44.93,40.78,39.08,40.89,38.69,38.66,38.75,39.8
17177,36.02,37.42,42.62,41.71,40.89,40.88,41.4,42.5,41.06,40.05,43.05,39.45,40.29,40.04,40.85,42.95,42.88,44.93,40.78,39.08,40.89,38.69,38.66,38.75,39.8
17179,36.02,37.42,42.62,41.71,40.89,40.88,41.4,42.5,41.06,40.05,43.05,39.45,40.29,40.04,40.85,42.95,42.88,44.93,40.78,39.08,40.89,38.69,38.66,38.75,39.8
17181,36.02,37.42,42.62,41.71,40.89,40.88,41.4,42.5,41.06,40.05,43.05,39.45,40.29,40.04,40.85,42.95,42.88,44.93,40.78,39.08,40.89,38.69,38.66,38.75,39.8
17183,36.02,37.42,42.62,41.71,40.89,40.88,41.4,42.5,41.06,40.05,43.05,39.45,40.29,40.04,40.85,42.95,42.88,44.93,40.78,39.08,40.89,38.69,38.66,38.75,39.8
17185,36.02,37.42,42.62,41.71,40.89,40.88,41.4,42.5,41.06,40.05,43.05,39.45,40.29,40.04,40.85,42.95,42.88,44.93,40.78,39.08,40.89,38.69,38.66,38.75,39.8
17187,36.02,37.42,42.62,41.71,40.89,40.88,41.4,42.5,41.06,40.05,43.05,39.45,40.29,40.04,40.85,42.95,42.88,44.93,40.78,39.08,40.89,38.69,38.66,38.75,39.8
17189,36.02,37.42,42.62,41.71,40.89,40.88,41.4,42.5,41.06,40.05,43.05,39.45,40.29,40.04,40.85,42.95,42.88,44.93,40.78,39.08,40.89,38.69,38.66,38.75,39.8
17191,36.02,37.42,42.62,41.71,40.89,40.88,41.4,42.5,41.06,40.05,43.05,39.45,40.29,40.04,40.85,42.95,42.88,44.93,40.78,39.08,40.89,38.69,38.66,38.75,39.8
17193,36.02,37.42,42.62,41.71,40.89,40.88,41.4,42.5,41.06,40.05,43.05,39.45,40.29,40.04,40.85,42.95,42.88,44.93,40.78,39.08,40.89,38.69,38.66,38.75,39.8
17195,36.02,37.42,42.62,41.71,40.89,40.88,41.4,42.5,41.06,40.05,43.05,39.45,40.29,40.04,40.85,42.95,42.88,44.93,40.78,39.08,40.89,38.69,38.66,38.75,39.8
17197,36.02,37.42,42.62,41.71,40.89,40.88,41.4,42.5,41.06,40.05,43.05,39.45,40.29,40.04,40.85,42.95,42.88,44.93,40.78,39.08,40.89,38.69,38.66,38.75,39.8
17199,36.02,37.42,42.62,41.71,40.89,40.88,41.4,42.5,41.06,40.05,43.05,39.45,40.29,40.04,40.85,42.95,42.88,44.93,40.78,39.08,40.89,38.69,38.66,38.75,39.8
17201,36.02,37.42,42.62,41.71,40.89,40.88,41.4,42.5,41.06,40.05,43.05,39.45,40.29,40.04,40.85,42.95,42.88,44.93,40.78,39.08,40.89,38.69,38.66,38.75,39.8
17203,36.02,37.42,42.62,41.71,40.89,40.88,41.4,42.5,41.06,40.05,43.05,39.45,40.29,40.04,40.85,42.95,42.88,44.93,40.78,39.08,40.89,38.69,38.66,38.75,39.8
18001,36.02,37.42,42.62,41.71,40.89,40.88,41.4,42.5,41.06,40.05,43.05,39.45,40.29,40.04,40.85,42.95,42.88,44.93,40.78,39.08,40.89,38.69,38.66,38.75,39.8
18003,36.02,37.42,42.62,41.71,40.89,40.88,41.4,42.5,41.06,40.05,43.05,39.45,40.29,40.04,40.85,42.95,42.88,44.93,40.78,39.08,40.89,38.69,38.66,38.75,39.8
18005,36.02,37.42,42.62,41.71,40.89,40.88,41.4,42.5,41.06,40.05,43.05,39.45,40.29,40.04,40.85,42.95,42.88,44.93,40.78,39.08,40.89,38.69,38.66,38.75,39.8
18007,36.02,37.42,42.62,41.71,40.89,40.88,41.4,42.5,41.06,40.05,43.05,39.45,40.29,40.04,40.85,42.95,42.88,44.93,40.78,39.08,40.89,38.69,38.66,38.75,39.8
18009,36.02,37.42,42.62,41.71,40.89,40.88,41.4,42.5,41.06,40.05,43.05,39.45,40.29,40.04,40.85,42.95,42.88,44.93,40.78,39.08,40.89,38.69,38.66,38.75,39.8
18011,36.02,37.42,42.62,41.71,40.89,40.88,41.4,42.5,41.06,40.05,43.05,39.45,40.29,40.04,40.85,42.95,42.88,44.93,40.78,39.08,40.89,38.69,38.66,38.75,39.8
18013,36.02,37.42,42.62,41.71,40.89,40.88,41.4,42.5,41.06,40.05,43.05,39.45,40.29,40.04,40.85,42.95,42.88,44.93,40.78,39.08,40.89,38.69,38.66,38.75,39.8
18015,36.02,37.42,42.62,41.71,40.89,40.88,41.4,42.5,41.06,40.05,43.05,39.45,40.29,40.04,40.85,42.95,42.88,44.93,40.78,39.08,40.89,38.69,38.66,38.75,39.8
18017,36.02,37.42,42.62,41.71,40.89,40.88,41.4,42.5,41.06,40.05,43.05,39.45,40.29,40.04,40.85,42.95,42.88,44.93,40.78,39.08,40.89,38.69,38.66,38.75,39.8
18019,36.02,37.42,42.62,41.71,40.89,40.88,41.4,42.5,41.06,40.05,43.05,39.45,40.29,40.04,40.85,42.95,42.88,44.93,40.78,39.08,40.89,38.69,38.66,38.75,39.8
18021,36.02,37.42,42.62,41.71,40.89,40.88,41.4,42.5,41.06,40.05,43.05,39.45,40.29,40.04,40.85,42.95,42.88,44.93,40.78,39.08,40.89,38.69,38.66,38.75,39.8
18023,36.02,37.42,42.62,41.71,40.89,40.88,41.4,42.5,41.06,40.05,43.05,39.45,40.29,40.04,40.85,42.95,42.88,44.93,40.78,39.08,40.89,38.69,38.66,38.75,39.8
18025,36.02,37.42,42.62,41.71,40.89,40.88,41.4,42.5,41.06,40.05,43.05,39.45,40.29,40.04,40.85,42.95,42.88,44.93,40.78,39.08,40.89,38.69,38.66,38.75,39.8
18027,36.02,37.42,42.62,41.71,40.89,40.88,41.4,42.5,41.06,40.05,43.05,39.45,40.29,40.04,40.85,42.95,42.88,44.93,40.78,39.08,40.89,38.69,38.66,38.75,39.8
18029,36.02,37.42,42.62,41.71,40.89,40.88,41.4,42.5,41.06,40.05,43.05,39.45,40.29,40.04,40.85,42.95,42.88,44.93,40.78,39.08,40.89,38.69,38.66,38.75,39.8
18031,36.02,37.42,42.62,41.71,40.89,40.88,41.4,42.5,41.06,40.05,43.05,39.45,40.29,40.04,40.85,42.95,42.88,44.93,40.78,39.08,40.89,38.69,38.66,38.75,39.8
18033,36.02,37.42,42.62,41.71,40.89,40.88,41.4,42.5,41.06,40.05,43.05,39.45,40.29,40.04,40.85,42.95,42.88,44.93,40.78,39.08,40.89,38.69,38.66,38.75,39.8
18035,36.02,37.42,42.62,41.71,40.89,40.88,41.4,42.5,41.06,40.05,43.05,39.45,40.29,40.04,40.85,42.95,42.88,44.93,40.78,39.08,40.89,38.69,38.66,38.75,39.8
18037,36.02,37.42,42.62,41.71,40.89,40.88,41.4,42.5,41.06,40.05,43.05,39.45,40.29,40.04,40.85,42.95,42.88,44.93,40.78,39.08,40.89,38.69,38.66,38.75,39.8
18039,36.02,37.42,42.62,41.71,40.89,40.88,41.4,42.5,41.06,40.05,43.05,39.45,40.29,40.04,40.85,42.95,42.88,44.93,40.78,39.08,40.89,38.69,38.66,38.75,39.8
18041,36.02,37.42,42.62,41.71,40.89,40.88,41.4,42.5,41.06,40.05,43.05,39.45,40.29,40.04,40.85,42.95,42.88,44.93,40.78,39.08,40.89,38.69,38.66,38.75,39.8
18043,36.02,37.42,42.62,41.71,40.89,40.88,41.4,42.5,41.06,40.05,43.05,39.45,40.29,40.04,40.85,42.95,42.88,44.93,40.78,39.08,40.89,38.69,38.66,38.75,39.8
18045,36.02,37.42,42.62,41.71,40.89,40.88,41.4,42.5,41.06,40.05,43.05,39.45,40.29,40.04,40.85,42.95,42.88,44.93,40.78,39.08,40.89,38.69,38.66,38.75,39.8
18047,36.02,37.42,42.62,41.71,40.89,40.88,41.4,42.5,41.06,40.05,43.05,39.45,40.29,40.04,40.85,42.95,42.88,44.93,40.78,39.08,40.89,38.69,38.66,38.75,39.8
18049,36.02,37.42,42.62,41.71,40.89,40.88,41.4,42.5,41.06,40.05,43.05,39.45,40.29,40.04,40.85,42.95,42.88,44.93,40.78,39.08,40.89,38.69,38.66,38.75,39.8
18051,36.02,37.42,42.62,41.71,40.89,40.88,41.4,42.5,41.06,40.05,43.05,39.45,40.29,40.04,40.85,42.95,42.88,44.93,40.78,39.08,40.89,38.69,38.66,38.75,39.8
18053,36.02,37.42,42.62,41.71,40.89,40.88,41.4,42.5,41.06,40.05,43.05,39.45,40.29,40.04,40.85,42.95,42.88,44.93,40.78,39.08,40.89,38.69,38.66,38.75,39.8
18055,36.02,37.42,42.62,41.71,40.89,40.88,41.4,42.5,41.06,40.05,43.05,39.45,40.29,40.04,40.85,42.95,42.88,44.93,40.78,39.08,40.89,38.69,38.66,38.75,39.8
18057,36.02,37.42,42.62,41.71,40.89,40.88,41.4,42.5,41.06,40.05,43.05,39.45,40.29,40.04,40.85,42.95,42.88,44.93,40.78,39.08,40.89,38.69,38.66,38.75,39.8
18059,36.02,37.42,42.62,41.71,40.89,40.88,41.4,42.5,41.06,40.05,43.05,39.45,40.29,40.04,40.85,42.95,42.88,44.93,40.78,39.08,40.89,38.69,38.66,38.75,39.8
18061,36.02,37.42,42.62,41.71,40.89,40.88,41.4,42.5,41.06,40.05,43.05,39.45,40.29,40.04,40.85,42.95,42.88,44.93,40.78,39.08,40.89,38.69,38.66,38.75,39.8
18063,36.02,37.42,42.62,41.71,40.89,40.88,41.4,42.5,41.06,40.05,43.05,39.45,40.29,40.04,40.85,42.95,42.88,44.93,40.78,39.08,40.89,38.69,38.66,38.75,39.8
18065,36.02,37.42,42.62,41.71,40.89,40.88,41.4,42.5,41.06,40.05,43.05,39.45,40.29,40.04,40.85,42.95,42.88,44.93,40.78,39.08,40.89,38.69,38.66,38.75,39.8
18067,36.02,37.42,42.62,41.71,40.89,40.88,41.4,42.5,41.06,40.05,43.05,39.45,40.29,40.04,40.85,42.95,42.88,44.93,40.78,39.08,40.89,38.69,38.66,38.75,39.8
18069,36.02,37.42,42.62,41.71,40.89,40.88,41.4,42.5,41.06,40.05,43.05,39.45,40.29,40.04,40.85,42.95,42.88,44.93,40.78,39.08,40.89,38.69,38.66,38.75,39.8
18071,36.02,37.42,42.62,41.71,40.89,40.88,41.4,42.5,41.06,40.05,43.05,39.45,40.29,40.04,40.85,42.95,42.88,44.93,40.78,39.08,40.89,38.69,38.66,38.75,39.8
18073,36.02,37.42,42.62,41.71,40.89,40.88,41.4,42.5,41.06,40.05,43.05,39.45,40.29,40.04,40.85,42.95,42.88,44.93,40.78,39.08,40.89,38.69,38.66,38.75,39.8
18075,36.02,37.42,42.62,41.71,40.89,40.88,41.4,42.5,41.06,40.05,43.05,39.45,40.29,40.04,40.85,42.95,42.88,44.93,40.78,39.08,40.89,38.69,38.66,38.75,39.8
18077,36.02,37.42,42.62,41.71,40.89,40.88,41.4,42.5,41.06,40.05,43.05,39.45,40.29,40.04,40.85,42.95,42.88,44.93,40.78,39.08,40.89,38.69,38.66,38.75,39.8
18079,36.02,37.42,42.62,41.71,40.89,40.88,41.4,42.5,41.06,40.05,43.05,39.45,40.29,40.04,40.85,42.95,42.88,44.93,40.78,39.08,40.89,38.69,38.66,38.75,39.8
18081,36.02,37.42,42.62,41.71,40.89,40.88,41.4,42.5,41.06,40.05,43.05,39.45,40.29,40.04,40.85,42.95,42.88,44.93,40.78,39.08,40.89,38.69,38.66,38.75,39.8
18083,36.02,37.42,42.62,41.71,40.89,40.88,41.4,42.5,41.06,40.05,43.05,39.45,40.29,40.04,40.85,42.95,42.88,44.93,40.78,39.08,40.89,38.69,38.66,38.75,39.8
18085,36.02,37.42,42.62,41.71,40.89,40.88,41.4,42.5,41.06,40.05,43.05,39.45,40.29,40.04,40.85,42.95,42.88,44.93,40.78,39.08,40.89,38.69,38.66,38.75,39.8
18087,36.02,37.42,42.62,41.71,40.89,40.88,41.4,42.5,41.06,40.05,43.05,39.45,40.29,40.04,40.85,42.95,42.88,44.93,40.78,39.08,40.89,38.69,38.66,38.75,39.8
18089,36.02,37.42,42.62,41.71,40.89,40.88,41.4,42.5,41.06,40.05,43.05,39.45,40.29,40.04,40.85,42.95,42.88,44.93,40.78,39.08,40.89,38.69,38.66,38.75,39.8
18091,36.02,37.42,42.62,41.71,40.89,40.88,41.4,42.5,41.06,40.05,43.05,39.45,40.29,40.04,40.85,42.95,42.88,44.93,40.78,39.08,40.89,38.69,38.66,38.75,39.8
18093,36.02,37.42,42.62,41.71,40.89,40.88,41.4,42.5,41.06,40.05,43.05,39.45,40.29,40.04,40.85,42.95,42.88,44.93,40.78,39.08,40.89,38.69,38.66,38.75,39.8
18095,36.02,37.42,42.62,41.71,40.89,40.88,41.4,42.5,41.06,40.05,43.05,39.45,40.29,40.04,40.85,42.95,42.88,44.93,40.78,39.08,40.89,38.69,38.66,38.75,39.8
18097,36.02,37.42,42.62,41.71,40.89,40.88,41.4,42.5,41.06,40.05,43.05,39.45,40.29,40.04,40.85,42.95,42.88,44.93,40.78,39.08,40.89,38.69,38.66,38.75,39.8
18099,36.02,37.42,42.62,41.71,40.89,40.88,41.4,42.5,41.06,40.05,43.05,39.45,40.29,40.04,40.85,42.95,42.88,44.93,40.78,39.08,40.89,38.69,38.66,38.75,39.8
18101,36.02,37.42,42.62,41.71,40.89,40.88,41.4,42.5,41.06,40.05,43.05,39.45,40.29,40.04,40.85,42.95,42.88,44.93,40.78,39.08,40.89,38.69,38.66,38.75,39.8
18103,36.02,37.42,42.62,41.71,40.89,40.88,41.4,42.5,41.06,40.05,43.05,39.45,40.29,40.04,40.85,42.95,42.88,44.93,40.78,39.08,40.89,38.69,38.66,38.75,39.8
18105,36.02,37.42,42.62,41.71,40.89,40.88,41.4,42.5,41.06,40.05,43.05,39.45,40.29,40.04,40.85,42.95,42.88,44.93,40.78,39.08,40.89,38.69,38.66,38.75,39.8
18107,36.02,37.42,42.62,41.71,40.89,40.88,41.4,42.5,41.06,40.05,43.05,39.45,40.29,40.04,40.85,42.95,42.88,44.93,40.78,39.08,40.89,38.69,38.66,38.75,39.8
18109,36.02,37.42,42.62,41.71,40.89,40.88,41.4,42.5,41.06,40.05,43.05,39.45,40.29,40.04,40.85,42.95,42.88,44.93,40.78,39.08,40.89,38.69,38.66,38.75,39.8
18111,36.02,37.42,42.62,41.71,40.89,40.88,41.4,42.5,41.06,40.05,43.05,39.45,40.29,40.04,40.85,42.95,42.88,44.93,40.78,39.08,40.89,38.69,38.66,38.75,39.8
18113,36.02,37.42,42.62,41.71,40.89,40.88,41.4,42.5,41.06,40.05,43.05,39.45,40.29,40.04,40.85,42.95,42.88,44.93,40.78,39.08,40.89,38.69,38.66,38.75,39.8
18115,36.02,37.42,42.62,41.71,40.89,40.88,41.4,42.5,41.06,40.05,43.05,39.45,40.29,40.04,40.85,42.95,42.88,44.93,40.78,39.08,40.89,38.69,38.66,38.75,39.8
18117,36.02,37.42,42.62,41.71,40.89,40.88,41.4,42.5,41.06,40.05,43.05,39.45,40.29,40.04,40.85,42.95,42.88,44.93,40.78,39.08,40.89,38.69,38.66,38.75,39.8
18119,36.02,37.42,42.62,41.71,40.89,40.88,41.4,42.5,41.06,40.05,43.05,39.45,40.29,40.04,40.85,42.95,42.88,44.93,40.78,39.08,40.89,38.69,38.66,38.75,39.8
18121,36.02,37.42,42.62,41.71,40.89,40.88,41.4,42.5,41.06,40.05,43.05,39.45,40.29,40.04,40.85,42.95,42.88,44.93,40.78,39.08,40.89,38.69,38.66,38.75,39.8
18123,36.02,37.42,42.62,41.71,40.89,40.88,41.4,42.5,41.06,40.05,43.05,39.45,40.29,40.04,40.85,42.95,42.88,44.93,40.78,39.08,40.89,38.69,38.66,38.75,39.8
18125,36.02,37.42,42.62,41.71,40.89,40.88,41.4,42.5,41.06,40.05,43.05,39.45,40.29,40.04,40.85,42.95,42.88,44.93,40.78,39.08,40.89,38.69,38.66,38.75,39.8
18127,36.02,37.42,42.62,41.71,40.89,40.88,41.4,42.5,41.06,40.05,43.05,39.45,40.29,40.04,40.85,42.95,42.88,44.93,40.78,39.08,40.89,38.69,38.66,38.75,39.8
18129,36.02,37.42,42.62,41.71,40.89,40.88,41.4,42.5,41.06,40.05,43.05,39.45,40.29,40.04,40.85,42.95,42.88,44.93,40.78,39.08,40.89,38.69,38.66,38.75,39.8
18131,36.02,37.42,42.62,41.71,40.89,40.88,41.4,42.5,41.06,40.05,43.05,39.45,40.29,40.04,40.85,42.95,42.88,44.93,40.78,39.08,40.89,38.69,38.66,38.75,39.8
18133,36.02,37.42,42.62,41.71,40.89,40.88,41.4,42.5,41.06,40.05,43.05,39.45,40.29,40.04,40.85,42.95,42.88,44.93,40.78,39.08,40.89,38.69,38.66,38.75,39.8
18135,36.02,37.42,42.62,41.71,40.89,40.88,41.4,42.5,41.06,40.05,43.05,39.45,40.29,40.04,40.85,42.95,42.88,44.93,40.78,39.08,40.89,38.69,38.66,38.75,39.8
18137,36.02,37.42,42.62,41.71,40.89,40.88,41.4,42.5,41.06,40.05,43.05,39.45,40.29,40.04,40.85,42.95,42.88,44.93,40.78,39.08,40.89,38.69,38.66,38.75,39.8
18139,36.02,37.42,42.62,41.71,40.89,40.88,41.4,42.5,41.06,40.05,43.05,39.45,40.29,40.04,40.85,42.95,42.88,44.93,40.78,39.08,40.89,38.69,38.66,38.75,39.8
18141,36.02,37.42,42.62,41.71,40.89,40.88,41.4,42.5,41.06,40.05,43.05,39.45,40.29,40.04,40.85,42.95,42.88,44.93,40.78,39.08,40.89,38.69,38.66,38.75,39.8
18143,36.02,37.42,42.62,41.71,40.89,40.88,41.4,42.5,41.06,40.05,43.05,39.45,40.29,40.04,40.85,42.95,42.88,44.93,40.78,39.08,40.89,38.69,38.66,38.75,39.8
18145,36.02,37.42,42.62,41.71,40.89,40.88,41.4,42.5,41.06,40.05,43.05,39.45,40.29,40.04,40.85,42.95,42.88,44.93,40.78,39.08,40.89,38.69,38.66,38.75,39.8
18147,36.02,37.42,42.62,41.71,40.89,40.88,41.4,42.5,41.06,40.05,43.05,39.45,40.29,40.04,40.85,42.95,42.88,44.93,40.78,39.08,40.89,38.69,38.66,38.75,39.8
18149,36.02,37.42,42.62,41.71,40.89,40.88,41.4,42.5,41.06,40.05,43.05,39.45,40.29,40.04,40.85,42.95,42.88,44.93,40.78,39.08,40.89,38.69,38.66,38.75,39.8
18151,36.02,37.42,42.62,41.71,40.89,40.88,41.4,42.5,41.06,40.05,43.05,39.45,40.29,40.04,40.85,42.95,42.88,44.93,40.78,39.08,40.89,38.69,38.66,38.75,39.8
18153,36.02,37.42,42.62,41.71,40.89,40.88,41.4,42.5,41.06,40.05,43.05,39.45,40.29,40.04,40.85,42.95,42.88,44.93,40.78,39.08,40.89,38.69,38.66,38.75,39.8
18155,36.02,37.42,42.62,41.71,40.89,40.88,41.4,42.5,41.06,40.05,43.05,39.45,40.29,40.04,40.85,42.95,42.88,44.93,40.78,39.08,40.89,38.69,38.66,38.75,39.8
18157,36.02,37.42,42.62,41.71,40.89,40.88,41.4,42.5,41.06,40.05,43.05,39.45,40.29,40.04,40.85,42.95,42.88,44.93,40.78,39.08,40.89,38.69,38.66,38.75,39.8
18159,36.02,37.42,42.62,41.71,40.89,40.88,41.4,42.5,41.06,40.05,43.05,39.45,40.29,40.04,40.85,42.95,42.88,44.93,40.78,39.08,40.89,38.69,38.66,38.75,39.8
18161,36.02,37.42,42.62,41.71,40.89,40.88,41.4,42.5,41.06,40.05,43.05,39.45,40.29,40.04,40.85,42.95,42.88,44.93,40.78,39.08,40.89,38.69,38.66,38.75,39.8
18163,36.02,37.42,42.62,41.71,40.89,40.88,41.4,42.5,41.06,40.05,43.05,39.45,40.29,40.04,40.85,42.95,42.88,44.93,40.78,39.08,40.89,38.69,38.66,38.75,39.8
18165,36.02,37.42,42.62,41.71,40.89,40.88,41.4,42.5,41.06,40.05,43.05,39.45,40.29,40.04,40.85,42.95,42.88,44.93,40.78,39.08,40.89,38.69,38.66,38.75,39.8
18167,36.02,37.42,42.62,41.71,40.89,40.88,41.4,42.5,41.06,40.05,43.05,39.45,40.29,40.04,40.85,42.95,42.88,44.93,40.78,39.08,40.89,38.69,38.66,38.75,39.8
18169,36.02,37.42,42.62,41.71,40.89,40.88,41.4,42.5,41.06,40.05,43.05,39.45,40.29,40.04,40.85,42.95,42.88,44.93,40.78,39.08,40.89,38.69,38.66,38.75,39.8
18171,36.02,37.42,42.62,41.71,40.89,40.88,41.4,42.5,41.06,40.05,43.05,39.45,40.29,40.04,40.85,42.95,42.88,44.93,40.78,39.08,40.89,38.69,38.66,38.75,39.8
18173,36.02,37.42,42.62,41.71,40.89,40.88,41.4,42.5,41.06,40.05,43.05,39.45,40.29,40.04,40.85,42.95,42.88,44.93,40.78,39.08,40.89,38.69,38.66,38.75,39.8
18175,36.02,37.42,42.62,41.71,40.89,40.88,41.4,42.5,41.06,40.05,43.05,39.45,40.29,40.04,40.85,42.95,42.88,44.93,40.78,39.08,40.89,38.69,38.66,38.75,39.8
18177,36.02,37.42,42.62,41.71,40.89,40.88,41.4,42.5,41.06,40.05,43.05,39.45,40.29,40.04,40.85,42.95,42.88,44.93,40.78,39.08,40.89,38.69,38.66,38.75,39.8
18179,36.02,37.42,42.62,41.71,40.89,40.88,41.4,42.5,41.06,40.05,43.05,39.45,40.29,40.04,40.85,42.95,42.88,44.93,40.78,39.08,40.89,38.69,38.66,38.75,39.8
18181,36.02,37.42,42.62,41.71,40.89,40.88,41.4,42.5,41.06,40.05,43.05,39.45,40.29,40.04,40.85,42.95,42.88,44.93,40.78,39.08,40.89,38.69,38.66,38.75,39.8
18183,36.02,37.42,42.62,41.71,40.89,40.88,41.4,42.5,41.06,40.05,43.05,39.45,40.29,40.04,40.85,42.95,42.88,44.93,40.78,39.08,40.89,38.69,38.66,38.75,39.8
19001,36.02,37.42,42.62,41.71,40.89,40.88,41.4,42.5,41.06,40.05,43.05,39.45,40.29,40.04,40.85,42.95,42.88,44.93,40.78,39.08,40.89,38.69,38.66,38.75,39.8
19003,36.02,37.42,42.62,41.71,40.89,40.88,41.4,42.5,41.06,40.05,43.05,39.45,40.29,40.04,40.85,42.95,42.88,44.93,40.78,39.08,40.89,38.69,38.66,38.75,39.8
19005,36.02,37.42,42.62,41.71,40.89,40.88,41.4,42.5,41.06,40.05,43.05,39.45,40.29,40.04,40.85,42.95,42.88,44.93,40.78,39.08,40.89,38.69,38.66,38.75,39.8
19007,36.02,37.42,42.62,41.71,40.89,40.88,41.4,42.5,41.06,40.05,43.05,39.45,40.29,40.04,40.85,42.95,42.88,44.93,40.78,39.08,40.89,38.69,38.66,38.75,39.8
19009,36.02,37.42,42.62,41.71,40.89,40.88,41.4,42.5,41.06,40.05,43.05,39.45,40.29,40.04,40.85,42.95,42.88,44.93,40.78,39.08,40.89,38.69,38.66,38.75,39.8
19011,36.02,37.42,42.62,41.71,40.89,40.88,41.4,42.5,41.06,40.05,43.05,39.45,40.29,40.04,40.85,42.95,42.88,44.93,40.78,39.08,40.89,38.69,38.66,38.75,39.8
19013,36.02,37.42,42.62,41.71,40.89,40.88,41.4,42.5,41.06,40.05,43.05,39.45,40.29,40.04,40.85,42.95,42.88,44.93,40.78,39.08,40.89,38.69,38.66,38.75,39.8
19015,36.02,37.42,42.62,41.71,40.89,40.88,41.4,42.5,41.06,40.05,43.05,39.45,40.29,40.04,40.85,42.95,42.88,44.93,40.78,39.08,40.89,38.69,38.66,38.75,39.8
19017,36.02,37.42,42.62,41.71,40.89,40.88,41.4,42.5,41.06,40.05,43.05,39.45,40.29,40.04,40.85,42.95,42.88,44.93,40.78,39.08,40.89,38.69,38.66,38.75,39.8
19019,36.02,37.42,42.62,41.71,40.89,40.88,41.4,42.5,41.06,40.05,43.05,39.45,40.29,40.04,40.85,42.95,42.88,44.93,40.78,39.08,40.89,38.69,38.66,38.75,39.8
19021,36.02,37.42,42.62,41.71,40.89,40.88,41.4,42.5,41.06,40.05,43.05,39.45,40.29,40.04,40.85,42.95,42.88,44.93,40.78,39.08,40.89,38.69,38.66,38.75,39.8
19023,36.02,37.42,42.62,41.71,40.89,40.88,41.4,42.5,41.06,40.05,43.05,39.45,40.29,40.04,40.85,42.95,42.88,44.93,40.78,39.08,40.89,38.69,38.66,38.75,39.8
19025,36.02,37.42,42.62,41.71,40.89,40.88,41.4,42.5,41.06,40.05,43.05,39.45,40.29,40.04,40.85,42.95,42.88,44.93,40.78,39.08,40.89,38.69,38.66,38.75,39.8
19027,36.02,37.42,42.62,41.71,40.89,40.88,41.4,42.5,41.06,40.05,43.05,39.45,40.29,40.04,40.85,42.95,42.88,44.93,40.78,39.08,40.89,38.69,38.66,38.75,39.8
19029,36.02,37.42,42.62,41.71,40.89,40.88,41.4,42.5,41.06,40.05,43.05,39.45,40.29,40.04,40.85,42.95,42.88,44.93,40.78,39.08,40.89,38.69,38.66,38.75,39.8
19031,36.02,37.42,42.62,41.71,40.89,40.88,41.4,42.5,41.06,40.05,43.05,39.45,40.29,40.04,40.85,42.95,42.88,44.93,40.78,39.08,40.89,38.69,38.66,38.75,39.8
19033,36.02,37.42,42.62,41.71,40.89,40.88,41.4,42.5,41.06,40.05,43.05,39.45,40.29,40.04,40.85,42.95,42.88,44.93,40.78,39.08,40.89,38.69,38.66,38.75,39.8
19035,36.02,37.42,42.62,41.71,40.89,40.88,41.4,42.5,41.06,40.05,43.05,39.45,40.29,40.04,40.85,42.95,42.88,44.93,40.78,39.08,40.89,38.69,38.66,38.75,39.8
19037,36.02,37.42,42.62,41.71,40.89,40.88,41.4,42.5,41.06,40.05,43.05,39.45,40.29,40.04,40.85,42.95,42.88,44.93,40.78,39.08,40.89,38.69,38.66,38.75,39.8
19039,36.02,37.42,42.62,41.71,40.89,40.88,41.4,42.5,41.06,40.05,43.05,39.45,40.29,40.04,40.85,42.95,42.88,44.93,40.78,39.08,40.89,38.69,38.66,38.75,39.8
19041,36.02,37.42,42.62,41.71,40.89,40.88,41.4,42.5,41.06,40.05,43.05,39.45,40.29,40.04,40.85,42.95,42.88,44.93,40.78,39.08,40.89,38.69,38.66,38.75,39.8
19043,36.02,37.42,42.62,41.71,40.89,40.88,41.4,42.5,41.06,40.05,43.05,39.45,40.29,40.04,40.85,42.95,42.88,44.93,40.78,39.08,40.89,38.69,38.66,38.75,39.8
19045,36.02,37.42,42.62,41.71,40.89,40.88,41.4,42.5,41.06,40.05,43.05,39.45,40.29,40.04,40.85,42.95,42.88,44.93,40.78,39.08,40.89,38.69,38.66,38.75,39.8
19047,36.02,37.42,42.62,41.71,40.89,40.88,41.4,42.5,41.06,40.05,43.05,39.45,40.29,40.04,40.85,42.95,42.88,44.93,40.78,39.08,40.89,38.69,38.66,38.75,39.8
19049,36.02,37.42,42.62,41.71,40.89,40.88,41.4,42.5,41.06,40.05,43.05,39.45,40.29,40.04,40.85,42.95,42.88,44.93,40.78,39.08,40.89,38.69,38.66,38.75,39.8
19051,36.02,37.42,42.62,41.71,40.89,40.88,41.4,42.5,41.06,40.05,43.05,39.45,40.29,40.04,40.85,42.95,42.88,44.93,40.78,39.08,40.89,38.69,38.66,38.75,39.8
19053,36.02,37.42,42.62,41.71,40.89,40.88,41.4,42.5,41.06,40.05,43.05,39.45,40.29,40.04,40.85,42.95,42.88,44.93,40.78,39.08,40.89,38.69,38.66,38.75,39.8
19055,36.02,37.42,42.62,41.71,40.89,40.88,41.4,42.5,41.06,40.05,43.05,39.45,40.29,40.04,40.85,42.95,42.88,44.93,40.78,39.08,40.89,38.69,38.66,38.75,39.8
19057,36.02,37.42,42.62,41.71,40.89,40.88,41.4,42.5,41.06,40.05,43.05,39.45,40.29,40.04,40.85,42.95,42.88,44.93,40.78,39.08,40.89,38.69,38.66,38.75,39.8
19059,36.02,37.42,42.62,41.71,40.89,40.88,41.4,42.5,41.06,40.05,43.05,39.45,40.29,40.04,40.85,42.95,42.88,44.93,40.78,39.08,40.89,38.69,38.66,38.75,39.8
19061,36.02,37.42,42.62,41.71,40.89,40.88,41.4,42.5,41.06,40.05,43.05,39.45,40.29,40.04,40.85,42.95,42.88,44.93,40.78,39.08,40.89,38.69,38.66,38.75,39.8
19063,36.02,37.42,42.62,41.71,40.89,40.88,41.4,42.5,41.06,40.05,43.05,39.45,40.29,40.04,40.85,42.95,42.88,44.93,40.78,39.08,40.89,38.69,38.66,38.75,39.8
19065,36.02,37.42,42.62,41.71,40.89,40.88,41.4,42.5,41.06,40.05,43.05,39.45,40.29,40.04,40.85,42.95,42.88,44.93,40.78,39.08,40.89,38.69,38.66,38.75,39.8
19067,36.02,37.42,42.62,41.71,40.89,40.88,41.4,42.5,41.06,40.05,43.05,39.45,40.29,40.04,40.85,42.95,42.88,44.93,40.78,39.08,40.89,38.69,38.66,38.75,39.8
19069,36.02,37.42,42.62,41.71,40.89,40.88,41.4,42.5,41.06,40.05,43.05,39.45,40.29,40.04,40.85,42.95,42.88,44.93,40.78,39.08,40.89,38.69,38.66,38.75,39.8
19071,36.02,37.42,42.62,41.71,40.89,40.88,41.4,42.5,41.06,40.05,43.05,39.45,40.29,40.04,40.85,42.95,42.88,44.93,40.78,39.08,40.89,38.69,38.66,38.75,39.8
19073,36.02,37.42,42.62,41.71,40.89,40.88,41.4,42.5,41.06,40.05,43.05,39.45,40.29,40.04,40.85,42.95,42.88,44.93,40.78,39.08,40.89,38.69,38.66,38.75,39.8
19075,36.02,37.42,42.62,41.71,40.89,40.88,41.4,42.5,41.06,40.05,43.05,39.45,40.29,40.04,40.85,42.95,42.88,44.93,40.78,39.08,40.89,38.69,38.66,38.75,39.8
19077,36.02,37.42,42.62,41.71,40.89,40.88,41.4,42.5,41.06,40.05,43.05,39.45,40.29,40.04,40.85,42.95,42.88,44.93,40.78,39.08,40.89,38.69,38.66,38.75,39.8
19079,36.02,37.42,42.62,41.71,40.89,40.88,41.4,42.5,41.06,40.05,43.05,39.45,40.29,40.04,40.85,42.95,42.88,44.93,40.78,39.08,40.89,38.69,38.66,38.75,39.8
19081,36.02,37.42,42.62,41.71,40.89,40.88,41.4,42.5,41.06,40.05,43.05,39.45,40.29,40.04,40.85,42.95,42.88,44.93,40.78,39.08,40.89,38.69,38.66,38.75,39.8
19083,36.02,37.42,42.62,41.71,40.89,40.88,41.4,42.5,41.06,40.05,43.05,39.45,40.29,40.04,40.85,42.95,42.88,44.93,40.78,39.08,40.89,38.69,38.66,38.75,39.8
19085,36.02,37.42,42.62,41.71,40.89,40.88,41.4,42.5,41.06,40.05,43.05,39.45,40.29,40.04,40.85,42.95,42.88,44.93,40.78,39.08,40.89,38.69,38.66,38.75,39.8
19087,36.02,37.42,42.62,41.71,40.89,40.88,41.4,42.5,41.06,40.05,43.05,39.45,40.29,40.04,40.85,42.95,42.88,44.93,40.78,39.08,40.89,38.69,38.66,38.75,39.8
19089,36.02,37.42,42.62,41.71,40.89,40.88,41.4,42.5,41.06,40.05,43.05,39.45,40.29,40.04,40.85,42.95,42.88,44.93,40.78,39.08,40.89,38.69,38.66,38.75,39.8
19091,36.02,37.42,42.62,41.71,40.89,40.88,41.4,42.5,41.06,40.05,43.05,39.45,40.29,40.04,40.85,42.95,42.88,44.93,40.78,39.08,40.89,38.69,38.66,38.75,39.8
19093,36.02,37.42,42.62,41.71,40.89,40.88,41.4,42.5,41.06,40.05,43.05,39.45,40.29,40.04,40.85,42.95,42.88,44.93,40.78,39.08,40.89,38.69,38.66,38.75,39.8
19095,36.02,37.42,42.62,41.71,40.89,40.88,41.4,42.5,41.06,40.05,43.05,39.45,40.29,40.04,40.85,42.95,42.88,44.93,40.78,39.08,40.89,38.69,38.66,38.75,39.8
19097,36.02,37.42,42.62,41.71,40.89,40.88,41.4,42.5,41.06,40.05,43.05,39.45,40.29,40.04,40.85,42.95,42.88,44.93,40.78,39.08,40.89,38.69,38.66,38.75,39.8
19099,36.02,37.42,42.62,41.71,40.89,40.88,41.4,42.5,41.06,40.05,43.05,39.45,40.29,40.04,40.85,42.95,42.88,44.93,40.78,39.08,40.89,38.69,38.66,38.75,39.8
19101,36.02,37.42,42.62,41.71,40.89,40.88,41.4,42.5,41.06,40.05,43.05,39.45,40.29,40.04,40.85,42.95,42.88,44.93,40.78,39.08,40.89,38.69,38.66,38.75,39.8
19103,36.02,37.42,42.62,41.71,40.89,40.88,41.4,42.5,41.06,40.05,43.05,39.45,40.29,40.04,40.85,42.95,42.88,44.93,40.78,39.08,40.89,38.69,38.66,38.75,39.8
19105,36.02,37.42,42.62,41.71,40.89,40.88,41.4,42.5,41.06,40.05,43.05,39.45,40.29,40.04,40.85,42.95,42.88,44.93,40.78,39.08,40.89,38.69,38.66,38.75,39.8
19107,36.02,37.42,42.62,41.71,40.89,40.88,41.4,42.5,41.06,40.05,43.05,39.45,40.29,40.04,40.85,42.95,42.88,44.93,40.78,39.08,40.89,38.69,38.66,38.75,39.8
19109,36.02,37.42,42.62,41.71,40.89,40.88,41.4,42.5,41.06,40.05,43.05,39.45,40.29,40.04,40.85,42.95,42.88,44.93,40.78,39.08,40.89,38.69,38.66,38.75,39.8
19111,36.02,37.42,42.62,41.71,40.89,40.88,41.4,42.5,41.06,40.05,43.05,39.45,40.29,40.04,40.85,42.95,42.88,44.93,40.78,39.08,40.89,38.69,38.66,38.75,39.8
19113,36.02,37.42,42.62,41.71,40.89,40.88,41.4,42.5,41.06,40.05,43.05,39.45,40.29,40.04,40.85,42.95,42.88,44.93,40.78,39.08,40.89,38.69,38.66,38.75,39.8
19115,36.02,37.42,42.62,41.71,40.89,40.88,41.4,42.5,41.06,40.05,43.05,39.45,40.29,40.04,40.85,42.95,42.88,44.93,40.78,39.08,40.89,38.69,38.66,38.75,39.8
19117,36.02,37.42,42.62,41.71,40.89,40.88,41.4,42.5,41.06,40.05,43.05,39.45,40.29,40.04,40.85,42.95,42.88,44.93,40.78,39.08,40.89,38.69,38.66,38.75,39.8
19119,36.02,37.42,42.62,41.71,40.89,40.88,41.4,42.5,41.06,40.05,43.05,39.45,40.29,40.04,40.85,42.95,42.88,44.93,40.78,39.08,40.89,38.69,38.66,38.75,39.8
19121,36.02,37.42,42.62,41.71,40.89,40.88,41.4,42.5,41.06,40.05,43.05,39.45,40.29,40.04,40.85,42.95,42.88,44.93,40.78,39.08,40.89,38.69,38.66,38.75,39.8
19123,36.02,37.42,42.62,41.71,40.89,40.88,41.4,42.5,41.06,40.05,43.05,39.45,40.29,40.04,40.85,42.95,42.88,44.93,40.78,39.08,40.89,38.69,38.66,38.75,39.8
19125,36.02,37.42,42.62,41.71,40.89,40.88,41.4,42.5,41.06,40.05,43.05,39.45,40.29,40.04,40.85,42.95,42.88,44.93,40.78,39.08,40.89,38.69,38.66,38.75,39.8
19127,36.02,37.42,42.62,41.71,40.89,40.88,41.4,42.5,41.06,40.05,43.05,39.45,40.29,40.04,40.85,42.95,42.88,44.93,40.78,39.08,40.89,38.69,38.66,38.75,39.8
19129,36.02,37.42,42.62,41.71,40.89,40.88,41.4,42.5,41.06,40.05,43.05,39.45,40.29,40.04,40.85,42.95,42.88,44.93,40.78,39.08,40.89,38.69,38.66,38.75,39.8
19131,36.02,37.42,42.62,41.71,40.89,40.88,41.4,42.5,41.06,40.05,43.05,39.45,40.29,40.04,40.85,42.95,42.88,44.93,40.78,39.08,40.89,38.69,38.66,38.75,39.8
19133,36.02,37.42,42.62,41.71,40.89,40.88,41.4,42.5,41.06,40.05,43.05,39.45,40.29,40.04,40.85,42.95,42.88,44.93,40.78,39.08,40.89,38.69,38.66,38.75,39.8
19135,36.02,37.42,42.62,41.71,40.89,40.88,41.4,42.5,41.06,40.05,43.05,39.45,40.29,40.04,40.85,42.95,42.88,44.93,40.78,39.08,40.89,38.69,38.66,38.75,39.8
19137,36.02,37.42,42.62,41.71,40.89,40.88,41.4,42.5,41.06,40.05,43.05,39.45,40.29,40.04,40.85,42.95,42.88,44.93,40.78,39.08,40.89,38.69,38.66,38.75,39.8
19139,36.02,37.42,42.62,41.71,40.89,40.88,41.4,42.5,41.06,40.05,43.05,39.45,40.29,40.04,40.85,42.95,42.88,44.93,40.78,39.08,40.89,38.69,38.66,38.75,39.8
19141,36.02,37.42,42.62,41.71,40.89,40.88,41.4,42.5,41.06,40.05,43.05,39.45,40.29,40.04,40.85,42.95,42.88,44.93,40.78,39.08,40.89,38.69,38.66,38.75,39.8
19143,36.02,37.42,42.62,41.71,40.89,40.88,41.4,42.5,41.06,40.05,43.05,39.45,40.29,40.04,40.85,42.95,42.88,44.93,40.78,39.08,40.89,38.69,38.66,38.75,39.8
19145,36.02,37.42,42.62,41.71,40.89,40.88,41.4,42.5,41.06,40.05,43.05,39.45,40.29,40.04,40.85,42.95,42.88,44.93,40.78,39.08,40.89,38.69,38.66,38.75,39.8
19147,36.02,37.42,42.62,41.71,40.89,40.88,41.4,42.5,41.06,40.05,43.05,39.45,40.29,40.04,40.85,42.95,42.88,44.93,40.78,39.08,40.89,38.69,38.66,38.75,39.8
19149,36.02,37.42,42.62,41.71,40.89,40.88,41.4,42.5,41.06,40.05,43.05,39.45,40.29,40.04,40.85,42.95,42.88,44.93,40.78,39.08,40.89,38.69,38.66,38.75,39.8
19151,36.02,37.42,42.62,41.71,40.89,40.88,41.4,42.5,41.06,40.05,43.05,39.45,40.29,40.04,40.85,42.95,42.88,44.93,40.78,39.08,40.89,38.69,38.66,38.75,39.8
19153,36.02,37.42,42.62,41.71,40.89,40.88,41.4,42.5,41.06,40.05,43.05,39.45,40.29,40.04,40.85,42.95,42.88,44.93,40.78,39.08,40.89,38.69,38.66,38.75,39.8
19155,36.02,37.42,42.62,41.71,40.89,40.88,41.4,42.5,41.06,40.05,43.05,39.45,40.29,40.04,40.85,42.95,42.88,44.93,40.78,39.08,40.89,38.69,38.66,38.75,39.8
19157,36.02,37.42,42.62,41.71,40.89,40.88,41.4,42.5,41.06,40.05,43.05,39.45,40.29,40.04,40.85,42.95,42.88,44.93,40.78,39.08,40.89,38.69,38.66,38.75,39.8
19159,36.02,37.42,42.62,41.71,40.89,40.88,41.4,42.5,41.06,40.05,43.05,39.45,40.29,40.04,40.85,42.95,42.88,44.93,40.78,39.08,40.89,38.69,38.66,38.75,39.8
19161,36.02,37.42,42.62,41.71,40.89,40.88,41.4,42.5,41.06,40.05,43.05,39.45,40.29,40.04,40.85,42.95,42.88,44.93,40.78,39.08,40.89,38.69,38.66,38.75,39.8
19163,36.02,37.42,42.62,41.71,40.89,40.88,41.4,42.5,41.06,40.05,43.05,39.45,40.29,40.04,40.85,42.95,42.88,44.93,40.78,39.08,40.89,38.69,38.66,38.75,39.8
19165,36.02,37.42,42.62,41.71,40.89,40.88,41.4,42.5,41.06,40.05,43.05,39.45,40.29,40.04,40.85,42.95,42.88,44.93,40.78,39.08,40.89,38.69,38.66,38.75,39.8
19167,36.02,37.42,42.62,41.71,40.89,40.88,41.4,42.5,41.06,40.05,43.05,39.45,40.29,40.04,40.85,42.95,42.88,44.93,40.78,39.08,40.89,38.69,38.66,38.75,39.8
19169,36.02,37.42,42.62,41.71,40.89,40.88,41.4,42.5,41.06,40.05,43.05,39.45,40.29,40.04,40.85,42.95,42.88,44.93,40.78,39.08,40.89,38.69,38.66,38.75,39.8
19171,36.02,37.42,42.62,41.71,40.89,40.88,41.4,42.5,41.06,40.05,43.05,39.45,40.29,40.04,40.85,42.95,42.88,44.93,40.78,39.08,40.89,38.69,38.66,38.75,39.8
19173,36.02,37.42,42.62,41.71,40.89,40.88,41.4,42.5,41.06,40.05,43.05,39.45,40.29,40.04,40.85,42.95,42.88,44.93,40.78,39.08,40.89,38.69,38.66,38.75,39.8
19175,36.02,37.42,42.62,41.71,40.89,40.88,41.4,42.5,41.06,40.05,43.05,39.45,40.29,40.04,40.85,42.95,42.88,44.93,40.78,39.08,40.89,38.69,38.66,38.75,39.8
19177,36.02,37.42,42.62,41.71,40.89,40.88,41.4,42.5,41.06,40.05,43.05,39.45,40.29,40.04,40.85,42.95,42.88,44.93,40.78,39.08,40.89,38.69,38.66,38.75,39.8
19179,36.02,37.42,42.62,41.71,40.89,40.88,41.4,42.5,41.06,40.05,43.05,39.45,40.29,40.04,40.85,42.95,42.88,44.93,40.78,39.08,40.89,38.69,38.66,38.75,39.8
19181,36.02,37.42,42.62,41.71,40.89,40.88,41.4,42.5,41.06,40.05,43.05,39.45,40.29,40.04,40.85,42.95,42.88,44.93,40.78,39.08,40.89,38.69,38.66,38.75,39.8
19183,36.02,37.42,42.62,41.71,40.89,40.88,41.4,42.5,41.06,40.05,43.05,39.45,40.29,40.04,40.85,42.95,42.88,44.93,40.78,39.08,40.89,38.69,38.66,38.75,39.8
19185,36.02,37.42,42.62,41.71,40.89,40.88,41.4,42.5,41.06,40.05,43.05,39.45,40.29,40.04,40.85,42.95,42.88,44.93,40.78,39.08,40.89,38.69,38.66,38.75,39.8
19187,36.02,37.42,42.62,41.71,40.89,40.88,41.4,42.5,41.06,40.05,43.05,39.45,40.29,40.04,40.85,42.95,42.88,44.93,40.78,39.08,40.89,38.69,38.66,38.75,39.8
19189,36.02,37.42,42.62,41.71,40.89,40.88,41.4,42.5,41.06,40.05,43.05,39.45,40.29,40.04,40.85,42.95,42.88,44.93,40.78,39.08,40.89,38.69,38.66,38.75,39.8
19191,36.02,37.42,42.62,41.71,40.89,40.88,41.4,42.5,41.06,40.05,43.05,39.45,40.29,40.04,40.85,42.95,42.88,44.93,40.78,39.08,40.89,38.69,38.66,38.75,39.8
19193,36.02,37.42,42.62,41.71,40.89,40.88,41.4,42.5,41.06,40.05,43.05,39.45,40.29,40.04,40.85,42.95,42.88,44.93,40.78,39.08,40.89,38.69,38.66,38.75,39.8
19195,36.02,37.42,42.62,41.71,40.89,40.88,41.4,42.5,41.06,40.05,43.05,39.45,40.29,40.04,40.85,42.95,42.88,44.93,40.78,39.08,40.89,38.69,38.66,38.75,39.8
19197,36.02,37.42,42.62,41.71,40.89,40.88,41.4,42.5,41.06,40.05,43.05,39.45,40.29,40.04,40.85,42.95,42.88,44.93,40.78,39.08,40.89,38.69,38.66,38.75,39.8
20001,36.02,37.42,42.62,41.71,40.89,40.88,41.4,42.5,41.06,40.05,43.05,39.45,40.29,40.04,40.85,42.95,42.88,44.93,40.78,39.08,40.89,38.69,38.66,38.75,39.8
20003,36.02,37.42,42.62,41.71,40.89,40.88,41.4,42.5,41.06,40.05,43.05,39.45,40.29,40.04,40.85,42.95,42.88,44.93,40.78,39.08,40.89,38.69,38.66,38.75,39.8
20005,36.02,37.42,42.62,41.71,40.89,40.88,41.4,42.5,41.06,40.05,43.05,39.45,40.29,40.04,40.85,42.95,42.88,44.93,40.78,39.08,40.89,38.69,38.66,38.75,39.8
20007,36.02,37.42,42.62,41.71,40.89,40.88,41.4,42.5,41.06,40.05,43.05,39.45,40.29,40.04,40.85,42.95,42.88,44.93,40.78,39.08,40.89,38.69,38.66,38.75,39.8
20009,36.02,37.42,42.62,41.71,40.89,40.88,41.4,42.5,41.06,40.05,43.05,39.45,40.29,40.04,40.85,42.95,42.88,44.93,40.78,39.08,40.89,38.69,38.66,38.75,39.8
20011,36.02,37.42,42.62,41.71,40.89,40.88,41.4,42.5,41.06,40.05,43.05,39.45,40.29,40.04,40.85,42.95,42.88,44.93,40.78,39.08,40.89,38.69,38.66,38.75,39.8
20013,36.02,37.42,42.62,41.71,40.89,40.88,41.4,42.5,41.06,40.05,43.05,39.45,40.29,40.04,40.85,42.95,42.88,44.93,40.78,39.08,40.89,38.69,38.66,38.75,39.8
20015,36.02,37.42,42.62,41.71,40.89,40.88,41.4,42.5,41.06,40.05,43.05,39.45,40.29,40.04,40.85,42.95,42.88,44.93,40.78,39.08,40.89,38.69,38.66,38.75,39.8
20017,36.02,37.42,42.62,41.71,40.89,40.88,41.4,42.5,41.06,40.05,43.05,39.45,40.29,40.04,40.85,42.95,42.88,44.93,40.78,39.08,40.89,38.69,38.66,38.75,39.8
20019,36.02,37.42,42.62,41.71,40.89,40.88,41.4,42.5,41.06,40.05,43.05,39.45,40.29,40.04,40.85,42.95,42.88,44.93,40.78,39.08,40.89,38.69,38.66,38.75,39.8
20021,36.02,37.42,42.62,41.71,40.89,40.88,41.4,42.5,41.06,40.05,43.05,39.45,40.29,40.04,40.85,42.95,42.88,44.93,40.78,39.08,40.89,38.69,38.66,38.75,39.8
20023,36.02,37.42,42.62,41.71,40.89,40.88,41.4,42.5,41.06,40.05,43.05,39.45,40.29,40.04,40.85,42.95,42.88,44.93,40.78,39.08,40.89,38.69,38.66,38.75,39.8
20025,36.02,37.42,42.62,41.71,40.89,40.88,41.4,42.5,41.06,40.05,43.05,39.45,40.29,40.04,40.85,42.95,42.88,44.93,40.78,39.08,40.89,38.69,38.66,38.75,39.8
20027,36.02,37.42,42.62,41.71,40.89,40.88,41.4,42.5,41.06,40.05,43.05,39.45,40.29,40.04,40.85,42.95,42.88,44.93,40.78,39.08,40.89,38.69,38.66,38.75,39.8
20029,36.02,37.42,42.62,41.71,40.89,40.88,41.4,42.5,41.06,40.05,43.05,39.45,40.29,40.04,40.85,42.95,42.88,44.93,40.78,39.08,40.89,38.69,38.66,38.75,39.8
20031,36.02,37.42,42.62,41.71,40.89,40.88,41.4,42.5,41.06,40.05,43.05,39.45,40.29,40.04,40.85,42.95,42.88,44.93,40.78,39.08,40.89,38.69,38.66,38.75,39.8
20033,36.02,37.42,42.62,41.71,40.89,40.88,41.4,42.5,41.06,40.05,43.05,39.45,40.29,40.04,40.85,42.95,42.88,44.93,40.78,39.08,40.89,38.69,38.66,38.75,39.8
20035,36.02,37.42,42.62,41.71,40.89,40.88,41.4,42.5,41.06,40.05,43.05,39.45,40.29,40.04,40.85,42.95,42.88,44.93,40.78,39.08,40.89,38.69,38.66,38.75,39.8
20037,36.02,37.42,42.62,41.71,40.89,40.88,41.4,42.5,41.06,40.05,43.05,39.45,40.29,40.04,40.85,42.95,42.88,44.93,40.78,39.08,40.89,38.69,38.66,38.75,39.8
20039,36.02,37.42,42.62,41.71,40.89,40.88,41.4,42.5,41.06,40.05,43.05,39.45,40.29,40.04,40.85,42.95,42.88,44.93,40.78,39.08,40.89,38.69,38.66,38.75,39.8
20041,36.02,37.42,42.62,41.71,40.89,40.88,41.4,42.5,41.06,40.05,43.05,39.45,40.29,40.04,40.85,42.95,42.88,44.93,40.78,39.08,40.89,38.69,38.66,38.75,39.8
20043,36.02,37.42,42.62,41.71,40.89,40.88,41.4,42.5,41.06,40.05,43.05,39.45,40.29,40.04,40.85,42.95,42.88,44.93,40.78,39.08,40.89,38.69,38.66,38.75,39.8
20045,36.02,37.42,42.62,41.71,40.89,40.88,41.4,42.5,41.06,40.05,43.05,39.45,40.29,40.04,40.85,42.95,42.88,44.93,40.78,39.08,40.89,38.69,38.66,38.75,39.8
20047,36.02,37.42,42.62,41.71,40.89,40.88,41.4,42.5,41.06,40.05,43.05,39.45,40.29,40.04,40.85,42.95,42.88,44.93,40.78,39.08,40.89,38.69,38.66,38.75,39.8
20049,36.02,37.42,42.62,41.71,40.89,40.88,41.4,42.5,41.06,40.05,43.05,39.45,40.29,40.04,40.85,42.95,42.88,44.93,40.78,39.08,40.89,38.69,38.66,38.75,39.8
20051,36.02,37.42,42.62,41.71,40.89,40.88,41.4,42.5,41.06,40.05,43.05,39.45,40.29,40.04,40.85,42.95,42.88,44.93,40.78,39.08,40.89,38.69,38.66,38.75,39.8
20053,36.02,37.42,42.62,41.71,40.89,40.88,41.4,42.5,41.06,40.05,43.05,39.45,40.29,40.04,40.85,42.95,42.88,44.93,40.78,39.08,40.89,38.69,38.66,38.75,39.8
20055,36.02,37.42,42.62,41.71,40.89,40.88,41.4,42.5,41.06,40.05,43.05,39.45,40.29,40.04,40.85,42.95,42.88,44.93,40.78,39.08,40.89,38.69,38.66,38.75,39.8
20057,36.02,37.42,42.62,41.71,40.89,40.88,41.4,42.5,41.06,40.05,43.05,39.45,40.29,40.04,40.85,42.95,42.88,44.93,40.78,39.08,40.89,38.69,38.66,38.75,39.8
20059,36.02,37.42,42.62,41.71,40.89,40.88,41.4,42.5,41.06,40.05,43.05,39.45,40.29,40.04,40.85,42.95,42.88,44.93,40.78,39.08,40.89,38.69,38.66,38.75,39.8
20061,36.02,37.42,42.62,41.71,40.89,40.88,41.4,42.5,41.06,40.05,43.05,39.45,40.29,40.04,40.85,42.95,42.88,44.93,40.78,39.08,40.89,38.69,38.66,38.75,39.8
20063,36.02,37.42,42.62,41.71,40.89,40.88,41.4,42.5,41.06,40.05,43.05,39.45,40.29,40.04,40.85,42.95,42.88,44.93,40.78,39.08,40.89,38.69,38.66,38.75,39.8
20065,36.02,37.42,42.62,41.71,40.89,40.88,41.4,42.5,41.06,40.05,43.05,39.45,40.29,40.04,40.85,42.95,42.88,44.93,40.78,39.08,40.89,38.69,38.66,38.75,39.8
20067,36.02,37.42,42.62,41.71,40.89,40.88,41.4,42.5,41.06,40.05,43.05,39.45,40.29,40.04,40.85,42.95,42.88,44.93,40.78,39.08,40.89,38.69,38.66,38.75,39.8
20069,36.02,37.42,42.62,41.71,40.89,40.88,41.4,42.5,41.06,40.05,43.05,39.45,40.29,40.04,40.85,42.95,42.88,44.93,40.78,39.08,40.89,38.69,38.66,38.75,39.8
20071,36.02,37.42,42.62,41.71,40.89,40.88,41.4,42.5,41.06,40.05,43.05,39.45,40.29,40.04,40.85,42.95,42.88,44.93,40.78,39.08,40.89,38.69,38.66,38.75,39.8
20073,36.02,37.42,42.62,41.71,40.89,40.88,41.4,42.5,41.06,40.05,43.05,39.45,40.29,40.04,40.85,42.95,42.88,44.93,40.78,39.08,40.89,38.69,38.66,38.75,39.8
20075,36.02,37.42,42.62,41.71,40.89,40.88,41.4,42.5,41.06,40.05,43.05,39.45,40.29,40.04,40.85,42.95,42.88,44.93,40.78,39.08,40.89,38.69,38.66,38.75,39.8
20077,36.02,37.42,42.62,41.71,40.89,40.88,41.4,42.5,41.06,40.05,43.05,39.45,40.29,40.04,40.85,42.95,42.88,44.93,40.78,39.08,40.89,38.69,38.66,38.75,39.8
20079,36.02,37.42,42.62,41.71,40.89,40.88,41.4,42.5,41.06,40.05,43.05,39.45,40.29,40.04,40.85,42.95,42.88,44.93,40.78,39.08,40.89,38.69,38.66,38.75,39.8
20081,36.02,37.42,42.62,41.71,40.89,40.88,41.4,42.5,41.06,40.05,43.05,39.45,40.29,40.04,40.85,42.95,42.88,44.93,40.78,39.08,40.89,38.69,38.66,38.75,39.8
20083,36.02,37.42,42.62,41.71,40.89,40.88,41.4,42.5,41.06,40.05,43.05,39.45,40.29,40.04,40.85,42.95,42.88,44.93,40.78,39.08,40.89,38.69,38.66,38.75,39.8
20085,36.02,37.42,42.62,41.71,40.89,40.88,41.4,42.5,41.06,40.05,43.05,39.45,40.29,40.04,40.85,42.95,42.88,44.93,40.78,39.08,40.89,38.69,38.66,38.75,39.8
20087,36.02,37.42,42.62,41.71,40.89,40.88,41.4,42.5,41.06,40.05,43.05,39.45,40.29,40.04,40.85,42.95,42.88,44.93,40.78,39.08,40.89,38.69,38.66,38.75,39.8
20089,36.02,37.42,42.62,41.71,40.89,40.88,41.4,42.5,41.06,40.05,43.05,39.45,40.29,40.04,40.85,42.95,42.88,44.93,40.78,39.08,40.89,38.69,38.66,38.75,39.8
20091,36.02,37.42,42.62,41.71,40.89,40.88,41.4,42.5,41.06,40.05,43.05,39.45,40.29,40.04,40.85,42.95,42.88,44.93,40.78,39.08,40.89,38.69,38.66,38.75,39.8
20093,36.02,37.42,42.62,41.71,40.89,40.88,41.4,42.5,41.06,40.05,43.05,39.45,40.29,40.04,40.85,42.95,42.88,44.93,40.78,39.08,40.89,38.69,38.66,38.75,39.8
20095,36.02,37.42,42.62,41.71,40.89,40.88,41.4,42.5,41.06,40.05,43.05,39.45,40.29,40.04,40.85,42.95,42.88,44.93,40.78,39.08,40.89,38.69,38.66,38.75,39.8
20097,36.02,37.42,42.62,41.71,40.89,40.88,41.4,42.5,41.06,40.05,43.05,39.45,40.29,40.04,40.85,42.95,42.88,44.93,40.78,39.08,40.89,38.69,38.66,38.75,39.8
20099,36.02,37.42,42.62,41.71,40.89,40.88,41.4,42.5,41.06,40.05,43.05,39.45,40.29,40.04,40.85,42.95,42.88,44.93,40.78,39.08,40.89,38.69,38.66,38.75,39.8
20101,36.02,37.42,42.62,41.71,40.89,40.88,41.4,42.5,41.06,40.05,43.05,39.45,40.29,40.04,40.85,42.95,42.88,44.93,40.78,39.08,40.89,38.69,38.66,38.75,39.8
20103,36.02,37.42,42.62,41.71,40.89,40.88,41.4,42.5,41.06,40.05,43.05,39.45,40.29,40.04,40.85,42.95,42.88,44.93,40.78,39.08,40.89,38.69,38.66,38.75,39.8
20105,36.02,37.42,42.62,41.71,40.89,40.88,41.4,42.5,41.06,40.05,43.05,39.45,40.29,40.04,40.85,42.95,42.88,44.93,40.78,39.08,40.89,38.69,38.66,38.75,39.8
20107,36.02,37.42,42.62,41.71,40.89,40.88,41.4,42.5,41.06,40.05,43.05,39.45,40.29,40.04,40.85,42.95,42.88,44.93,40.78,39.08,40.89,38.69,38.66,38.75,39.8
20109,36.02,37.42,42.62,41.71,40.89,40.88,41.4,42.5,41.06,40.05,43.05,39.45,40.29,40.04,40.85,42.95,42.88,44.93,40.78,39.08,40.89,38.69,38.66,38.75,39.8
20111,36.02,37.42,42.62,41.71,40.89,40.88,41.4,42.5,41.06,40.05,43.05,39.45,40.29,40.04,40.85,42.95,42.88,44.93,40.78,39.08,40.89,38.69,38.66,38.75,39.8
20113,36.02,37.42,42.62,41.71,40.89,40.88,41.4,42.5,41.06,40.05,43.05,39.45,40.29,40.04,40.85,42.95,42.88,44.93,40.78,39.08,40.89,38.69,38.66,38.75,39.8
20115,36.02,37.42,42.62,41.71,40.89,40.88,41.4,42.5,41.06,40.05,43.05,39.45,40.29,40.04,40.85,42.95,42.88,44.93,40.78,39.08,40.89,38.69,38.66,38.75,39.8
20117,36.02,37.42,42.62,41.71,40.89,40.88,41.4,42.5,41.06,40.05,43.05,39.45,40.29,40.04,40.85,42.95,42.88,44.93,40.78,39.08,40.89,38.69,38.66,38.75,39.8
20119,36.02,37.42,42.62,41.71,40.89,40.88,41.4,42.5,41.06,40.05,43.05,39.45,40.29,40.04,40.85,42.95,42.88,44.93,40.78,39.08,40.89,38.69,38.66,38.75,39.8
20121,36.02,37.42,42.62,41.71,40.89,40.88,41.4,42.5,41.06,40.05,43.05,39.45,40.29,40.04,40.85,42.95,42.88,44.93,40.78,39.08,40.89,38.69,38.66,38.75,39.8
20123,36.02,37.42,42.62,41.71,40.89,40.88,41.4,42.5,41.06,40.05,43.05,39.45,40.29,40.04,40.85,42.95,42.88,44.93,40.78,39.08,40.89,38.69,38.66,38.75,39.8
20125,36.02,37.42,42.62,41.71,40.89,40.88,41.4,42.5,41.06,40.05,43.05,39.45,40.29,40.04,40.85,42.95,42.88,44.93,40.78,39.08,40.89,38.69,38.66,38.75,39.8
20127,36.02,37.42,42.62,41.71,40.89,40.88,41.4,42.5,41.06,40.05,43.05,39.45,40.29,40.04,40.85,42.95,42.88,44.93,40.78,39.08,40.89,38.69,38.66,38.75,39.8
20129,36.02,37.42,42.62,41.71,40.89,40.88,41.4,42.5,41.06,40.05,43.05,39.45,40.29,40.04,40.85,42.95,42.88,44.93,40.78,39.08,40.89,38.69,38.66,38.75,39.8
20131,36.02,37.42,42.62,41.71,40.89,40.88,41.4,42.5,41.06,40.05,43.05,39.45,40.29,40.04,40.85,42.95,42.88,44.93,40.78,39.08,40.89,38.69,38.66,38.75,39.8
20133,36.02,37.42,42.62,41.71,40.89,40.88,41.4,42.5,41.06,40.05,43.05,39.45,40.29,40.04,40.85,42.95,42.88,44.93,40.78,39.08,40.89,38.69,38.66,38.75,39.8
20135,36.02,37.42,42.62,41.71,40.89,40.88,41.4,42.5,41.06,40.05,43.05,39.45,40.29,40.04,40.85,42.95,42.88,44.93,40.78,39.08,40.89,38.69,38.66,38.75,39.8
20137,36.02,37.42,42.62,41.71,40.89,40.88,41.4,42.5,41.06,40.05,43.05,39.45,40.29,40.04,40.85,42.95,42.88,44.93,40.78,39.08,40.89,38.69,38.66,38.75,39.8
20139,36.02,37.42,42.62,41.71,40.89,40.88,41.4,42.5,41.06,40.05,43.05,39.45,40.29,40.04,40.85,42.95,42.88,44.93,40.78,39.08,40.89,38.69,38.66,38.75,39.8
20141,36.02,37.42,42.62,41.71,40.89,40.88,41.4,42.5,41.06,40.05,43.05,39.45,40.29,40.04,40.85,42.95,42.88,44.93,40.78,39.08,40.89,38.69,38.66,38.75,39.8
20143,36.02,37.42,42.62,41.71,40.89,40.88,41.4,42.5,41.06,40.05,43.05,39.45,40.29,40.04,40.85,42.95,42.88,44.93,40.78,39.08,40.89,38.69,38.66,38.75,39.8
20145,36.02,37.42,42.62,41.71,40.89,40.88,41.4,42.5,41.06,40.05,43.05,39.45,40.29,40.04,40.85,42.95,42.88,44.93,40.78,39.08,40.89,38.69,38.66,38.75,39.8
20147,36.02,37.42,42.62,41.71,40.89,40.88,41.4,42.5,41.06,40.05,43.05,39.45,40.29,40.04,40.85,42.95,42.88,44.93,40.78,39.08,40.89,38.69,38.66,38.75,39.8
20149,36.02,37.42,42.62,41.71,40.89,40.88,41.4,42.5,41.06,40.05,43.05,39.45,40.29,40.04,40.85,42.95,42.88,44.93,40.78,39.08,40.89,38.69,38.66,38.75,39.8
20151,36.02,37.42,42.62,41.71,40.89,40.88,41.4,42.5,41.06,40.05,43.05,39.45,40.29,40.04,40.85,42.95,42.88,44.93,40.78,39.08,40.89,38.69,38.66,38.75,39.8
20153,36.02,37.42,42.62,41.71,40.89,40.88,41.4,42.5,41.06,40.05,43.05,39.45,40.29,40.04,40.85,42.95,42.88,44.93,40.78,39.08,40.89,38.69,38.66,38.75,39.8
20155,36.02,37.42,42.62,41.71,40.89,40.88,41.4,42.5,41.06,40.05,43.05,39.45,40.29,40.04,40.85,42.95,42.88,44.93,40.78,39.08,40.89,38.69,38.66,38.75,39.8
20157,36.02,37.42,42.62,41.71,40.89,40.88,41.4,42.5,41.06,40.05,43.05,39.45,40.29,40.04,40.85,42.95,42.88,44.93,40.78,39.08,40.89,38.69,38.66,38.75,39.8
20159,36.02,37.42,42.62,41.71,40.89,40.88,41.4,42.5,41.06,40.05,43.05,39.45,40.29,40.04,40.85,42.95,42.88,44.93,40.78,39.08,40.89,38.69,38.66,38.75,39.8
20161,36.02,37.42,42.62,41.71,40.89,40.88,41.4,42.5,41.06,40.05,43.05,39.45,40.29,40.04,40.85,42.95,42.88,44.93,40.78,39.08,40.89,38.69,38.66,38.75,39.8
20163,36.02,37.42,42.62,41.71,40.89,40.88,41.4,42.5,41.06,40.05,43.05,39.45,40.29,40.04,40.85,42.95,42.88,44.93,40.78,39.08,40.89,38.69,38.66,38.75,39.8
20165,36.02,37.42,42.62,41.71,40.89,40.88,41.4,42.5,41.06,40.05,43.05,39.45,40.29,40.04,40.85,42.95,42.88,44.93,40.78,39.08,40.89,38.69,38.66,38.75,39.8
20167,36.02,37.42,42.62,41.71,40.89,40.88,41.4,42.5,41.06,40.05,43.05,39.45,40.29,40.04,40.85,42.95,42.88,44.93,40.78,39.08,40.89,38.69,38.66,38.75,39.8
20169,36.02,37.42,42.62,41.71,40.89,40.88,41.4,42.5,41.06,40.05,43.05,39.45,40.29,40.04,40.85,42.95,42.88,44.93,40.78,39.08,40.89,38.69,38.66,38.75,39.8
20171,36.02,37.42,42.62,41.71,40.89,40.88,41.4,42.5,41.06,40.05,43.05,39.45,40.29,40.04,40.85,42.95,42.88,44.93,40.78,39.08,40.89,38.69,38.66,38.75,39.8
20173,36.02,37.42,42.62,41.71,40.89,40.88,41.4,42.5,41.06,40.05,43.05,39.45,40.29,40.04,40.85,42.95,42.88,44.93,40.78,39.08,40.89,38.69,38.66,38.75,39.8
20175,36.02,37.42,42.62,41.71,40.89,40.88,41.4,42.5,41.06,40.05,43.05,39.45,40.29,40.04,40.85,42.95,42.88,44.93,40.78,39.08,40.89,38.69,38.66,38.75,39.8
20177,36.02,37.42,42.62,41.71,40.89,40.88,41.4,42.5,41.06,40.05,43.05,39.45,40.29,40.04,40.85,42.95,42.88,44.93,40.78,39.08,40.89,38.69,38.66,38.75,39.8
20179,36.02,37.42,42.62,41.71,40.89,40.88,41.4,42.5,41.06,40.05,43.05,39.45,40.29,40.04,40.85,42.95,42.88,44.93,40.78,39.08,40.89,38.69,38.66,38.75,39.8
20181,36.02,37.42,42.62,41.71,40.89,40.88,41.4,42.5,41.06,40.05,43.05,39.45,40.29,40.04,40.85,42.95,42.88,44.93,40.78,39.08,40.89,38.69,38.66,38.75,39.8
20183,36.02,37.42,42.62,41.71,40.89,40.88,41.4,42.5,41.06,40.05,43.05,39.45,40.29,40.04,40.85,42.95,42.88,44.93,40.78,39.08,40.89,38.69,38.66,38.75,39.8
20185,36.02,37.42,42.62,41.71,40.89,40.88,41.4,42.5,41.06,40.05,43.05,39.45,40.29,40.04,40.85,42.95,42.88,44.93,40.78,39.08,40.89,38.69,38.66,38.75,39.8
20187,36.02,37.42,42.62,41.71,40.89,40.88,41.4,42.5,41.06,40.05,43.05,39.45,40.29,40.04,40.85,42.95,42.88,44.93,40.78,39.08,40.89,38.69,38.66,38.75,39.8
20189,36.02,37.42,42.62,41.71,40.89,40.88,41.4,42.5,41.06,40.05,43.05,39.45,40.29,40.04,40.85,42.95,42.88,44.93,40.78,39.08,40.89,38.69,38.66,38.75,39.8
20191,36.02,37.42,42.62,41.71,40.89,40.88,41.4,42.5,41.06,40.05,43.05,39.45,40.29,40.04,40.85,42.95,42.88,44.93,40.78,39.08,40.89,38.69,38.66,38.75,39.8
20193,36.02,37.42,42.62,41.71,40.89,40.88,41.4,42.5,41.06,40.05,43.05,39.45,40.29,40.04,40.85,42.95,42.88,44.93,40.78,39.08,40.89,38.69,38.66,38.75,39.8
20195,36.02,37.42,42.62,41.71,40.89,40.88,41.4,42.5,41.06,40.05,43.05,39.45,40.29,40.04,40.85,42.95,42.88,44.93,40.78,39.08,40.89,38.69,38.66,38.75,39.8
20197,36.02,37.42,42.62,41.71,40.89,40.88,41.4,42.5,41.06,40.05,43.05,39.45,40.29,40.04,40.85,42.95,42.88,44.93,40.78,39.08,40.89,38.69,38.66,38.75,39.8
20199,36.02,37.42,42.62,41.71,40.89,40.88,41.4,42.5,41.06,40.05,43.05,39.45,40.29,40.04,40.85,42.95,42.88,44.93,40.78,39.08,40.89,38.69,38.66,38.75,39.8
20201,36.02,37.42,42.62,41.71,40.89,40.88,41.4,42.5,41.06,40.05,43.05,39.45,40.29,40.04,40.85,42.95,42.88,44.93,40.78,39.08,40.89,38.69,38.66,38.75,39.8
20203,36.02,37.42,42.62,41.71,40.89,40.88,41.4,42.5,41.06,40.05,43.05,39.45,40.29,40.04,40.85,42.95,42.88,44.93,40.78,39.08,40.89,38.69,38.66,38.75,39.8
20205,36.02,37.42,42.62,41.71,40.89,40.88,41.4,42.5,41.06,40.05,43.05,39.45,40.29,40.04,40.85,42.95,42.88,44.93,40.78,39.08,40.89,38.69,38.66,38.75,39.8
20207,36.02,37.42,42.62,41.71,40.89,40.88,41.4,42.5,41.06,40.05,43.05,39.45,40.29,40.04,40.85,42.95,42.88,44.93,40.78,39.08,40.89,38.69,38.66,38.75,39.8
20209,36.02,37.42,42.62,41.71,40.89,40.88,41.4,42.5,41.06,40.05,43.05,39.45,40.29,40.04,40.85,42.95,42.88,44.93,40.78,39.08,40.89,38.69,38.66,38.75,39.8
21001,36.02,37.42,42.62,41.71,40.89,40.88,41.4,42.5,41.06,40.05,43.05,39.45,40.29,40.04,40.85,42.95,42.88,44.93,40.78,39.08,40.89,38.69,38.66,38.75,39.8
21003,36.02,37.42,42.62,41.71,40.89,40.88,41.4,42.5,41.06,40.05,43.05,39.45,40.29,40.04,40.85,42.95,42.88,44.93,40.78,39.08,40.89,38.69,38.66,38.75,39.8
21005,36.02,37.42,42.62,41.71,40.89,40.88,41.4,42.5,41.06,40.05,43.05,39.45,40.29,40.04,40.85,42.95,42.88,44.93,40.78,39.08,40.89,38.69,38.66,38.75,39.8
21007,36.02,37.42,42.62,41.71,40.89,40.88,41.4,42.5,41.06,40.05,43.05,39.45,40.29,40.04,40.85,42.95,42.88,44.93,40.78,39.08,40.89,38.69,38.66,38.75,39.8
21009,36.02,37.42,42.62,41.71,40.89,40.88,41.4,42.5,41.06,40.05,43.05,39.45,40.29,40.04,40.85,42.95,42.88,44.93,40.78,39.08,40.89,38.69,38.66,38.75,39.8
21011,36.02,37.42,42.62,41.71,40.89,40.88,41.4,42.5,41.06,40.05,43.05,39.45,40.29,40.04,40.85,42.95,42.88,44.93,40.78,39.08,40.89,38.69,38.66,38.75,39.8
21013,36.02,37.42,42.62,41.71,40.89,40.88,41.4,42.5,41.06,40.05,43.05,39.45,40.29,40.04,40.85,42.95,42.88,44.93,40.78,39.08,40.89,38.69,38.66,38.75,39.8
21015,36.02,37.42,42.62,41.71,40.89,40.88,41.4,42.5,41.06,40.05,43.05,39.45,40.29,40.04,40.85,42.95,42.88,44.93,40.78,39.08,40.89,38.69,38.66,38.75,39.8
21017,36.02,37.42,42.62,41.71,40.89,40.88,41.4,42.5,41.06,40.05,43.05,39.45,40.29,40.04,40.85,42.95,42.88,44.93,40.78,39.08,40.89,38.69,38.66,38.75,39.8
21019,36.02,37.42,42.62,41.71,40.89,40.88,41.4,42.5,41.06,40.05,43.05,39.45,40.29,40.04,40.85,42.95,42.88,44.93,40.78,39.08,40.89,38.69,38.66,38.75,39.8
21021,36.02,37.42,42.62,41.71,40.89,40.88,41.4,42.5,41.06,40.05,43.05,39.45,40.29,40.04,40.85,42.95,42.88,44.93,40.78,39.08,40.89,38.69,38.66,38.75,39.8
21023,36.02,37.42,42.62,41.71,40.89,40.88,41.4,42.5,41.06,40.05,43.05,39.45,40.29,40.04,40.85,42.95,42.88,44.93,40.78,39.08,40.89,38.69,38.66,38.75,39.8
21025,36.02,37.42,42.62,41.71,40.89,40.88,41.4,42.5,41.06,40.05,43.05,39.45,40.29,40.04,40.85,42.95,42.88,44.93,40.78,39.08,40.89,38.69,38.66,38.75,39.8
21027,36.02,37.42,42.62,41.71,40.89,40.88,41.4,42.5,41.06,40.05,43.05,39.45,40.29,40.04,40.85,42.95,42.88,44.93,40.78,39.08,40.89,38.69,38.66,38.75,39.8
21029,36.02,37.42,42.62,41.71,40.89,40.88,41.4,42.5,41.06,40.05,43.05,39.45,40.29,40.04,40.85,42.95,42.88,44.93,40.78,39.08,40.89,38.69,38.66,38.75,39.8
21031,36.02,37.42,42.62,41.71,40.89,40.88,41.4,42.5,41.06,40.05,43.05,39.45,40.29,40.04,40.85,42.95,42.88,44.93,40.78,39.08,40.89,38.69,38.66,38.75,39.8
21033,36.02,37.42,42.62,41.71,40.89,40.88,41.4,42.5,41.06,40.05,43.05,39.45,40.29,40.04,40.85,42.95,42.88,44.93,40.78,39.08,40.89,38.69,38.66,38.75,39.8
21035,36.02,37.42,42.62,41.71,40.89,40.88,41.4,42.5,41.06,40.05,43.05,39.45,40.29,40.04,40.85,42.95,42.88,44.93,40.78,39.08,40.89,38.69,38.66,38.75,39.8
21037,36.02,37.42,42.62,41.71,40.89,40.88,41.4,42.5,41.06,40.05,43.05,39.45,40.29,40.04,40.85,42.95,42.88,44.93,40.78,39.08,40.89,38.69,38.66,38.75,39.8
21039,36.02,37.42,42.62,41.71,40.89,40.88,41.4,42.5,41.06,40.05,43.05,39.45,40.29,40.04,40.85,42.95,42.88,44.93,40.78,39.08,40.89,38.69,38.66,38.75,39.8
21041,36.02,37.42,42.62,41.71,40.89,40.88,41.4,42.5,41.06,40.05,43.05,39.45,40.29,40.04,40.85,42.95,42.88,44.93,40.78,39.08,40.89,38.69,38.66,38.75,39.8
21043,36.02,37.42,42.62,41.71,40.89,40.88,41.4,42.5,41.06,40.05,43.05,39.45,40.29,40.04,40.85,42.95,42.88,44.93,40.78,39.08,40.89,38.69,38.66,38.75,39.8
21045,36.02,37.42,42.62,41.71,40.89,40.88,41.4,42.5,41.06,40.05,43.05,39.45,40.29,40.04,40.85,42.95,42.88,44.93,40.78,39.08,40.89,38.69,38.66,38.75,39.8
21047,36.02,37.42,42.62,41.71,40.89,40.88,41.4,42.5,41.06,40.05,43.05,39.45,40.29,40.04,40.85,42.95,42.88,44.93,40.78,39.08,40.89,38.69,38.66,38.75,39.8
21049,36.02,37.42,42.62,41.71,40.89,40.88,41.4,42.5,41.06,40.05,43.05,39.45,40.29,40.04,40.85,42.95,42.88,44.93,40.78,39.08,40.89,38.69,38.66,38.75,39.8
21051,36.02,37.42,42.62,41.71,40.89,40.88,41.4,42.5,41.06,40.05,43.05,39.45,40.29,40.04,40.85,42.95,42.88,44.93,40.78,39.08,40.89,38.69,38.66,38.75,39.8
21053,36.02,37.42,42.62,41.71,40.89,40.88,41.4,42.5,41.06,40.05,43.05,39.45,40.29,40.04,40.85,42.95,42.88,44.93,40.78,39.08,40.89,38.69,38.66,38.75,39.8
21055,36.02,37.42,42.62,41.71,40.89,40.88,41.4,42.5,41.06,40.05,43.05,39.45,40.29,40.04,40.85,42.95,42.88,44.93,40.78,39.08,40.89,38.69,38.66,38.75,39.8
21057,36.02,37.42,42.62,41.71,40.89,40.88,41.4,42.5,41.06,40.05,43.05,39.45,40.29,40.04,40.85,42.95,42.88,44.93,40.78,39.08,40.89,38.69,38.66,38.75,39.8
21059,36.02,37.42,42.62,41.71,40.89,40.88,41.4,42.5,41.06,40.05,43.05,39.45,40.29,40.04,40.85,42.95,42.88,44.93,40.78,39.08,40.89,38.69,38.66,38.75,39.8
21061,36.02,37.42,42.62,41.71,40.89,40.88,41.4,42.5,41.06,40.05,43.05,39.45,40.29,40.04,40.85,42.95,42.88,44.93,40.78,39.08,40.89,38.69,38.66,38.75,39.8
21063,36.02,37.42,42.62,41.71,40.89,40.88,41.4,42.5,41.06,40.05,43.05,39.45,40.29,40.04,40.85,42.95,42.88,44.93,40.78,39.08,40.89,38.69,38.66,38.75,39.8
21065,36.02,37.42,42.62,41.71,40.89,40.88,41.4,42.5,41.06,40.05,43.05,39.45,40.29,40.04,40.85,42.95,42.88,44.93,40.78,39.08,40.89,38.69,38.66,38.75,39.8
21067,36.02,37.42,42.62,41.71,40.89,40.88,41.4,42.5,41.06,40.05,43.05,39.45,40.29,40.04,40.85,42.95,42.88,44.93,40.78,39.08,40.89,38.69,38.66,38.75,39.8
21069,36.02,37.42,42.62,41.71,40.89,40.88,41.4,42.5,41.06,40.05,43.05,39.45,40.29,40.04,40.85,42.95,42.88,44.93,40.78,39.08,40.89,38.69,38.66,38.75,39.8
21071,36.02,37.42,42.62,41.71,40.89,40.88,41.4,42.5,41.06,40.05,43.05,39.45,40.29,40.04,40.85,42.95,42.88,44.93,40.78,39.08,40.89,38.69,38.66,38.75,39.8
21073,36.02,37.42,42.62,41.71,40.89,40.88,41.4,42.5,41.06,40.05,43.05,39.45,40.29,40.04,40.85,42.95,42.88,44.93,40.78,39.08,40.89,38.69,38.66,38.75,39.8
21075,36.02,37.42,42.62,41.71,40.89,40.88,41.4,42.5,41.06,40.05,43.05,39.45,40.29,40.04,40.85,42.95,42.88,44.93,40.78,39.08,40.89,38.69,38.66,38.75,39.8
21077,36.02,37.42,42.62,41.71,40.89,40.88,41.4,42.5,41.06,40.05,43.05,39.45,40.29,40.04,40.85,42.95,42.88,44.93,40.78,39.08,40.89,38.69,38.66,38.75,39.8
21079,36.02,37.42,42.62,41.71,40.89,40.88,41.4,42.5,41.06,40.05,43.05,39.45,40.29,40.04,40.85,42.95,42.88,44.93,40.78,39.08,40.89,38.69,38.66,38.75,39.8
21081,36.02,37.42,42.62,41.71,40.89,40.88,41.4,42.5,41.06,40.05,43.05,39.45,40.29,40.04,40.85,42.95,42.88,44.93,40.78,39.08,40.89,38.69,38.66,38.75,39.8
21083,36.02,37.42,42.62,41.71,40.89,40.88,41.4,42.5,41.06,40.05,43.05,39.45,40.29,40.04,40.85,42.95,42.88,44.93,40.78,39.08,40.89,38.69,38.66,38.75,39.8
21085,36.02,37.42,42.62,41.71,40.89,40.88,41.4,42.5,41.06,40.05,43.05,39.45,40.29,40.04,40.85,42.95,42.88,44.93,40.78,39.08,40.89,38.69,38.66,38.75,39.8
21087,36.02,37.42,42.62,41.71,40.89,40.88,41.4,42.5,41.06,40.05,43.05,39.45,40.29,40.04,40.85,42.95,42.88,44.93,40.78,39.08,40.89,38.69,38.66,38.75,39.8
21089,36.02,37.42,42.62,41.71,40.89,40.88,41.4,42.5,41.06,40.05,43.05,39.45,40.29,40.04,40.85,42.95,42.88,44.93,40.78,39.08,40.89,38.69,38.66,38.75,39.8
21091,36.02,37.42,42.62,41.71,40.89,40.88,41.4,42.5,41.06,40.05,43.05,39.45,40.29,40.04,40.85,42.95,42.88,44.93,40.78,39.08,40.89,38.69,38.66,38.75,39.8
21093,36.02,37.42,42.62,41.71,40.89,40.88,41.4,42.5,41.06,40.05,43.05,39.45,40.29,40.04,40.85,42.95,42.88,44.93,40.78,39.08,40.89,38.69,38.66,38.75,39.8
21095,36.02,37.42,42.62,41.71,40.89,40.88,41.4,42.5,41.06,40.05,43.05,39.45,40.29,40.04,40.85,42.95,42.88,44.93,40.78,39.08,40.89,38.69,38.66,38.75,39.8
21097,36.02,37.42,42.62,41.71,40.89,40.88,41.4,42.5,41.06,40.05,43.05,39.45,40.29,40.04,40.85,42.95,42.88,44.93,40.78,39.08,40.89,38.69,38.66,38.75,39.8
21099,36.02,37.42,42.62,41.71,40.89,40.88,41.4,42.5,41.06,40.05,43.05,39.45,40.29,40.04,40.85,42.95,42.88,44.93,40.78,39.08,40.89,38.69,38.66,38.75,39.8
21101,36.02,37.42,42.62,41.71,40.89,40.88,41.4,42.5,41.06,40.05,43.05,39.45,40.29,40.04,40.85,42.95,42.88,44.93,40.78,39.08,40.89,38.69,38.66,38.75,39.8
21103,36.02,37.42,42.62,41.71,40.89,40.88,41.4,42.5,41.06,40.05,43.05,39.45,40.29,40.04,40.85,42.95,42.88,44.93,40.78,39.08,40.89,38.69,38.66,38.75,39.8
21105,36.02,37.42,42.62,41.71,40.89,40.88,41.4,42.5,41.06,40.05,43.05,39.45,40.29,40.04,40.85,42.95,42.88,44.93,40.78,39.08,40.89,38.69,38.66,38.75,39.8
21107,36.02,37.42,42.62,41.71,40.89,40.88,41.4,42.5,41.06,40.05,43.05,39.45,40.29,40.04,40.85,42.95,42.88,44.93,40.78,39.08,40.89,38.69,38.66,38.75,39.8
21109,36.02,37.42,42.62,41.71,40.89,40.88,41.4,42.5,41.06,40.05,43.05,39.45,40.29,40.04,40.85,42.95,42.88,44.93,40.78,39.08,40.89,38.69,38.66,38.75,39.8
21111,36.02,37.42,42.62,41.71,40.89,40.88,41.4,42.5,41.06,40.05,43.05,39.45,40.29,40.04,40.85,42.95,42.88,44.93,40.78,39.08,40.89,38.69,38.66,38.75,39.8
21113,36.02,37.42,42.62,41.71,40.89,40.88,41.4,42.5,41.06,40.05,43.05,39.45,40.29,40.04,40.85,42.95,42.88,44.93,40.78,39.08,40.89,38.69,38.66,38.75,39.8
21115,36.02,37.42,42.62,41.71,40.89,40.88,41.4,42.5,41.06,40.05,43.05,39.45,40.29,40.04,40.85,42.95,42.88,44.93,40.78,39.08,40.89,38.69,38.66,38.75,39.8
21117,36.02,37.42,42.62,41.71,40.89,40.88,41.4,42.5,41.06,40.05,43.05,39.45,40.29,40.04,40.85,42.95,42.88,44.93,40.78,39.08,40.89,38.69,38.66,38.75,39.8
21119,36.02,37.42,42.62,41.71,40.89,40.88,41.4,42.5,41.06,40.05,43.05,39.45,40.29,40.04,40.85,42.95,42.88,44.93,40.78,39.08,40.89,38.69,38.66,38.75,39.8
21121,36.02,37.42,42.62,41.71,40.89,40.88,41.4,42.5,41.06,40.05,43.05,39.45,40.29,40.04,40.85,42.95,42.88,44.93,40.78,39.08,40.89,38.69,38.66,38.75,39.8
21123,36.02,37.42,42.62,41.71,40.89,40.88,41.4,42.5,41.06,40.05,43.05,39.45,40.29,40.04,40.85,42.95,42.88,44.93,40.78,39.08,40.89,38.69,38.66,38.75,39.8
21125,36.02,37.42,42.62,41.71,40.89,40.88,41.4,42.5,41.06,40.05,43.05,39.45,40.29,40.04,40.85,42.95,42.88,44.93,40.78,39.08,40.89,38.69,38.66,38.75,39.8
21127,36.02,37.42,42.62,41.71,40.89,40.88,41.4,42.5,41.06,40.05,43.05,39.45,40.29,40.04,40.85,42.95,42.88,44.93,40.78,39.08,40.89,38.69,38.66,38.75,39.8
21129,36.02,37.42,42.62,41.71,40.89,40.88,41.4,42.5,41.06,40.05,43.05,39.45,40.29,40.04,40.85,42.95,42.88,44.93,40.78,39.08,40.89,38.69,38.66,38.75,39.8
21131,36.02,37.42,42.62,41.71,40.89,40.88,41.4,42.5,41.06,40.05,43.05,39.45,40.29,40.04,40.85,42.95,42.88,44.93,40.78,39.08,40.89,38.69,38.66,38.75,39.8
21133,36.02,37.42,42.62,41.71,40.89,40.88,41.4,42.5,41.06,40.05,43.05,39.45,40.29,40.04,40.85,42.95,42.88,44.93,40.78,39.08,40.89,38.69,38.66,38.75,39.8
21135,36.02,37.42,42.62,41.71,40.89,40.88,41.4,42.5,41.06,40.05,43.05,39.45,40.29,40.04,40.85,42.95,42.88,44.93,40.78,39.08,40.89,38.69,38.66,38.75,39.8
21137,36.02,37.42,42.62,41.71,40.89,40.88,41.4,42.5,41.06,40.05,43.05,39.45,40.29,40.04,40.85,42.95,42.88,44.93,40.78,39.08,40.89,38.69,38.66,38.75,39.8
21139,36.02,37.42,42.62,41.71,40.89,40.88,41.4,42.5,41.06,40.05,43.05,39.45,40.29,40.04,40.85,42.95,42.88,44.93,40.78,39.08,40.89,38.69,38.66,38.75,39.8
21141,36.02,37.42,42.62,41.71,40.89,40.88,41.4,42.5,41.06,40.05,43.05,39.45,40.29,40.04,40.85,42.95,42.88,44.93,40.78,39.08,40.89,38.69,38.66,38.75,39.8
21143,36.02,37.42,42.62,41.71,40.89,40.88,41.4,42.5,41.06,40.05,43.05,39.45,40.29,40.04,40.85,42.95,42.88,44.93,40.78,39.08,40.89,38.69,38.66,38.75,39.8
21145,36.02,37.42,42.62,41.71,40.89,40.88,41.4,42.5,41.06,40.05,43.05,39.45,40.29,40.04,40.85,42.95,42.88,44.93,40.78,39.08,40.89,38.69,38.66,38.75,39.8
21147,36.02,37.42,42.62,41.71,40.89,40.88,41.4,42.5,41.06,40.05,43.05,39.45,40.29,40.04,40.85,42.95,42.88,44.93,40.78,39.08,40.89,38.69,38.66,38.75,39.8
21149,36.02,37.42,42.62,41.71,40.89,40.88,41.4,42.5,41.06,40.05,43.05,39.45,40.29,40.04,40.85,42.95,42.88,44.93,40.78,39.08,40.89,38.69,38.66,38.75,39.8
21151,36.02,37.42,42.62,41.71,40.89,40.88,41.4,42.5,41.06,40.05,43.05,39.45,40.29,40.04,40.85,42.95,42.88,44.93,40.78,39.08,40.89,38.69,38.66,38.75,39.8
21153,36.02,37.42,42.62,41.71,40.89,40.88,41.4,42.5,41.06,40.05,43.05,39.45,40.29,40.04,40.85,42.95,42.88,44.93,40.78,39.08,40.89,38.69,38.66,38.75,39.8
21155,36.02,37.42,42.62,41.71,40.89,40.88,41.4,42.5,41.06,40.05,43.05,39.45,40.29,40.04,40.85,42.95,42.88,44.93,40.78,39.08,40.89,38.69,38.66,38.75,39.8
21157,36.02,37.42,42.62,41.71,40.89,40.88,41.4,42.5,41.06,40.05,43.05,39.45,40.29,40.04,40.85,42.95,42.88,44.93,40.78,39.08,40.89,38.69,38.66,38.75,39.8
21159,36.02,37.42,42.62,41.71,40.89,40.88,41.4,42.5,41.06,40.05,43.05,39.45,40.29,40.04,40.85,42.95,42.88,44.93,40.78,39.08,40.89,38.69,38.66,38.75,39.8
21161,36.02,37.42,42.62,41.71,40.89,40.88,41.4,42.5,41.06,40.05,43.05,39.45,40.29,40.04,40.85,42.95,42.88,44.93,40.78,39.08,40.89,38.69,38.66,38.75,39.8
21163,36.02,37.42,42.62,41.71,40.89,40.88,41.4,42.5,41.06,40.05,43.05,39.45,40.29,40.04,40.85,42.95,42.88,44.93,40.78,39.08,40.89,38.69,38.66,38.75,39.8
21165,36.02,37.42,42.62,41.71,40.89,40.88,41.4,42.5,41.06,40.05,43.05,39.45,40.29,40.04,40.85,42.95,42.88,44.93,40.78,39.08,40.89,38.69,38.66,38.75,39.8
21167,36.02,37.42,42.62,41.71,40.89,40.88,41.4,42.5,41.06,40.05,43.05,39.45,40.29,40.04,40.85,42.95,42.88,44.93,40.78,39.08,40.89,38.69,38.66,38.75,39.8
21169,36.02,37.42,42.62,41.71,40.89,40.88,41.4,42.5,41.06,40.05,43.05,39.45,40.29,40.04,40.85,42.95,42.88,44.93,40.78,39.08,40.89,38.69,38.66,38.75,39.8
21171,36.02,37.42,42.62,41.71,40.89,40.88,41.4,42.5,41.06,40.05,43.05,39.45,40.29,40.04,40.85,42.95,42.88,44.93,40.78,39.08,40.89,38.69,38.66,38.75,39.8
21173,36.02,37.42,42.62,41.71,40.89,40.88,41.4,42.5,41.06,40.05,43.05,39.45,40.29,40.04,40.85,42.95,42.88,44.93,40.78,39.08,40.89,38.69,38.66,38.75,39.8
21175,36.02,37.42,42.62,41.71,40.89,40.88,41.4,42.5,41.06,40.05,43.05,39.45,40.29,40.04,40.85,42.95,42.88,44.93,40.78,39.08,40.89,38.69,38.66,38.75,39.8
21177,36.02,37.42,42.62,41.71,40.89,40.88,41.4,42.5,41.06,40.05,43.05,39.45,40.29,40.04,40.85,42.95,42.88,44.93,40.78,39.08,40.89,38.69,38.66,38.75,39.8
21179,36.02,37.42,42.62,41.71,40.89,40.88,41.4,42.5,41.06,40.05,43.05,39.45,40.29,40.04,40.85,42.95,42.88,44.93,40.78,39.08,40.89,38.69,38.66,38.75,39.8
21181,36.02,37.42,42.62,41.71,40.89,40.88,41.4,42.5,41.06,40.05,43.05,39.45,40.29,40.04,40.85,42.95,42.88,44.93,40.78,39.08,40.89,38.69,38.66,38.75,39.8
21183,36.02,37.42,42.62,41.71,40.89,40.88,41.4,42.5,41.06,40.05,43.05,39.45,40.29,40.04,40.85,42.95,42.88,44.93,40.78,39.08,40.89,38.69,38.66,38.75,39.8
21185,36.02,37.42,42.62,41.71,40.89,40.88,41.4,42.5,41.06,40.05,43.05,39.45,40.29,40.04,40.85,42.95,42.88,44.93,40.78,39.08,40.89,38.69,38.66,38.75,39.8
21187,36.02,37.42,42.62,41.71,40.89,40.88,41.4,42.5,41.06,40.05,43.05,39.45,40.29,40.04,40.85,42.95,42.88,44.93,40.78,39.08,40.89,38.69,38.66,38.75,39.8
21189,36.02,37.42,42.62,41.71,40.89,40.88,41.4,42.5,41.06,40.05,43.05,39.45,40.29,40.04,40.85,42.95,42.88,44.93,40.78,39.08,40.89,38.69,38.66,38.75,39.8
21191,36.02,37.42,42.62,41.71,40.89,40.88,41.4,42.5,41.06,40.05,43.05,39.45,40.29,40.04,40.85,42.95,42.88,44.93,40.78,39.08,40.89,38.69,38.66,38.75,39.8
21193,36.02,37.42,42.62,41.71,40.89,40.88,41.4,42.5,41.06,40.05,43.05,39.45,40.29,40.04,40.85,42.95,42.88,44.93,40.78,39.08,40.89,38.69,38.66,38.75,39.8
21195,36.02,37.42,42.62,41.71,40.89,40.88,41.4,42.5,41.06,40.05,43.05,39.45,40.29,40.04,40.85,42.95,42.88,44.93,40.78,39.08,40.89,38.69,38.66,38.75,39.8
21197,36.02,37.42,42.62,41.71,40.89,40.88,41.4,42.5,41.06,40.05,43.05,39.45,40.29,40.04,40.85,42.95,42.88,44.93,40.78,39.08,40.89,38.69,38.66,38.75,39.8
21199,36.02,37.42,42.62,41.71,40.89,40.88,41.4,42.5,41.06,40.05,43.05,39.45,40.29,40.04,40.85,42.95,42.88,44.93,40.78,39.08,40.89,38.69,38.66,38.75,39.8
21201,36.02,37.42,42.62,41.71,40.89,40.88,41.4,42.5,41.06,40.05,43.05,39.45,40.29,40.04,40.85,42.95,42.88,44.93,40.78,39.08,40.89,38.69,38.66,38.75,39.8
21203,36.02,37.42,42.62,41.71,40.89,40.88,41.4,42.5,41.06,40.05,43.05,39.45,40.29,40.04,40.85,42.95,42.88,44.93,40.78,39.08,40.89,38.69,38.66,38.75,39.8
21205,36.02,37.42,42.62,41.71,40.89,40.88,41.4,42.5,41.06,40.05,43.05,39.45,40.29,40.04,40.85,42.95,42.88,44.93,40.78,39.08,40.89,38.69,38.66,38.75,39.8
21207,36.02,37.42,42.62,41.71,40.89,40.88,41.4,42.5,41.06,40.05,43.05,39.45,40.29,40.04,40.85,42.95,42.88,44.93,40.78,39.08,40.89,38.69,38.66,38.75,39.8
21209,36.02,37.42,42.62,41.71,40.89,40.88,41.4,42.5,41.06,40.05,43.05,39.45,40.29,40.04,40.85,42.95,42.88,44.93,40.78,39.08,40.89,38.69,38.66,38.75,39.8
21211,36.02,37.42,42.62,41.71,40.89,40.88,41.4,42.5,41.06,40.05,43.05,39.45,40.29,40.04,40.85,42.95,42.88,44.93,40.78,39.08,40.89,38.69,38.66,38.75,39.8
21213,36.02,37.42,42.62,41.71,40.89,40.88,41.4,42.5,41.06,40.05,43.05,39.45,40.29,40.04,40.85,42.95,42.88,44.93,40.78,39.08,40.89,38.69,38.66,38.75,39.8
21215,36.02,37.42,42.62,41.71,40.89,40.88,41.4,42.5,41.06,40.05,43.05,39.45,40.29,40.04,40.85,42.95,42.88,44.93,40.78,39.08,40.89,38.69,38.66,38.75,39.8
21217,36.02,37.42,42.62,41.71,40.89,40.88,41.4,42.5,41.06,40.05,43.05,39.45,40.29,40.04,40.85,42.95,42.88,44.93,40.78,39.08,40.89,38.69,38.66,38.75,39.8
21219,36.02,37.42,42.62,41.71,40.89,40.88,41.4,42.5,41.06,40.05,43.05,39.45,40.29,40.04,40.85,42.95,42.88,44.93,40.78,39.08,40.89,38.69,38.66,38.75,39.8
21221,36.02,37.42,42.62,41.71,40.89,40.88,41.4,42.5,41.06,40.05,43.05,39.45,40.29,40.04,40.85,42.95,42.88,44.93,40.78,39.08,40.89,38.69,38.66,38.75,39.8
21223,36.02,37.42,42.62,41.71,40.89,40.88,41.4,42.5,41.06,40.05,43.05,39.45,40.29,40.04,40.85,42.95,42.88,44.93,40.78,39.08,40.89,38.69,38.66,38.75,39.8
21225,36.02,37.42,42.62,41.71,40.89,40.88,41.4,42.5,41.06,40.05,43.05,39.45,40.29,40.04,40.85,42.95,42.88,44.93,40.78,39.08,40.89,38.69,38.66,38.75,39.8
21227,36.02,37.42,42.62,41.71,40.89,40.88,41.4,42.5,41.06,40.05,43.05,39.45,40.29,40.04,40.85,42.95,42.88,44.93,40.78,39.08,40.89,38.69,38.66,38.75,39.8
21229,36.02,37.42,42.62,41.71,40.89,40.88,41.4,42.5,41.06,40.05,43.05,39.45,40.29,40.04,40.85,42.95,42.88,44.93,40.78,39.08,40.89,38.69,38.66,38.75,39.8
21231,36.02,37.42,42.62,41.71,40.89,40.88,41.4,42.5,41.06,40.05,43.05,39.45,40.29,40.04,40.85,42.95,42.88,44.93,40.78,39.08,40.89,38.69,38.66,38.75,39.8
21233,36.02,37.42,42.62,41.71,40.89,40.88,41.4,42.5,41.06,40.05,43.05,39.45,40.29,40.04,40.85,42.95,42.88,44.93,40.78,39.08,40.89,38.69,38.66,38.75,39.8
21235,36.02,37.42,42.62,41.71,40.89,40.88,41.4,42.5,41.06,40.05,43.05,39.45,40.29,40.04,40.85,42.95,42.88,44.93,40.78,39.08,40.89,38.69,38.66,38.75,39.8
21237,36.02,37.42,42.62,41.71,40.89,40.88,41.4,42.5,41.06,40.05,43.05,39.45,40.29,40.04,40.85,42.95,42.88,44.93,40.78,39.08,40.89,38.69,38.66,38.75,39.8
21239,36.02,37.42,42.62,41.71,40.89,40.88,41.4,42.5,41.06,40.05,43.05,39.45,40.29,40.04,40.85,42.95,42.88,44.93,40.78,39.08,40.89,38.69,38.66,38.75,39.8
22001,36.02,37.42,42.62,41.71,40.89,40.88,41.4,42.5,41.06,40.05,43.05,39.45,40.29,40.04,40.85,42.95,42.88,44.93,40.78,39.08,40.89,38.69,38.66,38.75,39.8
22003,36.02,37.42,42.62,41.71,40.89,40.88,41.4,42.5,41.06,40.05,43.05,39.45,40.29,40.04,40.85,42.95,42.88,44.93,40.78,39.08,40.89,38.69,38.66,38.75,39.8
22005,36.02,37.42,42.62,41.71,40.89,40.88,41.4,42.5,41.06,40.05,43.05,39.45,40.29,40.04,40.85,42.95,42.88,44.93,40.78,39.08,40.89,38.69,38.66,38.75,39.8
22007,36.02,37.42,42.62,41.71,40.89,40.88,41.4,42.5,41.06,40.05,43.05,39.45,40.29,40.04,40.85,42.95,42.88,44.93,40.78,39.08,40.89,38.69,38.66,38.75,39.8
22009,36.02,37.42,42.62,41.71,40.89,40.88,41.4,42.5,41.06,40.05,43.05,39.45,40.29,40.04,40.85,42.95,42.88,44.93,40.78,39.08,40.89,38.69,38.66,38.75,39.8
22011,36.02,37.42,42.62,41.71,40.89,40.88,41.4,42.5,41.06,40.05,43.05,39.45,40.29,40.04,40.85,42.95,42.88,44.93,40.78,39.08,40.89,38.69,38.66,38.75,39.8
22013,36.02,37.42,42.62,41.71,40.89,40.88,41.4,42.5,41.06,40.05,43.05,39.45,40.29,40.04,40.85,42.95,42.88,44.93,40.78,39.08,40.89,38.69,38.66,38.75,39.8
22015,36.02,37.42,42.62,41.71,40.89,40.88,41.4,42.5,41.06,40.05,43.05,39.45,40.29,40.04,40.85,42.95,42.88,44.93,40.78,39.08,40.89,38.69,38.66,38.75,39.8
22017,36.02,37.42,42.62,41.71,40.89,40.88,41.4,42.5,41.06,40.05,43.05,39.45,40.29,40.04,40.85,42.95,42.88,44.93,40.78,39.08,40.89,38.69,38.66,38.75,39.8
22019,36.02,37.42,42.62,41.71,40.89,40.88,41.4,42.5,41.06,40.05,43.05,39.45,40.29,40.04,40.85,42.95,42.88,44.93,40.78,39.08,40.89,38.69,38.66,38.75,39.8
22021,36.02,37.42,42.62,41.71,40.89,40.88,41.4,42.5,41.06,40.05,43.05,39.45,40.29,40.04,40.85,42.95,42.88,44.93,40.78,39.08,40.89,38.69,38.66,38.75,39.8
22023,36.02,37.42,42.62,41.71,40.89,40.88,41.4,42.5,41.06,40.05,43.05,39.45,40.29,40.04,40.85,42.95,42.88,44.93,40.78,39.08,40.89,38.69,38.66,38.75,39.8
22025,36.02,37.42,42.62,41.71,40.89,40.88,41.4,42.5,41.06,40.05,43.05,39.45,40.29,40.04,40.85,42.95,42.88,44.93,40.78,39.08,40.89,38.69,38.66,38.75,39.8
22027,36.02,37.42,42.62,41.71,40.89,40.88,41.4,42.5,41.06,40.05,43.05,39.45,40.29,40.04,40.85,42.95,42.88,44.93,40.78,39.08,40.89,38.69,38.66,38.75,39.8
22029,36.02,37.42,42.62,41.71,40.89,40.88,41.4,42.5,41.06,40.05,43.05,39.45,40.29,40.04,40.85,42.95,42.88,44.93,40.78,39.08,40.89,38.69,38.66,38.75,39.8
22031,36.02,37.42,42.62,41.71,40.89,40.88,41.4,42.5,41.06,40.05,43.05,39.45,40.29,40.04,40.85,42.95,42.88,44.93,40.78,39.08,40.89,38.69,38.66,38.75,39.8
22033,36.02,37.42,42.62,41.71,40.89,40.88,41.4,42.5,41.06,40.05,43.05,39.45,40.29,40.04,40.85,42.95,42.88,44.93,40.78,39.08,40.89,38.69,38.66,38.75,39.8
22035,36.02,37.42,42.62,41.71,40.89,40.88,41.4,42.5,41.06,40.05,43.05,39.45,40.29,40.04,40.85,42.95,42.88,44.93,40.78,39.08,40.89,38.69,38.66,38.75,39.8
22037,36.02,37.42,42.62,41.71,40.89,40.88,41.4,42.5,41.06,40.05,43.05,39.45,40.29,40.04,40.85,42.95,42.88,44.93,40.78,39.08,40.89,38.69,38.66,38.75,39.8
22039,36.02,37.42,42.62,41.71,40.89,40.88,41.4,42.5,41.06,40.05,43.05,39.45,40.29,40.04,40.85,42.95,42.88,44.93,40.78,39.08,40.89,38.69,38.66,38.75,39.8
22041,36.02,37.42,42.62,41.71,40.89,40.88,41.4,42.5,41.06,40.05,43.05,39.45,40.29,40.04,40.85,42.95,42.88,44.93,40.78,39.08,40.89,38.69,38.66,38.75,39.8
22043,36.02,37.42,42.62,41.71,40.89,40.88,41.4,42.5,41.06,40.05,43.05,39.45,40.29,40.04,40.85,42.95,42.88,44.93,40.78,39.08,40.89,38.69,38.66,38.75,39.8
22045,36.02,37.42,42.62,41.71,40.89,40.88,41.4,42.5,41.06,40.05,43.05,39.45,40.29,40.04,40.85,42.95,42.88,44.93,40.78,39.08,40.89,38.69,38.66,38.75,39.8
22047,36.02,37.42,42.62,41.71,40.89,40.88,41.4,42.5,41.06,40.05,43.05,39.45,40.29,40.04,40.85,42.95,42.88,44.93,40.78,39.08,40.89,38.69,38.66,38.75,39.8
22049,36.02,37.42,42.62,41.71,40.89,40.88,41.4,42.5,41.06,40.05,43.05,39.45,40.29,40.04,40.85,42.95,42.88,44.93,40.78,39.08,40.89,38.69,38.66,38.75,39.8
22051,36.02,37.42,42.62,41.71,40.89,40.88,41.4,42.5,41.06,40.05,43.05,39.45,40.29,40.04,40.85,42.95,42.88,44.93,40.78,39.08,40.89,38.69,38.66,38.75,39.8
22053,36.02,37.42,42.62,41.71,40.89,40.88,41.4,42.5,41.06,40.05,43.05,39.45,40.29,40.04,40.85,42.95,42.88,44.93,40.78,39.08,40.89,38.69,38.66,38.75,39.8
22055,36.02,37.42,42.62,41.71,40.89,40.88,41.4,42.5,41.06,40.05,43.05,39.45,40.29,40.04,40.85,42.95,42.88,44.93,40.78,39.08,40.89,38.69,38.66,38.75,39.8
22057,36.02,37.42,42.62,41.71,40.89,40.88,41.4,42.5,41.06,40.05,43.05,39.45,40.29,40.04,40.85,42.95,42.88,44.93,40.78,39.08,40.89,38.69,38.66,38.75,39.8
22059,36.02,37.42,42.62,41.71,40.89,40.88,41.4,42.5,41.06,40.05,43.05,39.45,40.29,40.04,40.85,42.95,42.88,44.93,40.78,39.08,40.89,38.69,38.66,38.75,39.8
22061,36.02,37.42,42.62,41.71,40.89,40.88,41.4,42.5,41.06,40.05,43.05,39.45,40.29,40.04,40.85,42.95,42.88,44.93,40.78,39.08,40.89,38.69,38.66,38.75,39.8
22063,36.02,37.42,42.62,41.71,40.89,40.88,41.4,42.5,41.06,40.05,43.05,39.45,40.29,40.04,40.85,42.95,42.88,44.93,40.78,39.08,40.89,38.69,38.66,38.75,39.8
22065,36.02,37.42,42.62,41.71,40.89,40.88,41.4,42.5,41.06,40.05,43.05,39.45,40.29,40.04,40.85,42.95,42.88,44.93,40.78,39.08,40.89,38.69,38.66,38.75,39.8
22067,36.02,37.42,42.62,41.71,40.89,40.88,41.4,42.5,41.06,40.05,43.05,39.45,40.29,40.04,40.85,42.95,42.88,44.93,40.78,39.08,40.89,38.69,38.66,38.75,39.8
22069,36.02,37.42,42.62,41.71,40.89,40.88,41.4,42.5,41.06,40.05,43.05,39.45,40.29,40.04,40.85,42.95,42.88,44.93,40.78,39.08,40.89,38.69,38.66,38.75,39.8
22071,36.02,37.42,42.62,41.71,40.89,40.88,41.4,42.5,41.06,40.05,43.05,39.45,40.29,40.04,40.85,42.95,42.88,44.93,40.78,39.08,40.89,38.69,38.66,38.75,39.8
22073,36.02,37.42,42.62,41.71,40.89,40.88,41.4,42.5,41.06,40.05,43.05,39.45,40.29,40.04,40.85,42.95,42.88,44.93,40.78,39.08,40.89,38.69,38.66,38.75,39.8
22075,36.02,37.42,42.62,41.71,40.89,40.88,41.4,42.5,41.06,40.05,43.05,39.45,40.29,40.04,40.85,42.95,42.88,44.93,40.78,39.08,40.89,38.69,38.66,38.75,39.8
22077,36.02,37.42,42.62,41.71,40.89,40.88,41.4,42.5,41.06,40.05,43.05,39.45,40.29,40.04,40.85,42.95,42.88,44.93,40.78,39.08,40.89,38.69,38.66,38.75,39.8
22079,36.02,37.42,42.62,41.71,40.89,40.88,41.4,42.5,41.06,40.05,43.05,39.45,40.29,40.04,40.85,42.95,42.88,44.93,40.78,39.08,40.89,38.69,38.66,38.75,39.8
22081,36.02,37.42,42.62,41.71,40.89,40.88,41.4,42.5,41.06,40.05,43.05,39.45,40.29,40.04,40.85,42.95,42.88,44.93,40.78,39.08,40.89,38.69,38.66,38.75,39.8
22083,36.02,37.42,42.62,41.71,40.89,40.88,41.4,42.5,41.06,40.05,43.05,39.45,40.29,40.04,40.85,42.95,42.88,44.93,40.78,39.08,40.89,38.69,38.66,38.75,39.8
22085,36.02,37.42,42.62,41.71,40.89,40.88,41.4,42.5,41.06,40.05,43.05,39.45,40.29,40.04,40.85,42.95,42.88,44.93,40.78,39.08,40.89,38.69,38.66,38.75,39.8
22087,36.02,37.42,42.62,41.71,40.89,40.88,41.4,42.5,41.06,40.05,43.05,39.45,40.29,40.04,40.85,42.95,42.88,44.93,40.78,39.08,40.89,38.69,38.66,38.75,39.8
22089,36.02,37.42,42.62,41.71,40.89,40.88,41.4,42.5,41.06,40.05,43.05,39.45,40.29,40.04,40.85,42.95,42.88,44.93,40.78,39.08,40.89,38.69,38.66,38.75,39.8
22091,36.02,37.42,42.62,41.71,40.89,40.88,41.4,42.5,41.06,40.05,43.05,39.45,40.29,40.04,40.85,42.95,42.88,44.93,40.78,39.08,40.89,38.69,38.66,38.75,39.8
22093,36.02,37.42,42.62,41.71,40.89,40.88,41.4,42.5,41.06,40.05,43.05,39.45,40.29,40.04,40.85,42.95,42.88,44.93,40.78,39.08,40.89,38.69,38.66,38.75,39.8
22095,36.02,37.42,42.62,41.71,40.89,40.88,41.4,42.5,41.06,40.05,43.05,39.45,40.29,40.04,40.85,42.95,42.88,44.93,40.78,39.08,40.89,38.69,38.66,38.75,39.8
22097,36.02,37.42,42.62,41.71,40.89,40.88,41.4,42.5,41.06,40.05,43.05,39.45,40.29,40.04,40.85,42.95,42.88,44.93,40.78,39.08,40.89,38.69,38.66,38.75,39.8
22099,36.02,37.42,42.62,41.71,40.89,40.88,41.4,42.5,41.06,40.05,43.05,39.45,40.29,40.04,40.85,42.95,42.88,44.93,40.78,39.08,40.89,38.69,38.66,38.75,39.8
22101,36.02,37.42,42.62,41.71,40.89,40.88,41.4,42.5,41.06,40.05,43.05,39.45,40.29,40.04,40.85,42.95,42.88,44.93,40.78,39.08,40.89,38.69,38.66,38.75,39.8
22103,36.02,37.42,42.62,41.71,40.89,40.88,41.4,42.5,41.06,40.05,43.05,39.45,40.29,40.04,40.85,42.95,42.88,44.93,40.78,39.08,40.89,38.69,38.66,38.75,39.8
22105,36.02,37.42,42.62,41.71,40.89,40.88,41.4,42.5,41.06,40.05,43.05,39.45,40.29,40.04,40.85,42.95,42.88,44.93,40.78,39.08,40.89,38.69,38.66,38.75,39.8
22107,36.02,37.42,42.62,41.71,40.89,40.88,41.4,42.5,41.06,40.05,43.05,39.45,40.29,40.04,40.85,42.95,42.88,44.93,40.78,39.08,40.89,38.69,38.66,38.75,39.8
22109,36.02,37.42,42.62,41.71,40.89,40.88,41.4,42.5,41.06,40.05,43.05,39.45,40.29,40.04,40.85,42.95,42.88,44.93,40.78,39.08,40.89,38.69,38.66,38.75,39.8
22111,36.02,37.42,42.62,41.71,40.89,40.88,41.4,42.5,41.06,40.05,43.05,39.45,40.29,40.04,40.85,42.95,42.88,44.93,40.78,39.08,40.89,38.69,38.66,38.75,39.8
22113,36.02,37.42,42.62,41.71,40.89,40.88,41.4,42.5,41.06,40.05,43.05,39.45,40.29,40.04,40.85,42.95,42.88,44.93,40.78,39.08,40.89,38.69,38.66,38.75,39.8
22115,36.02,37.42,42.62,41.71,40.89,40.88,41.4,42.5,41.06,40.05,43.05,39.45,40.29,40.04,40.85,42.95,42.88,44.93,40.78,39.08,40.89,38.69,38.66,38.75,39.8
22117,36.02,37.42,42.62,41.71,40.89,40.88,41.4,42.5,41.06,40.05,43.05,39.45,40.29,40.04,40.85,42.95,42.88,44.93,40.78,39.08,40.89,38.69,38.66,38.75,39.8
22119,36.02,37.42,42.62,41.71,40.89,40.88,41.4,42.5,41.06,40.05,43.05,39.45,40.29,40.04,40.85,42.95,42.88,44.93,40.78,39.08,40.89,38.69,38.66,38.75,39.8
22121,36.02,37.42,42.62,41.71,40.89,40.88,41.4,42.5,41.06,40.05,43.05,39.45,40.29,40.04,40.85,42.95,42.88,44.93,40.78,39.08,40.89,38.69,38.66,38.75,39.8
22123,36.02,37.42,42.62,41.71,40.89,40.88,41.4,42.5,41.06,40.05,43.05,39.45,40.29,40.04,40.85,42.95,42.88,44.93,40.78,39.08,40.89,38.69,38.66,38.75,39.8
22125,36.02,37.42,42.62,41.71,40.89,40.88,41.4,42.5,41.06,40.05,43.05,39.45,40.29,40.04,40.85,42.95,42.88,44.93,40.78,39.08,40.89,38.69,38.66,38.75,39.8
22127,36.02,37.42,42.62,41.71,40.89,40.88,41.4,42.5,41.06,40.05,43.05,39.45,40.29,40.04,40.85,42.95,42.88,44.93,40.78,39.08,40.89,38.69,38.66,38.75,39.8
23001,36.02,37.42,42.62,41.71,40.89,40.88,41.4,42.5,41.06,40.05,43.05,39.45,40.29,40.04,40.85,42.95,42.88,44.93,40.78,39.08,40.89,38.69,38.66,38.75,39.8
23003,36.02,37.42,42.62,41.71,40.89,40.88,41.4,42.5,41.06,40.05,43.05,39.45,40.29,40.04,40.85,42.95,42.88,44.93,40.78,39.08,40.89,38.69,38.66,38.75,39.8
23005,36.02,37.42,42.62,41.71,40.89,40.88,41.4,42.5,41.06,40.05,43.05,39.45,40.29,40.04,40.85,42.95,42.88,44.93,40.78,39.08,40.89,38.69,38.66,38.75,39.8
23007,36.02,37.42,42.62,41.71,40.89,40.88,41.4,42.5,41.06,40.05,43.05,39.45,40.29,40.04,40.85,42.95,42.88,44.93,40.78,39.08,40.89,38.69,38.66,38.75,39.8
23009,36.02,37.42,42.62,41.71,40.89,40.88,41.4,42.5,41.06,40.05,43.05,39.45,40.29,40.04,40.85,42.95,42.88,44.93,40.78,39.08,40.89,38.69,38.66,38.75,39.8
23011,36.02,37.42,42.62,41.71,40.89,40.88,41.4,42.5,41.06,40.05,43.05,39.45,40.29,40.04,40.85,42.95,42.88,44.93,40.78,39.08,40.89,38.69,38.66,38.75,39.8
23013,36.02,37.42,42.62,41.71,40.89,40.88,41.4,42.5,41.06,40.05,43.05,39.45,40.29,40.04,40.85,42.95,42.88,44.93,40.78,39.08,40.89,38.69,38.66,38.75,39.8
23015,36.02,37.42,42.62,41.71,40.89,40.88,41.4,42.5,41.06,40.05,43.05,39.45,40.29,40.04,40.85,42.95,42.88,44.93,40.78,39.08,40.89,38.69,38.66,38.75,39.8
23017,36.02,37.42,42.62,41.71,40.89,40.88,41.4,42.5,41.06,40.05,43.05,39.45,40.29,40.04,40.85,42.95,42.88,44.93,40.78,39.08,40.89,38.69,38.66,38.75,39.8
23019,36.02,37.42,42.62,41.71,40.89,40.88,41.4,42.5,41.06,40.05,43.05,39.45,40.29,40.04,40.85,42.95,42.88,44.93,40.78,39.08,40.89,38.69,38.66,38.75,39.8
23021,36.02,37.42,42.62,41.71,40.89,40.88,41.4,42.5,41.06,40.05,43.05,39.45,40.29,40.04,40.85,42.95,42.88,44.93,40.78,39.08,40.89,38.69,38.66,38.75,39.8
23023,36.02,37.42,42.62,41.71,40.89,40.88,41.4,42.5,41.06,40.05,43.05,39.45,40.29,40.04,40.85,42.95,42.88,44.93,40.78,39.08,40.89,38.69,38.66,38.75,39.8
23025,36.02,37.42,42.62,41.71,40.89,40.88,41.4,42.5,41.06,40.05,43.05,39.45,40.29,40.04,40.85,42.95,42.88,44.93,40.78,39.08,40.89,38.69,38.66,38.75,39.8
23027,36.02,37.42,42.62,41.71,40.89,40.88,41.4,42.5,41.06,40.05,43.05,39.45,40.29,40.04,40.85,42.95,42.88,44.93,40.78,39.08,40.89,38.69,38.66,38.75,39.8
23029,36.02,37.42,42.62,41.71,40.89,40.88,41.4,42.5,41.06,40.05,43.05,39.45,40.29,40.04,40.85,42.95,42.88,44.93,40.78,39.08,40.89,38.69,38.66,38.75,39.8
23031,36.02,37.42,42.62,41.71,40.89,40.88,41.4,42.5,41.06,40.05,43.05,39.45,40.29,40.04,40.85,42.95,42.88,44.93,40.78,39.08,40.89,38.69,38.66,38.75,39.8
24001,36.02,37.42,42.62,41.71,40.89,40.88,41.4,42.5,41.06,40.05,43.05,39.45,40.29,40.04,40.85,42.95,42.88,44.93,40.78,39.08,40.89,38.69,38.66,38.75,39.8
24003,36.02,37.42,42.62,41.71,40.89,40.88,41.4,42.5,41.06,40.05,43.05,39.45,40.29,40.04,40.85,42.95,42.88,44.93,40.78,39.08,40.89,38.69,38.66,38.75,39.8
24005,36.02,37.42,42.62,41.71,40.89,40.88,41.4,42.5,41.06,40.05,43.05,39.45,40.29,40.04,40.85,42.95,42.88,44.93,40.78,39.08,40.89,38.69,38.66,38.75,39.8
24009,36.02,37.42,42.62,41.71,40.89,40.88,41.4,42.5,41.06,40.05,43.05,39.45,40.29,40.04,40.85,42.95,42.88,44.93,40.78,39.08,40.89,38.69,38.66,38.75,39.8
24011,36.02,37.42,42.62,41.71,40.89,40.88,41.4,42.5,41.06,40.05,43.05,39.45,40.29,40.04,40.85,42.95,42.88,44.93,40.78,39.08,40.89,38.69,38.66,38.75,39.8
24013,36.02,37.42,42.62,41.71,40.89,40.88,41.4,42.5,41.06,40.05,43.05,39.45,40.29,40.04,40.85,42.95,42.88,44.93,40.78,39.08,40.89,38.69,38.66,38.75,39.8
24015,36.02,37.42,42.62,41.71,40.89,40.88,41.4,42.5,41.06,40.05,43.05,39.45,40.29,40.04,40.85,42.95,42.88,44.93,40.78,39.08,40.89,38.69,38.66,38.75,39.8
24017,36.02,37.42,42.62,41.71,40.89,40.88,41.4,42.5,41.06,40.05,43.05,39.45,40.29,40.04,40.85,42.95,42.88,44.93,40.78,39.08,40.89,38.69,38.66,38.75,39.8
24019,36.02,37.42,42.62,41.71,40.89,40.88,41.4,42.5,41.06,40.05,43.05,39.45,40.29,40.04,40.85,42.95,42.88,44.93,40.78,39.08,40.89,38.69,38.66,38.75,39.8
24021,36.02,37.42,42.62,41.71,40.89,40.88,41.4,42.5,41.06,40.05,43.05,39.45,40.29,40.04,40.85,42.95,42.88,44.93,40.78,39.08,40.89,38.69,38.66,38.75,39.8
24023,36.02,37.42,42.62,41.71,40.89,40.88,41.4,42.5,41.06,40.05,43.05,39.45,40.29,40.04,40.85,42.95,42.88,44.93,40.78,39.08,40.89,38.69,38.66,38.75,39.8
24025,36.02,37.42,42.62,41.71,40.89,40.88,41.4,42.5,41.06,40.05,43.05,39.45,40.29,40.04,40.85,42.95,42.88,44.93,40.78,39.08,40.89,38.69,38.66,38.75,39.8
24027,36.02,37.42,42.62,41.71,40.89,40.88,41.4,42.5,41.06,40.05,43.05,39.45,40.29,40.04,40.85,42.95,42.88,44.93,40.78,39.08,40.89,38.69,38.66,38.75,39.8
24029,36.02,37.42,42.62,41.71,40.89,40.88,41.4,42.5,41.06,40.05,43.05,39.45,40.29,40.04,40.85,42.95,42.88,44.93,40.78,39.08,40.89,38.69,38.66,38.75,39.8
24031,36.02,37.42,42.62,41.71,40.89,40.88,41.4,42.5,41.06,40.05,43.05,39.45,40.29,40.04,40.85,42.95,42.88,44.93,40.78,39.08,40.89,38.69,38.66,38.75,39.8
24033,36.02,37.42,42.62,41.71,40.89,40.88,41.4,42.5,41.06,40.05,43.05,39.45,40.29,40.04,40.85,42.95,42.88,44.93,40.78,39.08,40.89,38.69,38.66,38.75,39.8
24035,36.02,37.42,42.62,41.71,40.89,40.88,41.4,42.5,41.06,40.05,43.05,39.45,40.29,40.04,40.85,42.95,42.88,44.93,40.78,39.08,40.89,38.69,38.66,38.75,39.8
24037,36.02,37.42,42.62,41.71,40.89,40.88,41.4,42.5,41.06,40.05,43.05,39.45,40.29,40.04,40.85,42.95,42.88,44.93,40.78,39.08,40.89,38.69,38.66,38.75,39.8
24039,36.02,37.42,42.62,41.71,40.89,40.88,41.4,42.5,41.06,40.05,43.05,39.45,40.29,40.04,40.85,42.95,42.88,44.93,40.78,39.08,40.89,38.69,38.66,38.75,39.8
24041,36.02,37.42,42.62,41.71,40.89,40.88,41.4,42.5,41.06,40.05,43.05,39.45,40.29,40.04,40.85,42.95,42.88,44.93,40.78,39.08,40.89,38.69,38.66,38.75,39.8
24043,36.02,37.42,42.62,41.71,40.89,40.88,41.4,42.5,41.06,40.05,43.05,39.45,40.29,40.04,40.85,42.95,42.88,44.93,40.78,39.08,40.89,38.69,38.66,38.75,39.8
24045,36.02,37.42,42.62,41.71,40.89,40.88,41.4,42.5,41.06,40.05,43.05,39.45,40.29,40.04,40.85,42.95,42.88,44.93,40.78,39.08,40.89,38.69,38.66,38.75,39.8
24047,36.02,37.42,42.62,41.71,40.89,40.88,41.4,42.5,41.06,40.05,43.05,39.45,40.29,40.04,40.85,42.95,42.88,44.93,40.78,39.08,40.89,38.69,38.66,38.75,39.8
24510,36.02,37.42,42.62,41.71,40.89,40.88,41.4,42.5,41.06,40.05,43.05,39.45,40.29,40.04,40.85,42.95,42.88,44.93,40.78,39.08,40.89,38.69,38.66,38.75,39.8
25001,36.02,37.42,42.62,41.71,40.89,40.88,41.4,42.5,41.06,40.05,43.05,39.45,40.29,40.04,40.85,42.95,42.88,44.93,40.78,39.08,40.89,38.69,38.66,38.75,39.8
25003,36.02,37.42,42.62,41.71,40.89,40.88,41.4,42.5,41.06,40.05,43.05,39.45,40.29,40.04,40.85,42.95,42.88,44.93,40.78,39.08,40.89,38.69,38.66,38.75,39.8
25005,36.02,37.42,42.62,41.71,40.89,40.88,41.4,42.5,41.06,40.05,43.05,39.45,40.29,40.04,40.85,42.95,42.88,44.93,40.78,39.08,40.89,38.69,38.66,38.75,39.8
25007,36.02,37.42,42.62,41.71,40.89,40.88,41.4,42.5,41.06,40.05,43.05,39.45,40.29,40.04,40.85,42.95,42.88,44.93,40.78,39.08,40.89,38.69,38.66,38.75,39.8
25009,36.02,37.42,42.62,41.71,40.89,40.88,41.4,42.5,41.06,40.05,43.05,39.45,40.29,40.04,40.85,42.95,42.88,44.93,40.78,39.08,40.89,38.69,38.66,38.75,39.8
25011,36.02,37.42,42.62,41.71,40.89,40.88,41.4,42.5,41.06,40.05,43.05,39.45,40.29,40.04,40.85,42.95,42.88,44.93,40.78,39.08,40.89,38.69,38.66,38.75,39.8
25013,36.02,37.42,42.62,41.71,40.89,40.88,41.4,42.5,41.06,40.05,43.05,39.45,40.29,40.04,40.85,42.95,42.88,44.93,40.78,39.08,40.89,38.69,38.66,38.75,39.8
25015,36.02,37.42,42.62,41.71,40.89,40.88,41.4,42.5,41.06,40.05,43.05,39.45,40.29,40.04,40.85,42.95,42.88,44.93,40.78,39.08,40.89,38.69,38.66,38.75,39.8
25017,36.02,37.42,42.62,41.71,40.89,40.88,41.4,42.5,41.06,40.05,43.05,39.45,40.29,40.04,40.85,42.95,42.88,44.93,40.78,39.08,40.89,38.69,38.66,38.75,39.8
25019,36.02,37.42,42.62,41.71,40.89,40.88,41.4,42.5,41.06,40.05,43.05,39.45,40.29,40.04,40.85,42.95,42.88,44.93,40.78,39.08,40.89,38.69,38.66,38.75,39.8
25021,36.02,37.42,42.62,41.71,40.89,40.88,41.4,42.5,41.06,40.05,43.05,39.45,40.29,40.04,40.85,42.95,42.88,44.93,40.78,39.08,40.89,38.69,38.66,38.75,39.8
25023,36.02,37.42,42.62,41.71,40.89,40.88,41.4,42.5,41.06,40.05,43.05,39.45,40.29,40.04,40.85,42.95,42.88,44.93,40.78,39.08,40.89,38.69,38.66,38.75,39.8
25025,36.02,37.42,42.62,41.71,40.89,40.88,41.4,42.5,41.06,40.05,43.05,39.45,40.29,40.04,40.85,42.95,42.88,44.93,40.78,39.08,40.89,38.69,38.66,38.75,39.8
25027,36.02,37.42,42.62,41.71,40.89,40.88,41.4,42.5,41.06,40.05,43.05,39.45,40.29,40.04,40.85,42.95,42.88,44.93,40.78,39.08,40.89,38.69,38.66,38.75,39.8
26001,36.02,37.42,42.62,41.71,40.89,40.88,41.4,42.5,41.06,40.05,43.05,39.45,40.29,40.04,40.85,42.95,42.88,44.93,40.78,39.08,40.89,38.69,38.66,38.75,39.8
26003,36.02,37.42,42.62,41.71,40.89,40.88,41.4,42.5,41.06,40.05,43.05,39.45,40.29,40.04,40.85,42.95,42.88,44.93,40.78,39.08,40.89,38.69,38.66,38.75,39.8
26005,36.02,37.42,42.62,41.71,40.89,40.88,41.4,42.5,41.06,40.05,43.05,39.45,40.29,40.04,40.85,42.95,42.88,44.93,40.78,39.08,40.89,38.69,38.66,38.75,39.8
26007,36.02,37.42,42.62,41.71,40.89,40.88,41.4,42.5,41.06,40.05,43.05,39.45,40.29,40.04,40.85,42.95,42.88,44.93,40.78,39.08,40.89,38.69,38.66,38.75,39.8
26009,36.02,37.42,42.62,41.71,40.89,40.88,41.4,42.5,41.06,40.05,43.05,39.45,40.29,40.04,40.85,42.95,42.88,44.93,40.78,39.08,40.89,38.69,38.66,38.75,39.8
26011,36.02,37.42,42.62,41.71,40.89,40.88,41.4,42.5,41.06,40.05,43.05,39.45,40.29,40.04,40.85,42.95,42.88,44.93,40.78,39.08,40.89,38.69,38.66,38.75,39.8
26013,36.02,37.42,42.62,41.71,40.89,40.88,41.4,42.5,41.06,40.05,43.05,39.45,40.29,40.04,40.85,42.95,42.88,44.93,40.78,39.08,40.89,38.69,38.66,38.75,39.8
26015,36.02,37.42,42.62,41.71,40.89,40.88,41.4,42.5,41.06,40.05,43.05,39.45,40.29,40.04,40.85,42.95,42.88,44.93,40.78,39.08,40.89,38.69,38.66,38.75,39.8
26017,36.02,37.42,42.62,41.71,40.89,40.88,41.4,42.5,41.06,40.05,43.05,39.45,40.29,40.04,40.85,42.95,42.88,44.93,40.78,39.08,40.89,38.69,38.66,38.75,39.8
26019,36.02,37.42,42.62,41.71,40.89,40.88,41.4,42.5,41.06,40.05,43.05,39.45,40.29,40.04,40.85,42.95,42.88,44.93,40.78,39.08,40.89,38.69,38.66,38.75,39.8
26021,36.02,37.42,42.62,41.71,40.89,40.88,41.4,42.5,41.06,40.05,43.05,39.45,40.29,40.04,40.85,42.95,42.88,44.93,40.78,39.08,40.89,38.69,38.66,38.75,39.8
26023,36.02,37.42,42.62,41.71,40.89,40.88,41.4,42.5,41.06,40.05,43.05,39.45,40.29,40.04,40.85,42.95,42.88,44.93,40.78,39.08,40.89,38.69,38.66,38.75,39.8
26025,36.02,37.42,42.62,41.71,40.89,40.88,41.4,42.5,41.06,40.05,43.05,39.45,40.29,40.04,40.85,42.95,42.88,44.93,40.78,39.08,40.89,38.69,38.66,38.75,39.8
26027,36.02,37.42,42.62,41.71,40.89,40.88,41.4,42.5,41.06,40.05,43.05,39.45,40.29,40.04,40.85,42.95,42.88,44.93,40.78,39.08,40.89,38.69,38.66,38.75,39.8
26029,36.02,37.42,42.62,41.71,40.89,40.88,41.4,42.5,41.06,40.05,43.05,39.45,40.29,40.04,40.85,42.95,42.88,44.93,40.78,39.08,40.89,38.69,38.66,38.75,39.8
26031,36.02,37.42,42.62,41.71,40.89,40.88,41.4,42.5,41.06,40.05,43.05,39.45,40.29,40.04,40.85,42.95,42.88,44.93,40.78,39.08,40.89,38.69,38.66,38.75,39.8
26033,36.02,37.42,42.62,41.71,40.89,40.88,41.4,42.5,41.06,40.05,43.05,39.45,40.29,40.04,40.85,42.95,42.88,44.93,40.78,39.08,40.89,38.69,38.66,38.75,39.8
26035,36.02,37.42,42.62,41.71,40.89,40.88,41.4,42.5,41.06,40.05,43.05,39.45,40.29,40.04,40.85,42.95,42.88,44.93,40.78,39.08,40.89,38.69,38.66,38.75,39.8
26037,36.02,37.42,42.62,41.71,40.89,40.88,41.4,42.5,41.06,40.05,43.05,39.45,40.29,40.04,40.85,42.95,42.88,44.93,40.78,39.08,40.89,38.69,38.66,38.75,39.8
26039,36.02,37.42,42.62,41.71,40.89,40.88,41.4,42.5,41.06,40.05,43.05,39.45,40.29,40.04,40.85,42.95,42.88,44.93,40.78,39.08,40.89,38.69,38.66,38.75,39.8
26041,36.02,37.42,42.62,41.71,40.89,40.88,41.4,42.5,41.06,40.05,43.05,39.45,40.29,40.04,40.85,42.95,42.88,44.93,40.78,39.08,40.89,38.69,38.66,38.75,39.8
26043,36.02,37.42,42.62,41.71,40.89,40.88,41.4,42.5,41.06,40.05,43.05,39.45,40.29,40.04,40.85,42.95,42.88,44.93,40.78,39.08,40.89,38.69,38.66,38.75,39.8
26045,36.02,37.42,42.62,41.71,40.89,40.88,41.4,42.5,41.06,40.05,43.05,39.45,40.29,40.04,40.85,42.95,42.88,44.93,40.78,39.08,40.89,38.69,38.66,38.75,39.8
26047,36.02,37.42,42.62,41.71,40.89,40.88,41.4,42.5,41.06,40.05,43.05,39.45,40.29,40.04,40.85,42.95,42.88,44.93,40.78,39.08,40.89,38.69,38.66,38.75,39.8
26049,36.02,37.42,42.62,41.71,40.89,40.88,41.4,42.5,41.06,40.05,43.05,39.45,40.29,40.04,40.85,42.95,42.88,44.93,40.78,39.08,40.89,38.69,38.66,38.75,39.8
26051,36.02,37.42,42.62,41.71,40.89,40.88,41.4,42.5,41.06,40.05,43.05,39.45,40.29,40.04,40.85,42.95,42.88,44.93,40.78,39.08,40.89,38.69,38.66,38.75,39.8
26053,36.02,37.42,42.62,41.71,40.89,40.88,41.4,42.5,41.06,40.05,43.05,39.45,40.29,40.04,40.85,42.95,42.88,44.93,40.78,39.08,40.89,38.69,38.66,38.75,39.8
26055,36.02,37.42,42.62,41.71,40.89,40.88,41.4,42.5,41.06,40.05,43.05,39.45,40.29,40.04,40.85,42.95,42.88,44.93,40.78,39.08,40.89,38.69,38.66,38.75,39.8
26057,36.02,37.42,42.62,41.71,40.89,40.88,41.4,42.5,41.06,40.05,43.05,39.45,40.29,40.04,40.85,42.95,42.88,44.93,40.78,39.08,40.89,38.69,38.66,38.75,39.8
26059,36.02,37.42,42.62,41.71,40.89,40.88,41.4,42.5,41.06,40.05,43.05,39.45,40.29,40.04,40.85,42.95,42.88,44.93,40.78,39.08,40.89,38.69,38.66,38.75,39.8
26061,36.02,37.42,42.62,41.71,40.89,40.88,41.4,42.5,41.06,40.05,43.05,39.45,40.29,40.04,40.85,42.95,42.88,44.93,40.78,39.08,40.89,38.69,38.66,38.75,39.8
26063,36.02,37.42,42.62,41.71,40.89,40.88,41.4,42.5,41.06,40.05,43.05,39.45,40.29,40.04,40.85,42.95,42.88,44.93,40.78,39.08,40.89,38.69,38.66,38.75,39.8
26065,36.02,37.42,42.62,41.71,40.89,40.88,41.4,42.5,41.06,40.05,43.05,39.45,40.29,40.04,40.85,42.95,42.88,44.93,40.78,39.08,40.89,38.69,38.66,38.75,39.8
26067,36.02,37.42,42.62,41.71,40.89,40.88,41.4,42.5,41.06,40.05,43.05,39.45,40.29,40.04,40.85,42.95,42.88,44.93,40.78,39.08,40.89,38.69,38.66,38.75,39.8
26069,36.02,37.42,42.62,41.71,40.89,40.88,41.4,42.5,41.06,40.05,43.05,39.45,40.29,40.04,40.85,42.95,42.88,44.93,40.78,39.08,40.89,38.69,38.66,38.75,39.8
26071,36.02,37.42,42.62,41.71,40.89,40.88,41.4,42.5,41.06,40.05,43.05,39.45,40.29,40.04,40.85,42.95,42.88,44.93,40.78,39.08,40.89,38.69,38.66,38.75,39.8
26073,36.02,37.42,42.62,41.71,40.89,40.88,41.4,42.5,41.06,40.05,43.05,39.45,40.29,40.04,40.85,42.95,42.88,44.93,40.78,39.08,40.89,38.69,38.66,38.75,39.8
26075,36.02,37.42,42.62,41.71,40.89,40.88,41.4,42.5,41.06,40.05,43.05,39.45,40.29,40.04,40.85,42.95,42.88,44.93,40.78,39.08,40.89,38.69,38.66,38.75,39.8
26077,36.02,37.42,42.62,41.71,40.89,40.88,41.4,42.5,41.06,40.05,43.05,39.45,40.29,40.04,40.85,42.95,42.88,44.93,40.78,39.08,40.89,38.69,38.66,38.75,39.8
26079,36.02,37.42,42.62,41.71,40.89,40.88,41.4,42.5,41.06,40.05,43.05,39.45,40.29,40.04,40.85,42.95,42.88,44.93,40.78,39.08,40.89,38.69,38.66,38.75,39.8
26081,36.02,37.42,42.62,41.71,40.89,40.88,41.4,42.5,41.06,40.05,43.05,39.45,40.29,40.04,40.85,42.95,42.88,44.93,40.78,39.08,40.89,38.69,38.66,38.75,39.8
26083,36.02,37.42,42.62,41.71,40.89,40.88,41.4,42.5,41.06,40.05,43.05,39.45,40.29,40.04,40.85,42.95,42.88,44.93,40.78,39.08,40.89,38.69,38.66,38.75,39.8
26085,36.02,37.42,42.62,41.71,40.89,40.88,41.4,42.5,41.06,40.05,43.05,39.45,40.29,40.04,40.85,42.95,42.88,44.93,40.78,39.08,40.89,38.69,38.66,38.75,39.8
26087,36.02,37.42,42.62,41.71,40.89,40.88,41.4,42.5,41.06,40.05,43.05,39.45,40.29,40.04,40.85,42.95,42.88,44.93,40.78,39.08,40.89,38.69,38.66,38.75,39.8
26089,36.02,37.42,42.62,41.71,40.89,40.88,41.4,42.5,41.06,40.05,43.05,39.45,40.29,40.04,40.85,42.95,42.88,44.93,40.78,39.08,40.89,38.69,38.66,38.75,39.8
26091,36.02,37.42,42.62,41.71,40.89,40.88,41.4,42.5,41.06,40.05,43.05,39.45,40.29,40.04,40.85,42.95,42.88,44.93,40.78,39.08,40.89,38.69,38.66,38.75,39.8
26093,36.02,37.42,42.62,41.71,40.89,40.88,41.4,42.5,41.06,40.05,43.05,39.45,40.29,40.04,40.85,42.95,42.88,44.93,40.78,39.08,40.89,38.69,38.66,38.75,39.8
26095,36.02,37.42,42.62,41.71,40.89,40.88,41.4,42.5,41.06,40.05,43.05,39.45,40.29,40.04,40.85,42.95,42.88,44.93,40.78,39.08,40.89,38.69,38.66,38.75,39.8
26097,36.02,37.42,42.62,41.71,40.89,40.88,41.4,42.5,41.06,40.05,43.05,39.45,40.29,40.04,40.85,42.95,42.88,44.93,40.78,39.08,40.89,38.69,38.66,38.75,39.8
26099,36.02,37.42,42.62,41.71,40.89,40.88,41.4,42.5,41.06,40.05,43.05,39.45,40.29,40.04,40.85,42.95,42.88,44.93,40.78,39.08,40.89,38.69,38.66,38.75,39.8
26101,36.02,37.42,42.62,41.71,40.89,40.88,41.4,42.5,41.06,40.05,43.05,39.45,40.29,40.04,40.85,42.95,42.88,44.93,40.78,39.08,40.89,38.69,38.66,38.75,39.8
26103,36.02,37.42,42.62,41.71,40.89,40.88,41.4,42.5,41.06,40.05,43.05,39.45,40.29,40.04,40.85,42.95,42.88,44.93,40.78,39.08,40.89,38.69,38.66,38.75,39.8
26105,36.02,37.42,42.62,41.71,40.89,40.88,41.4,42.5,41.06,40.05,43.05,39.45,40.29,40.04,40.85,42.95,42.88,44.93,40.78,39.08,40.89,38.69,38.66,38.75,39.8
26107,36.02,37.42,42.62,41.71,40.89,40.88,41.4,42.5,41.06,40.05,43.05,39.45,40.29,40.04,40.85,42.95,42.88,44.93,40.78,39.08,40.89,38.69,38.66,38.75,39.8
26109,36.02,37.42,42.62,41.71,40.89,40.88,41.4,42.5,41.06,40.05,43.05,39.45,40.29,40.04,40.85,42.95,42.88,44.93,40.78,39.08,40.89,38.69,38.66,38.75,39.8
26111,36.02,37.42,42.62,41.71,40.89,40.88,41.4,42.5,41.06,40.05,43.05,39.45,40.29,40.04,40.85,42.95,42.88,44.93,40.78,39.08,40.89,38.69,38.66,38.75,39.8
26113,36.02,37.42,42.62,41.71,40.89,40.88,41.4,42.5,41.06,40.05,43.05,39.45,40.29,40.04,40.85,42.95,42.88,44.93,40.78,39.08,40.89,38.69,38.66,38.75,39.8
26115,36.02,37.42,42.62,41.71,40.89,40.88,41.4,42.5,41.06,40.05,43.05,39.45,40.29,40.04,40.85,42.95,42.88,44.93,40.78,39.08,40.89,38.69,38.66,38.75,39.8
26117,36.02,37.42,42.62,41.71,40.89,40.88,41.4,42.5,41.06,40.05,43.05,39.45,40.29,40.04,40.85,42.95,42.88,44.93,40.78,39.08,40.89,38.69,38.66,38.75,39.8
26119,36.02,37.42,42.62,41.71,40.89,40.88,41.4,42.5,41.06,40.05,43.05,39.45,40.29,40.04,40.85,42.95,42.88,44.93,40.78,39.08,40.89,38.69,38.66,38.75,39.8
26121,36.02,37.42,42.62,41.71,40.89,40.88,41.4,42.5,41.06,40.05,43.05,39.45,40.29,40.04,40.85,42.95,42.88,44.93,40.78,39.08,40.89,38.69,38.66,38.75,39.8
26123,36.02,37.42,42.62,41.71,40.89,40.88,41.4,42.5,41.06,40.05,43.05,39.45,40.29,40.04,40.85,42.95,42.88,44.93,40.78,39.08,40.89,38.69,38.66,38.75,39.8
26125,36.02,37.42,42.62,41.71,40.89,40.88,41.4,42.5,41.06,40.05,43.05,39.45,40.29,40.04,40.85,42.95,42.88,44.93,40.78,39.08,40.89,38.69,38.66,38.75,39.8
26127,36.02,37.42,42.62,41.71,40.89,40.88,41.4,42.5,41.06,40.05,43.05,39.45,40.29,40.04,40.85,42.95,42.88,44.93,40.78,39.08,40.89,38.69,38.66,38.75,39.8
26129,36.02,37.42,42.62,41.71,40.89,40.88,41.4,42.5,41.06,40.05,43.05,39.45,40.29,40.04,40.85,42.95,42.88,44.93,40.78,39.08,40.89,38.69,38.66,38.75,39.8
26131,36.02,37.42,42.62,41.71,40.89,40.88,41.4,42.5,41.06,40.05,43.05,39.45,40.29,40.04,40.85,42.95,42.88,44.93,40.78,39.08,40.89,38.69,38.66,38.75,39.8
26133,36.02,37.42,42.62,41.71,40.89,40.88,41.4,42.5,41.06,40.05,43.05,39.45,40.29,40.04,40.85,42.95,42.88,44.93,40.78,39.08,40.89,38.69,38.66,38.75,39.8
26135,36.02,37.42,42.62,41.71,40.89,40.88,41.4,42.5,41.06,40.05,43.05,39.45,40.29,40.04,40.85,42.95,42.88,44.93,40.78,39.08,40.89,38.69,38.66,38.75,39.8
26137,36.02,37.42,42.62,41.71,40.89,40.88,41.4,42.5,41.06,40.05,43.05,39.45,40.29,40.04,40.85,42.95,42.88,44.93,40.78,39.08,40.89,38.69,38.66,38.75,39.8
26139,36.02,37.42,42.62,41.71,40.89,40.88,41.4,42.5,41.06,40.05,43.05,39.45,40.29,40.04,40.85,42.95,42.88,44.93,40.78,39.08,40.89,38.69,38.66,38.75,39.8
26141,36.02,37.42,42.62,41.71,40.89,40.88,41.4,42.5,41.06,40.05,43.05,39.45,40.29,40.04,40.85,42.95,42.88,44.93,40.78,39.08,40.89,38.69,38.66,38.75,39.8
26143,36.02,37.42,42.62,41.71,40.89,40.88,41.4,42.5,41.06,40.05,43.05,39.45,40.29,40.04,40.85,42.95,42.88,44.93,40.78,39.08,40.89,38.69,38.66,38.75,39.8
26145,36.02,37.42,42.62,41.71,40.89,40.88,41.4,42.5,41.06,40.05,43.05,39.45,40.29,40.04,40.85,42.95,42.88,44.93,40.78,39.08,40.89,38.69,38.66,38.75,39.8
26147,36.02,37.42,42.62,41.71,40.89,40.88,41.4,42.5,41.06,40.05,43.05,39.45,40.29,40.04,40.85,42.95,42.88,44.93,40.78,39.08,40.89,38.69,38.66,38.75,39.8
26149,36.02,37.42,42.62,41.71,40.89,40.88,41.4,42.5,41.06,40.05,43.05,39.45,40.29,40.04,40.85,42.95,42.88,44.93,40.78,39.08,40.89,38.69,38.66,38.75,39.8
26151,36.02,37.42,42.62,41.71,40.89,40.88,41.4,42.5,41.06,40.05,43.05,39.45,40.29,40.04,40.85,42.95,42.88,44.93,40.78,39.08,40.89,38.69,38.66,38.75,39.8
26153,36.02,37.42,42.62,41.71,40.89,40.88,41.4,42.5,41.06,40.05,43.05,39.45,40.29,40.04,40.85,42.95,42.88,44.93,40.78,39.08,40.89,38.69,38.66,38.75,39.8
26155,36.02,37.42,42.62,41.71,40.89,40.88,41.4,42.5,41.06,40.05,43.05,39.45,40.29,40.04,40.85,42.95,42.88,44.93,40.78,39.08,40.89,38.69,38.66,38.75,39.8
26157,36.02,37.42,42.62,41.71,40.89,40.88,41.4,42.5,41.06,40.05,43.05,39.45,40.29,40.04,40.85,42.95,42.88,44.93,40.78,39.08,40.89,38.69,38.66,38.75,39.8
26159,36.02,37.42,42.62,41.71,40.89,40.88,41.4,42.5,41.06,40.05,43.05,39.45,40.29,40.04,40.85,42.95,42.88,44.93,40.78,39.08,40.89,38.69,38.66,38.75,39.8
26161,36.02,37.42,42.62,41.71,40.89,40.88,41.4,42.5,41.06,40.05,43.05,39.45,40.29,40.04,40.85,42.95,42.88,44.93,40.78,39.08,40.89,38.69,38.66,38.75,39.8
26163,36.02,37.42,42.62,41.71,40.89,40.88,41.4,42.5,41.06,40.05,43.05,39.45,40.29,40.04,40.85,42.95,42.88,44.93,40.78,39.08,40.89,38.69,38.66,38.75,39.8
26165,36.02,37.42,42.62,41.71,40.89,40.88,41.4,42.5,41.06,40.05,43.05,39.45,40.29,40.04,40.85,42.95,42.88,44.93,40.78,39.08,40.89,38.69,38.66,38.75,39.8
27001,36.02,37.42,42.62,41.71,40.89,40.88,41.4,42.5,41.06,40.05,43.05,39.45,40.29,40.04,40.85,42.95,42.88,44.93,40.78,39.08,40.89,38.69,38.66,38.75,39.8
27003,36.02,37.42,42.62,41.71,40.89,40.88,41.4,42.5,41.06,40.05,43.05,39.45,40.29,40.04,40.85,42.95,42.88,44.93,40.78,39.08,40.89,38.69,38.66,38.75,39.8
27005,36.02,37.42,42.62,41.71,40.89,40.88,41.4,42.5,41.06,40.05,43.05,39.45,40.29,40.04,40.85,42.95,42.88,44.93,40.78,39.08,40.89,38.69,38.66,38.75,39.8
27007,36.02,37.42,42.62,41.71,40.89,40.88,41.4,42.5,41.06,40.05,43.05,39.45,40.29,40.04,40.85,42.95,42.88,44.93,40.78,39.08,40.89,38.69,38.66,38.75,39.8
27009,36.02,37.42,42.62,41.71,40.89,40.88,41.4,42.5,41.06,40.05,43.05,39.45,40.29,40.04,40.85,42.95,42.88,44.93,40.78,39.08,40.89,38.69,38.66,38.75,39.8
27011,36.02,37.42,42.62,41.71,40.89,40.88,41.4,42.5,41.06,40.05,43.05,39.45,40.29,40.04,40.85,42.95,42.88,44.93,40.78,39.08,40.89,38.69,38.66,38.75,39.8
27013,36.02,37.42,42.62,41.71,40.89,40.88,41.4,42.5,41.06,40.05,43.05,39.45,40.29,40.04,40.85,42.95,42.88,44.93,40.78,39.08,40.89,38.69,38.66,38.75,39.8
27015,36.02,37.42,42.62,41.71,40.89,40.88,41.4,42.5,41.06,40.05,43.05,39.45,40.29,40.04,40.85,42.95,42.88,44.93,40.78,39.08,40.89,38.69,38.66,38.75,39.8
27017,36.02,37.42,42.62,41.71,40.89,40.88,41.4,42.5,41.06,40.05,43.05,39.45,40.29,40.04,40.85,42.95,42.88,44.93,40.78,39.08,40.89,38.69,38.66,38.75,39.8
27019,36.02,37.42,42.62,41.71,40.89,40.88,41.4,42.5,41.06,40.05,43.05,39.45,40.29,40.04,40.85,42.95,42.88,44.93,40.78,39.08,40.89,38.69,38.66,38.75,39.8
27021,36.02,37.42,42.62,41.71,40.89,40.88,41.4,42.5,41.06,40.05,43.05,39.45,40.29,40.04,40.85,42.95,42.88,44.93,40.78,39.08,40.89,38.69,38.66,38.75,39.8
27023,36.02,37.42,42.62,41.71,40.89,40.88,41.4,42.5,41.06,40.05,43.05,39.45,40.29,40.04,40.85,42.95,42.88,44.93,40.78,39.08,40.89,38.69,38.66,38.75,39.8
27025,36.02,37.42,42.62,41.71,40.89,40.88,41.4,42.5,41.06,40.05,43.05,39.45,40.29,40.04,40.85,42.95,42.88,44.93,40.78,39.08,40.89,38.69,38.66,38.75,39.8
27027,36.02,37.42,42.62,41.71,40.89,40.88,41.4,42.5,41.06,40.05,43.05,39.45,40.29,40.04,40.85,42.95,42.88,44.93,40.78,39.08,40.89,38.69,38.66,38.75,39.8
27029,36.02,37.42,42.62,41.71,40.89,40.88,41.4,42.5,41.06,40.05,43.05,39.45,40.29,40.04,40.85,42.95,42.88,44.93,40.78,39.08,40.89,38.69,38.66,38.75,39.8
27031,36.02,37.42,42.62,41.71,40.89,40.88,41.4,42.5,41.06,40.05,43.05,39.45,40.29,40.04,40.85,42.95,42.88,44.93,40.78,39.08,40.89,38.69,38.66,38.75,39.8
27033,36.02,37.42,42.62,41.71,40.89,40.88,41.4,42.5,41.06,40.05,43.05,39.45,40.29,40.04,40.85,42.95,42.88,44.93,40.78,39.08,40.89,38.69,38.66,38.75,39.8
27035,36.02,37.42,42.62,41.71,40.89,40.88,41.4,42.5,41.06,40.05,43.05,39.45,40.29,40.04,40.85,42.95,42.88,44.93,40.78,39.08,40.89,38.69,38.66,38.75,39.8
27037,36.02,37.42,42.62,41.71,40.89,40.88,41.4,42.5,41.06,40.05,43.05,39.45,40.29,40.04,40.85,42.95,42.88,44.93,40.78,39.08,40.89,38.69,38.66,38.75,39.8
27039,36.02,37.42,42.62,41.71,40.89,40.88,41.4,42.5,41.06,40.05,43.05,39.45,40.29,40.04,40.85,42.95,42.88,44.93,40.78,39.08,40.89,38.69,38.66,38.75,39.8
27041,36.02,37.42,42.62,41.71,40.89,40.88,41.4,42.5,41.06,40.05,43.05,39.45,40.29,40.04,40.85,42.95,42.88,44.93,40.78,39.08,40.89,38.69,38.66,38.75,39.8
27043,36.02,37.42,42.62,41.71,40.89,40.88,41.4,42.5,41.06,40.05,43.05,39.45,40.29,40.04,40.85,42.95,42.88,44.93,40.78,39.08,40.89,38.69,38.66,38.75,39.8
27045,36.02,37.42,42.62,41.71,40.89,40.88,41.4,42.5,41.06,40.05,43.05,39.45,40.29,40.04,40.85,42.95,42.88,44.93,40.78,39.08,40.89,38.69,38.66,38.75,39.8
27047,36.02,37.42,42.62,41.71,40.89,40.88,41.4,42.5,41.06,40.05,43.05,39.45,40.29,40.04,40.85,42.95,42.88,44.93,40.78,39.08,40.89,38.69,38.66,38.75,39.8
27049,36.02,37.42,42.62,41.71,40.89,40.88,41.4,42.5,41.06,40.05,43.05,39.45,40.29,40.04,40.85,42.95,42.88,44.93,40.78,39.08,40.89,38.69,38.66,38.75,39.8
27051,36.02,37.42,42.62,41.71,40.89,40.88,41.4,42.5,41.06,40.05,43.05,39.45,40.29,40.04,40.85,42.95,42.88,44.93,40.78,39.08,40.89,38.69,38.66,38.75,39.8
27053,36.02,37.42,42.62,41.71,40.89,40.88,41.4,42.5,41.06,40.05,43.05,39.45,40.29,40.04,40.85,42.95,42.88,44.93,40.78,39.08,40.89,38.69,38.66,38.75,39.8
27055,36.02,37.42,42.62,41.71,40.89,40.88,41.4,42.5,41.06,40.05,43.05,39.45,40.29,40.04,40.85,42.95,42.88,44.93,40.78,39.08,40.89,38.69,38.66,38.75,39.8
27057,36.02,37.42,42.62,41.71,40.89,40.88,41.4,42.5,41.06,40.05,43.05,39.45,40.29,40.04,40.85,42.95,42.88,44.93,40.78,39.08,40.89,38.69,38.66,38.75,39.8
27059,36.02,37.42,42.62,41.71,40.89,40.88,41.4,42.5,41.06,40.05,43.05,39.45,40.29,40.04,40.85,42.95,42.88,44.93,40.78,39.08,40.89,38.69,38.66,38.75,39.8
27061,36.02,37.42,42.62,41.71,40.89,40.88,41.4,42.5,41.06,40.05,43.05,39.45,40.29,40.04,40.85,42.95,42.88,44.93,40.78,39.08,40.89,38.69,38.66,38.75,39.8
27063,36.02,37.42,42.62,41.71,40.89,40.88,41.4,42.5,41.06,40.05,43.05,39.45,40.29,40.04,40.85,42.95,42.88,44.93,40.78,39.08,40.89,38.69,38.66,38.75,39.8
27065,36.02,37.42,42.62,41.71,40.89,40.88,41.4,42.5,41.06,40.05,43.05,39.45,40.29,40.04,40.85,42.95,42.88,44.93,40.78,39.08,40.89,38.69,38.66,38.75,39.8
27067,36.02,37.42,42.62,41.71,40.89,40.88,41.4,42.5,41.06,40.05,43.05,39.45,40.29,40.04,40.85,42.95,42.88,44.93,40.78,39.08,40.89,38.69,38.66,38.75,39.8
27069,36.02,37.42,42.62,41.71,40.89,40.88,41.4,42.5,41.06,40.05,43.05,39.45,40.29,40.04,40.85,42.95,42.88,44.93,40.78,39.08,40.89,38.69,38.66,38.75,39.8
27071,36.02,37.42,42.62,41.71,40.89,40.88,41.4,42.5,41.06,40.05,43.05,39.45,40.29,40.04,40.85,42.95,42.88,44.93,40.78,39.08,40.89,38.69,38.66,38.75,39.8
27073,36.02,37.42,42.62,41.71,40.89,40.88,41.4,42.5,41.06,40.05,43.05,39.45,40.29,40.04,40.85,42.95,42.88,44.93,40.78,39.08,40.89,38.69,38.66,38.75,39.8
27075,36.02,37.42,42.62,41.71,40.89,40.88,41.4,42.5,41.06,40.05,43.05,39.45,40.29,40.04,40.85,42.95,42.88,44.93,40.78,39.08,40.89,38.69,38.66,38.75,39.8
27077,36.02,37.42,42.62,41.71,40.89,40.88,41.4,42.5,41.06,40.05,43.05,39.45,40.29,40.04,40.85,42.95,42.88,44.93,40.78,39.08,40.89,38.69,38.66,38.75,39.8
27079,36.02,37.42,42.62,41.71,40.89,40.88,41.4,42.5,41.06,40.05,43.05,39.45,40.29,40.04,40.85,42.95,42.88,44.93,40.78,39.08,40.89,38.69,38.66,38.75,39.8
27081,36.02,37.42,42.62,41.71,40.89,40.88,41.4,42.5,41.06,40.05,43.05,39.45,40.29,40.04,40.85,42.95,42.88,44.93,40.78,39.08,40.89,38.69,38.66,38.75,39.8
27083,36.02,37.42,42.62,41.71,40.89,40.88,41.4,42.5,41.06,40.05,43.05,39.45,40.29,40.04,40.85,42.95,42.88,44.93,40.78,39.08,40.89,38.69,38.66,38.75,39.8
27085,36.02,37.42,42.62,41.71,40.89,40.88,41.4,42.5,41.06,40.05,43.05,39.45,40.29,40.04,40.85,42.95,42.88,44.93,40.78,39.08,40.89,38.69,38.66,38.75,39.8
27087,36.02,37.42,42.62,41.71,40.89,40.88,41.4,42.5,41.06,40.05,43.05,39.45,40.29,40.04,40.85,42.95,42.88,44.93,40.78,39.08,40.89,38.69,38.66,38.75,39.8
27089,36.02,37.42,42.62,41.71,40.89,40.88,41.4,42.5,41.06,40.05,43.05,39.45,40.29,40.04,40.85,42.95,42.88,44.93,40.78,39.08,40.89,38.69,38.66,38.75,39.8
27091,36.02,37.42,42.62,41.71,40.89,40.88,41.4,42.5,41.06,40.05,43.05,39.45,40.29,40.04,40.85,42.95,42.88,44.93,40.78,39.08,40.89,38.69,38.66,38.75,39.8
27093,36.02,37.42,42.62,41.71,40.89,40.88,41.4,42.5,41.06,40.05,43.05,39.45,40.29,40.04,40.85,42.95,42.88,44.93,40.78,39.08,40.89,38.69,38.66,38.75,39.8
27095,36.02,37.42,42.62,41.71,40.89,40.88,41.4,42.5,41.06,40.05,43.05,39.45,40.29,40.04,40.85,42.95,42.88,44.93,40.78,39.08,40.89,38.69,38.66,38.75,39.8
27097,36.02,37.42,42.62,41.71,40.89,40.88,41.4,42.5,41.06,40.05,43.05,39.45,40.29,40.04,40.85,42.95,42.88,44.93,40.78,39.08,40.89,38.69,38.66,38.75,39.8
27099,36.02,37.42,42.62,41.71,40.89,40.88,41.4,42.5,41.06,40.05,43.05,39.45,40.29,40.04,40.85,42.95,42.88,44.93,40.78,39.08,40.89,38.69,38.66,38.75,39.8
27101,36.02,37.42,42.62,41.71,40.89,40.88,41.4,42.5,41.06,40.05,43.05,39.45,40.29,40.04,40.85,42.95,42.88,44.93,40.78,39.08,40.89,38.69,38.66,38.75,39.8
27103,36.02,37.42,42.62,41.71,40.89,40.88,41.4,42.5,41.06,40.05,43.05,39.45,40.29,40.04,40.85,42.95,42.88,44.93,40.78,39.08,40.89,38.69,38.66,38.75,39.8
27105,36.02,37.42,42.62,41.71,40.89,40.88,41.4,42.5,41.06,40.05,43.05,39.45,40.29,40.04,40.85,42.95,42.88,44.93,40.78,39.08,40.89,38.69,38.66,38.75,39.8
27107,36.02,37.42,42.62,41.71,40.89,40.88,41.4,42.5,41.06,40.05,43.05,39.45,40.29,40.04,40.85,42.95,42.88,44.93,40.78,39.08,40.89,38.69,38.66,38.75,39.8
27109,36.02,37.42,42.62,41.71,40.89,40.88,41.4,42.5,41.06,40.05,43.05,39.45,40.29,40.04,40.85,42.95,42.88,44.93,40.78,39.08,40.89,38.69,38.66,38.75,39.8
27111,36.02,37.42,42.62,41.71,40.89,40.88,41.4,42.5,41.06,40.05,43.05,39.45,40.29,40.04,40.85,42.95,42.88,44.93,40.78,39.08,40.89,38.69,38.66,38.75,39.8
27113,36.02,37.42,42.62,41.71,40.89,40.88,41.4,42.5,41.06,40.05,43.05,39.45,40.29,40.04,40.85,42.95,42.88,44.93,40.78,39.08,40.89,38.69,38.66,38.75,39.8
27115,36.02,37.42,42.62,41.71,40.89,40.88,41.4,42.5,41.06,40.05,43.05,39.45,40.29,40.04,40.85,42.95,42.88,44.93,40.78,39.08,40.89,38.69,38.66,38.75,39.8
27117,36.02,37.42,42.62,41.71,40.89,40.88,41.4,42.5,41.06,40.05,43.05,39.45,40.29,40.04,40.85,42.95,42.88,44.93,40.78,39.08,40.89,38.69,38.66,38.75,39.8
27119,36.02,37.42,42.62,41.71,40.89,40.88,41.4,42.5,41.06,40.05,43.05,39.45,40.29,40.04,40.85,42.95,42.88,44.93,40.78,39.08,40.89,38.69,38.66,38.75,39.8
27121,36.02,37.42,42.62,41.71,40.89,40.88,41.4,42.5,41.06,40.05,43.05,39.45,40.29,40.04,40.85,42.95,42.88,44.93,40.78,39.08,40.89,38.69,38.66,38.75,39.8
27123,36.02,37.42,42.62,41.71,40.89,40.88,41.4,42.5,41.06,40.05,43.05,39.45,40.29,40.04,40.85,42.95,42.88,44.93,40.78,39.08,40.89,38.69,38.66,38.75,39.8
27125,36.02,37.42,42.62,41.71,40.89,40.88,41.4,42.5,41.06,40.05,43.05,39.45,40.29,40.04,40.85,42.95,42.88,44.93,40.78,39.08,40.89,38.69,38.66,38.75,39.8
27127,36.02,37.42,42.62,41.71,40.89,40.88,41.4,42.5,41.06,40.05,43.05,39.45,40.29,40.04,40.85,42.95,42.88,44.93,40.78,39.08,40.89,38.69,38.66,38.75,39.8
27129,36.02,37.42,42.62,41.71,40.89,40.88,41.4,42.5,41.06,40.05,43.05,39.45,40.29,40.04,40.85,42.95,42.88,44.93,40.78,39.08,40.89,38.69,38.66,38.75,39.8
27131,36.02,37.42,42.62,41.71,40.89,40.88,41.4,42.5,41.06,40.05,43.05,39.45,40.29,40.04,40.85,42.95,42.88,44.93,40.78,39.08,40.89,38.69,38.66,38.75,39.8
27133,36.02,37.42,42.62,41.71,40.89,40.88,41.4,42.5,41.06,40.05,43.05,39.45,40.29,40.04,40.85,42.95,42.88,44.93,40.78,39.08,40.89,38.69,38.66,38.75,39.8
27135,36.02,37.42,42.62,41.71,40.89,40.88,41.4,42.5,41.06,40.05,43.05,39.45,40.29,40.04,40.85,42.95,42.88,44.93,40.78,39.08,40.89,38.69,38.66,38.75,39.8
27137,36.02,37.42,42.62,41.71,40.89,40.88,41.4,42.5,41.06,40.05,43.05,39.45,40.29,40.04,40.85,42.95,42.88,44.93,40.78,39.08,40.89,38.69,38.66,38.75,39.8
27139,36.02,37.42,42.62,41.71,40.89,40.88,41.4,42.5,41.06,40.05,43.05,39.45,40.29,40.04,40.85,42.95,42.88,44.93,40.78,39.08,40.89,38.69,38.66,38.75,39.8
27141,36.02,37.42,42.62,41.71,40.89,40.88,41.4,42.5,41.06,40.05,43.05,39.45,40.29,40.04,40.85,42.95,42.88,44.93,40.78,39.08,40.89,38.69,38.66,38.75,39.8
27143,36.02,37.42,42.62,41.71,40.89,40.88,41.4,42.5,41.06,40.05,43.05,39.45,40.29,40.04,40.85,42.95,42.88,44.93,40.78,39.08,40.89,38.69,38.66,38.75,39.8
27145,36.02,37.42,42.62,41.71,40.89,40.88,41.4,42.5,41.06,40.05,43.05,39.45,40.29,40.04,40.85,42.95,42.88,44.93,40.78,39.08,40.89,38.69,38.66,38.75,39.8
27147,36.02,37.42,42.62,41.71,40.89,40.88,41.4,42.5,41.06,40.05,43.05,39.45,40.29,40.04,40.85,42.95,42.88,44.93,40.78,39.08,40.89,38.69,38.66,38.75,39.8
27149,36.02,37.42,42.62,41.71,40.89,40.88,41.4,42.5,41.06,40.05,43.05,39.45,40.29,40.04,40.85,42.95,42.88,44.93,40.78,39.08,40.89,38.69,38.66,38.75,39.8
27151,36.02,37.42,42.62,41.71,40.89,40.88,41.4,42.5,41.06,40.05,43.05,39.45,40.29,40.04,40.85,42.95,42.88,44.93,40.78,39.08,40.89,38.69,38.66,38.75,39.8
27153,36.02,37.42,42.62,41.71,40.89,40.88,41.4,42.5,41.06,40.05,43.05,39.45,40.29,40.04,40.85,42.95,42.88,44.93,40.78,39.08,40.89,38.69,38.66,38.75,39.8
27155,36.02,37.42,42.62,41.71,40.89,40.88,41.4,42.5,41.06,40.05,43.05,39.45,40.29,40.04,40.85,42.95,42.88,44.93,40.78,39.08,40.89,38.69,38.66,38.75,39.8
27157,36.02,37.42,42.62,41.71,40.89,40.88,41.4,42.5,41.06,40.05,43.05,39.45,40.29,40.04,40.85,42.95,42.88,44.93,40.78,39.08,40.89,38.69,38.66,38.75,39.8
27159,36.02,37.42,42.62,41.71,40.89,40.88,41.4,42.5,41.06,40.05,43.05,39.45,40.29,40.04,40.85,42.95,42.88,44.93,40.78,39.08,40.89,38.69,38.66,38.75,39.8
27161,36.02,37.42,42.62,41.71,40.89,40.88,41.4,42.5,41.06,40.05,43.05,39.45,40.29,40.04,40.85,42.95,42.88,44.93,40.78,39.08,40.89,38.69,38.66,38.75,39.8
27163,36.02,37.42,42.62,41.71,40.89,40.88,41.4,42.5,41.06,40.05,43.05,39.45,40.29,40.04,40.85,42.95,42.88,44.93,40.78,39.08,40.89,38.69,38.66,38.75,39.8
27165,36.02,37.42,42.62,41.71,40.89,40.88,41.4,42.5,41.06,40.05,43.05,39.45,40.29,40.04,40.85,42.95,42.88,44.93,40.78,39.08,40.89,38.69,38.66,38.75,39.8
27167,36.02,37.42,42.62,41.71,40.89,40.88,41.4,42.5,41.06,40.05,43.05,39.45,40.29,40.04,40.85,42.95,42.88,44.93,40.78,39.08,40.89,38.69,38.66,38.75,39.8
27169,36.02,37.42,42.62,41.71,40.89,40.88,41.4,42.5,41.06,40.05,43.05,39.45,40.29,40.04,40.85,42.95,42.88,44.93,40.78,39.08,40.89,38.69,38.66,38.75,39.8
27171,36.02,37.42,42.62,41.71,40.89,40.88,41.4,42.5,41.06,40.05,43.05,39.45,40.29,40.04,40.85,42.95,42.88,44.93,40.78,39.08,40.89,38.69,38.66,38.75,39.8
27173,36.02,37.42,42.62,41.71,40.89,40.88,41.4,42.5,41.06,40.05,43.05,39.45,40.29,40.04,40.85,42.95,42.88,44.93,40.78,39.08,40.89,38.69,38.66,38.75,39.8
28001,36.02,37.42,42.62,41.71,40.89,40.88,41.4,42.5,41.06,40.05,43.05,39.45,40.29,40.04,40.85,42.95,42.88,44.93,40.78,39.08,40.89,38.69,38.66,38.75,39.8
28003,36.02,37.42,42.62,41.71,40.89,40.88,41.4,42.5,41.06,40.05,43.05,39.45,40.29,40.04,40.85,42.95,42.88,44.93,40.78,39.08,40.89,38.69,38.66,38.75,39.8
28005,36.02,37.42,42.62,41.71,40.89,40.88,41.4,42.5,41.06,40.05,43.05,39.45,40.29,40.04,40.85,42.95,42.88,44.93,40.78,39.08,40.89,38.69,38.66,38.75,39.8
28007,36.02,37.42,42.62,41.71,40.89,40.88,41.4,42.5,41.06,40.05,43.05,39.45,40.29,40.04,40.85,42.95,42.88,44.93,40.78,39.08,40.89,38.69,38.66,38.75,39.8
28009,36.02,37.42,42.62,41.71,40.89,40.88,41.4,42.5,41.06,40.05,43.05,39.45,40.29,40.04,40.85,42.95,42.88,44.93,40.78,39.08,40.89,38.69,38.66,38.75,39.8
28011,36.02,37.42,42.62,41.71,40.89,40.88,41.4,42.5,41.06,40.05,43.05,39.45,40.29,40.04,40.85,42.95,42.88,44.93,40.78,39.08,40.89,38.69,38.66,38.75,39.8
28013,36.02,37.42,42.62,41.71,40.89,40.88,41.4,42.5,41.06,40.05,43.05,39.45,40.29,40.04,40.85,42.95,42.88,44.93,40.78,39.08,40.89,38.69,38.66,38.75,39.8
28015,36.02,37.42,42.62,41.71,40.89,40.88,41.4,42.5,41.06,40.05,43.05,39.45,40.29,40.04,40.85,42.95,42.88,44.93,40.78,39.08,40.89,38.69,38.66,38.75,39.8
28017,36.02,37.42,42.62,41.71,40.89,40.88,41.4,42.5,41.06,40.05,43.05,39.45,40.29,40.04,40.85,42.95,42.88,44.93,40.78,39.08,40.89,38.69,38.66,38.75,39.8
28019,36.02,37.42,42.62,41.71,40.89,40.88,41.4,42.5,41.06,40.05,43.05,39.45,40.29,40.04,40.85,42.95,42.88,44.93,40.78,39.08,40.89,38.69,38.66,38.75,39.8
28021,36.02,37.42,42.62,41.71,40.89,40.88,41.4,42.5,41.06,40.05,43.05,39.45,40.29,40.04,40.85,42.95,42.88,44.93,40.78,39.08,40.89,38.69,38.66,38.75,39.8
28023,36.02,37.42,42.62,41.71,40.89,40.88,41.4,42.5,41.06,40.05,43.05,39.45,40.29,40.04,40.85,42.95,42.88,44.93,40.78,39.08,40.89,38.69,38.66,38.75,39.8
28025,36.02,37.42,42.62,41.71,40.89,40.88,41.4,42.5,41.06,40.05,43.05,39.45,40.29,40.04,40.85,42.95,42.88,44.93,40.78,39.08,40.89,38.69,38.66,38.75,39.8
28027,36.02,37.42,42.62,41.71,40.89,40.88,41.4,42.5,41.06,40.05,43.05,39.45,40.29,40.04,40.85,42.95,42.88,44.93,40.78,39.08,40.89,38.69,38.66,38.75,39.8
28029,36.02,37.42,42.62,41.71,40.89,40.88,41.4,42.5,41.06,40.05,43.05,39.45,40.29,40.04,40.85,42.95,42.88,44.93,40.78,39.08,40.89,38.69,38.66,38.75,39.8
28031,36.02,37.42,42.62,41.71,40.89,40.88,41.4,42.5,41.06,40.05,43.05,39.45,40.29,40.04,40.85,42.95,42.88,44.93,40.78,39.08,40.89,38.69,38.66,38.75,39.8
28033,36.02,37.42,42.62,41.71,40.89,40.88,41.4,42.5,41.06,40.05,43.05,39.45,40.29,40.04,40.85,42.95,42.88,44.93,40.78,39.08,40.89,38.69,38.66,38.75,39.8
28035,36.02,37.42,42.62,41.71,40.89,40.88,41.4,42.5,41.06,40.05,43.05,39.45,40.29,40.04,40.85,42.95,42.88,44.93,40.78,39.08,40.89,38.69,38.66,38.75,39.8
28037,36.02,37.42,42.62,41.71,40.89,40.88,41.4,42.5,41.06,40.05,43.05,39.45,40.29,40.04,40.85,42.95,42.88,44.93,40.78,39.08,40.89,38.69,38.66,38.75,39.8
28039,36.02,37.42,42.62,41.71,40.89,40.88,41.4,42.5,41.06,40.05,43.05,39.45,40.29,40.04,40.85,42.95,42.88,44.93,40.78,39.08,40.89,38.69,38.66,38.75,39.8
28041,36.02,37.42,42.62,41.71,40.89,40.88,41.4,42.5,41.06,40.05,43.05,39.45,40.29,40.04,40.85,42.95,42.88,44.93,40.78,39.08,40.89,38.69,38.66,38.75,39.8
28043,36.02,37.42,42.62,41.71,40.89,40.88,41.4,42.5,41.06,40.05,43.05,39.45,40.29,40.04,40.85,42.95,42.88,44.93,40.78,39.08,40.89,38.69,38.66,38.75,39.8
28045,36.02,37.42,42.62,41.71,40.89,40.88,41.4,42.5,41.06,40.05,43.05,39.45,40.29,40.04,40.85,42.95,42.88,44.93,40.78,39.08,40.89,38.69,38.66,38.75,39.8
28047,36.02,37.42,42.62,41.71,40.89,40.88,41.4,42.5,41.06,40.05,43.05,39.45,40.29,40.04,40.85,42.95,42.88,44.93,40.78,39.08,40.89,38.69,38.66,38.75,39.8
28049,36.02,37.42,42.62,41.71,40.89,40.88,41.4,42.5,41.06,40.05,43.05,39.45,40.29,40.04,40.85,42.95,42.88,44.93,40.78,39.08,40.89,38.69,38.66,38.75,39.8
28051,36.02,37.42,42.62,41.71,40.89,40.88,41.4,42.5,41.06,40.05,43.05,39.45,40.29,40.04,40.85,42.95,42.88,44.93,40.78,39.08,40.89,38.69,38.66,38.75,39.8
28053,36.02,37.42,42.62,41.71,40.89,40.88,41.4,42.5,41.06,40.05,43.05,39.45,40.29,40.04,40.85,42.95,42.88,44.93,40.78,39.08,40.89,38.69,38.66,38.75,39.8
28055,36.02,37.42,42.62,41.71,40.89,40.88,41.4,42.5,41.06,40.05,43.05,39.45,40.29,40.04,40.85,42.95,42.88,44.93,40.78,39.08,40.89,38.69,38.66,38.75,39.8
28057,36.02,37.42,42.62,41.71,40.89,40.88,41.4,42.5,41.06,40.05,43.05,39.45,40.29,40.04,40.85,42.95,42.88,44.93,40.78,39.08,40.89,38.69,38.66,38.75,39.8
28059,36.02,37.42,42.62,41.71,40.89,40.88,41.4,42.5,41.06,40.05,43.05,39.45,40.29,40.04,40.85,42.95,42.88,44.93,40.78,39.08,40.89,38.69,38.66,38.75,39.8
28061,36.02,37.42,42.62,41.71,40.89,40.88,41.4,42.5,41.06,40.05,43.05,39.45,40.29,40.04,40.85,42.95,42.88,44.93,40.78,39.08,40.89,38.69,38.66,38.75,39.8
28063,36.02,37.42,42.62,41.71,40.89,40.88,41.4,42.5,41.06,40.05,43.05,39.45,40.29,40.04,40.85,42.95,42.88,44.93,40.78,39.08,40.89,38.69,38.66,38.75,39.8
28065,36.02,37.42,42.62,41.71,40.89,40.88,41.4,42.5,41.06,40.05,43.05,39.45,40.29,40.04,40.85,42.95,42.88,44.93,40.78,39.08,40.89,38.69,38.66,38.75,39.8
28067,36.02,37.42,42.62,41.71,40.89,40.88,41.4,42.5,41.06,40.05,43.05,39.45,40.29,40.04,40.85,42.95,42.88,44.93,40.78,39.08,40.89,38.69,38.66,38.75,39.8
28069,36.02,37.42,42.62,41.71,40.89,40.88,41.4,42.5,41.06,40.05,43.05,39.45,40.29,40.04,40.85,42.95,42.88,44.93,40.78,39.08,40.89,38.69,38.66,38.75,39.8
28071,36.02,37.42,42.62,41.71,40.89,40.88,41.4,42.5,41.06,40.05,43.05,39.45,40.29,40.04,40.85,42.95,42.88,44.93,40.78,39.08,40.89,38.69,38.66,38.75,39.8
28073,36.02,37.42,42.62,41.71,40.89,40.88,41.4,42.5,41.06,40.05,43.05,39.45,40.29,40.04,40.85,42.95,42.88,44.93,40.78,39.08,40.89,38.69,38.66,38.75,39.8
28075,36.02,37.42,42.62,41.71,40.89,40.88,41.4,42.5,41.06,40.05,43.05,39.45,40.29,40.04,40.85,42.95,42.88,44.93,40.78,39.08,40.89,38.69,38.66,38.75,39.8
28077,36.02,37.42,42.62,41.71,40.89,40.88,41.4,42.5,41.06,40.05,43.05,39.45,40.29,40.04,40.85,42.95,42.88,44.93,40.78,39.08,40.89,38.69,38.66,38.75,39.8
28079,36.02,37.42,42.62,41.71,40.89,40.88,41.4,42.5,41.06,40.05,43.05,39.45,40.29,40.04,40.85,42.95,42.88,44.93,40.78,39.08,40.89,38.69,38.66,38.75,39.8
28081,36.02,37.42,42.62,41.71,40.89,40.88,41.4,42.5,41.06,40.05,43.05,39.45,40.29,40.04,40.85,42.95,42.88,44.93,40.78,39.08,40.89,38.69,38.66,38.75,39.8
28083,36.02,37.42,42.62,41.71,40.89,40.88,41.4,42.5,41.06,40.05,43.05,39.45,40.29,40.04,40.85,42.95,42.88,44.93,40.78,39.08,40.89,38.69,38.66,38.75,39.8
28085,36.02,37.42,42.62,41.71,40.89,40.88,41.4,42.5,41.06,40.05,43.05,39.45,40.29,40.04,40.85,42.95,42.88,44.93,40.78,39.08,40.89,38.69,38.66,38.75,39.8
28087,36.02,37.42,42.62,41.71,40.89,40.88,41.4,42.5,41.06,40.05,43.05,39.45,40.29,40.04,40.85,42.95,42.88,44.93,40.78,39.08,40.89,38.69,38.66,38.75,39.8
28089,36.02,37.42,42.62,41.71,40.89,40.88,41.4,42.5,41.06,40.05,43.05,39.45,40.29,40.04,40.85,42.95,42.88,44.93,40.78,39.08,40.89,38.69,38.66,38.75,39.8
28091,36.02,37.42,42.62,41.71,40.89,40.88,41.4,42.5,41.06,40.05,43.05,39.45,40.29,40.04,40.85,42.95,42.88,44.93,40.78,39.08,40.89,38.69,38.66,38.75,39.8
28093,36.02,37.42,42.62,41.71,40.89,40.88,41.4,42.5,41.06,40.05,43.05,39.45,40.29,40.04,40.85,42.95,42.88,44.93,40.78,39.08,40.89,38.69,38.66,38.75,39.8
28095,36.02,37.42,42.62,41.71,40.89,40.88,41.4,42.5,41.06,40.05,43.05,39.45,40.29,40.04,40.85,42.95,42.88,44.93,40.78,39.08,40.89,38.69,38.66,38.75,39.8
28097,36.02,37.42,42.62,41.71,40.89,40.88,41.4,42.5,41.06,40.05,43.05,39.45,40.29,40.04,40.85,42.95,42.88,44.93,40.78,39.08,40.89,38.69,38.66,38.75,39.8
28099,36.02,37.42,42.62,41.71,40.89,40.88,41.4,42.5,41.06,40.05,43.05,39.45,40.29,40.04,40.85,42.95,42.88,44.93,40.78,39.08,40.89,38.69,38.66,38.75,39.8
28101,36.02,37.42,42.62,41.71,40.89,40.88,41.4,42.5,41.06,40.05,43.05,39.45,40.29,40.04,40.85,42.95,42.88,44.93,40.78,39.08,40.89,38.69,38.66,38.75,39.8
28103,36.02,37.42,42.62,41.71,40.89,40.88,41.4,42.5,41.06,40.05,43.05,39.45,40.29,40.04,40.85,42.95,42.88,44.93,40.78,39.08,40.89,38.69,38.66,38.75,39.8
28105,36.02,37.42,42.62,41.71,40.89,40.88,41.4,42.5,41.06,40.05,43.05,39.45,40.29,40.04,40.85,42.95,42.88,44.93,40.78,39.08,40.89,38.69,38.66,38.75,39.8
28107,36.02,37.42,42.62,41.71,40.89,40.88,41.4,42.5,41.06,40.05,43.05,39.45,40.29,40.04,40.85,42.95,42.88,44.93,40.78,39.08,40.89,38.69,38.66,38.75,39.8
28109,36.02,37.42,42.62,41.71,40.89,40.88,41.4,42.5,41.06,40.05,43.05,39.45,40.29,40.04,40.85,42.95,42.88,44.93,40.78,39.08,40.89,38.69,38.66,38.75,39.8
28111,36.02,37.42,42.62,41.71,40.89,40.88,41.4,42.5,41.06,40.05,43.05,39.45,40.29,40.04,40.85,42.95,42.88,44.93,40.78,39.08,40.89,38.69,38.66,38.75,39.8
28113,36.02,37.42,42.62,41.71,40.89,40.88,41.4,42.5,41.06,40.05,43.05,39.45,40.29,40.04,40.85,42.95,42.88,44.93,40.78,39.08,40.89,38.69,38.66,38.75,39.8
28115,36.02,37.42,42.62,41.71,40.89,40.88,41.4,42.5,41.06,40.05,43.05,39.45,40.29,40.04,40.85,42.95,42.88,44.93,40.78,39.08,40.89,38.69,38.66,38.75,39.8
28117,36.02,37.42,42.62,41.71,40.89,40.88,41.4,42.5,41.06,40.05,43.05,39.45,40.29,40.04,40.85,42.95,42.88,44.93,40.78,39.08,40.89,38.69,38.66,38.75,39.8
28119,36.02,37.42,42.62,41.71,40.89,40.88,41.4,42.5,41.06,40.05,43.05,39.45,40.29,40.04,40.85,42.95,42.88,44.93,40.78,39.08,40.89,38.69,38.66,38.75,39.8
28121,36.02,37.42,42.62,41.71,40.89,40.88,41.4,42.5,41.06,40.05,43.05,39.45,40.29,40.04,40.85,42.95,42.88,44.93,40.78,39.08,40.89,38.69,38.66,38.75,39.8
28123,36.02,37.42,42.62,41.71,40.89,40.88,41.4,42.5,41.06,40.05,43.05,39.45,40.29,40.04,40.85,42.95,42.88,44.93,40.78,39.08,40.89,38.69,38.66,38.75,39.8
28125,36.02,37.42,42.62,41.71,40.89,40.88,41.4,42.5,41.06,40.05,43.05,39.45,40.29,40.04,40.85,42.95,42.88,44.93,40.78,39.08,40.89,38.69,38.66,38.75,39.8
28127,36.02,37.42,42.62,41.71,40.89,40.88,41.4,42.5,41.06,40.05,43.05,39.45,40.29,40.04,40.85,42.95,42.88,44.93,40.78,39.08,40.89,38.69,38.66,38.75,39.8
28129,36.02,37.42,42.62,41.71,40.89,40.88,41.4,42.5,41.06,40.05,43.05,39.45,40.29,40.04,40.85,42.95,42.88,44.93,40.78,39.08,40.89,38.69,38.66,38.75,39.8
28131,36.02,37.42,42.62,41.71,40.89,40.88,41.4,42.5,41.06,40.05,43.05,39.45,40.29,40.04,40.85,42.95,42.88,44.93,40.78,39.08,40.89,38.69,38.66,38.75,39.8
28133,36.02,37.42,42.62,41.71,40.89,40.88,41.4,42.5,41.06,40.05,43.05,39.45,40.29,40.04,40.85,42.95,42.88,44.93,40.78,39.08,40.89,38.69,38.66,38.75,39.8
28135,36.02,37.42,42.62,41.71,40.89,40.88,41.4,42.5,41.06,40.05,43.05,39.45,40.29,40.04,40.85,42.95,42.88,44.93,40.78,39.08,40.89,38.69,38.66,38.75,39.8
28137,36.02,37.42,42.62,41.71,40.89,40.88,41.4,42.5,41.06,40.05,43.05,39.45,40.29,40.04,40.85,42.95,42.88,44.93,40.78,39.08,40.89,38.69,38.66,38.75,39.8
28139,36.02,37.42,42.62,41.71,40.89,40.88,41.4,42.5,41.06,40.05,43.05,39.45,40.29,40.04,40.85,42.95,42.88,44.93,40.78,39.08,40.89,38.69,38.66,38.75,39.8
28141,36.02,37.42,42.62,41.71,40.89,40.88,41.4,42.5,41.06,40.05,43.05,39.45,40.29,40.04,40.85,42.95,42.88,44.93,40.78,39.08,40.89,38.69,38.66,38.75,39.8
28143,36.02,37.42,42.62,41.71,40.89,40.88,41.4,42.5,41.06,40.05,43.05,39.45,40.29,40.04,40.85,42.95,42.88,44.93,40.78,39.08,40.89,38.69,38.66,38.75,39.8
28145,36.02,37.42,42.62,41.71,40.89,40.88,41.4,42.5,41.06,40.05,43.05,39.45,40.29,40.04,40.85,42.95,42.88,44.93,40.78,39.08,40.89,38.69,38.66,38.75,39.8
28147,36.02,37.42,42.62,41.71,40.89,40.88,41.4,42.5,41.06,40.05,43.05,39.45,40.29,40.04,40.85,42.95,42.88,44.93,40.78,39.08,40.89,38.69,38.66,38.75,39.8
28149,36.02,37.42,42.62,41.71,40.89,40.88,41.4,42.5,41.06,40.05,43.05,39.45,40.29,40.04,40.85,42.95,42.88,44.93,40.78,39.08,40.89,38.69,38.66,38.75,39.8
28151,36.02,37.42,42.62,41.71,40.89,40.88,41.4,42.5,41.06,40.05,43.05,39.45,40.29,40.04,40.85,42.95,42.88,44.93,40.78,39.08,40.89,38.69,38.66,38.75,39.8
28153,36.02,37.42,42.62,41.71,40.89,40.88,41.4,42.5,41.06,40.05,43.05,39.45,40.29,40.04,40.85,42.95,42.88,44.93,40.78,39.08,40.89,38.69,38.66,38.75,39.8
28155,36.02,37.42,42.62,41.71,40.89,40.88,41.4,42.5,41.06,40.05,43.05,39.45,40.29,40.04,40.85,42.95,42.88,44.93,40.78,39.08,40.89,38.69,38.66,38.75,39.8
28157,36.02,37.42,42.62,41.71,40.89,40.88,41.4,42.5,41.06,40.05,43.05,39.45,40.29,40.04,40.85,42.95,42.88,44.93,40.78,39.08,40.89,38.69,38.66,38.75,39.8
28159,36.02,37.42,42.62,41.71,40.89,40.88,41.4,42.5,41.06,40.05,43.05,39.45,40.29,40.04,40.85,42.95,42.88,44.93,40.78,39.08,40.89,38.69,38.66,38.75,39.8
28161,36.02,37.42,42.62,41.71,40.89,40.88,41.4,42.5,41.06,40.05,43.05,39.45,40.29,40.04,40.85,42.95,42.88,44.93,40.78,39.08,40.89,38.69,38.66,38.75,39.8
28163,36.02,37.42,42.62,41.71,40.89,40.88,41.4,42.5,41.06,40.05,43.05,39.45,40.29,40.04,40.85,42.95,42.88,44.93,40.78,39.08,40.89,38.69,38.66,38.75,39.8
29001,36.02,37.42,42.62,41.71,40.89,40.88,41.4,42.5,41.06,40.05,43.05,39.45,40.29,40.04,40.85,42.95,42.88,44.93,40.78,39.08,40.89,38.69,38.66,38.75,39.8
29003,36.02,37.42,42.62,41.71,40.89,40.88,41.4,42.5,41.06,40.05,43.05,39.45,40.29,40.04,40.85,42.95,42.88,44.93,40.78,39.08,40.89,38.69,38.66,38.75,39.8
29005,36.02,37.42,42.62,41.71,40.89,40.88,41.4,42.5,41.06,40.05,43.05,39.45,40.29,40.04,40.85,42.95,42.88,44.93,40.78,39.08,40.89,38.69,38.66,38.75,39.8
29007,36.02,37.42,42.62,41.71,40.89,40.88,41.4,42.5,41.06,40.05,43.05,39.45,40.29,40.04,40.85,42.95,42.88,44.93,40.78,39.08,40.89,38.69,38.66,38.75,39.8
29009,36.02,37.42,42.62,41.71,40.89,40.88,41.4,42.5,41.06,40.05,43.05,39.45,40.29,40.04,40.85,42.95,42.88,44.93,40.78,39.08,40.89,38.69,38.66,38.75,39.8
29011,36.02,37.42,42.62,41.71,40.89,40.88,41.4,42.5,41.06,40.05,43.05,39.45,40.29,40.04,40.85,42.95,42.88,44.93,40.78,39.08,40.89,38.69,38.66,38.75,39.8
29013,36.02,37.42,42.62,41.71,40.89,40.88,41.4,42.5,41.06,40.05,43.05,39.45,40.29,40.04,40.85,42.95,42.88,44.93,40.78,39.08,40.89,38.69,38.66,38.75,39.8
29015,36.02,37.42,42.62,41.71,40.89,40.88,41.4,42.5,41.06,40.05,43.05,39.45,40.29,40.04,40.85,42.95,42.88,44.93,40.78,39.08,40.89,38.69,38.66,38.75,39.8
29017,36.02,37.42,42.62,41.71,40.89,40.88,41.4,42.5,41.06,40.05,43.05,39.45,40.29,40.04,40.85,42.95,42.88,44.93,40.78,39.08,40.89,38.69,38.66,38.75,39.8
29019,36.02,37.42,42.62,41.71,40.89,40.88,41.4,42.5,41.06,40.05,43.05,39.45,40.29,40.04,40.85,42.95,42.88,44.93,40.78,39.08,40.89,38.69,38.66,38.75,39.8
29021,36.02,37.42,42.62,41.71,40.89,40.88,41.4,42.5,41.06,40.05,43.05,39.45,40.29,40.04,40.85,42.95,42.88,44.93,40.78,39.08,40.89,38.69,38.66,38.75,39.8
29023,36.02,37.42,42.62,41.71,40.89,40.88,41.4,42.5,41.06,40.05,43.05,39.45,40.29,40.04,40.85,42.95,42.88,44.93,40.78,39.08,40.89,38.69,38.66,38.75,39.8
29025,36.02,37.42,42.62,41.71,40.89,40.88,41.4,42.5,41.06,40.05,43.05,39.45,40.29,40.04,40.85,42.95,42.88,44.93,40.78,39.08,40.89,38.69,38.66,38.75,39.8
29027,36.02,37.42,42.62,41.71,40.89,40.88,41.4,42.5,41.06,40.05,43.05,39.45,40.29,40.04,40.85,42.95,42.88,44.93,40.78,39.08,40.89,38.69,38.66,38.75,39.8
29029,36.02,37.42,42.62,41.71,40.89,40.88,41.4,42.5,41.06,40.05,43.05,39.45,40.29,40.04,40.85,42.95,42.88,44.93,40.78,39.08,40.89,38.69,38.66,38.75,39.8
29031,36.02,37.42,42.62,41.71,40.89,40.88,41.4,42.5,41.06,40.05,43.05,39.45,40.29,40.04,40.85,42.95,42.88,44.93,40.78,39.08,40.89,38.69,38.66,38.75,39.8
29033,36.02,37.42,42.62,41.71,40.89,40.88,41.4,42.5,41.06,40.05,43.05,39.45,40.29,40.04,40.85,42.95,42.88,44.93,40.78,39.08,40.89,38.69,38.66,38.75,39.8
29035,36.02,37.42,42.62,41.71,40.89,40.88,41.4,42.5,41.06,40.05,43.05,39.45,40.29,40.04,40.85,42.95,42.88,44.93,40.78,39.08,40.89,38.69,38.66,38.75,39.8
29037,36.02,37.42,42.62,41.71,40.89,40.88,41.4,42.5,41.06,40.05,43.05,39.45,40.29,40.04,40.85,42.95,42.88,44.93,40.78,39.08,40.89,38.69,38.66,38.75,39.8
29039,36.02,37.42,42.62,41.71,40.89,40.88,41.4,42.5,41.06,40.05,43.05,39.45,40.29,40.04,40.85,42.95,42.88,44.93,40.78,39.08,40.89,38.69,38.66,38.75,39.8
29041,36.02,37.42,42.62,41.71,40.89,40.88,41.4,42.5,41.06,40.05,43.05,39.45,40.29,40.04,40.85,42.95,42.88,44.93,40.78,39.08,40.89,38.69,38.66,38.75,39.8
29043,36.02,37.42,42.62,41.71,40.89,40.88,41.4,42.5,41.06,40.05,43.05,39.45,40.29,40.04,40.85,42.95,42.88,44.93,40.78,39.08,40.89,38.69,38.66,38.75,39.8
29045,36.02,37.42,42.62,41.71,40.89,40.88,41.4,42.5,41.06,40.05,43.05,39.45,40.29,40.04,40.85,42.95,42.88,44.93,40.78,39.08,40.89,38.69,38.66,38.75,39.8
29047,36.02,37.42,42.62,41.71,40.89,40.88,41.4,42.5,41.06,40.05,43.05,39.45,40.29,40.04,40.85,42.95,42.88,44.93,40.78,39.08,40.89,38.69,38.66,38.75,39.8
29049,36.02,37.42,42.62,41.71,40.89,40.88,41.4,42.5,41.06,40.05,43.05,39.45,40.29,40.04,40.85,42.95,42.88,44.93,40.78,39.08,40.89,38.69,38.66,38.75,39.8
29051,36.02,37.42,42.62,41.71,40.89,40.88,41.4,42.5,41.06,40.05,43.05,39.45,40.29,40.04,40.85,42.95,42.88,44.93,40.78,39.08,40.89,38.69,38.66,38.75,39.8
29053,36.02,37.42,42.62,41.71,40.89,40.88,41.4,42.5,41.06,40.05,43.05,39.45,40.29,40.04,40.85,42.95,42.88,44.93,40.78,39.08,40.89,38.69,38.66,38.75,39.8
29055,36.02,37.42,42.62,41.71,40.89,40.88,41.4,42.5,41.06,40.05,43.05,39.45,40.29,40.04,40.85,42.95,42.88,44.93,40.78,39.08,40.89,38.69,38.66,38.75,39.8
29057,36.02,37.42,42.62,41.71,40.89,40.88,41.4,42.5,41.06,40.05,43.05,39.45,40.29,40.04,40.85,42.95,42.88,44.93,40.78,39.08,40.89,38.69,38.66,38.75,39.8
29059,36.02,37.42,42.62,41.71,40.89,40.88,41.4,42.5,41.06,40.05,43.05,39.45,40.29,40.04,40.85,42.95,42.88,44.93,40.78,39.08,40.89,38.69,38.66,38.75,39.8
29061,36.02,37.42,42.62,41.71,40.89,40.88,41.4,42.5,41.06,40.05,43.05,39.45,40.29,40.04,40.85,42.95,42.88,44.93,40.78,39.08,40.89,38.69,38.66,38.75,39.8
29063,36.02,37.42,42.62,41.71,40.89,40.88,41.4,42.5,41.06,40.05,43.05,39.45,40.29,40.04,40.85,42.95,42.88,44.93,40.78,39.08,40.89,38.69,38.66,38.75,39.8
29065,36.02,37.42,42.62,41.71,40.89,40.88,41.4,42.5,41.06,40.05,43.05,39.45,40.29,40.04,40.85,42.95,42.88,44.93,40.78,39.08,40.89,38.69,38.66,38.75,39.8
29067,36.02,37.42,42.62,41.71,40.89,40.88,41.4,42.5,41.06,40.05,43.05,39.45,40.29,40.04,40.85,42.95,42.88,44.93,40.78,39.08,40.89,38.69,38.66,38.75,39.8
29069,36.02,37.42,42.62,41.71,40.89,40.88,41.4,42.5,41.06,40.05,43.05,39.45,40.29,40.04,40.85,42.95,42.88,44.93,40.78,39.08,40.89,38.69,38.66,38.75,39.8
29071,36.02,37.42,42.62,41.71,40.89,40.88,41.4,42.5,41.06,40.05,43.05,39.45,40.29,40.04,40.85,42.95,42.88,44.93,40.78,39.08,40.89,38.69,38.66,38.75,39.8
29073,36.02,37.42,42.62,41.71,40.89,40.88,41.4,42.5,41.06,40.05,43.05,39.45,40.29,40.04,40.85,42.95,42.88,44.93,40.78,39.08,40.89,38.69,38.66,38.75,39.8
29075,36.02,37.42,42.62,41.71,40.89,40.88,41.4,42.5,41.06,40.05,43.05,39.45,40.29,40.04,40.85,42.95,42.88,44.93,40.78,39.08,40.89,38.69,38.66,38.75,39.8
29077,36.02,37.42,42.62,41.71,40.89,40.88,41.4,42.5,41.06,40.05,43.05,39.45,40.29,40.04,40.85,42.95,42.88,44.93,40.78,39.08,40.89,38.69,38.66,38.75,39.8
29079,36.02,37.42,42.62,41.71,40.89,40.88,41.4,42.5,41.06,40.05,43.05,39.45,40.29,40.04,40.85,42.95,42.88,44.93,40.78,39.08,40.89,38.69,38.66,38.75,39.8
29081,36.02,37.42,42.62,41.71,40.89,40.88,41.4,42.5,41.06,40.05,43.05,39.45,40.29,40.04,40.85,42.95,42.88,44.93,40.78,39.08,40.89,38.69,38.66,38.75,39.8
29083,36.02,37.42,42.62,41.71,40.89,40.88,41.4,42.5,41.06,40.05,43.05,39.45,40.29,40.04,40.85,42.95,42.88,44.93,40.78,39.08,40.89,38.69,38.66,38.75,39.8
29085,36.02,37.42,42.62,41.71,40.89,40.88,41.4,42.5,41.06,40.05,43.05,39.45,40.29,40.04,40.85,42.95,42.88,44.93,40.78,39.08,40.89,38.69,38.66,38.75,39.8
29087,36.02,37.42,42.62,41.71,40.89,40.88,41.4,42.5,41.06,40.05,43.05,39.45,40.29,40.04,40.85,42.95,42.88,44.93,40.78,39.08,40.89,38.69,38.66,38.75,39.8
29089,36.02,37.42,42.62,41.71,40.89,40.88,41.4,42.5,41.06,40.05,43.05,39.45,40.29,40.04,40.85,42.95,42.88,44.93,40.78,39.08,40.89,38.69,38.66,38.75,39.8
29091,36.02,37.42,42.62,41.71,40.89,40.88,41.4,42.5,41.06,40.05,43.05,39.45,40.29,40.04,40.85,42.95,42.88,44.93,40.78,39.08,40.89,38.69,38.66,38.75,39.8
29093,36.02,37.42,42.62,41.71,40.89,40.88,41.4,42.5,41.06,40.05,43.05,39.45,40.29,40.04,40.85,42.95,42.88,44.93,40.78,39.08,40.89,38.69,38.66,38.75,39.8
29095,36.02,37.42,42.62,41.71,40.89,40.88,41.4,42.5,41.06,40.05,43.05,39.45,40.29,40.04,40.85,42.95,42.88,44.93,40.78,39.08,40.89,38.69,38.66,38.75,39.8
29097,36.02,37.42,42.62,41.71,40.89,40.88,41.4,42.5,41.06,40.05,43.05,39.45,40.29,40.04,40.85,42.95,42.88,44.93,40.78,39.08,40.89,38.69,38.66,38.75,39.8
29099,36.02,37.42,42.62,41.71,40.89,40.88,41.4,42.5,41.06,40.05,43.05,39.45,40.29,40.04,40.85,42.95,42.88,44.93,40.78,39.08,40.89,38.69,38.66,38.75,39.8
29101,36.02,37.42,42.62,41.71,40.89,40.88,41.4,42.5,41.06,40.05,43.05,39.45,40.29,40.04,40.85,42.95,42.88,44.93,40.78,39.08,40.89,38.69,38.66,38.75,39.8
29103,36.02,37.42,42.62,41.71,40.89,40.88,41.4,42.5,41.06,40.05,43.05,39.45,40.29,40.04,40.85,42.95,42.88,44.93,40.78,39.08,40.89,38.69,38.66,38.75,39.8
29105,36.02,37.42,42.62,41.71,40.89,40.88,41.4,42.5,41.06,40.05,43.05,39.45,40.29,40.04,40.85,42.95,42.88,44.93,40.78,39.08,40.89,38.69,38.66,38.75,39.8
29107,36.02,37.42,42.62,41.71,40.89,40.88,41.4,42.5,41.06,40.05,43.05,39.45,40.29,40.04,40.85,42.95,42.88,44.93,40.78,39.08,40.89,38.69,38.66,38.75,39.8
29109,36.02,37.42,42.62,41.71,40.89,40.88,41.4,42.5,41.06,40.05,43.05,39.45,40.29,40.04,40.85,42.95,42.88,44.93,40.78,39.08,40.89,38.69,38.66,38.75,39.8
29111,36.02,37.42,42.62,41.71,40.89,40.88,41.4,42.5,41.06,40.05,43.05,39.45,40.29,40.04,40.85,42.95,42.88,44.93,40.78,39.08,40.89,38.69,38.66,38.75,39.8
29113,36.02,37.42,42.62,41.71,40.89,40.88,41.4,42.5,41.06,40.05,43.05,39.45,40.29,40.04,40.85,42.95,42.88,44.93,40.78,39.08,40.89,38.69,38.66,38.75,39.8
29115,36.02,37.42,42.62,41.71,40.89,40.88,41.4,42.5,41.06,40.05,43.05,39.45,40.29,40.04,40.85,42.95,42.88,44.93,40.78,39.08,40.89,38.69,38.66,38.75,39.8
29117,36.02,37.42,42.62,41.71,40.89,40.88,41.4,42.5,41.06,40.05,43.05,39.45,40.29,40.04,40.85,42.95,42.88,44.93,40.78,39.08,40.89,38.69,38.66,38.75,39.8
29119,36.02,37.42,42.62,41.71,40.89,40.88,41.4,42.5,41.06,40.05,43.05,39.45,40.29,40.04,40.85,42.95,42.88,44.93,40.78,39.08,40.89,38.69,38.66,38.75,39.8
29121,36.02,37.42,42.62,41.71,40.89,40.88,41.4,42.5,41.06,40.05,43.05,39.45,40.29,40.04,40.85,42.95,42.88,44.93,40.78,39.08,40.89,38.69,38.66,38.75,39.8
29123,36.02,37.42,42.62,41.71,40.89,40.88,41.4,42.5,41.06,40.05,43.05,39.45,40.29,40.04,40.85,42.95,42.88,44.93,40.78,39.08,40.89,38.69,38.66,38.75,39.8
29125,36.02,37.42,42.62,41.71,40.89,40.88,41.4,42.5,41.06,40.05,43.05,39.45,40.29,40.04,40.85,42.95,42.88,44.93,40.78,39.08,40.89,38.69,38.66,38.75,39.8
29127,36.02,37.42,42.62,41.71,40.89,40.88,41.4,42.5,41.06,40.05,43.05,39.45,40.29,40.04,40.85,42.95,42.88,44.93,40.78,39.08,40.89,38.69,38.66,38.75,39.8
29129,36.02,37.42,42.62,41.71,40.89,40.88,41.4,42.5,41.06,40.05,43.05,39.45,40.29,40.04,40.85,42.95,42.88,44.93,40.78,39.08,40.89,38.69,38.66,38.75,39.8
29131,36.02,37.42,42.62,41.71,40.89,40.88,41.4,42.5,41.06,40.05,43.05,39.45,40.29,40.04,40.85,42.95,42.88,44.93,40.78,39.08,40.89,38.69,38.66,38.75,39.8
29133,36.02,37.42,42.62,41.71,40.89,40.88,41.4,42.5,41.06,40.05,43.05,39.45,40.29,40.04,40.85,42.95,42.88,44.93,40.78,39.08,40.89,38.69,38.66,38.75,39.8
29135,36.02,37.42,42.62,41.71,40.89,40.88,41.4,42.5,41.06,40.05,43.05,39.45,40.29,40.04,40.85,42.95,42.88,44.93,40.78,39.08,40.89,38.69,38.66,38.75,39.8
29137,36.02,37.42,42.62,41.71,40.89,40.88,41.4,42.5,41.06,40.05,43.05,39.45,40.29,40.04,40.85,42.95,42.88,44.93,40.78,39.08,40.89,38.69,38.66,38.75,39.8
29139,36.02,37.42,42.62,41.71,40.89,40.88,41.4,42.5,41.06,40.05,43.05,39.45,40.29,40.04,40.85,42.95,42.88,44.93,40.78,39.08,40.89,38.69,38.66,38.75,39.8
29141,36.02,37.42,42.62,41.71,40.89,40.88,41.4,42.5,41.06,40.05,43.05,39.45,40.29,40.04,40.85,42.95,42.88,44.93,40.78,39.08,40.89,38.69,38.66,38.75,39.8
29143,36.02,37.42,42.62,41.71,40.89,40.88,41.4,42.5,41.06,40.05,43.05,39.45,40.29,40.04,40.85,42.95,42.88,44.93,40.78,39.08,40.89,38.69,38.66,38.75,39.8
29145,36.02,37.42,42.62,41.71,40.89,40.88,41.4,42.5,41.06,40.05,43.05,39.45,40.29,40.04,40.85,42.95,42.88,44.93,40.78,39.08,40.89,38.69,38.66,38.75,39.8
29147,36.02,37.42,42.62,41.71,40.89,40.88,41.4,42.5,41.06,40.05,43.05,39.45,40.29,40.04,40.85,42.95,42.88,44.93,40.78,39.08,40.89,38.69,38.66,38.75,39.8
29149,36.02,37.42,42.62,41.71,40.89,40.88,41.4,42.5,41.06,40.05,43.05,39.45,40.29,40.04,40.85,42.95,42.88,44.93,40.78,39.08,40.89,38.69,38.66,38.75,39.8
29151,36.02,37.42,42.62,41.71,40.89,40.88,41.4,42.5,41.06,40.05,43.05,39.45,40.29,40.04,40.85,42.95,42.88,44.93,40.78,39.08,40.89,38.69,38.66,38.75,39.8
29153,36.02,37.42,42.62,41.71,40.89,40.88,41.4,42.5,41.06,40.05,43.05,39.45,40.29,40.04,40.85,42.95,42.88,44.93,40.78,39.08,40.89,38.69,38.66,38.75,39.8
29155,36.02,37.42,42.62,41.71,40.89,40.88,41.4,42.5,41.06,40.05,43.05,39.45,40.29,40.04,40.85,42.95,42.88,44.93,40.78,39.08,40.89,38.69,38.66,38.75,39.8
29157,36.02,37.42,42.62,41.71,40.89,40.88,41.4,42.5,41.06,40.05,43.05,39.45,40.29,40.04,40.85,42.95,42.88,44.93,40.78,39.08,40.89,38.69,38.66,38.75,39.8
29159,36.02,37.42,42.62,41.71,40.89,40.88,41.4,42.5,41.06,40.05,43.05,39.45,40.29,40.04,40.85,42.95,42.88,44.93,40.78,39.08,40.89,38.69,38.66,38.75,39.8
29161,36.02,37.42,42.62,41.71,40.89,40.88,41.4,42.5,41.06,40.05,43.05,39.45,40.29,40.04,40.85,42.95,42.88,44.93,40.78,39.08,40.89,38.69,38.66,38.75,39.8
29163,36.02,37.42,42.62,41.71,40.89,40.88,41.4,42.5,41.06,40.05,43.05,39.45,40.29,40.04,40.85,42.95,42.88,44.93,40.78,39.08,40.89,38.69,38.66,38.75,39.8
29165,36.02,37.42,42.62,41.71,40.89,40.88,41.4,42.5,41.06,40.05,43.05,39.45,40.29,40.04,40.85,42.95,42.88,44.93,40.78,39.08,40.89,38.69,38.66,38.75,39.8
29167,36.02,37.42,42.62,41.71,40.89,40.88,41.4,42.5,41.06,40.05,43.05,39.45,40.29,40.04,40.85,42.95,42.88,44.93,40.78,39.08,40.89,38.69,38.66,38.75,39.8
29169,36.02,37.42,42.62,41.71,40.89,40.88,41.4,42.5,41.06,40.05,43.05,39.45,40.29,40.04,40.85,42.95,42.88,44.93,40.78,39.08,40.89,38.69,38.66,38.75,39.8
29171,36.02,37.42,42.62,41.71,40.89,40.88,41.4,42.5,41.06,40.05,43.05,39.45,40.29,40.04,40.85,42.95,42.88,44.93,40.78,39.08,40.89,38.69,38.66,38.75,39.8
29173,36.02,37.42,42.62,41.71,40.89,40.88,41.4,42.5,41.06,40.05,43.05,39.45,40.29,40.04,40.85,42.95,42.88,44.93,40.78,39.08,40.89,38.69,38.66,38.75,39.8
29175,36.02,37.42,42.62,41.71,40.89,40.88,41.4,42.5,41.06,40.05,43.05,39.45,40.29,40.04,40.85,42.95,42.88,44.93,40.78,39.08,40.89,38.69,38.66,38.75,39.8
29177,36.02,37.42,42.62,41.71,40.89,40.88,41.4,42.5,41.06,40.05,43.05,39.45,40.29,40.04,40.85,42.95,42.88,44.93,40.78,39.08,40.89,38.69,38.66,38.75,39.8
29179,36.02,37.42,42.62,41.71,40.89,40.88,41.4,42.5,41.06,40.05,43.05,39.45,40.29,40.04,40.85,42.95,42.88,44.93,40.78,39.08,40.89,38.69,38.66,38.75,39.8
29181,36.02,37.42,42.62,41.71,40.89,40.88,41.4,42.5,41.06,40.05,43.05,39.45,40.29,40.04,40.85,42.95,42.88,44.93,40.78,39.08,40.89,38.69,38.66,38.75,39.8
29183,36.02,37.42,42.62,41.71,40.89,40.88,41.4,42.5,41.06,40.05,43.05,39.45,40.29,40.04,40.85,42.95,42.88,44.93,40.78,39.08,40.89,38.69,38.66,38.75,39.8
29185,36.02,37.42,42.62,41.71,40.89,40.88,41.4,42.5,41.06,40.05,43.05,39.45,40.29,40.04,40.85,42.95,42.88,44.93,40.78,39.08,40.89,38.69,38.66,38.75,39.8
29186,36.02,37.42,42.62,41.71,40.89,40.88,41.4,42.5,41.06,40.05,43.05,39.45,40.29,40.04,40.85,42.95,42.88,44.93,40.78,39.08,40.89,38.69,38.66,38.75,39.8
29187,36.02,37.42,42.62,41.71,40.89,40.88,41.4,42.5,41.06,40.05,43.05,39.45,40.29,40.04,40.85,42.95,42.88,44.93,40.78,39.08,40.89,38.69,38.66,38.75,39.8
29189,36.02,37.42,42.62,41.71,40.89,40.88,41.4,42.5,41.06,40.05,43.05,39.45,40.29,40.04,40.85,42.95,42.88,44.93,40.78,39.08,40.89,38.69,38.66,38.75,39.8
29195,36.02,37.42,42.62,41.71,40.89,40.88,41.4,42.5,41.06,40.05,43.05,39.45,40.29,40.04,40.85,42.95,42.88,44.93,40.78,39.08,40.89,38.69,38.66,38.75,39.8
29197,36.02,37.42,42.62,41.71,40.89,40.88,41.4,42.5,41.06,40.05,43.05,39.45,40.29,40.04,40.85,42.95,42.88,44.93,40.78,39.08,40.89,38.69,38.66,38.75,39.8
29199,36.02,37.42,42.62,41.71,40.89,40.88,41.4,42.5,41.06,40.05,43.05,39.45,40.29,40.04,40.85,42.95,42.88,44.93,40.78,39.08,40.89,38.69,38.66,38.75,39.8
29201,36.02,37.42,42.62,41.71,40.89,40.88,41.4,42.5,41.06,40.05,43.05,39.45,40.29,40.04,40.85,42.95,42.88,44.93,40.78,39.08,40.89,38.69,38.66,38.75,39.8
29203,36.02,37.42,42.62,41.71,40.89,40.88,41.4,42.5,41.06,40.05,43.05,39.45,40.29,40.04,40.85,42.95,42.88,44.93,40.78,39.08,40.89,38.69,38.66,38.75,39.8
29205,36.02,37.42,42.62,41.71,40.89,40.88,41.4,42.5,41.06,40.05,43.05,39.45,40.29,40.04,40.85,42.95,42.88,44.93,40.78,39.08,40.89,38.69,38.66,38.75,39.8
29207,36.02,37.42,42.62,41.71,40.89,40.88,41.4,42.5,41.06,40.05,43.05,39.45,40.29,40.04,40.85,42.95,42.88,44.93,40.78,39.08,40.89,38.69,38.66,38.75,39.8
29209,36.02,37.42,42.62,41.71,40.89,40.88,41.4,42.5,41.06,40.05,43.05,39.45,40.29,40.04,40.85,42.95,42.88,44.93,40.78,39.08,40.89,38.69,38.66,38.75,39.8
29211,36.02,37.42,42.62,41.71,40.89,40.88,41.4,42.5,41.06,40.05,43.05,39.45,40.29,40.04,40.85,42.95,42.88,44.93,40.78,39.08,40.89,38.69,38.66,38.75,39.8
29213,36.02,37.42,42.62,41.71,40.89,40.88,41.4,42.5,41.06,40.05,43.05,39.45,40.29,40.04,40.85,42.95,42.88,44.93,40.78,39.08,40.89,38.69,38.66,38.75,39.8
29215,36.02,37.42,42.62,41.71,40.89,40.88,41.4,42.5,41.06,40.05,43.05,39.45,40.29,40.04,40.85,42.95,42.88,44.93,40.78,39.08,40.89,38.69,38.66,38.75,39.8
29217,36.02,37.42,42.62,41.71,40.89,40.88,41.4,42.5,41.06,40.05,43.05,39.45,40.29,40.04,40.85,42.95,42.88,44.93,40.78,39.08,40.89,38.69,38.66,38.75,39.8
29219,36.02,37.42,42.62,41.71,40.89,40.88,41.4,42.5,41.06,40.05,43.05,39.45,40.29,40.04,40.85,42.95,42.88,44.93,40.78,39.08,40.89,38.69,38.66,38.75,39.8
29221,36.02,37.42,42.62,41.71,40.89,40.88,41.4,42.5,41.06,40.05,43.05,39.45,40.29,40.04,40.85,42.95,42.88,44.93,40.78,39.08,40.89,38.69,38.66,38.75,39.8
29223,36.02,37.42,42.62,41.71,40.89,40.88,41.4,42.5,41.06,40.05,43.05,39.45,40.29,40.04,40.85,42.95,42.88,44.93,40.78,39.08,40.89,38.69,38.66,38.75,39.8
29225,36.02,37.42,42.62,41.71,40.89,40.88,41.4,42.5,41.06,40.05,43.05,39.45,40.29,40.04,40.85,42.95,42.88,44.93,40.78,39.08,40.89,38.69,38.66,38.75,39.8
29227,36.02,37.42,42.62,41.71,40.89,40.88,41.4,42.5,41.06,40.05,43.05,39.45,40.29,40.04,40.85,42.95,42.88,44.93,40.78,39.08,40.89,38.69,38.66,38.75,39.8
29229,36.02,37.42,42.62,41.71,40.89,40.88,41.4,42.5,41.06,40.05,43.05,39.45,40.29,40.04,40.85,42.95,42.88,44.93,40.78,39.08,40.89,38.69,38.66,38.75,39.8
29510,36.02,37.42,42.62,41.71,40.89,40.88,41.4,42.5,41.06,40.05,43.05,39.45,40.29,40.04,40.85,42.95,42.88,44.93,40.78,39.08,40.89,38.69,38.66,38.75,39.8
30001,36.02,37.42,42.62,41.71,40.89,40.88,41.4,42.5,41.06,40.05,43.05,39.45,40.29,40.04,40.85,42.95,42.88,44.93,40.78,39.08,40.89,38.69,38.66,38.75,39.8
30003,36.02,37.42,42.62,41.71,40.89,40.88,41.4,42.5,41.06,40.05,43.05,39.45,40.29,40.04,40.85,42.95,42.88,44.93,40.78,39.08,40.89,38.69,38.66,38.75,39.8
30005,36.02,37.42,42.62,41.71,40.89,40.88,41.4,42.5,41.06,40.05,43.05,39.45,40.29,40.04,40.85,42.95,42.88,44.93,40.78,39.08,40.89,38.69,38.66,38.75,39.8
30007,36.02,37.42,42.62,41.71,40.89,40.88,41.4,42.5,41.06,40.05,43.05,39.45,40.29,40.04,40.85,42.95,42.88,44.93,40.78,39.08,40.89,38.69,38.66,38.75,39.8
30009,36.02,37.42,42.62,41.71,40.89,40.88,41.4,42.5,41.06,40.05,43.05,39.45,40.29,40.04,40.85,42.95,42.88,44.93,40.78,39.08,40.89,38.69,38.66,38.75,39.8
30011,36.02,37.42,42.62,41.71,40.89,40.88,41.4,42.5,41.06,40.05,43.05,39.45,40.29,40.04,40.85,42.95,42.88,44.93,40.78,39.08,40.89,38.69,38.66,38.75,39.8
30013,36.02,37.42,42.62,41.71,40.89,40.88,41.4,42.5,41.06,40.05,43.05,39.45,40.29,40.04,40.85,42.95,42.88,44.93,40.78,39.08,40.89,38.69,38.66,38.75,39.8
30015,36.02,37.42,42.62,41.71,40.89,40.88,41.4,42.5,41.06,40.05,43.05,39.45,40.29,40.04,40.85,42.95,42.88,44.93,40.78,39.08,40.89,38.69,38.66,38.75,39.8
30017,36.02,37.42,42.62,41.71,40.89,40.88,41.4,42.5,41.06,40.05,43.05,39.45,40.29,40.04,40.85,42.95,42.88,44.93,40.78,39.08,40.89,38.69,38.66,38.75,39.8
30019,36.02,37.42,42.62,41.71,40.89,40.88,41.4,42.5,41.06,40.05,43.05,39.45,40.29,40.04,40.85,42.95,42.88,44.93,40.78,39.08,40.89,38.69,38.66,38.75,39.8
30021,36.02,37.42,42.62,41.71,40.89,40.88,41.4,42.5,41.06,40.05,43.05,39.45,40.29,40.04,40.85,42.95,42.88,44.93,40.78,39.08,40.89,38.69,38.66,38.75,39.8
30023,36.02,37.42,42.62,41.71,40.89,40.88,41.4,42.5,41.06,40.05,43.05,39.45,40.29,40.04,40.85,42.95,42.88,44.93,40.78,39.08,40.89,38.69,38.66,38.75,39.8
30025,36.02,37.42,42.62,41.71,40.89,40.88,41.4,42.5,41.06,40.05,43.05,39.45,40.29,40.04,40.85,42.95,42.88,44.93,40.78,39.08,40.89,38.69,38.66,38.75,39.8
30027,36.02,37.42,42.62,41.71,40.89,40.88,41.4,42.5,41.06,40.05,43.05,39.45,40.29,40.04,40.85,42.95,42.88,44.93,40.78,39.08,40.89,38.69,38.66,38.75,39.8
30029,36.02,37.42,42.62,41.71,40.89,40.88,41.4,42.5,41.06,40.05,43.05,39.45,40.29,40.04,40.85,42.95,42.88,44.93,40.78,39.08,40.89,38.69,38.66,38.75,39.8
30031,36.02,37.42,42.62,41.71,40.89,40.88,41.4,42.5,41.06,40.05,43.05,39.45,40.29,40.04,40.85,42.95,42.88,44.93,40.78,39.08,40.89,38.69,38.66,38.75,39.8
30033,36.02,37.42,42.62,41.71,40.89,40.88,41.4,42.5,41.06,40.05,43.05,39.45,40.29,40.04,40.85,42.95,42.88,44.93,40.78,39.08,40.89,38.69,38.66,38.75,39.8
30035,36.02,37.42,42.62,41.71,40.89,40.88,41.4,42.5,41.06,40.05,43.05,39.45,40.29,40.04,40.85,42.95,42.88,44.93,40.78,39.08,40.89,38.69,38.66,38.75,39.8
30037,36.02,37.42,42.62,41.71,40.89,40.88,41.4,42.5,41.06,40.05,43.05,39.45,40.29,40.04,40.85,42.95,42.88,44.93,40.78,39.08,40.89,38.69,38.66,38.75,39.8
30039,36.02,37.42,42.62,41.71,40.89,40.88,41.4,42.5,41.06,40.05,43.05,39.45,40.29,40.04,40.85,42.95,42.88,44.93,40.78,39.08,40.89,38.69,38.66,38.75,39.8
30041,36.02,37.42,42.62,41.71,40.89,40.88,41.4,42.5,41.06,40.05,43.05,39.45,40.29,40.04,40.85,42.95,42.88,44.93,40.78,39.08,40.89,38.69,38.66,38.75,39.8
30043,36.02,37.42,42.62,41.71,40.89,40.88,41.4,42.5,41.06,40.05,43.05,39.45,40.29,40.04,40.85,42.95,42.88,44.93,40.78,39.08,40.89,38.69,38.66,38.75,39.8
30045,36.02,37.42,42.62,41.71,40.89,40.88,41.4,42.5,41.06,40.05,43.05,39.45,40.29,40.04,40.85,42.95,42.88,44.93,40.78,39.08,40.89,38.69,38.66,38.75,39.8
30047,36.02,37.42,42.62,41.71,40.89,40.88,41.4,42.5,41.06,40.05,43.05,39.45,40.29,40.04,40.85,42.95,42.88,44.93,40.78,39.08,40.89,38.69,38.66,38.75,39.8
30049,36.02,37.42,42.62,41.71,40.89,40.88,41.4,42.5,41.06,40.05,43.05,39.45,40.29,40.04,40.85,42.95,42.88,44.93,40.78,39.08,40.89,38.69,38.66,38.75,39.8
30051,36.02,37.42,42.62,41.71,40.89,40.88,41.4,42.5,41.06,40.05,43.05,39.45,40.29,40.04,40.85,42.95,42.88,44.93,40.78,39.08,40.89,38.69,38.66,38.75,39.8
30053,36.02,37.42,42.62,41.71,40.89,40.88,41.4,42.5,41.06,40.05,43.05,39.45,40.29,40.04,40.85,42.95,42.88,44.93,40.78,39.08,40.89,38.69,38.66,38.75,39.8
30055,36.02,37.42,42.62,41.71,40.89,40.88,41.4,42.5,41.06,40.05,43.05,39.45,40.29,40.04,40.85,42.95,42.88,44.93,40.78,39.08,40.89,38.69,38.66,38.75,39.8
30057,36.02,37.42,42.62,41.71,40.89,40.88,41.4,42.5,41.06,40.05,43.05,39.45,40.29,40.04,40.85,42.95,42.88,44.93,40.78,39.08,40.89,38.69,38.66,38.75,39.8
30059,36.02,37.42,42.62,41.71,40.89,40.88,41.4,42.5,41.06,40.05,43.05,39.45,40.29,40.04,40.85,42.95,42.88,44.93,40.78,39.08,40.89,38.69,38.66,38.75,39.8
30061,36.02,37.42,42.62,41.71,40.89,40.88,41.4,42.5,41.06,40.05,43.05,39.45,40.29,40.04,40.85,42.95,42.88,44.93,40.78,39.08,40.89,38.69,38.66,38.75,39.8
30063,36.02,37.42,42.62,41.71,40.89,40.88,41.4,42.5,41.06,40.05,43.05,39.45,40.29,40.04,40.85,42.95,42.88,44.93,40.78,39.08,40.89,38.69,38.66,38.75,39.8
30065,36.02,37.42,42.62,41.71,40.89,40.88,41.4,42.5,41.06,40.05,43.05,39.45,40.29,40.04,40.85,42.95,42.88,44.93,40.78,39.08,40.89,38.69,38.66,38.75,39.8
30067,36.02,37.42,42.62,41.71,40.89,40.88,41.4,42.5,41.06,40.05,43.05,39.45,40.29,40.04,40.85,42.95,42.88,44.93,40.78,39.08,40.89,38.69,38.66,38.75,39.8
30069,36.02,37.42,42.62,41.71,40.89,40.88,41.4,42.5,41.06,40.05,43.05,39.45,40.29,40.04,40.85,42.95,42.88,44.93,40.78,39.08,40.89,38.69,38.66,38.75,39.8
30071,36.02,37.42,42.62,41.71,40.89,40.88,41.4,42.5,41.06,40.05,43.05,39.45,40.29,40.04,40.85,42.95,42.88,44.93,40.78,39.08,40.89,38.69,38.66,38.75,39.8
30073,36.02,37.42,42.62,41.71,40.89,40.88,41.4,42.5,41.06,40.05,43.05,39.45,40.29,40.04,40.85,42.95,42.88,44.93,40.78,39.08,40.89,38.69,38.66,38.75,39.8
30075,36.02,37.42,42.62,41.71,40.89,40.88,41.4,42.5,41.06,40.05,43.05,39.45,40.29,40.04,40.85,42.95,42.88,44.93,40.78,39.08,40.89,38.69,38.66,38.75,39.8
30077,36.02,37.42,42.62,41.71,40.89,40.88,41.4,42.5,41.06,40.05,43.05,39.45,40.29,40.04,40.85,42.95,42.88,44.93,40.78,39.08,40.89,38.69,38.66,38.75,39.8
30079,36.02,37.42,42.62,41.71,40.89,40.88,41.4,42.5,41.06,40.05,43.05,39.45,40.29,40.04,40.85,42.95,42.88,44.93,40.78,39.08,40.89,38.69,38.66,38.75,39.8
30081,36.02,37.42,42.62,41.71,40.89,40.88,41.4,42.5,41.06,40.05,43.05,39.45,40.29,40.04,40.85,42.95,42.88,44.93,40.78,39.08,40.89,38.69,38.66,38.75,39.8
30083,36.02,37.42,42.62,41.71,40.89,40.88,41.4,42.5,41.06,40.05,43.05,39.45,40.29,40.04,40.85,42.95,42.88,44.93,40.78,39.08,40.89,38.69,38.66,38.75,39.8
30085,36.02,37.42,42.62,41.71,40.89,40.88,41.4,42.5,41.06,40.05,43.05,39.45,40.29,40.04,40.85,42.95,42.88,44.93,40.78,39.08,40.89,38.69,38.66,38.75,39.8
30087,36.02,37.42,42.62,41.71,40.89,40.88,41.4,42.5,41.06,40.05,43.05,39.45,40.29,40.04,40.85,42.95,42.88,44.93,40.78,39.08,40.89,38.69,38.66,38.75,39.8
30089,36.02,37.42,42.62,41.71,40.89,40.88,41.4,42.5,41.06,40.05,43.05,39.45,40.29,40.04,40.85,42.95,42.88,44.93,40.78,39.08,40.89,38.69,38.66,38.75,39.8
30091,36.02,37.42,42.62,41.71,40.89,40.88,41.4,42.5,41.06,40.05,43.05,39.45,40.29,40.04,40.85,42.95,42.88,44.93,40.78,39.08,40.89,38.69,38.66,38.75,39.8
30093,36.02,37.42,42.62,41.71,40.89,40.88,41.4,42.5,41.06,40.05,43.05,39.45,40.29,40.04,40.85,42.95,42.88,44.93,40.78,39.08,40.89,38.69,38.66,38.75,39.8
30095,36.02,37.42,42.62,41.71,40.89,40.88,41.4,42.5,41.06,40.05,43.05,39.45,40.29,40.04,40.85,42.95,42.88,44.93,40.78,39.08,40.89,38.69,38.66,38.75,39.8
30097,36.02,37.42,42.62,41.71,40.89,40.88,41.4,42.5,41.06,40.05,43.05,39.45,40.29,40.04,40.85,42.95,42.88,44.93,40.78,39.08,40.89,38.69,38.66,38.75,39.8
30099,36.02,37.42,42.62,41.71,40.89,40.88,41.4,42.5,41.06,40.05,43.05,39.45,40.29,40.04,40.85,42.95,42.88,44.93,40.78,39.08,40.89,38.69,38.66,38.75,39.8
30101,36.02,37.42,42.62,41.71,40.89,40.88,41.4,42.5,41.06,40.05,43.05,39.45,40.29,40.04,40.85,42.95,42.88,44.93,40.78,39.08,40.89,38.69,38.66,38.75,39.8
30103,36.02,37.42,42.62,41.71,40.89,40.88,41.4,42.5,41.06,40.05,43.05,39.45,40.29,40.04,40.85,42.95,42.88,44.93,40.78,39.08,40.89,38.69,38.66,38.75,39.8
30105,36.02,37.42,42.62,41.71,40.89,40.88,41.4,42.5,41.06,40.05,43.05,39.45,40.29,40.04,40.85,42.95,42.88,44.93,40.78,39.08,40.89,38.69,38.66,38.75,39.8
30107,36.02,37.42,42.62,41.71,40.89,40.88,41.4,42.5,41.06,40.05,43.05,39.45,40.29,40.04,40.85,42.95,42.88,44.93,40.78,39.08,40.89,38.69,38.66,38.75,39.8
30109,36.02,37.42,42.62,41.71,40.89,40.88,41.4,42.5,41.06,40.05,43.05,39.45,40.29,40.04,40.85,42.95,42.88,44.93,40.78,39.08,40.89,38.69,38.66,38.75,39.8
30111,36.02,37.42,42.62,41.71,40.89,40.88,41.4,42.5,41.06,40.05,43.05,39.45,40.29,40.04,40.85,42.95,42.88,44.93,40.78,39.08,40.89,38.69,38.66,38.75,39.8
31001,36.02,37.42,42.62,41.71,40.89,40.88,41.4,42.5,41.06,40.05,43.05,39.45,40.29,40.04,40.85,42.95,42.88,44.93,40.78,39.08,40.89,38.69,38.66,38.75,39.8
31003,36.02,37.42,42.62,41.71,40.89,40.88,41.4,42.5,41.06,40.05,43.05,39.45,40.29,40.04,40.85,42.95,42.88,44.93,40.78,39.08,40.89,38.69,38.66,38.75,39.8
31005,36.02,37.42,42.62,41.71,40.89,40.88,41.4,42.5,41.06,40.05,43.05,39.45,40.29,40.04,40.85,42.95,42.88,44.93,40.78,39.08,40.89,38.69,38.66,38.75,39.8
31007,36.02,37.42,42.62,41.71,40.89,40.88,41.4,42.5,41.06,40.05,43.05,39.45,40.29,40.04,40.85,42.95,42.88,44.93,40.78,39.08,40.89,38.69,38.66,38.75,39.8
31009,36.02,37.42,42.62,41.71,40.89,40.88,41.4,42.5,41.06,40.05,43.05,39.45,40.29,40.04,40.85,42.95,42.88,44.93,40.78,39.08,40.89,38.69,38.66,38.75,39.8
31011,36.02,37.42,42.62,41.71,40.89,40.88,41.4,42.5,41.06,40.05,43.05,39.45,40.29,40.04,40.85,42.95,42.88,44.93,40.78,39.08,40.89,38.69,38.66,38.75,39.8
31013,36.02,37.42,42.62,41.71,40.89,40.88,41.4,42.5,41.06,40.05,43.05,39.45,40.29,40.04,40.85,42.95,42.88,44.93,40.78,39.08,40.89,38.69,38.66,38.75,39.8
31015,36.02,37.42,42.62,41.71,40.89,40.88,41.4,42.5,41.06,40.05,43.05,39.45,40.29,40.04,40.85,42.95,42.88,44.93,40.78,39.08,40.89,38.69,38.66,38.75,39.8
31017,36.02,37.42,42.62,41.71,40.89,40.88,41.4,42.5,41.06,40.05,43.05,39.45,40.29,40.04,40.85,42.95,42.88,44.93,40.78,39.08,40.89,38.69,38.66,38.75,39.8
31019,36.02,37.42,42.62,41.71,40.89,40.88,41.4,42.5,41.06,40.05,43.05,39.45,40.29,40.04,40.85,42.95,42.88,44.93,40.78,39.08,40.89,38.69,38.66,38.75,39.8
31021,36.02,37.42,42.62,41.71,40.89,40.88,41.4,42.5,41.06,40.05,43.05,39.45,40.29,40.04,40.85,42.95,42.88,44.93,40.78,39.08,40.89,38.69,38.66,38.75,39.8
31023,36.02,37.42,42.62,41.71,40.89,40.88,41.4,42.5,41.06,40.05,43.05,39.45,40.29,40.04,40.85,42.95,42.88,44.93,40.78,39.08,40.89,38.69,38.66,38.75,39.8
31025,36.02,37.42,42.62,41.71,40.89,40.88,41.4,42.5,41.06,40.05,43.05,39.45,40.29,40.04,40.85,42.95,42.88,44.93,40.78,39.08,40.89,38.69,38.66,38.75,39.8
31027,36.02,37.42,42.62,41.71,40.89,40.88,41.4,42.5,41.06,40.05,43.05,39.45,40.29,40.04,40.85,42.95,42.88,44.93,40.78,39.08,40.89,38.69,38.66,38.75,39.8
31029,36.02,37.42,42.62,41.71,40.89,40.88,41.4,42.5,41.06,40.05,43.05,39.45,40.29,40.04,40.85,42.95,42.88,44.93,40.78,39.08,40.89,38.69,38.66,38.75,39.8
31031,36.02,37.42,42.62,41.71,40.89,40.88,41.4,42.5,41.06,40.05,43.05,39.45,40.29,40.04,40.85,42.95,42.88,44.93,40.78,39.08,40.89,38.69,38.66,38.75,39.8
31033,36.02,37.42,42.62,41.71,40.89,40.88,41.4,42.5,41.06,40.05,43.05,39.45,40.29,40.04,40.85,42.95,42.88,44.93,40.78,39.08,40.89,38.69,38.66,38.75,39.8
31035,36.02,37.42,42.62,41.71,40.89,40.88,41.4,42.5,41.06,40.05,43.05,39.45,40.29,40.04,40.85,42.95,42.88,44.93,40.78,39.08,40.89,38.69,38.66,38.75,39.8
31037,36.02,37.42,42.62,41.71,40.89,40.88,41.4,42.5,41.06,40.05,43.05,39.45,40.29,40.04,40.85,42.95,42.88,44.93,40.78,39.08,40.89,38.69,38.66,38.75,39.8
31039,36.02,37.42,42.62,41.71,40.89,40.88,41.4,42.5,41.06,40.05,43.05,39.45,40.29,40.04,40.85,42.95,42.88,44.93,40.78,39.08,40.89,38.69,38.66,38.75,39.8
31041,36.02,37.42,42.62,41.71,40.89,40.88,41.4,42.5,41.06,40.05,43.05,39.45,40.29,40.04,40.85,42.95,42.88,44.93,40.78,39.08,40.89,38.69,38.66,38.75,39.8
31043,36.02,37.42,42.62,41.71,40.89,40.88,41.4,42.5,41.06,40.05,43.05,39.45,40.29,40.04,40.85,42.95,42.88,44.93,40.78,39.08,40.89,38.69,38.66,38.75,39.8
31045,36.02,37.42,42.62,41.71,40.89,40.88,41.4,42.5,41.06,40.05,43.05,39.45,40.29,40.04,40.85,42.95,42.88,44.93,40.78,39.08,40.89,38.69,38.66,38.75,39.8
31047,36.02,37.42,42.62,41.71,40.89,40.88,41.4,42.5,41.06,40.05,43.05,39.45,40.29,40.04,40.85,42.95,42.88,44.93,40.78,39.08,40.89,38.69,38.66,38.75,39.8
31049,36.02,37.42,42.62,41.71,40.89,40.88,41.4,42.5,41.06,40.05,43.05,39.45,40.29,40.04,40.85,42.95,42.88,44.93,40.78,39.08,40.89,38.69,38.66,38.75,39.8
31051,36.02,37.42,42.62,41.71,40.89,40.88,41.4,42.5,41.06,40.05,43.05,39.45,40.29,40.04,40.85,42.95,42.88,44.93,40.78,39.08,40.89,38.69,38.66,38.75,39.8
31053,36.02,37.42,42.62,41.71,40.89,40.88,41.4,42.5,41.06,40.05,43.05,39.45,40.29,40.04,40.85,42.95,42.88,44.93,40.78,39.08,40.89,38.69,38.66,38.75,39.8
31055,36.02,37.42,42.62,41.71,40.89,40.88,41.4,42.5,41.06,40.05,43.05,39.45,40.29,40.04,40.85,42.95,42.88,44.93,40.78,39.08,40.89,38.69,38.66,38.75,39.8
31057,36.02,37.42,42.62,41.71,40.89,40.88,41.4,42.5,41.06,40.05,43.05,39.45,40.29,40.04,40.85,42.95,42.88,44.93,40.78,39.08,40.89,38.69,38.66,38.75,39.8
31059,36.02,37.42,42.62,41.71,40.89,40.88,41.4,42.5,41.06,40.05,43.05,39.45,40.29,40.04,40.85,42.95,42.88,44.93,40.78,39.08,40.89,38.69,38.66,38.75,39.8
31061,36.02,37.42,42.62,41.71,40.89,40.88,41.4,42.5,41.06,40.05,43.05,39.45,40.29,40.04,40.85,42.95,42.88,44.93,40.78,39.08,40.89,38.69,38.66,38.75,39.8
31063,36.02,37.42,42.62,41.71,40.89,40.88,41.4,42.5,41.06,40.05,43.05,39.45,40.29,40.04,40.85,42.95,42.88,44.93,40.78,39.08,40.89,38.69,38.66,38.75,39.8
31065,36.02,37.42,42.62,41.71,40.89,40.88,41.4,42.5,41.06,40.05,43.05,39.45,40.29,40.04,40.85,42.95,42.88,44.93,40.78,39.08,40.89,38.69,38.66,38.75,39.8
31067,36.02,37.42,42.62,41.71,40.89,40.88,41.4,42.5,41.06,40.05,43.05,39.45,40.29,40.04,40.85,42.95,42.88,44.93,40.78,39.08,40.89,38.69,38.66,38.75,39.8
31069,36.02,37.42,42.62,41.71,40.89,40.88,41.4,42.5,41.06,40.05,43.05,39.45,40.29,40.04,40.85,42.95,42.88,44.93,40.78,39.08,40.89,38.69,38.66,38.75,39.8
31071,36.02,37.42,42.62,41.71,40.89,40.88,41.4,42.5,41.06,40.05,43.05,39.45,40.29,40.04,40.85,42.95,42.88,44.93,40.78,39.08,40.89,38.69,38.66,38.75,39.8
31073,36.02,37.42,42.62,41.71,40.89,40.88,41.4,42.5,41.06,40.05,43.05,39.45,40.29,40.04,40.85,42.95,42.88,44.93,40.78,39.08,40.89,38.69,38.66,38.75,39.8
31075,36.02,37.42,42.62,41.71,40.89,40.88,41.4,42.5,41.06,40.05,43.05,39.45,40.29,40.04,40.85,42.95,42.88,44.93,40.78,39.08,40.89,38.69,38.66,38.75,39.8
31077,36.02,37.42,42.62,41.71,40.89,40.88,41.4,42.5,41.06,40.05,43.05,39.45,40.29,40.04,40.85,42.95,42.88,44.93,40.78,39.08,40.89,38.69,38.66,38.75,39.8
31079,36.02,37.42,42.62,41.71,40.89,40.88,41.4,42.5,41.06,40.05,43.05,39.45,40.29,40.04,40.85,42.95,42.88,44.93,40.78,39.08,40.89,38.69,38.66,38.75,39.8
31081,36.02,37.42,42.62,41.71,40.89,40.88,41.4,42.5,41.06,40.05,43.05,39.45,40.29,40.04,40.85,42.95,42.88,44.93,40.78,39.08,40.89,38.69,38.66,38.75,39.8
31083,36.02,37.42,42.62,41.71,40.89,40.88,41.4,42.5,41.06,40.05,43.05,39.45,40.29,40.04,40.85,42.95,42.88,44.93,40.78,39.08,40.89,38.69,38.66,38.75,39.8
31085,36.02,37.42,42.62,41.71,40.89,40.88,41.4,42.5,41.06,40.05,43.05,39.45,40.29,40.04,40.85,42.95,42.88,44.93,40.78,39.08,40.89,38.69,38.66,38.75,39.8
31087,36.02,37.42,42.62,41.71,40.89,40.88,41.4,42.5,41.06,40.05,43.05,39.45,40.29,40.04,40.85,42.95,42.88,44.93,40.78,39.08,40.89,38.69,38.66,38.75,39.8
31089,36.02,37.42,42.62,41.71,40.89,40.88,41.4,42.5,41.06,40.05,43.05,39.45,40.29,40.04,40.85,42.95,42.88,44.93,40.78,39.08,40.89,38.69,38.66,38.75,39.8
31091,36.02,37.42,42.62,41.71,40.89,40.88,41.4,42.5,41.06,40.05,43.05,39.45,40.29,40.04,40.85,42.95,42.88,44.93,40.78,39.08,40.89,38.69,38.66,38.75,39.8
31093,36.02,37.42,42.62,41.71,40.89,40.88,41.4,42.5,41.06,40.05,43.05,39.45,40.29,40.04,40.85,42.95,42.88,44.93,40.78,39.08,40.89,38.69,38.66,38.75,39.8
31095,36.02,37.42,42.62,41.71,40.89,40.88,41.4,42.5,41.06,40.05,43.05,39.45,40.29,40.04,40.85,42.95,42.88,44.93,40.78,39.08,40.89,38.69,38.66,38.75,39.8
31097,36.02,37.42,42.62,41.71,40.89,40.88,41.4,42.5,41.06,40.05,43.05,39.45,40.29,40.04,40.85,42.95,42.88,44.93,40.78,39.08,40.89,38.69,38.66,38.75,39.8
31099,36.02,37.42,42.62,41.71,40.89,40.88,41.4,42.5,41.06,40.05,43.05,39.45,40.29,40.04,40.85,42.95,42.88,44.93,40.78,39.08,40.89,38.69,38.66,38.75,39.8
31101,36.02,37.42,42.62,41.71,40.89,40.88,41.4,42.5,41.06,40.05,43.05,39.45,40.29,40.04,40.85,42.95,42.88,44.93,40.78,39.08,40.89,38.69,38.66,38.75,39.8
31103,36.02,37.42,42.62,41.71,40.89,40.88,41.4,42.5,41.06,40.05,43.05,39.45,40.29,40.04,40.85,42.95,42.88,44.93,40.78,39.08,40.89,38.69,38.66,38.75,39.8
31105,36.02,37.42,42.62,41.71,40.89,40.88,41.4,42.5,41.06,40.05,43.05,39.45,40.29,40.04,40.85,42.95,42.88,44.93,40.78,39.08,40.89,38.69,38.66,38.75,39.8
31107,36.02,37.42,42.62,41.71,40.89,40.88,41.4,42.5,41.06,40.05,43.05,39.45,40.29,40.04,40.85,42.95,42.88,44.93,40.78,39.08,40.89,38.69,38.66,38.75,39.8
31109,36.02,37.42,42.62,41.71,40.89,40.88,41.4,42.5,41.06,40.05,43.05,39.45,40.29,40.04,40.85,42.95,42.88,44.93,40.78,39.08,40.89,38.69,38.66,38.75,39.8
31111,36.02,37.42,42.62,41.71,40.89,40.88,41.4,42.5,41.06,40.05,43.05,39.45,40.29,40.04,40.85,42.95,42.88,44.93,40.78,39.08,40.89,38.69,38.66,38.75,39.8
31113,36.02,37.42,42.62,41.71,40.89,40.88,41.4,42.5,41.06,40.05,43.05,39.45,40.29,40.04,40.85,42.95,42.88,44.93,40.78,39.08,40.89,38.69,38.66,38.75,39.8
31115,36.02,37.42,42.62,41.71,40.89,40.88,41.4,42.5,41.06,40.05,43.05,39.45,40.29,40.04,40.85,42.95,42.88,44.93,40.78,39.08,40.89,38.69,38.66,38.75,39.8
31117,36.02,37.42,42.62,41.71,40.89,40.88,41.4,42.5,41.06,40.05,43.05,39.45,40.29,40.04,40.85,42.95,42.88,44.93,40.78,39.08,40.89,38.69,38.66,38.75,39.8
31119,36.02,37.42,42.62,41.71,40.89,40.88,41.4,42.5,41.06,40.05,43.05,39.45,40.29,40.04,40.85,42.95,42.88,44.93,40.78,39.08,40.89,38.69,38.66,38.75,39.8
31121,36.02,37.42,42.62,41.71,40.89,40.88,41.4,42.5,41.06,40.05,43.05,39.45,40.29,40.04,40.85,42.95,42.88,44.93,40.78,39.08,40.89,38.69,38.66,38.75,39.8
31123,36.02,37.42,42.62,41.71,40.89,40.88,41.4,42.5,41.06,40.05,43.05,39.45,40.29,40.04,40.85,42.95,42.88,44.93,40.78,39.08,40.89,38.69,38.66,38.75,39.8
31125,36.02,37.42,42.62,41.71,40.89,40.88,41.4,42.5,41.06,40.05,43.05,39.45,40.29,40.04,40.85,42.95,42.88,44.93,40.78,39.08,40.89,38.69,38.66,38.75,39.8
31127,36.02,37.42,42.62,41.71,40.89,40.88,41.4,42.5,41.06,40.05,43.05,39.45,40.29,40.04,40.85,42.95,42.88,44.93,40.78,39.08,40.89,38.69,38.66,38.75,39.8
31129,36.02,37.42,42.62,41.71,40.89,40.88,41.4,42.5,41.06,40.05,43.05,39.45,40.29,40.04,40.85,42.95,42.88,44.93,40.78,39.08,40.89,38.69,38.66,38.75,39.8
31131,36.02,37.42,42.62,41.71,40.89,40.88,41.4,42.5,41.06,40.05,43.05,39.45,40.29,40.04,40.85,42.95,42.88,44.93,40.78,39.08,40.89,38.69,38.66,38.75,39.8
31133,36.02,37.42,42.62,41.71,40.89,40.88,41.4,42.5,41.06,40.05,43.05,39.45,40.29,40.04,40.85,42.95,42.88,44.93,40.78,39.08,40.89,38.69,38.66,38.75,39.8
31135,36.02,37.42,42.62,41.71,40.89,40.88,41.4,42.5,41.06,40.05,43.05,39.45,40.29,40.04,40.85,42.95,42.88,44.93,40.78,39.08,40.89,38.69,38.66,38.75,39.8
31137,36.02,37.42,42.62,41.71,40.89,40.88,41.4,42.5,41.06,40.05,43.05,39.45,40.29,40.04,40.85,42.95,42.88,44.93,40.78,39.08,40.89,38.69,38.66,38.75,39.8
31139,36.02,37.42,42.62,41.71,40.89,40.88,41.4,42.5,41.06,40.05,43.05,39.45,40.29,40.04,40.85,42.95,42.88,44.93,40.78,39.08,40.89,38.69,38.66,38.75,39.8
31141,36.02,37.42,42.62,41.71,40.89,40.88,41.4,42.5,41.06,40.05,43.05,39.45,40.29,40.04,40.85,42.95,42.88,44.93,40.78,39.08,40.89,38.69,38.66,38.75,39.8
31143,36.02,37.42,42.62,41.71,40.89,40.88,41.4,42.5,41.06,40.05,43.05,39.45,40.29,40.04,40.85,42.95,42.88,44.93,40.78,39.08,40.89,38.69,38.66,38.75,39.8
31145,36.02,37.42,42.62,41.71,40.89,40.88,41.4,42.5,41.06,40.05,43.05,39.45,40.29,40.04,40.85,42.95,42.88,44.93,40.78,39.08,40.89,38.69,38.66,38.75,39.8
31147,36.02,37.42,42.62,41.71,40.89,40.88,41.4,42.5,41.06,40.05,43.05,39.45,40.29,40.04,40.85,42.95,42.88,44.93,40.78,39.08,40.89,38.69,38.66,38.75,39.8
31149,36.02,37.42,42.62,41.71,40.89,40.88,41.4,42.5,41.06,40.05,43.05,39.45,40.29,40.04,40.85,42.95,42.88,44.93,40.78,39.08,40.89,38.69,38.66,38.75,39.8
31151,36.02,37.42,42.62,41.71,40.89,40.88,41.4,42.5,41.06,40.05,43.05,39.45,40.29,40.04,40.85,42.95,42.88,44.93,40.78,39.08,40.89,38.69,38.66,38.75,39.8
31153,36.02,37.42,42.62,41.71,40.89,40.88,41.4,42.5,41.06,40.05,43.05,39.45,40.29,40.04,40.85,42.95,42.88,44.93,40.78,39.08,40.89,38.69,38.66,38.75,39.8
31155,36.02,37.42,42.62,41.71,40.89,40.88,41.4,42.5,41.06,40.05,43.05,39.45,40.29,40.04,40.85,42.95,42.88,44.93,40.78,39.08,40.89,38.69,38.66,38.75,39.8
31157,36.02,37.42,42.62,41.71,40.89,40.88,41.4,42.5,41.06,40.05,43.05,39.45,40.29,40.04,40.85,42.95,42.88,44.93,40.78,39.08,40.89,38.69,38.66,38.75,39.8
31159,36.02,37.42,42.62,41.71,40.89,40.88,41.4,42.5,41.06,40.05,43.05,39.45,40.29,40.04,40.85,42.95,42.88,44.93,40.78,39.08,40.89,38.69,38.66,38.75,39.8
31161,36.02,37.42,42.62,41.71,40.89,40.88,41.4,42.5,41.06,40.05,43.05,39.45,40.29,40.04,40.85,42.95,42.88,44.93,40.78,39.08,40.89,38.69,38.66,38.75,39.8
31163,36.02,37.42,42.62,41.71,40.89,40.88,41.4,42.5,41.06,40.05,43.05,39.45,40.29,40.04,40.85,42.95,42.88,44.93,40.78,39.08,40.89,38.69,38.66,38.75,39.8
31165,36.02,37.42,42.62,41.71,40.89,40.88,41.4,42.5,41.06,40.05,43.05,39.45,40.29,40.04,40.85,42.95,42.88,44.93,40.78,39.08,40.89,38.69,38.66,38.75,39.8
31167,36.02,37.42,42.62,41.71,40.89,40.88,41.4,42.5,41.06,40.05,43.05,39.45,40.29,40.04,40.85,42.95,42.88,44.93,40.78,39.08,40.89,38.69,38.66,38.75,39.8
31169,36.02,37.42,42.62,41.71,40.89,40.88,41.4,42.5,41.06,40.05,43.05,39.45,40.29,40.04,40.85,42.95,42.88,44.93,40.78,39.08,40.89,38.69,38.66,38.75,39.8
31171,36.02,37.42,42.62,41.71,40.89,40.88,41.4,42.5,41.06,40.05,43.05,39.45,40.29,40.04,40.85,42.95,42.88,44.93,40.78,39.08,40.89,38.69,38.66,38.75,39.8
31173,36.02,37.42,42.62,41.71,40.89,40.88,41.4,42.5,41.06,40.05,43.05,39.45,40.29,40.04,40.85,42.95,42.88,44.93,40.78,39.08,40.89,38.69,38.66,38.75,39.8
31175,36.02,37.42,42.62,41.71,40.89,40.88,41.4,42.5,41.06,40.05,43.05,39.45,40.29,40.04,40.85,42.95,42.88,44.93,40.78,39.08,40.89,38.69,38.66,38.75,39.8
31177,36.02,37.42,42.62,41.71,40.89,40.88,41.4,42.5,41.06,40.05,43.05,39.45,40.29,40.04,40.85,42.95,42.88,44.93,40.78,39.08,40.89,38.69,38.66,38.75,39.8
31179,36.02,37.42,42.62,41.71,40.89,40.88,41.4,42.5,41.06,40.05,43.05,39.45,40.29,40.04,40.85,42.95,42.88,44.93,40.78,39.08,40.89,38.69,38.66,38.75,39.8
31181,36.02,37.42,42.62,41.71,40.89,40.88,41.4,42.5,41.06,40.05,43.05,39.45,40.29,40.04,40.85,42.95,42.88,44.93,40.78,39.08,40.89,38.69,38.66,38.75,39.8
31183,36.02,37.42,42.62,41.71,40.89,40.88,41.4,42.5,41.06,40.05,43.05,39.45,40.29,40.04,40.85,42.95,42.88,44.93,40.78,39.08,40.89,38.69,38.66,38.75,39.8
31185,36.02,37.42,42.62,41.71,40.89,40.88,41.4,42.5,41.06,40.05,43.05,39.45,40.29,40.04,40.85,42.95,42.88,44.93,40.78,39.08,40.89,38.69,38.66,38.75,39.8
32001,36.02,37.42,42.62,41.71,40.89,40.88,41.4,42.5,41.06,40.05,43.05,39.45,40.29,40.04,40.85,42.95,42.88,44.93,40.78,39.08,40.89,38.69,38.66,38.75,39.8
32003,36.02,37.42,42.62,41.71,40.89,40.88,41.4,42.5,41.06,40.05,43.05,39.45,40.29,40.04,40.85,42.95,42.88,44.93,40.78,39.08,40.89,38.69,38.66,38.75,39.8
32005,36.02,37.42,42.62,41.71,40.89,40.88,41.4,42.5,41.06,40.05,43.05,39.45,40.29,40.04,40.85,42.95,42.88,44.93,40.78,39.08,40.89,38.69,38.66,38.75,39.8
32007,36.02,37.42,42.62,41.71,40.89,40.88,41.4,42.5,41.06,40.05,43.05,39.45,40.29,40.04,40.85,42.95,42.88,44.93,40.78,39.08,40.89,38.69,38.66,38.75,39.8
32009,36.02,37.42,42.62,41.71,40.89,40.88,41.4,42.5,41.06,40.05,43.05,39.45,40.29,40.04,40.85,42.95,42.88,44.93,40.78,39.08,40.89,38.69,38.66,38.75,39.8
32011,36.02,37.42,42.62,41.71,40.89,40.88,41.4,42.5,41.06,40.05,43.05,39.45,40.29,40.04,40.85,42.95,42.88,44.93,40.78,39.08,40.89,38.69,38.66,38.75,39.8
32013,36.02,37.42,42.62,41.71,40.89,40.88,41.4,42.5,41.06,40.05,43.05,39.45,40.29,40.04,40.85,42.95,42.88,44.93,40.78,39.08,40.89,38.69,38.66,38.75,39.8
32015,36.02,37.42,42.62,41.71,40.89,40.88,41.4,42.5,41.06,40.05,43.05,39.45,40.29,40.04,40.85,42.95,42.88,44.93,40.78,39.08,40.89,38.69,38.66,38.75,39.8
32017,36.02,37.42,42.62,41.71,40.89,40.88,41.4,42.5,41.06,40.05,43.05,39.45,40.29,40.04,40.85,42.95,42.88,44.93,40.78,39.08,40.89,38.69,38.66,38.75,39.8
32019,36.02,37.42,42.62,41.71,40.89,40.88,41.4,42.5,41.06,40.05,43.05,39.45,40.29,40.04,40.85,42.95,42.88,44.93,40.78,39.08,40.89,38.69,38.66,38.75,39.8
32021,36.02,37.42,42.62,41.71,40.89,40.88,41.4,42.5,41.06,40.05,43.05,39.45,40.29,40.04,40.85,42.95,42.88,44.93,40.78,39.08,40.89,38.69,38.66,38.75,39.8
32023,36.02,37.42,42.62,41.71,40.89,40.88,41.4,42.5,41.06,40.05,43.05,39.45,40.29,40.04,40.85,42.95,42.88,44.93,40.78,39.08,40.89,38.69,38.66,38.75,39.8
32027,36.02,37.42,42.62,41.71,40.89,40.88,41.4,42.5,41.06,40.05,43.05,39.45,40.29,40.04,40.85,42.95,42.88,44.93,40.78,39.08,40.89,38.69,38.66,38.75,39.8
32029,36.02,37.42,42.62,41.71,40.89,40.88,41.4,42.5,41.06,40.05,43.05,39.45,40.29,40.04,40.85,42.95,42.88,44.93,40.78,39.08,40.89,38.69,38.66,38.75,39.8
32031,36.02,37.42,42.62,41.71,40.89,40.88,41.4,42.5,41.06,40.05,43.05,39.45,40.29,40.04,40.85,42.95,42.88,44.93,40.78,39.08,40.89,38.69,38.66,38.75,39.8
32033,36.02,37.42,42.62,41.71,40.89,40.88,41.4,42.5,41.06,40.05,43.05,39.45,40.29,40.04,40.85,42.95,42.88,44.93,40.78,39.08,40.89,38.69,38.66,38.75,39.8
32510,36.02,37.42,42.62,41.71,40.89,40.88,41.4,42.5,41.06,40.05,43.05,39.45,40.29,40.04,40.85,42.95,42.88,44.93,40.78,39.08,40.89,38.69,38.66,38.75,39.8
33001,36.02,37.42,42.62,41.71,40.89,40.88,41.4,42.5,41.06,40.05,43.05,39.45,40.29,40.04,40.85,42.95,42.88,44.93,40.78,39.08,40.89,38.69,38.66,38.75,39.8
33003,36.02,37.42,42.62,41.71,40.89,40.88,41.4,42.5,41.06,40.05,43.05,39.45,40.29,40.04,40.85,42.95,42.88,44.93,40.78,39.08,40.89,38.69,38.66,38.75,39.8
33005,36.02,37.42,42.62,41.71,40.89,40.88,41.4,42.5,41.06,40.05,43.05,39.45,40.29,40.04,40.85,42.95,42.88,44.93,40.78,39.08,40.89,38.69,38.66,38.75,39.8
33007,36.02,37.42,42.62,41.71,40.89,40.88,41.4,42.5,41.06,40.05,43.05,39.45,40.29,40.04,40.85,42.95,42.88,44.93,40.78,39.08,40.89,38.69,38.66,38.75,39.8
33009,36.02,37.42,42.62,41.71,40.89,40.88,41.4,42.5,41.06,40.05,43.05,39.45,40.29,40.04,40.85,42.95,42.88,44.93,40.78,39.08,40.89,38.69,38.66,38.75,39.8
33011,36.02,37.42,42.62,41.71,40.89,40.88,41.4,42.5,41.06,40.05,43.05,39.45,40.29,40.04,40.85,42.95,42.88,44.93,40.78,39.08,40.89,38.69,38.66,38.75,39.8
33013,36.02,37.42,42.62,41.71,40.89,40.88,41.4,42.5,41.06,40.05,43.05,39.45,40.29,40.04,40.85,42.95,42.88,44.93,40.78,39.08,40.89,38.69,38.66,38.75,39.8
33015,36.02,37.42,42.62,41.71,40.89,40.88,41.4,42.5,41.06,40.05,43.05,39.45,40.29,40.04,40.85,42.95,42.88,44.93,40.78,39.08,40.89,38.69,38.66,38.75,39.8
33017,36.02,37.42,42.62,41.71,40.89,40.88,41.4,42.5,41.06,40.05,43.05,39.45,40.29,40.04,40.85,42.95,42.88,44.93,40.78,39.08,40.89,38.69,38.66,38.75,39.8
33019,36.02,37.42,42.62,41.71,40.89,40.88,41.4,42.5,41.06,40.05,43.05,39.45,40.29,40.04,40.85,42.95,42.88,44.93,40.78,39.08,40.89,38.69,38.66,38.75,39.8
34001,36.02,37.42,42.62,41.71,40.89,40.88,41.4,42.5,41.06,40.05,43.05,39.45,40.29,40.04,40.85,42.95,42.88,44.93,40.78,39.08,40.89,38.69,38.66,38.75,39.8
34003,36.02,37.42,42.62,41.71,40.89,40.88,41.4,42.5,41.06,40.05,43.05,39.45,40.29,40.04,40.85,42.95,42.88,44.93,40.78,39.08,40.89,38.69,38.66,38.75,39.8
34005,36.02,37.42,42.62,41.71,40.89,40.88,41.4,42.5,41.06,40.05,43.05,39.45,40.29,40.04,40.85,42.95,42.88,44.93,40.78,39.08,40.89,38.69,38.66,38.75,39.8
34007,36.02,37.42,42.62,41.71,40.89,40.88,41.4,42.5,41.06,40.05,43.05,39.45,40.29,40.04,40.85,42.95,42.88,44.93,40.78,39.08,40.89,38.69,38.66,38.75,39.8
34009,36.02,37.42,42.62,41.71,40.89,40.88,41.4,42.5,41.06,40.05,43.05,39.45,40.29,40.04,40.85,42.95,42.88,44.93,40.78,39.08,40.89,38.69,38.66,38.75,39.8
34011,36.02,37.42,42.62,41.71,40.89,40.88,41.4,42.5,41.06,40.05,43.05,39.45,40.29,40.04,40.85,42.95,42.88,44.93,40.78,39.08,40.89,38.69,38.66,38.75,39.8
34013,36.02,37.42,42.62,41.71,40.89,40.88,41.4,42.5,41.06,40.05,43.05,39.45,40.29,40.04,40.85,42.95,42.88,44.93,40.78,39.08,40.89,38.69,38.66,38.75,39.8
34015,36.02,37.42,42.62,41.71,40.89,40.88,41.4,42.5,41.06,40.05,43.05,39.45,40.29,40.04,40.85,42.95,42.88,44.93,40.78,39.08,40.89,38.69,38.66,38.75,39.8
34017,36.02,37.42,42.62,41.71,40.89,40.88,41.4,42.5,41.06,40.05,43.05,39.45,40.29,40.04,40.85,42.95,42.88,44.93,40.78,39.08,40.89,38.69,38.66,38.75,39.8
34019,36.02,37.42,42.62,41.71,40.89,40.88,41.4,42.5,41.06,40.05,43.05,39.45,40.29,40.04,40.85,42.95,42.88,44.93,40.78,39.08,40.89,38.69,38.66,38.75,39.8
34021,36.02,37.42,42.62,41.71,40.89,40.88,41.4,42.5,41.06,40.05,43.05,39.45,40.29,40.04,40.85,42.95,42.88,44.93,40.78,39.08,40.89,38.69,38.66,38.75,39.8
34023,36.02,37.42,42.62,41.71,40.89,40.88,41.4,42.5,41.06,40.05,43.05,39.45,40.29,40.04,40.85,42.95,42.88,44.93,40.78,39.08,40.89,38.69,38.66,38.75,39.8
34025,36.02,37.42,42.62,41.71,40.89,40.88,41.4,42.5,41.06,40.05,43.05,39.45,40.29,40.04,40.85,42.95,42.88,44.93,40.78,39.08,40.89,38.69,38.66,38.75,39.8
34027,36.02,37.42,42.62,41.71,40.89,40.88,41.4,42.5,41.06,40.05,43.05,39.45,40.29,40.04,40.85,42.95,42.88,44.93,40.78,39.08,40.89,38.69,38.66,38.75,39.8
34029,36.02,37.42,42.62,41.71,40.89,40.88,41.4,42.5,41.06,40.05,43.05,39.45,40.29,40.04,40.85,42.95,42.88,44.93,40.78,39.08,40.89,38.69,38.66,38.75,39.8
34031,36.02,37.42,42.62,41.71,40.89,40.88,41.4,42.5,41.06,40.05,43.05,39.45,40.29,40.04,40.85,42.95,42.88,44.93,40.78,39.08,40.89,38.69,38.66,38.75,39.8
34033,36.02,37.42,42.62,41.71,40.89,40.88,41.4,42.5,41.06,40.05,43.05,39.45,40.29,40.04,40.85,42.95,42.88,44.93,40.78,39.08,40.89,38.69,38.66,38.75,39.8
34035,36.02,37.42,42.62,41.71,40.89,40.88,41.4,42.5,41.06,40.05,43.05,39.45,40.29,40.04,40.85,42.95,42.88,44.93,40.78,39.08,40.89,38.69,38.66,38.75,39.8
34037,36.02,37.42,42.62,41.71,40.89,40.88,41.4,42.5,41.06,40.05,43.05,39.45,40.29,40.04,40.85,42.95,42.88,44.93,40.78,39.08,40.89,38.69,38.66,38.75,39.8
34039,36.02,37.42,42.62,41.71,40.89,40.88,41.4,42.5,41.06,40.05,43.05,39.45,40.29,40.04,40.85,42.95,42.88,44.93,40.78,39.08,40.89,38.69,38.66,38.75,39.8
34041,36.02,37.42,42.62,41.71,40.89,40.88,41.4,42.5,41.06,40.05,43.05,39.45,40.29,40.04,40.85,42.95,42.88,44.93,40.78,39.08,40.89,38.69,38.66,38.75,39.8
35001,36.02,37.42,42.62,41.71,40.89,40.88,41.4,42.5,41.06,40.05,43.05,39.45,40.29,40.04,40.85,42.95,42.88,44.93,40.78,39.08,40.89,38.69,38.66,38.75,39.8
35003,36.02,37.42,42.62,41.71,40.89,40.88,41.4,42.5,41.06,40.05,43.05,39.45,40.29,40.04,40.85,42.95,42.88,44.93,40.78,39.08,40.89,38.69,38.66,38.75,39.8
35005,36.02,37.42,42.62,41.71,40.89,40.88,41.4,42.5,41.06,40.05,43.05,39.45,40.29,40.04,40.85,42.95,42.88,44.93,40.78,39.08,40.89,38.69,38.66,38.75,39.8
35006,36.02,37.42,42.62,41.71,40.89,40.88,41.4,42.5,41.06,40.05,43.05,39.45,40.29,40.04,40.85,42.95,42.88,44.93,40.78,39.08,40.89,38.69,38.66,38.75,39.8
35007,36.02,37.42,42.62,41.71,40.89,40.88,41.4,42.5,41.06,40.05,43.05,39.45,40.29,40.04,40.85,42.95,42.88,44.93,40.78,39.08,40.89,38.69,38.66,38.75,39.8
35009,36.02,37.42,42.62,41.71,40.89,40.88,41.4,42.5,41.06,40.05,43.05,39.45,40.29,40.04,40.85,42.95,42.88,44.93,40.78,39.08,40.89,38.69,38.66,38.75,39.8
35011,36.02,37.42,42.62,41.71,40.89,40.88,41.4,42.5,41.06,40.05,43.05,39.45,40.29,40.04,40.85,42.95,42.88,44.93,40.78,39.08,40.89,38.69,38.66,38.75,39.8
35013,36.02,37.42,42.62,41.71,40.89,40.88,41.4,42.5,41.06,40.05,43.05,39.45,40.29,40.04,40.85,42.95,42.88,44.93,40.78,39.08,40.89,38.69,38.66,38.75,39.8
35015,36.02,37.42,42.62,41.71,40.89,40.88,41.4,42.5,41.06,40.05,43.05,39.45,40.29,40.04,40.85,42.95,42.88,44.93,40.78,39.08,40.89,38.69,38.66,38.75,39.8
35017,36.02,37.42,42.62,41.71,40.89,40.88,41.4,42.5,41.06,40.05,43.05,39.45,40.29,40.04,40.85,42.95,42.88,44.93,40.78,39.08,40.89,38.69,38.66,38.75,39.8
35019,36.02,37.42,42.62,41.71,40.89,40.88,41.4,42.5,41.06,40.05,43.05,39.45,40.29,40.04,40.85,42.95,42.88,44.93,40.78,39.08,40.89,38.69,38.66,38.75,39.8
35021,36.02,37.42,42.62,41.71,40.89,40.88,41.4,42.5,41.06,40.05,43.05,39.45,40.29,40.04,40.85,42.95,42.88,44.93,40.78,39.08,40.89,38.69,38.66,38.75,39.8
35023,36.02,37.42,42.62,41.71,40.89,40.88,41.4,42.5,41.06,40.05,43.05,39.45,40.29,40.04,40.85,42.95,42.88,44.93,40.78,39.08,40.89,38.69,38.66,38.75,39.8
35025,36.02,37.42,42.62,41.71,40.89,40.88,41.4,42.5,41.06,40.05,43.05,39.45,40.29,40.04,40.85,42.95,42.88,44.93,40.78,39.08,40.89,38.69,38.66,38.75,39.8
35027,36.02,37.42,42.62,41.71,40.89,40.88,41.4,42.5,41.06,40.05,43.05,39.45,40.29,40.04,40.85,42.95,42.88,44.93,40.78,39.08,40.89,38.69,38.66,38.75,39.8
35028,36.02,37.42,42.62,41.71,40.89,40.88,41.4,42.5,41.06,40.05,43.05,39.45,40.29,40.04,40.85,42.95,42.88,44.93,40.78,39.08,40.89,38.69,38.66,38.75,39.8
35029,36.02,37.42,42.62,41.71,40.89,40.88,41.4,42.5,41.06,40.05,43.05,39.45,40.29,40.04,40.85,42.95,42.88,44.93,40.78,39.08,40.89,38.69,38.66,38.75,39.8
35031,36.02,37.42,42.62,41.71,40.89,40.88,41.4,42.5,41.06,40.05,43.05,39.45,40.29,40.04,40.85,42.95,42.88,44.93,40.78,39.08,40.89,38.69,38.66,38.75,39.8
35033,36.02,37.42,42.62,41.71,40.89,40.88,41.4,42.5,41.06,40.05,43.05,39.45,40.29,40.04,40.85,42.95,42.88,44.93,40.78,39.08,40.89,38.69,38.66,38.75,39.8
35035,36.02,37.42,42.62,41.71,40.89,40.88,41.4,42.5,41.06,40.05,43.05,39.45,40.29,40.04,40.85,42.95,42.88,44.93,40.78,39.08,40.89,38.69,38.66,38.75,39.8
35037,36.02,37.42,42.62,41.71,40.89,40.88,41.4,42.5,41.06,40.05,43.05,39.45,40.29,40.04,40.85,42.95,42.88,44.93,40.78,39.08,40.89,38.69,38.66,38.75,39.8
35039,36.02,37.42,42.62,41.71,40.89,40.88,41.4,42.5,41.06,40.05,43.05,39.45,40.29,40.04,40.85,42.95,42.88,44.93,40.78,39.08,40.89,38.69,38.66,38.75,39.8
35041,36.02,37.42,42.62,41.71,40.89,40.88,41.4,42.5,41.06,40.05,43.05,39.45,40.29,40.04,40.85,42.95,42.88,44.93,40.78,39.08,40.89,38.69,38.66,38.75,39.8
35043,36.02,37.42,42.62,41.71,40.89,40.88,41.4,42.5,41.06,40.05,43.05,39.45,40.29,40.04,40.85,42.95,42.88,44.93,40.78,39.08,40.89,38.69,38.66,38.75,39.8
35045,36.02,37.42,42.62,41.71,40.89,40.88,41.4,42.5,41.06,40.05,43.05,39.45,40.29,40.04,40.85,42.95,42.88,44.93,40.78,39.08,40.89,38.69,38.66,38.75,39.8
35047,36.02,37.42,42.62,41.71,40.89,40.88,41.4,42.5,41.06,40.05,43.05,39.45,40.29,40.04,40.85,42.95,42.88,44.93,40.78,39.08,40.89,38.69,38.66,38.75,39.8
35049,36.02,37.42,42.62,41.71,40.89,40.88,41.4,42.5,41.06,40.05,43.05,39.45,40.29,40.04,40.85,42.95,42.88,44.93,40.78,39.08,40.89,38.69,38.66,38.75,39.8
35051,36.02,37.42,42.62,41.71,40.89,40.88,41.4,42.5,41.06,40.05,43.05,39.45,40.29,40.04,40.85,42.95,42.88,44.93,40.78,39.08,40.89,38.69,38.66,38.75,39.8
35053,36.02,37.42,42.62,41.71,40.89,40.88,41.4,42.5,41.06,40.05,43.05,39.45,40.29,40.04,40.85,42.95,42.88,44.93,40.78,39.08,40.89,38.69,38.66,38.75,39.8
35055,36.02,37.42,42.62,41.71,40.89,40.88,41.4,42.5,41.06,40.05,43.05,39.45,40.29,40.04,40.85,42.95,42.88,44.93,40.78,39.08,40.89,38.69,38.66,38.75,39.8
35057,36.02,37.42,42.62,41.71,40.89,40.88,41.4,42.5,41.06,40.05,43.05,39.45,40.29,40.04,40.85,42.95,42.88,44.93,40.78,39.08,40.89,38.69,38.66,38.75,39.8
35059,36.02,37.42,42.62,41.71,40.89,40.88,41.4,42.5,41.06,40.05,43.05,39.45,40.29,40.04,40.85,42.95,42.88,44.93,40.78,39.08,40.89,38.69,38.66,38.75,39.8
35061,36.02,37.42,42.62,41.71,40.89,40.88,41.4,42.5,41.06,40.05,43.05,39.45,40.29,40.04,40.85,42.95,42.88,44.93,40.78,39.08,40.89,38.69,38.66,38.75,39.8
36001,36.02,37.42,42.62,41.71,40.89,40.88,41.4,42.5,41.06,40.05,43.05,39.45,40.29,40.04,40.85,42.95,42.88,44.93,40.78,39.08,40.89,38.69,38.66,38.75,39.8
36003,36.02,37.42,42.62,41.71,40.89,40.88,41.4,42.5,41.06,40.05,43.05,39.45,40.29,40.04,40.85,42.95,42.88,44.93,40.78,39.08,40.89,38.69,38.66,38.75,39.8
36005,36.02,37.42,42.62,41.71,40.89,40.88,41.4,42.5,41.06,40.05,43.05,39.45,40.29,40.04,40.85,42.95,42.88,44.93,40.78,39.08,40.89,38.69,38.66,38.75,39.8
36007,36.02,37.42,42.62,41.71,40.89,40.88,41.4,42.5,41.06,40.05,43.05,39.45,40.29,40.04,40.85,42.95,42.88,44.93,40.78,39.08,40.89,38.69,38.66,38.75,39.8
36009,36.02,37.42,42.62,41.71,40.89,40.88,41.4,42.5,41.06,40.05,43.05,39.45,40.29,40.04,40.85,42.95,42.88,44.93,40.78,39.08,40.89,38.69,38.66,38.75,39.8
36011,36.02,37.42,42.62,41.71,40.89,40.88,41.4,42.5,41.06,40.05,43.05,39.45,40.29,40.04,40.85,42.95,42.88,44.93,40.78,39.08,40.89,38.69,38.66,38.75,39.8
36013,36.02,37.42,42.62,41.71,40.89,40.88,41.4,42.5,41.06,40.05,43.05,39.45,40.29,40.04,40.85,42.95,42.88,44.93,40.78,39.08,40.89,38.69,38.66,38.75,39.8
36015,36.02,37.42,42.62,41.71,40.89,40.88,41.4,42.5,41.06,40.05,43.05,39.45,40.29,40.04,40.85,42.95,42.88,44.93,40.78,39.08,40.89,38.69,38.66,38.75,39.8
36017,36.02,37.42,42.62,41.71,40.89,40.88,41.4,42.5,41.06,40.05,43.05,39.45,40.29,40.04,40.85,42.95,42.88,44.93,40.78,39.08,40.89,38.69,38.66,38.75,39.8
36019,36.02,37.42,42.62,41.71,40.89,40.88,41.4,42.5,41.06,40.05,43.05,39.45,40.29,40.04,40.85,42.95,42.88,44.93,40.78,39.08,40.89,38.69,38.66,38.75,39.8
36021,36.02,37.42,42.62,41.71,40.89,40.88,41.4,42.5,41.06,40.05,43.05,39.45,40.29,40.04,40.85,42.95,42.88,44.93,40.78,39.08,40.89,38.69,38.66,38.75,39.8
36023,36.02,37.42,42.62,41.71,40.89,40.88,41.4,42.5,41.06,40.05,43.05,39.45,40.29,40.04,40.85,42.95,42.88,44.93,40.78,39.08,40.89,38.69,38.66,38.75,39.8
36025,36.02,37.42,42.62,41.71,40.89,40.88,41.4,42.5,41.06,40.05,43.05,39.45,40.29,40.04,40.85,42.95,42.88,44.93,40.78,39.08,40.89,38.69,38.66,38.75,39.8
36027,36.02,37.42,42.62,41.71,40.89,40.88,41.4,42.5,41.06,40.05,43.05,39.45,40.29,40.04,40.85,42.95,42.88,44.93,40.78,39.08,40.89,38.69,38.66,38.75,39.8
36029,36.02,37.42,42.62,41.71,40.89,40.88,41.4,42.5,41.06,40.05,43.05,39.45,40.29,40.04,40.85,42.95,42.88,44.93,40.78,39.08,40.89,38.69,38.66,38.75,39.8
36031,36.02,37.42,42.62,41.71,40.89,40.88,41.4,42.5,41.06,40.05,43.05,39.45,40.29,40.04,40.85,42.95,42.88,44.93,40.78,39.08,40.89,38.69,38.66,38.75,39.8
36033,36.02,37.42,42.62,41.71,40.89,40.88,41.4,42.5,41.06,40.05,43.05,39.45,40.29,40.04,40.85,42.95,42.88,44.93,40.78,39.08,40.89,38.69,38.66,38.75,39.8
36035,36.02,37.42,42.62,41.71,40.89,40.88,41.4,42.5,41.06,40.05,43.05,39.45,40.29,40.04,40.85,42.95,42.88,44.93,40.78,39.08,40.89,38.69,38.66,38.75,39.8
36037,36.02,37.42,42.62,41.71,40.89,40.88,41.4,42.5,41.06,40.05,43.05,39.45,40.29,40.04,40.85,42.95,42.88,44.93,40.78,39.08,40.89,38.69,38.66,38.75,39.8
36039,36.02,37.42,42.62,41.71,40.89,40.88,41.4,42.5,41.06,40.05,43.05,39.45,40.29,40.04,40.85,42.95,42.88,44.93,40.78,39.08,40.89,38.69,38.66,38.75,39.8
36041,36.02,37.42,42.62,41.71,40.89,40.88,41.4,42.5,41.06,40.05,43.05,39.45,40.29,40.04,40.85,42.95,42.88,44.93,40.78,39.08,40.89,38.69,38.66,38.75,39.8
36043,36.02,37.42,42.62,41.71,40.89,40.88,41.4,42.5,41.06,40.05,43.05,39.45,40.29,40.04,40.85,42.95,42.88,44.93,40.78,39.08,40.89,38.69,38.66,38.75,39.8
36045,36.02,37.42,42.62,41.71,40.89,40.88,41.4,42.5,41.06,40.05,43.05,39.45,40.29,40.04,40.85,42.95,42.88,44.93,40.78,39.08,40.89,38.69,38.66,38.75,39.8
36047,36.02,37.42,42.62,41.71,40.89,40.88,41.4,42.5,41.06,40.05,43.05,39.45,40.29,40.04,40.85,42.95,42.88,44.93,40.78,39.08,40.89,38.69,38.66,38.75,39.8
36049,36.02,37.42,42.62,41.71,40.89,40.88,41.4,42.5,41.06,40.05,43.05,39.45,40.29,40.04,40.85,42.95,42.88,44.93,40.78,39.08,40.89,38.69,38.66,38.75,39.8
36051,36.02,37.42,42.62,41.71,40.89,40.88,41.4,42.5,41.06,40.05,43.05,39.45,40.29,40.04,40.85,42.95,42.88,44.93,40.78,39.08,40.89,38.69,38.66,38.75,39.8
36053,36.02,37.42,42.62,41.71,40.89,40.88,41.4,42.5,41.06,40.05,43.05,39.45,40.29,40.04,40.85,42.95,42.88,44.93,40.78,39.08,40.89,38.69,38.66,38.75,39.8
36055,36.02,37.42,42.62,41.71,40.89,40.88,41.4,42.5,41.06,40.05,43.05,39.45,40.29,40.04,40.85,42.95,42.88,44.93,40.78,39.08,40.89,38.69,38.66,38.75,39.8
36057,36.02,37.42,42.62,41.71,40.89,40.88,41.4,42.5,41.06,40.05,43.05,39.45,40.29,40.04,40.85,42.95,42.88,44.93,40.78,39.08,40.89,38.69,38.66,38.75,39.8
36059,36.02,37.42,42.62,41.71,40.89,40.88,41.4,42.5,41.06,40.05,43.05,39.45,40.29,40.04,40.85,42.95,42.88,44.93,40.78,39.08,40.89,38.69,38.66,38.75,39.8
36061,36.02,37.42,42.62,41.71,40.89,40.88,41.4,42.5,41.06,40.05,43.05,39.45,40.29,40.04,40.85,42.95,42.88,44.93,40.78,39.08,40.89,38.69,38.66,38.75,39.8
36063,36.02,37.42,42.62,41.71,40.89,40.88,41.4,42.5,41.06,40.05,43.05,39.45,40.29,40.04,40.85,42.95,42.88,44.93,40.78,39.08,40.89,38.69,38.66,38.75,39.8
36065,36.02,37.42,42.62,41.71,40.89,40.88,41.4,42.5,41.06,40.05,43.05,39.45,40.29,40.04,40.85,42.95,42.88,44.93,40.78,39.08,40.89,38.69,38.66,38.75,39.8
36067,36.02,37.42,42.62,41.71,40.89,40.88,41.4,42.5,41.06,40.05,43.05,39.45,40.29,40.04,40.85,42.95,42.88,44.93,40.78,39.08,40.89,38.69,38.66,38.75,39.8
36069,36.02,37.42,42.62,41.71,40.89,40.88,41.4,42.5,41.06,40.05,43.05,39.45,40.29,40.04,40.85,42.95,42.88,44.93,40.78,39.08,40.89,38.69,38.66,38.75,39.8
36071,36.02,37.42,42.62,41.71,40.89,40.88,41.4,42.5,41.06,40.05,43.05,39.45,40.29,40.04,40.85,42.95,42.88,44.93,40.78,39.08,40.89,38.69,38.66,38.75,39.8
36073,36.02,37.42,42.62,41.71,40.89,40.88,41.4,42.5,41.06,40.05,43.05,39.45,40.29,40.04,40.85,42.95,42.88,44.93,40.78,39.08,40.89,38.69,38.66,38.75,39.8
36075,36.02,37.42,42.62,41.71,40.89,40.88,41.4,42.5,41.06,40.05,43.05,39.45,40.29,40.04,40.85,42.95,42.88,44.93,40.78,39.08,40.89,38.69,38.66,38.75,39.8
36077,36.02,37.42,42.62,41.71,40.89,40.88,41.4,42.5,41.06,40.05,43.05,39.45,40.29,40.04,40.85,42.95,42.88,44.93,40.78,39.08,40.89,38.69,38.66,38.75,39.8
36079,36.02,37.42,42.62,41.71,40.89,40.88,41.4,42.5,41.06,40.05,43.05,39.45,40.29,40.04,40.85,42.95,42.88,44.93,40.78,39.08,40.89,38.69,38.66,38.75,39.8
36081,36.02,37.42,42.62,41.71,40.89,40.88,41.4,42.5,41.06,40.05,43.05,39.45,40.29,40.04,40.85,42.95,42.88,44.93,40.78,39.08,40.89,38.69,38.66,38.75,39.8
36083,36.02,37.42,42.62,41.71,40.89,40.88,41.4,42.5,41.06,40.05,43.05,39.45,40.29,40.04,40.85,42.95,42.88,44.93,40.78,39.08,40.89,38.69,38.66,38.75,39.8
36085,36.02,37.42,42.62,41.71,40.89,40.88,41.4,42.5,41.06,40.05,43.05,39.45,40.29,40.04,40.85,42.95,42.88,44.93,40.78,39.08,40.89,38.69,38.66,38.75,39.8
36087,36.02,37.42,42.62,41.71,40.89,40.88,41.4,42.5,41.06,40.05,43.05,39.45,40.29,40.04,40.85,42.95,42.88,44.93,40.78,39.08,40.89,38.69,38.66,38.75,39.8
36089,36.02,37.42,42.62,41.71,40.89,40.88,41.4,42.5,41.06,40.05,43.05,39.45,40.29,40.04,40.85,42.95,42.88,44.93,40.78,39.08,40.89,38.69,38.66,38.75,39.8
36091,36.02,37.42,42.62,41.71,40.89,40.88,41.4,42.5,41.06,40.05,43.05,39.45,40.29,40.04,40.85,42.95,42.88,44.93,40.78,39.08,40.89,38.69,38.66,38.75,39.8
36093,36.02,37.42,42.62,41.71,40.89,40.88,41.4,42.5,41.06,40.05,43.05,39.45,40.29,40.04,40.85,42.95,42.88,44.93,40.78,39.08,40.89,38.69,38.66,38.75,39.8
36095,36.02,37.42,42.62,41.71,40.89,40.88,41.4,42.5,41.06,40.05,43.05,39.45,40.29,40.04,40.85,42.95,42.88,44.93,40.78,39.08,40.89,38.69,38.66,38.75,39.8
36097,36.02,37.42,42.62,41.71,40.89,40.88,41.4,42.5,41.06,40.05,43.05,39.45,40.29,40.04,40.85,42.95,42.88,44.93,40.78,39.08,40.89,38.69,38.66,38.75,39.8
36099,36.02,37.42,42.62,41.71,40.89,40.88,41.4,42.5,41.06,40.05,43.05,39.45,40.29,40.04,40.85,42.95,42.88,44.93,40.78,39.08,40.89,38.69,38.66,38.75,39.8
36101,36.02,37.42,42.62,41.71,40.89,40.88,41.4,42.5,41.06,40.05,43.05,39.45,40.29,40.04,40.85,42.95,42.88,44.93,40.78,39.08,40.89,38.69,38.66,38.75,39.8
36103,36.02,37.42,42.62,41.71,40.89,40.88,41.4,42.5,41.06,40.05,43.05,39.45,40.29,40.04,40.85,42.95,42.88,44.93,40.78,39.08,40.89,38.69,38.66,38.75,39.8
36105,36.02,37.42,42.62,41.71,40.89,40.88,41.4,42.5,41.06,40.05,43.05,39.45,40.29,40.04,40.85,42.95,42.88,44.93,40.78,39.08,40.89,38.69,38.66,38.75,39.8
36107,36.02,37.42,42.62,41.71,40.89,40.88,41.4,42.5,41.06,40.05,43.05,39.45,40.29,40.04,40.85,42.95,42.88,44.93,40.78,39.08,40.89,38.69,38.66,38.75,39.8
36109,36.02,37.42,42.62,41.71,40.89,40.88,41.4,42.5,41.06,40.05,43.05,39.45,40.29,40.04,40.85,42.95,42.88,44.93,40.78,39.08,40.89,38.69,38.66,38.75,39.8
36111,36.02,37.42,42.62,41.71,40.89,40.88,41.4,42.5,41.06,40.05,43.05,39.45,40.29,40.04,40.85,42.95,42.88,44.93,40.78,39.08,40.89,38.69,38.66,38.75,39.8
36113,36.02,37.42,42.62,41.71,40.89,40.88,41.4,42.5,41.06,40.05,43.05,39.45,40.29,40.04,40.85,42.95,42.88,44.93,40.78,39.08,40.89,38.69,38.66,38.75,39.8
36115,36.02,37.42,42.62,41.71,40.89,40.88,41.4,42.5,41.06,40.05,43.05,39.45,40.29,40.04,40.85,42.95,42.88,44.93,40.78,39.08,40.89,38.69,38.66,38.75,39.8
36117,36.02,37.42,42.62,41.71,40.89,40.88,41.4,42.5,41.06,40.05,43.05,39.45,40.29,40.04,40.85,42.95,42.88,44.93,40.78,39.08,40.89,38.69,38.66,38.75,39.8
36119,36.02,37.42,42.62,41.71,40.89,40.88,41.4,42.5,41.06,40.05,43.05,39.45,40.29,40.04,40.85,42.95,42.88,44.93,40.78,39.08,40.89,38.69,38.66,38.75,39.8
36121,36.02,37.42,42.62,41.71,40.89,40.88,41.4,42.5,41.06,40.05,43.05,39.45,40.29,40.04,40.85,42.95,42.88,44.93,40.78,39.08,40.89,38.69,38.66,38.75,39.8
36123,36.02,37.42,42.62,41.71,40.89,40.88,41.4,42.5,41.06,40.05,43.05,39.45,40.29,40.04,40.85,42.95,42.88,44.93,40.78,39.08,40.89,38.69,38.66,38.75,39.8
37001,36.02,37.42,42.62,41.71,40.89,40.88,41.4,42.5,41.06,40.05,43.05,39.45,40.29,40.04,40.85,42.95,42.88,44.93,40.78,39.08,40.89,38.69,38.66,38.75,39.8
37003,36.02,37.42,42.62,41.71,40.89,40.88,41.4,42.5,41.06,40.05,43.05,39.45,40.29,40.04,40.85,42.95,42.88,44.93,40.78,39.08,40.89,38.69,38.66,38.75,39.8
37005,36.02,37.42,42.62,41.71,40.89,40.88,41.4,42.5,41.06,40.05,43.05,39.45,40.29,40.04,40.85,42.95,42.88,44.93,40.78,39.08,40.89,38.69,38.66,38.75,39.8
37007,36.02,37.42,42.62,41.71,40.89,40.88,41.4,42.5,41.06,40.05,43.05,39.45,40.29,40.04,40.85,42.95,42.88,44.93,40.78,39.08,40.89,38.69,38.66,38.75,39.8
37009,36.02,37.42,42.62,41.71,40.89,40.88,41.4,42.5,41.06,40.05,43.05,39.45,40.29,40.04,40.85,42.95,42.88,44.93,40.78,39.08,40.89,38.69,38.66,38.75,39.8
37011,36.02,37.42,42.62,41.71,40.89,40.88,41.4,42.5,41.06,40.05,43.05,39.45,40.29,40.04,40.85,42.95,42.88,44.93,40.78,39.08,40.89,38.69,38.66,38.75,39.8
37013,36.02,37.42,42.62,41.71,40.89,40.88,41.4,42.5,41.06,40.05,43.05,39.45,40.29,40.04,40.85,42.95,42.88,44.93,40.78,39.08,40.89,38.69,38.66,38.75,39.8
37015,36.02,37.42,42.62,41.71,40.89,40.88,41.4,42.5,41.06,40.05,43.05,39.45,40.29,40.04,40.85,42.95,42.88,44.93,40.78,39.08,40.89,38.69,38.66,38.75,39.8
37017,36.02,37.42,42.62,41.71,40.89,40.88,41.4,42.5,41.06,40.05,43.05,39.45,40.29,40.04,40.85,42.95,42.88,44.93,40.78,39.08,40.89,38.69,38.66,38.75,39.8
37019,36.02,37.42,42.62,41.71,40.89,40.88,41.4,42.5,41.06,40.05,43.05,39.45,40.29,40.04,40.85,42.95,42.88,44.93,40.78,39.08,40.89,38.69,38.66,38.75,39.8
37021,36.02,37.42,42.62,41.71,40.89,40.88,41.4,42.5,41.06,40.05,43.05,39.45,40.29,40.04,40.85,42.95,42.88,44.93,40.78,39.08,40.89,38.69,38.66,38.75,39.8
37023,36.02,37.42,42.62,41.71,40.89,40.88,41.4,42.5,41.06,40.05,43.05,39.45,40.29,40.04,40.85,42.95,42.88,44.93,40.78,39.08,40.89,38.69,38.66,38.75,39.8
37025,36.02,37.42,42.62,41.71,40.89,40.88,41.4,42.5,41.06,40.05,43.05,39.45,40.29,40.04,40.85,42.95,42.88,44.93,40.78,39.08,40.89,38.69,38.66,38.75,39.8
37027,36.02,37.42,42.62,41.71,40.89,40.88,41.4,42.5,41.06,40.05,43.05,39.45,40.29,40.04,40.85,42.95,42.88,44.93,40.78,39.08,40.89,38.69,38.66,38.75,39.8
37029,36.02,37.42,42.62,41.71,40.89,40.88,41.4,42.5,41.06,40.05,43.05,39.45,40.29,40.04,40.85,42.95,42.88,44.93,40.78,39.08,40.89,38.69,38.66,38.75,39.8
37031,36.02,37.42,42.62,41.71,40.89,40.88,41.4,42.5,41.06,40.05,43.05,39.45,40.29,40.04,40.85,42.95,42.88,44.93,40.78,39.08,40.89,38.69,38.66,38.75,39.8
37033,36.02,37.42,42.62,41.71,40.89,40.88,41.4,42.5,41.06,40.05,43.05,39.45,40.29,40.04,40.85,42.95,42.88,44.93,40.78,39.08,40.89,38.69,38.66,38.75,39.8
37035,36.02,37.42,42.62,41.71,40.89,40.88,41.4,42.5,41.06,40.05,43.05,39.45,40.29,40.04,40.85,42.95,42.88,44.93,40.78,39.08,40.89,38.69,38.66,38.75,39.8
37037,36.02,37.42,42.62,41.71,40.89,40.88,41.4,42.5,41.06,40.05,43.05,39.45,40.29,40.04,40.85,42.95,42.88,44.93,40.78,39.08,40.89,38.69,38.66,38.75,39.8
37039,36.02,37.42,42.62,41.71,40.89,40.88,41.4,42.5,41.06,40.05,43.05,39.45,40.29,40.04,40.85,42.95,42.88,44.93,40.78,39.08,40.89,38.69,38.66,38.75,39.8
37041,36.02,37.42,42.62,41.71,40.89,40.88,41.4,42.5,41.06,40.05,43.05,39.45,40.29,40.04,40.85,42.95,42.88,44.93,40.78,39.08,40.89,38.69,38.66,38.75,39.8
37043,36.02,37.42,42.62,41.71,40.89,40.88,41.4,42.5,41.06,40.05,43.05,39.45,40.29,40.04,40.85,42.95,42.88,44.93,40.78,39.08,40.89,38.69,38.66,38.75,39.8
37045,36.02,37.42,42.62,41.71,40.89,40.88,41.4,42.5,41.06,40.05,43.05,39.45,40.29,40.04,40.85,42.95,42.88,44.93,40.78,39.08,40.89,38.69,38.66,38.75,39.8
37047,36.02,37.42,42.62,41.71,40.89,40.88,41.4,42.5,41.06,40.05,43.05,39.45,40.29,40.04,40.85,42.95,42.88,44.93,40.78,39.08,40.89,38.69,38.66,38.75,39.8
37049,36.02,37.42,42.62,41.71,40.89,40.88,41.4,42.5,41.06,40.05,43.05,39.45,40.29,40.04,40.85,42.95,42.88,44.93,40.78,39.08,40.89,38.69,38.66,38.75,39.8
37051,36.02,37.42,42.62,41.71,40.89,40.88,41.4,42.5,41.06,40.05,43.05,39.45,40.29,40.04,40.85,42.95,42.88,44.93,40.78,39.08,40.89,38.69,38.66,38.75,39.8
37053,36.02,37.42,42.62,41.71,40.89,40.88,41.4,42.5,41.06,40.05,43.05,39.45,40.29,40.04,40.85,42.95,42.88,44.93,40.78,39.08,40.89,38.69,38.66,38.75,39.8
37055,36.02,37.42,42.62,41.71,40.89,40.88,41.4,42.5,41.06,40.05,43.05,39.45,40.29,40.04,40.85,42.95,42.88,44.93,40.78,39.08,40.89,38.69,38.66,38.75,39.8
37057,36.02,37.42,42.62,41.71,40.89,40.88,41.4,42.5,41.06,40.05,43.05,39.45,40.29,40.04,40.85,42.95,42.88,44.93,40.78,39.08,40.89,38.69,38.66,38.75,39.8
37059,36.02,37.42,42.62,41.71,40.89,40.88,41.4,42.5,41.06,40.05,43.05,39.45,40.29,40.04,40.85,42.95,42.88,44.93,40.78,39.08,40.89,38.69,38.66,38.75,39.8
37061,36.02,37.42,42.62,41.71,40.89,40.88,41.4,42.5,41.06,40.05,43.05,39.45,40.29,40.04,40.85,42.95,42.88,44.93,40.78,39.08,40.89,38.69,38.66,38.75,39.8
37063,36.02,37.42,42.62,41.71,40.89,40.88,41.4,42.5,41.06,40.05,43.05,39.45,40.29,40.04,40.85,42.95,42.88,44.93,40.78,39.08,40.89,38.69,38.66,38.75,39.8
37065,36.02,37.42,42.62,41.71,40.89,40.88,41.4,42.5,41.06,40.05,43.05,39.45,40.29,40.04,40.85,42.95,42.88,44.93,40.78,39.08,40.89,38.69,38.66,38.75,39.8
37067,36.02,37.42,42.62,41.71,40.89,40.88,41.4,42.5,41.06,40.05,43.05,39.45,40.29,40.04,40.85,42.95,42.88,44.93,40.78,39.08,40.89,38.69,38.66,38.75,39.8
37069,36.02,37.42,42.62,41.71,40.89,40.88,41.4,42.5,41.06,40.05,43.05,39.45,40.29,40.04,40.85,42.95,42.88,44.93,40.78,39.08,40.89,38.69,38.66,38.75,39.8
37071,36.02,37.42,42.62,41.71,40.89,40.88,41.4,42.5,41.06,40.05,43.05,39.45,40.29,40.04,40.85,42.95,42.88,44.93,40.78,39.08,40.89,38.69,38.66,38.75,39.8
37073,36.02,37.42,42.62,41.71,40.89,40.88,41.4,42.5,41.06,40.05,43.05,39.45,40.29,40.04,40.85,42.95,42.88,44.93,40.78,39.08,40.89,38.69,38.66,38.75,39.8
37075,36.02,37.42,42.62,41.71,40.89,40.88,41.4,42.5,41.06,40.05,43.05,39.45,40.29,40.04,40.85,42.95,42.88,44.93,40.78,39.08,40.89,38.69,38.66,38.75,39.8
37077,36.02,37.42,42.62,41.71,40.89,40.88,41.4,42.5,41.06,40.05,43.05,39.45,40.29,40.04,40.85,42.95,42.88,44.93,40.78,39.08,40.89,38.69,38.66,38.75,39.8
37079,36.02,37.42,42.62,41.71,40.89,40.88,41.4,42.5,41.06,40.05,43.05,39.45,40.29,40.04,40.85,42.95,42.88,44.93,40.78,39.08,40.89,38.69,38.66,38.75,39.8
37081,36.02,37.42,42.62,41.71,40.89,40.88,41.4,42.5,41.06,40.05,43.05,39.45,40.29,40.04,40.85,42.95,42.88,44.93,40.78,39.08,40.89,38.69,38.66,38.75,39.8
37083,36.02,37.42,42.62,41.71,40.89,40.88,41.4,42.5,41.06,40.05,43.05,39.45,40.29,40.04,40.85,42.95,42.88,44.93,40.78,39.08,40.89,38.69,38.66,38.75,39.8
37085,36.02,37.42,42.62,41.71,40.89,40.88,41.4,42.5,41.06,40.05,43.05,39.45,40.29,40.04,40.85,42.95,42.88,44.93,40.78,39.08,40.89,38.69,38.66,38.75,39.8
37087,36.02,37.42,42.62,41.71,40.89,40.88,41.4,42.5,41.06,40.05,43.05,39.45,40.29,40.04,40.85,42.95,42.88,44.93,40.78,39.08,40.89,38.69,38.66,38.75,39.8
37089,36.02,37.42,42.62,41.71,40.89,40.88,41.4,42.5,41.06,40.05,43.05,39.45,40.29,40.04,40.85,42.95,42.88,44.93,40.78,39.08,40.89,38.69,38.66,38.75,39.8
37091,36.02,37.42,42.62,41.71,40.89,40.88,41.4,42.5,41.06,40.05,43.05,39.45,40.29,40.04,40.85,42.95,42.88,44.93,40.78,39.08,40.89,38.69,38.66,38.75,39.8
37093,36.02,37.42,42.62,41.71,40.89,40.88,41.4,42.5,41.06,40.05,43.05,39.45,40.29,40.04,40.85,42.95,42.88,44.93,40.78,39.08,40.89,38.69,38.66,38.75,39.8
37095,36.02,37.42,42.62,41.71,40.89,40.88,41.4,42.5,41.06,40.05,43.05,39.45,40.29,40.04,40.85,42.95,42.88,44.93,40.78,39.08,40.89,38.69,38.66,38.75,39.8
37097,36.02,37.42,42.62,41.71,40.89,40.88,41.4,42.5,41.06,40.05,43.05,39.45,40.29,40.04,40.85,42.95,42.88,44.93,40.78,39.08,40.89,38.69,38.66,38.75,39.8
37099,36.02,37.42,42.62,41.71,40.89,40.88,41.4,42.5,41.06,40.05,43.05,39.45,40.29,40.04,40.85,42.95,42.88,44.93,40.78,39.08,40.89,38.69,38.66,38.75,39.8
37101,36.02,37.42,42.62,41.71,40.89,40.88,41.4,42.5,41.06,40.05,43.05,39.45,40.29,40.04,40.85,42.95,42.88,44.93,40.78,39.08,40.89,38.69,38.66,38.75,39.8
37103,36.02,37.42,42.62,41.71,40.89,40.88,41.4,42.5,41.06,40.05,43.05,39.45,40.29,40.04,40.85,42.95,42.88,44.93,40.78,39.08,40.89,38.69,38.66,38.75,39.8
37105,36.02,37.42,42.62,41.71,40.89,40.88,41.4,42.5,41.06,40.05,43.05,39.45,40.29,40.04,40.85,42.95,42.88,44.93,40.78,39.08,40.89,38.69,38.66,38.75,39.8
37107,36.02,37.42,42.62,41.71,40.89,40.88,41.4,42.5,41.06,40.05,43.05,39.45,40.29,40.04,40.85,42.95,42.88,44.93,40.78,39.08,40.89,38.69,38.66,38.75,39.8
37109,36.02,37.42,42.62,41.71,40.89,40.88,41.4,42.5,41.06,40.05,43.05,39.45,40.29,40.04,40.85,42.95,42.88,44.93,40.78,39.08,40.89,38.69,38.66,38.75,39.8
37111,36.02,37.42,42.62,41.71,40.89,40.88,41.4,42.5,41.06,40.05,43.05,39.45,40.29,40.04,40.85,42.95,42.88,44.93,40.78,39.08,40.89,38.69,38.66,38.75,39.8
37113,36.02,37.42,42.62,41.71,40.89,40.88,41.4,42.5,41.06,40.05,43.05,39.45,40.29,40.04,40.85,42.95,42.88,44.93,40.78,39.08,40.89,38.69,38.66,38.75,39.8
37115,36.02,37.42,42.62,41.71,40.89,40.88,41.4,42.5,41.06,40.05,43.05,39.45,40.29,40.04,40.85,42.95,42.88,44.93,40.78,39.08,40.89,38.69,38.66,38.75,39.8
37117,36.02,37.42,42.62,41.71,40.89,40.88,41.4,42.5,41.06,40.05,43.05,39.45,40.29,40.04,40.85,42.95,42.88,44.93,40.78,39.08,40.89,38.69,38.66,38.75,39.8
37119,36.02,37.42,42.62,41.71,40.89,40.88,41.4,42.5,41.06,40.05,43.05,39.45,40.29,40.04,40.85,42.95,42.88,44.93,40.78,39.08,40.89,38.69,38.66,38.75,39.8
37121,36.02,37.42,42.62,41.71,40.89,40.88,41.4,42.5,41.06,40.05,43.05,39.45,40.29,40.04,40.85,42.95,42.88,44.93,40.78,39.08,40.89,38.69,38.66,38.75,39.8
37123,36.02,37.42,42.62,41.71,40.89,40.88,41.4,42.5,41.06,40.05,43.05,39.45,40.29,40.04,40.85,42.95,42.88,44.93,40.78,39.08,40.89,38.69,38.66,38.75,39.8
37125,36.02,37.42,42.62,41.71,40.89,40.88,41.4,42.5,41.06,40.05,43.05,39.45,40.29,40.04,40.85,42.95,42.88,44.93,40.78,39.08,40.89,38.69,38.66,38.75,39.8
37127,36.02,37.42,42.62,41.71,40.89,40.88,41.4,42.5,41.06,40.05,43.05,39.45,40.29,40.04,40.85,42.95,42.88,44.93,40.78,39.08,40.89,38.69,38.66,38.75,39.8
37129,36.02,37.42,42.62,41.71,40.89,40.88,41.4,42.5,41.06,40.05,43.05,39.45,40.29,40.04,40.85,42.95,42.88,44.93,40.78,39.08,40.89,38.69,38.66,38.75,39.8
37131,36.02,37.42,42.62,41.71,40.89,40.88,41.4,42.5,41.06,40.05,43.05,39.45,40.29,40.04,40.85,42.95,42.88,44.93,40.78,39.08,40.89,38.69,38.66,38.75,39.8
37133,36.02,37.42,42.62,41.71,40.89,40.88,41.4,42.5,41.06,40.05,43.05,39.45,40.29,40.04,40.85,42.95,42.88,44.93,40.78,39.08,40.89,38.69,38.66,38.75,39.8
37135,36.02,37.42,42.62,41.71,40.89,40.88,41.4,42.5,41.06,40.05,43.05,39.45,40.29,40.04,40.85,42.95,42.88,44.93,40.78,39.08,40.89,38.69,38.66,38.75,39.8
37137,36.02,37.42,42.62,41.71,40.89,40.88,41.4,42.5,41.06,40.05,43.05,39.45,40.29,40.04,40.85,42.95,42.88,44.93,40.78,39.08,40.89,38.69,38.66,38.75,39.8
37139,36.02,37.42,42.62,41.71,40.89,40.88,41.4,42.5,41.06,40.05,43.05,39.45,40.29,40.04,40.85,42.95,42.88,44.93,40.78,39.08,40.89,38.69,38.66,38.75,39.8
37141,36.02,37.42,42.62,41.71,40.89,40.88,41.4,42.5,41.06,40.05,43.05,39.45,40.29,40.04,40.85,42.95,42.88,44.93,40.78,39.08,40.89,38.69,38.66,38.75,39.8
37143,36.02,37.42,42.62,41.71,40.89,40.88,41.4,42.5,41.06,40.05,43.05,39.45,40.29,40.04,40.85,42.95,42.88,44.93,40.78,39.08,40.89,38.69,38.66,38.75,39.8
37145,36.02,37.42,42.62,41.71,40.89,40.88,41.4,42.5,41.06,40.05,43.05,39.45,40.29,40.04,40.85,42.95,42.88,44.93,40.78,39.08,40.89,38.69,38.66,38.75,39.8
37147,36.02,37.42,42.62,41.71,40.89,40.88,41.4,42.5,41.06,40.05,43.05,39.45,40.29,40.04,40.85,42.95,42.88,44.93,40.78,39.08,40.89,38.69,38.66,38.75,39.8
37149,36.02,37.42,42.62,41.71,40.89,40.88,41.4,42.5,41.06,40.05,43.05,39.45,40.29,40.04,40.85,42.95,42.88,44.93,40.78,39.08,40.89,38.69,38.66,38.75,39.8
37151,36.02,37.42,42.62,41.71,40.89,40.88,41.4,42.5,41.06,40.05,43.05,39.45,40.29,40.04,40.85,42.95,42.88,44.93,40.78,39.08,40.89,38.69,38.66,38.75,39.8
37153,36.02,37.42,42.62,41.71,40.89,40.88,41.4,42.5,41.06,40.05,43.05,39.45,40.29,40.04,40.85,42.95,42.88,44.93,40.78,39.08,40.89,38.69,38.66,38.75,39.8
37155,36.02,37.42,42.62,41.71,40.89,40.88,41.4,42.5,41.06,40.05,43.05,39.45,40.29,40.04,40.85,42.95,42.88,44.93,40.78,39.08,40.89,38.69,38.66,38.75,39.8
37157,36.02,37.42,42.62,41.71,40.89,40.88,41.4,42.5,41.06,40.05,43.05,39.45,40.29,40.04,40.85,42.95,42.88,44.93,40.78,39.08,40.89,38.69,38.66,38.75,39.8
37159,36.02,37.42,42.62,41.71,40.89,40.88,41.4,42.5,41.06,40.05,43.05,39.45,40.29,40.04,40.85,42.95,42.88,44.93,40.78,39.08,40.89,38.69,38.66,38.75,39.8
37161,36.02,37.42,42.62,41.71,40.89,40.88,41.4,42.5,41.06,40.05,43.05,39.45,40.29,40.04,40.85,42.95,42.88,44.93,40.78,39.08,40.89,38.69,38.66,38.75,39.8
37163,36.02,37.42,42.62,41.71,40.89,40.88,41.4,42.5,41.06,40.05,43.05,39.45,40.29,40.04,40.85,42.95,42.88,44.93,40.78,39.08,40.89,38.69,38.66,38.75,39.8
37165,36.02,37.42,42.62,41.71,40.89,40.88,41.4,42.5,41.06,40.05,43.05,39.45,40.29,40.04,40.85,42.95,42.88,44.93,40.78,39.08,40.89,38.69,38.66,38.75,39.8
37167,36.02,37.42,42.62,41.71,40.89,40.88,41.4,42.5,41.06,40.05,43.05,39.45,40.29,40.04,40.85,42.95,42.88,44.93,40.78,39.08,40.89,38.69,38.66,38.75,39.8
37169,36.02,37.42,42.62,41.71,40.89,40.88,41.4,42.5,41.06,40.05,43.05,39.45,40.29,40.04,40.85,42.95,42.88,44.93,40.78,39.08,40.89,38.69,38.66,38.75,39.8
37171,36.02,37.42,42.62,41.71,40.89,40.88,41.4,42.5,41.06,40.05,43.05,39.45,40.29,40.04,40.85,42.95,42.88,44.93,40.78,39.08,40.89,38.69,38.66,38.75,39.8
37173,36.02,37.42,42.62,41.71,40.89,40.88,41.4,42.5,41.06,40.05,43.05,39.45,40.29,40.04,40.85,42.95,42.88,44.93,40.78,39.08,40.89,38.69,38.66,38.75,39.8
37175,36.02,37.42,42.62,41.71,40.89,40.88,41.4,42.5,41.06,40.05,43.05,39.45,40.29,40.04,40.85,42.95,42.88,44.93,40.78,39.08,40.89,38.69,38.66,38.75,39.8
37177,36.02,37.42,42.62,41.71,40.89,40.88,41.4,42.5,41.06,40.05,43.05,39.45,40.29,40.04,40.85,42.95,42.88,44.93,40.78,39.08,40.89,38.69,38.66,38.75,39.8
37179,36.02,37.42,42.62,41.71,40.89,40.88,41.4,42.5,41.06,40.05,43.05,39.45,40.29,40.04,40.85,42.95,42.88,44.93,40.78,39.08,40.89,38.69,38.66,38.75,39.8
37181,36.02,37.42,42.62,41.71,40.89,40.88,41.4,42.5,41.06,40.05,43.05,39.45,40.29,40.04,40.85,42.95,42.88,44.93,40.78,39.08,40.89,38.69,38.66,38.75,39.8
37183,36.02,37.42,42.62,41.71,40.89,40.88,41.4,42.5,41.06,40.05,43.05,39.45,40.29,40.04,40.85,42.95,42.88,44.93,40.78,39.08,40.89,38.69,38.66,38.75,39.8
37185,36.02,37.42,42.62,41.71,40.89,40.88,41.4,42.5,41.06,40.05,43.05,39.45,40.29,40.04,40.85,42.95,42.88,44.93,40.78,39.08,40.89,38.69,38.66,38.75,39.8
37187,36.02,37.42,42.62,41.71,40.89,40.88,41.4,42.5,41.06,40.05,43.05,39.45,40.29,40.04,40.85,42.95,42.88,44.93,40.78,39.08,40.89,38.69,38.66,38.75,39.8
37189,36.02,37.42,42.62,41.71,40.89,40.88,41.4,42.5,41.06,40.05,43.05,39.45,40.29,40.04,40.85,42.95,42.88,44.93,40.78,39.08,40.89,38.69,38.66,38.75,39.8
37191,36.02,37.42,42.62,41.71,40.89,40.88,41.4,42.5,41.06,40.05,43.05,39.45,40.29,40.04,40.85,42.95,42.88,44.93,40.78,39.08,40.89,38.69,38.66,38.75,39.8
37193,36.02,37.42,42.62,41.71,40.89,40.88,41.4,42.5,41.06,40.05,43.05,39.45,40.29,40.04,40.85,42.95,42.88,44.93,40.78,39.08,40.89,38.69,38.66,38.75,39.8
37195,36.02,37.42,42.62,41.71,40.89,40.88,41.4,42.5,41.06,40.05,43.05,39.45,40.29,40.04,40.85,42.95,42.88,44.93,40.78,39.08,40.89,38.69,38.66,38.75,39.8
37197,36.02,37.42,42.62,41.71,40.89,40.88,41.4,42.5,41.06,40.05,43.05,39.45,40.29,40.04,40.85,42.95,42.88,44.93,40.78,39.08,40.89,38.69,38.66,38.75,39.8
37199,36.02,37.42,42.62,41.71,40.89,40.88,41.4,42.5,41.06,40.05,43.05,39.45,40.29,40.04,40.85,42.95,42.88,44.93,40.78,39.08,40.89,38.69,38.66,38.75,39.8
38001,36.02,37.42,42.62,41.71,40.89,40.88,41.4,42.5,41.06,40.05,43.05,39.45,40.29,40.04,40.85,42.95,42.88,44.93,40.78,39.08,40.89,38.69,38.66,38.75,39.8
38003,36.02,37.42,42.62,41.71,40.89,40.88,41.4,42.5,41.06,40.05,43.05,39.45,40.29,40.04,40.85,42.95,42.88,44.93,40.78,39.08,40.89,38.69,38.66,38.75,39.8
38005,36.02,37.42,42.62,41.71,40.89,40.88,41.4,42.5,41.06,40.05,43.05,39.45,40.29,40.04,40.85,42.95,42.88,44.93,40.78,39.08,40.89,38.69,38.66,38.75,39.8
38007,36.02,37.42,42.62,41.71,40.89,40.88,41.4,42.5,41.06,40.05,43.05,39.45,40.29,40.04,40.85,42.95,42.88,44.93,40.78,39.08,40.89,38.69,38.66,38.75,39.8
38009,36.02,37.42,42.62,41.71,40.89,40.88,41.4,42.5,41.06,40.05,43.05,39.45,40.29,40.04,40.85,42.95,42.88,44.93,40.78,39.08,40.89,38.69,38.66,38.75,39.8
38011,36.02,37.42,42.62,41.71,40.89,40.88,41.4,42.5,41.06,40.05,43.05,39.45,40.29,40.04,40.85,42.95,42.88,44.93,40.78,39.08,40.89,38.69,38.66,38.75,39.8
38013,36.02,37.42,42.62,41.71,40.89,40.88,41.4,42.5,41.06,40.05,43.05,39.45,40.29,40.04,40.85,42.95,42.88,44.93,40.78,39.08,40.89,38.69,38.66,38.75,39.8
38015,36.02,37.42,42.62,41.71,40.89,40.88,41.4,42.5,41.06,40.05,43.05,39.45,40.29,40.04,40.85,42.95,42.88,44.93,40.78,39.08,40.89,38.69,38.66,38.75,39.8
38017,36.02,37.42,42.62,41.71,40.89,40.88,41.4,42.5,41.06,40.05,43.05,39.45,40.29,40.04,40.85,42.95,42.88,44.93,40.78,39.08,40.89,38.69,38.66,38.75,39.8
38019,36.02,37.42,42.62,41.71,40.89,40.88,41.4,42.5,41.06,40.05,43.05,39.45,40.29,40.04,40.85,42.95,42.88,44.93,40.78,39.08,40.89,38.69,38.66,38.75,39.8
38021,36.02,37.42,42.62,41.71,40.89,40.88,41.4,42.5,41.06,40.05,43.05,39.45,40.29,40.04,40.85,42.95,42.88,44.93,40.78,39.08,40.89,38.69,38.66,38.75,39.8
38023,36.02,37.42,42.62,41.71,40.89,40.88,41.4,42.5,41.06,40.05,43.05,39.45,40.29,40.04,40.85,42.95,42.88,44.93,40.78,39.08,40.89,38.69,38.66,38.75,39.8
38025,36.02,37.42,42.62,41.71,40.89,40.88,41.4,42.5,41.06,40.05,43.05,39.45,40.29,40.04,40.85,42.95,42.88,44.93,40.78,39.08,40.89,38.69,38.66,38.75,39.8
38027,36.02,37.42,42.62,41.71,40.89,40.88,41.4,42.5,41.06,40.05,43.05,39.45,40.29,40.04,40.85,42.95,42.88,44.93,40.78,39.08,40.89,38.69,38.66,38.75,39.8
38029,36.02,37.42,42.62,41.71,40.89,40.88,41.4,42.5,41.06,40.05,43.05,39.45,40.29,40.04,40.85,42.95,42.88,44.93,40.78,39.08,40.89,38.69,38.66,38.75,39.8
38031,36.02,37.42,42.62,41.71,40.89,40.88,41.4,42.5,41.06,40.05,43.05,39.45,40.29,40.04,40.85,42.95,42.88,44.93,40.78,39.08,40.89,38.69,38.66,38.75,39.8
38033,36.02,37.42,42.62,41.71,40.89,40.88,41.4,42.5,41.06,40.05,43.05,39.45,40.29,40.04,40.85,42.95,42.88,44.93,40.78,39.08,40.89,38.69,38.66,38.75,39.8
38035,36.02,37.42,42.62,41.71,40.89,40.88,41.4,42.5,41.06,40.05,43.05,39.45,40.29,40.04,40.85,42.95,42.88,44.93,40.78,39.08,40.89,38.69,38.66,38.75,39.8
38037,36.02,37.42,42.62,41.71,40.89,40.88,41.4,42.5,41.06,40.05,43.05,39.45,40.29,40.04,40.85,42.95,42.88,44.93,40.78,39.08,40.89,38.69,38.66,38.75,39.8
38039,36.02,37.42,42.62,41.71,40.89,40.88,41.4,42.5,41.06,40.05,43.05,39.45,40.29,40.04,40.85,42.95,42.88,44.93,40.78,39.08,40.89,38.69,38.66,38.75,39.8
38041,36.02,37.42,42.62,41.71,40.89,40.88,41.4,42.5,41.06,40.05,43.05,39.45,40.29,40.04,40.85,42.95,42.88,44.93,40.78,39.08,40.89,38.69,38.66,38.75,39.8
38043,36.02,37.42,42.62,41.71,40.89,40.88,41.4,42.5,41.06,40.05,43.05,39.45,40.29,40.04,40.85,42.95,42.88,44.93,40.78,39.08,40.89,38.69,38.66,38.75,39.8
38045,36.02,37.42,42.62,41.71,40.89,40.88,41.4,42.5,41.06,40.05,43.05,39.45,40.29,40.04,40.85,42.95,42.88,44.93,40.78,39.08,40.89,38.69,38.66,38.75,39.8
38047,36.02,37.42,42.62,41.71,40.89,40.88,41.4,42.5,41.06,40.05,43.05,39.45,40.29,40.04,40.85,42.95,42.88,44.93,40.78,39.08,40.89,38.69,38.66,38.75,39.8
38049,36.02,37.42,42.62,41.71,40.89,40.88,41.4,42.5,41.06,40.05,43.05,39.45,40.29,40.04,40.85,42.95,42.88,44.93,40.78,39.08,40.89,38.69,38.66,38.75,39.8
38051,36.02,37.42,42.62,41.71,40.89,40.88,41.4,42.5,41.06,40.05,43.05,39.45,40.29,40.04,40.85,42.95,42.88,44.93,40.78,39.08,40.89,38.69,38.66,38.75,39.8
38053,36.02,37.42,42.62,41.71,40.89,40.88,41.4,42.5,41.06,40.05,43.05,39.45,40.29,40.04,40.85,42.95,42.88,44.93,40.78,39.08,40.89,38.69,38.66,38.75,39.8
38055,36.02,37.42,42.62,41.71,40.89,40.88,41.4,42.5,41.06,40.05,43.05,39.45,40.29,40.04,40.85,42.95,42.88,44.93,40.78,39.08,40.89,38.69,38.66,38.75,39.8
38057,36.02,37.42,42.62,41.71,40.89,40.88,41.4,42.5,41.06,40.05,43.05,39.45,40.29,40.04,40.85,42.95,42.88,44.93,40.78,39.08,40.89,38.69,38.66,38.75,39.8
38059,36.02,37.42,42.62,41.71,40.89,40.88,41.4,42.5,41.06,40.05,43.05,39.45,40.29,40.04,40.85,42.95,42.88,44.93,40.78,39.08,40.89,38.69,38.66,38.75,39.8
38061,36.02,37.42,42.62,41.71,40.89,40.88,41.4,42.5,41.06,40.05,43.05,39.45,40.29,40.04,40.85,42.95,42.88,44.93,40.78,39.08,40.89,38.69,38.66,38.75,39.8
38063,36.02,37.42,42.62,41.71,40.89,40.88,41.4,42.5,41.06,40.05,43.05,39.45,40.29,40.04,40.85,42.95,42.88,44.93,40.78,39.08,40.89,38.69,38.66,38.75,39.8
38065,36.02,37.42,42.62,41.71,40.89,40.88,41.4,42.5,41.06,40.05,43.05,39.45,40.29,40.04,40.85,42.95,42.88,44.93,40.78,39.08,40.89,38.69,38.66,38.75,39.8
38067,36.02,37.42,42.62,41.71,40.89,40.88,41.4,42.5,41.06,40.05,43.05,39.45,40.29,40.04,40.85,42.95,42.88,44.93,40.78,39.08,40.89,38.69,38.66,38.75,39.8
38069,36.02,37.42,42.62,41.71,40.89,40.88,41.4,42.5,41.06,40.05,43.05,39.45,40.29,40.04,40.85,42.95,42.88,44.93,40.78,39.08,40.89,38.69,38.66,38.75,39.8
38071,36.02,37.42,42.62,41.71,40.89,40.88,41.4,42.5,41.06,40.05,43.05,39.45,40.29,40.04,40.85,42.95,42.88,44.93,40.78,39.08,40.89,38.69,38.66,38.75,39.8
38073,36.02,37.42,42.62,41.71,40.89,40.88,41.4,42.5,41.06,40.05,43.05,39.45,40.29,40.04,40.85,42.95,42.88,44.93,40.78,39.08,40.89,38.69,38.66,38.75,39.8
38075,36.02,37.42,42.62,41.71,40.89,40.88,41.4,42.5,41.06,40.05,43.05,39.45,40.29,40.04,40.85,42.95,42.88,44.93,40.78,39.08,40.89,38.69,38.66,38.75,39.8
38077,36.02,37.42,42.62,41.71,40.89,40.88,41.4,42.5,41.06,40.05,43.05,39.45,40.29,40.04,40.85,42.95,42.88,44.93,40.78,39.08,40.89,38.69,38.66,38.75,39.8
38079,36.02,37.42,42.62,41.71,40.89,40.88,41.4,42.5,41.06,40.05,43.05,39.45,40.29,40.04,40.85,42.95,42.88,44.93,40.78,39.08,40.89,38.69,38.66,38.75,39.8
38081,36.02,37.42,42.62,41.71,40.89,40.88,41.4,42.5,41.06,40.05,43.05,39.45,40.29,40.04,40.85,42.95,42.88,44.93,40.78,39.08,40.89,38.69,38.66,38.75,39.8
38083,36.02,37.42,42.62,41.71,40.89,40.88,41.4,42.5,41.06,40.05,43.05,39.45,40.29,40.04,40.85,42.95,42.88,44.93,40.78,39.08,40.89,38.69,38.66,38.75,39.8
38085,36.02,37.42,42.62,41.71,40.89,40.88,41.4,42.5,41.06,40.05,43.05,39.45,40.29,40.04,40.85,42.95,42.88,44.93,40.78,39.08,40.89,38.69,38.66,38.75,39.8
38087,36.02,37.42,42.62,41.71,40.89,40.88,41.4,42.5,41.06,40.05,43.05,39.45,40.29,40.04,40.85,42.95,42.88,44.93,40.78,39.08,40.89,38.69,38.66,38.75,39.8
38089,36.02,37.42,42.62,41.71,40.89,40.88,41.4,42.5,41.06,40.05,43.05,39.45,40.29,40.04,40.85,42.95,42.88,44.93,40.78,39.08,40.89,38.69,38.66,38.75,39.8
38091,36.02,37.42,42.62,41.71,40.89,40.88,41.4,42.5,41.06,40.05,43.05,39.45,40.29,40.04,40.85,42.95,42.88,44.93,40.78,39.08,40.89,38.69,38.66,38.75,39.8
38093,36.02,37.42,42.62,41.71,40.89,40.88,41.4,42.5,41.06,40.05,43.05,39.45,40.29,40.04,40.85,42.95,42.88,44.93,40.78,39.08,40.89,38.69,38.66,38.75,39.8
38095,36.02,37.42,42.62,41.71,40.89,40.88,41.4,42.5,41.06,40.05,43.05,39.45,40.29,40.04,40.85,42.95,42.88,44.93,40.78,39.08,40.89,38.69,38.66,38.75,39.8
38097,36.02,37.42,42.62,41.71,40.89,40.88,41.4,42.5,41.06,40.05,43.05,39.45,40.29,40.04,40.85,42.95,42.88,44.93,40.78,39.08,40.89,38.69,38.66,38.75,39.8
38099,36.02,37.42,42.62,41.71,40.89,40.88,41.4,42.5,41.06,40.05,43.05,39.45,40.29,40.04,40.85,42.95,42.88,44.93,40.78,39.08,40.89,38.69,38.66,38.75,39.8
38101,36.02,37.42,42.62,41.71,40.89,40.88,41.4,42.5,41.06,40.05,43.05,39.45,40.29,40.04,40.85,42.95,42.88,44.93,40.78,39.08,40.89,38.69,38.66,38.75,39.8
38103,36.02,37.42,42.62,41.71,40.89,40.88,41.4,42.5,41.06,40.05,43.05,39.45,40.29,40.04,40.85,42.95,42.88,44.93,40.78,39.08,40.89,38.69,38.66,38.75,39.8
38105,36.02,37.42,42.62,41.71,40.89,40.88,41.4,42.5,41.06,40.05,43.05,39.45,40.29,40.04,40.85,42.95,42.88,44.93,40.78,39.08,40.89,38.69,38.66,38.75,39.8
39001,36.02,37.42,42.62,41.71,40.89,40.88,41.4,42.5,41.06,40.05,43.05,39.45,40.29,40.04,40.85,42.95,42.88,44.93,40.78,39.08,40.89,38.69,38.66,38.75,39.8
39003,36.02,37.42,42.62,41.71,40.89,40.88,41.4,42.5,41.06,40.05,43.05,39.45,40.29,40.04,40.85,42.95,42.88,44.93,40.78,39.08,40.89,38.69,38.66,38.75,39.8
39005,36.02,37.42,42.62,41.71,40.89,40.88,41.4,42.5,41.06,40.05,43.05,39.45,40.29,40.04,40.85,42.95,42.88,44.93,40.78,39.08,40.89,38.69,38.66,38.75,39.8
39007,36.02,37.42,42.62,41.71,40.89,40.88,41.4,42.5,41.06,40.05,43.05,39.45,40.29,40.04,40.85,42.95,42.88,44.93,40.78,39.08,40.89,38.69,38.66,38.75,39.8
39009,36.02,37.42,42.62,41.71,40.89,40.88,41.4,42.5,41.06,40.05,43.05,39.45,40.29,40.04,40.85,42.95,42.88,44.93,40.78,39.08,40.89,38.69,38.66,38.75,39.8
39011,36.02,37.42,42.62,41.71,40.89,40.88,41.4,42.5,41.06,40.05,43.05,39.45,40.29,40.04,40.85,42.95,42.88,44.93,40.78,39.08,40.89,38.69,38.66,38.75,39.8
39013,36.02,37.42,42.62,41.71,40.89,40.88,41.4,42.5,41.06,40.05,43.05,39.45,40.29,40.04,40.85,42.95,42.88,44.93,40.78,39.08,40.89,38.69,38.66,38.75,39.8
39015,36.02,37.42,42.62,41.71,40.89,40.88,41.4,42.5,41.06,40.05,43.05,39.45,40.29,40.04,40.85,42.95,42.88,44.93,40.78,39.08,40.89,38.69,38.66,38.75,39.8
39017,36.02,37.42,42.62,41.71,40.89,40.88,41.4,42.5,41.06,40.05,43.05,39.45,40.29,40.04,40.85,42.95,42.88,44.93,40.78,39.08,40.89,38.69,38.66,38.75,39.8
39019,36.02,37.42,42.62,41.71,40.89,40.88,41.4,42.5,41.06,40.05,43.05,39.45,40.29,40.04,40.85,42.95,42.88,44.93,40.78,39.08,40.89,38.69,38.66,38.75,39.8
39021,36.02,37.42,42.62,41.71,40.89,40.88,41.4,42.5,41.06,40.05,43.05,39.45,40.29,40.04,40.85,42.95,42.88,44.93,40.78,39.08,40.89,38.69,38.66,38.75,39.8
39023,36.02,37.42,42.62,41.71,40.89,40.88,41.4,42.5,41.06,40.05,43.05,39.45,40.29,40.04,40.85,42.95,42.88,44.93,40.78,39.08,40.89,38.69,38.66,38.75,39.8
39025,36.02,37.42,42.62,41.71,40.89,40.88,41.4,42.5,41.06,40.05,43.05,39.45,40.29,40.04,40.85,42.95,42.88,44.93,40.78,39.08,40.89,38.69,38.66,38.75,39.8
39027,36.02,37.42,42.62,41.71,40.89,40.88,41.4,42.5,41.06,40.05,43.05,39.45,40.29,40.04,40.85,42.95,42.88,44.93,40.78,39.08,40.89,38.69,38.66,38.75,39.8
39029,36.02,37.42,42.62,41.71,40.89,40.88,41.4,42.5,41.06,40.05,43.05,39.45,40.29,40.04,40.85,42.95,42.88,44.93,40.78,39.08,40.89,38.69,38.66,38.75,39.8
39031,36.02,37.42,42.62,41.71,40.89,40.88,41.4,42.5,41.06,40.05,43.05,39.45,40.29,40.04,40.85,42.95,42.88,44.93,40.78,39.08,40.89,38.69,38.66,38.75,39.8
39033,36.02,37.42,42.62,41.71,40.89,40.88,41.4,42.5,41.06,40.05,43.05,39.45,40.29,40.04,40.85,42.95,42.88,44.93,40.78,39.08,40.89,38.69,38.66,38.75,39.8
39035,36.02,37.42,42.62,41.71,40.89,40.88,41.4,42.5,41.06,40.05,43.05,39.45,40.29,40.04,40.85,42.95,42.88,44.93,40.78,39.08,40.89,38.69,38.66,38.75,39.8
39037,36.02,37.42,42.62,41.71,40.89,40.88,41.4,42.5,41.06,40.05,43.05,39.45,40.29,40.04,40.85,42.95,42.88,44.93,40.78,39.08,40.89,38.69,38.66,38.75,39.8
39039,36.02,37.42,42.62,41.71,40.89,40.88,41.4,42.5,41.06,40.05,43.05,39.45,40.29,40.04,40.85,42.95,42.88,44.93,40.78,39.08,40.89,38.69,38.66,38.75,39.8
39041,36.02,37.42,42.62,41.71,40.89,40.88,41.4,42.5,41.06,40.05,43.05,39.45,40.29,40.04,40.85,42.95,42.88,44.93,40.78,39.08,40.89,38.69,38.66,38.75,39.8
39043,36.02,37.42,42.62,41.71,40.89,40.88,41.4,42.5,41.06,40.05,43.05,39.45,40.29,40.04,40.85,42.95,42.88,44.93,40.78,39.08,40.89,38.69,38.66,38.75,39.8
39045,36.02,37.42,42.62,41.71,40.89,40.88,41.4,42.5,41.06,40.05,43.05,39.45,40.29,40.04,40.85,42.95,42.88,44.93,40.78,39.08,40.89,38.69,38.66,38.75,39.8
39047,36.02,37.42,42.62,41.71,40.89,40.88,41.4,42.5,41.06,40.05,43.05,39.45,40.29,40.04,40.85,42.95,42.88,44.93,40.78,39.08,40.89,38.69,38.66,38.75,39.8
39049,36.02,37.42,42.62,41.71,40.89,40.88,41.4,42.5,41.06,40.05,43.05,39.45,40.29,40.04,40.85,42.95,42.88,44.93,40.78,39.08,40.89,38.69,38.66,38.75,39.8
39051,36.02,37.42,42.62,41.71,40.89,40.88,41.4,42.5,41.06,40.05,43.05,39.45,40.29,40.04,40.85,42.95,42.88,44.93,40.78,39.08,40.89,38.69,38.66,38.75,39.8
39053,36.02,37.42,42.62,41.71,40.89,40.88,41.4,42.5,41.06,40.05,43.05,39.45,40.29,40.04,40.85,42.95,42.88,44.93,40.78,39.08,40.89,38.69,38.66,38.75,39.8
39055,36.02,37.42,42.62,41.71,40.89,40.88,41.4,42.5,41.06,40.05,43.05,39.45,40.29,40.04,40.85,42.95,42.88,44.93,40.78,39.08,40.89,38.69,38.66,38.75,39.8
39057,36.02,37.42,42.62,41.71,40.89,40.88,41.4,42.5,41.06,40.05,43.05,39.45,40.29,40.04,40.85,42.95,42.88,44.93,40.78,39.08,40.89,38.69,38.66,38.75,39.8
39059,36.02,37.42,42.62,41.71,40.89,40.88,41.4,42.5,41.06,40.05,43.05,39.45,40.29,40.04,40.85,42.95,42.88,44.93,40.78,39.08,40.89,38.69,38.66,38.75,39.8
39061,36.02,37.42,42.62,41.71,40.89,40.88,41.4,42.5,41.06,40.05,43.05,39.45,40.29,40.04,40.85,42.95,42.88,44.93,40.78,39.08,40.89,38.69,38.66,38.75,39.8
39063,36.02,37.42,42.62,41.71,40.89,40.88,41.4,42.5,41.06,40.05,43.05,39.45,40.29,40.04,40.85,42.95,42.88,44.93,40.78,39.08,40.89,38.69,38.66,38.75,39.8
39065,36.02,37.42,42.62,41.71,40.89,40.88,41.4,42.5,41.06,40.05,43.05,39.45,40.29,40.04,40.85,42.95,42.88,44.93,40.78,39.08,40.89,38.69,38.66,38.75,39.8
39067,36.02,37.42,42.62,41.71,40.89,40.88,41.4,42.5,41.06,40.05,43.05,39.45,40.29,40.04,40.85,42.95,42.88,44.93,40.78,39.08,40.89,38.69,38.66,38.75,39.8
39069,36.02,37.42,42.62,41.71,40.89,40.88,41.4,42.5,41.06,40.05,43.05,39.45,40.29,40.04,40.85,42.95,42.88,44.93,40.78,39.08,40.89,38.69,38.66,38.75,39.8
39071,36.02,37.42,42.62,41.71,40.89,40.88,41.4,42.5,41.06,40.05,43.05,39.45,40.29,40.04,40.85,42.95,42.88,44.93,40.78,39.08,40.89,38.69,38.66,38.75,39.8
39073,36.02,37.42,42.62,41.71,40.89,40.88,41.4,42.5,41.06,40.05,43.05,39.45,40.29,40.04,40.85,42.95,42.88,44.93,40.78,39.08,40.89,38.69,38.66,38.75,39.8
39075,36.02,37.42,42.62,41.71,40.89,40.88,41.4,42.5,41.06,40.05,43.05,39.45,40.29,40.04,40.85,42.95,42.88,44.93,40.78,39.08,40.89,38.69,38.66,38.75,39.8
39077,36.02,37.42,42.62,41.71,40.89,40.88,41.4,42.5,41.06,40.05,43.05,39.45,40.29,40.04,40.85,42.95,42.88,44.93,40.78,39.08,40.89,38.69,38.66,38.75,39.8
39079,36.02,37.42,42.62,41.71,40.89,40.88,41.4,42.5,41.06,40.05,43.05,39.45,40.29,40.04,40.85,42.95,42.88,44.93,40.78,39.08,40.89,38.69,38.66,38.75,39.8
39081,36.02,37.42,42.62,41.71,40.89,40.88,41.4,42.5,41.06,40.05,43.05,39.45,40.29,40.04,40.85,42.95,42.88,44.93,40.78,39.08,40.89,38.69,38.66,38.75,39.8
39083,36.02,37.42,42.62,41.71,40.89,40.88,41.4,42.5,41.06,40.05,43.05,39.45,40.29,40.04,40.85,42.95,42.88,44.93,40.78,39.08,40.89,38.69,38.66,38.75,39.8
39085,36.02,37.42,42.62,41.71,40.89,40.88,41.4,42.5,41.06,40.05,43.05,39.45,40.29,40.04,40.85,42.95,42.88,44.93,40.78,39.08,40.89,38.69,38.66,38.75,39.8
39087,36.02,37.42,42.62,41.71,40.89,40.88,41.4,42.5,41.06,40.05,43.05,39.45,40.29,40.04,40.85,42.95,42.88,44.93,40.78,39.08,40.89,38.69,38.66,38.75,39.8
39089,36.02,37.42,42.62,41.71,40.89,40.88,41.4,42.5,41.06,40.05,43.05,39.45,40.29,40.04,40.85,42.95,42.88,44.93,40.78,39.08,40.89,38.69,38.66,38.75,39.8
39091,36.02,37.42,42.62,41.71,40.89,40.88,41.4,42.5,41.06,40.05,43.05,39.45,40.29,40.04,40.85,42.95,42.88,44.93,40.78,39.08,40.89,38.69,38.66,38.75,39.8
39093,36.02,37.42,42.62,41.71,40.89,40.88,41.4,42.5,41.06,40.05,43.05,39.45,40.29,40.04,40.85,42.95,42.88,44.93,40.78,39.08,40.89,38.69,38.66,38.75,39.8
39095,36.02,37.42,42.62,41.71,40.89,40.88,41.4,42.5,41.06,40.05,43.05,39.45,40.29,40.04,40.85,42.95,42.88,44.93,40.78,39.08,40.89,38.69,38.66,38.75,39.8
39097,36.02,37.42,42.62,41.71,40.89,40.88,41.4,42.5,41.06,40.05,43.05,39.45,40.29,40.04,40.85,42.95,42.88,44.93,40.78,39.08,40.89,38.69,38.66,38.75,39.8
39099,36.02,37.42,42.62,41.71,40.89,40.88,41.4,42.5,41.06,40.05,43.05,39.45,40.29,40.04,40.85,42.95,42.88,44.93,40.78,39.08,40.89,38.69,38.66,38.75,39.8
39101,36.02,37.42,42.62,41.71,40.89,40.88,41.4,42.5,41.06,40.05,43.05,39.45,40.29,40.04,40.85,42.95,42.88,44.93,40.78,39.08,40.89,38.69,38.66,38.75,39.8
39103,36.02,37.42,42.62,41.71,40.89,40.88,41.4,42.5,41.06,40.05,43.05,39.45,40.29,40.04,40.85,42.95,42.88,44.93,40.78,39.08,40.89,38.69,38.66,38.75,39.8
39105,36.02,37.42,42.62,41.71,40.89,40.88,41.4,42.5,41.06,40.05,43.05,39.45,40.29,40.04,40.85,42.95,42.88,44.93,40.78,39.08,40.89,38.69,38.66,38.75,39.8
39107,36.02,37.42,42.62,41.71,40.89,40.88,41.4,42.5,41.06,40.05,43.05,39.45,40.29,40.04,40.85,42.95,42.88,44.93,40.78,39.08,40.89,38.69,38.66,38.75,39.8
39109,36.02,37.42,42.62,41.71,40.89,40.88,41.4,42.5,41.06,40.05,43.05,39.45,40.29,40.04,40.85,42.95,42.88,44.93,40.78,39.08,40.89,38.69,38.66,38.75,39.8
39111,36.02,37.42,42.62,41.71,40.89,40.88,41.4,42.5,41.06,40.05,43.05,39.45,40.29,40.04,40.85,42.95,42.88,44.93,40.78,39.08,40.89,38.69,38.66,38.75,39.8
39113,36.02,37.42,42.62,41.71,40.89,40.88,41.4,42.5,41.06,40.05,43.05,39.45,40.29,40.04,40.85,42.95,42.88,44.93,40.78,39.08,40.89,38.69,38.66,38.75,39.8
39115,36.02,37.42,42.62,41.71,40.89,40.88,41.4,42.5,41.06,40.05,43.05,39.45,40.29,40.04,40.85,42.95,42.88,44.93,40.78,39.08,40.89,38.69,38.66,38.75,39.8
39117,36.02,37.42,42.62,41.71,40.89,40.88,41.4,42.5,41.06,40.05,43.05,39.45,40.29,40.04,40.85,42.95,42.88,44.93,40.78,39.08,40.89,38.69,38.66,38.75,39.8
39119,36.02,37.42,42.62,41.71,40.89,40.88,41.4,42.5,41.06,40.05,43.05,39.45,40.29,40.04,40.85,42.95,42.88,44.93,40.78,39.08,40.89,38.69,38.66,38.75,39.8
39121,36.02,37.42,42.62,41.71,40.89,40.88,41.4,42.5,41.06,40.05,43.05,39.45,40.29,40.04,40.85,42.95,42.88,44.93,40.78,39.08,40.89,38.69,38.66,38.75,39.8
39123,36.02,37.42,42.62,41.71,40.89,40.88,41.4,42.5,41.06,40.05,43.05,39.45,40.29,40.04,40.85,42.95,42.88,44.93,40.78,39.08,40.89,38.69,38.66,38.75,39.8
39125,36.02,37.42,42.62,41.71,40.89,40.88,41.4,42.5,41.06,40.05,43.05,39.45,40.29,40.04,40.85,42.95,42.88,44.93,40.78,39.08,40.89,38.69,38.66,38.75,39.8
39127,36.02,37.42,42.62,41.71,40.89,40.88,41.4,42.5,41.06,40.05,43.05,39.45,40.29,40.04,40.85,42.95,42.88,44.93,40.78,39.08,40.89,38.69,38.66,38.75,39.8
39129,36.02,37.42,42.62,41.71,40.89,40.88,41.4,42.5,41.06,40.05,43.05,39.45,40.29,40.04,40.85,42.95,42.88,44.93,40.78,39.08,40.89,38.69,38.66,38.75,39.8
39131,36.02,37.42,42.62,41.71,40.89,40.88,41.4,42.5,41.06,40.05,43.05,39.45,40.29,40.04,40.85,42.95,42.88,44.93,40.78,39.08,40.89,38.69,38.66,38.75,39.8
39133,36.02,37.42,42.62,41.71,40.89,40.88,41.4,42.5,41.06,40.05,43.05,39.45,40.29,40.04,40.85,42.95,42.88,44.93,40.78,39.08,40.89,38.69,38.66,38.75,39.8
39135,36.02,37.42,42.62,41.71,40.89,40.88,41.4,42.5,41.06,40.05,43.05,39.45,40.29,40.04,40.85,42.95,42.88,44.93,40.78,39.08,40.89,38.69,38.66,38.75,39.8
39137,36.02,37.42,42.62,41.71,40.89,40.88,41.4,42.5,41.06,40.05,43.05,39.45,40.29,40.04,40.85,42.95,42.88,44.93,40.78,39.08,40.89,38.69,38.66,38.75,39.8
39139,36.02,37.42,42.62,41.71,40.89,40.88,41.4,42.5,41.06,40.05,43.05,39.45,40.29,40.04,40.85,42.95,42.88,44.93,40.78,39.08,40.89,38.69,38.66,38.75,39.8
39141,36.02,37.42,42.62,41.71,40.89,40.88,41.4,42.5,41.06,40.05,43.05,39.45,40.29,40.04,40.85,42.95,42.88,44.93,40.78,39.08,40.89,38.69,38.66,38.75,39.8
39143,36.02,37.42,42.62,41.71,40.89,40.88,41.4,42.5,41.06,40.05,43.05,39.45,40.29,40.04,40.85,42.95,42.88,44.93,40.78,39.08,40.89,38.69,38.66,38.75,39.8
39145,36.02,37.42,42.62,41.71,40.89,40.88,41.4,42.5,41.06,40.05,43.05,39.45,40.29,40.04,40.85,42.95,42.88,44.93,40.78,39.08,40.89,38.69,38.66,38.75,39.8
39147,36.02,37.42,42.62,41.71,40.89,40.88,41.4,42.5,41.06,40.05,43.05,39.45,40.29,40.04,40.85,42.95,42.88,44.93,40.78,39.08,40.89,38.69,38.66,38.75,39.8
39149,36.02,37.42,42.62,41.71,40.89,40.88,41.4,42.5,41.06,40.05,43.05,39.45,40.29,40.04,40.85,42.95,42.88,44.93,40.78,39.08,40.89,38.69,38.66,38.75,39.8
39151,36.02,37.42,42.62,41.71,40.89,40.88,41.4,42.5,41.06,40.05,43.05,39.45,40.29,40.04,40.85,42.95,42.88,44.93,40.78,39.08,40.89,38.69,38.66,38.75,39.8
39153,36.02,37.42,42.62,41.71,40.89,40.88,41.4,42.5,41.06,40.05,43.05,39.45,40.29,40.04,40.85,42.95,42.88,44.93,40.78,39.08,40.89,38.69,38.66,38.75,39.8
39155,36.02,37.42,42.62,41.71,40.89,40.88,41.4,42.5,41.06,40.05,43.05,39.45,40.29,40.04,40.85,42.95,42.88,44.93,40.78,39.08,40.89,38.69,38.66,38.75,39.8
39157,36.02,37.42,42.62,41.71,40.89,40.88,41.4,42.5,41.06,40.05,43.05,39.45,40.29,40.04,40.85,42.95,42.88,44.93,40.78,39.08,40.89,38.69,38.66,38.75,39.8
39159,36.02,37.42,42.62,41.71,40.89,40.88,41.4,42.5,41.06,40.05,43.05,39.45,40.29,40.04,40.85,42.95,42.88,44.93,40.78,39.08,40.89,38.69,38.66,38.75,39.8
39161,36.02,37.42,42.62,41.71,40.89,40.88,41.4,42.5,41.06,40.05,43.05,39.45,40.29,40.04,40.85,42.95,42.88,44.93,40.78,39.08,40.89,38.69,38.66,38.75,39.8
39163,36.02,37.42,42.62,41.71,40.89,40.88,41.4,42.5,41.06,40.05,43.05,39.45,40.29,40.04,40.85,42.95,42.88,44.93,40.78,39.08,40.89,38.69,38.66,38.75,39.8
39165,36.02,37.42,42.62,41.71,40.89,40.88,41.4,42.5,41.06,40.05,43.05,39.45,40.29,40.04,40.85,42.95,42.88,44.93,40.78,39.08,40.89,38.69,38.66,38.75,39.8
39167,36.02,37.42,42.62,41.71,40.89,40.88,41.4,42.5,41.06,40.05,43.05,39.45,40.29,40.04,40.85,42.95,42.88,44.93,40.78,39.08,40.89,38.69,38.66,38.75,39.8
39169,36.02,37.42,42.62,41.71,40.89,40.88,41.4,42.5,41.06,40.05,43.05,39.45,40.29,40.04,40.85,42.95,42.88,44.93,40.78,39.08,40.89,38.69,38.66,38.75,39.8
39171,36.02,37.42,42.62,41.71,40.89,40.88,41.4,42.5,41.06,40.05,43.05,39.45,40.29,40.04,40.85,42.95,42.88,44.93,40.78,39.08,40.89,38.69,38.66,38.75,39.8
39173,36.02,37.42,42.62,41.71,40.89,40.88,41.4,42.5,41.06,40.05,43.05,39.45,40.29,40.04,40.85,42.95,42.88,44.93,40.78,39.08,40.89,38.69,38.66,38.75,39.8
39175,36.02,37.42,42.62,41.71,40.89,40.88,41.4,42.5,41.06,40.05,43.05,39.45,40.29,40.04,40.85,42.95,42.88,44.93,40.78,39.08,40.89,38.69,38.66,38.75,39.8
40001,36.02,37.42,42.62,41.71,40.89,40.88,41.4,42.5,41.06,40.05,43.05,39.45,40.29,40.04,40.85,42.95,42.88,44.93,40.78,39.08,40.89,38.69,38.66,38.75,39.8
40003,36.02,37.42,42.62,41.71,40.89,40.88,41.4,42.5,41.06,40.05,43.05,39.45,40.29,40.04,40.85,42.95,42.88,44.93,40.78,39.08,40.89,38.69,38.66,38.75,39.8
40005,36.02,37.42,42.62,41.71,40.89,40.88,41.4,42.5,41.06,40.05,43.05,39.45,40.29,40.04,40.85,42.95,42.88,44.93,40.78,39.08,40.89,38.69,38.66,38.75,39.8
40007,36.02,37.42,42.62,41.71,40.89,40.88,41.4,42.5,41.06,40.05,43.05,39.45,40.29,40.04,40.85,42.95,42.88,44.93,40.78,39.08,40.89,38.69,38.66,38.75,39.8
40009,36.02,37.42,42.62,41.71,40.89,40.88,41.4,42.5,41.06,40.05,43.05,39.45,40.29,40.04,40.85,42.95,42.88,44.93,40.78,39.08,40.89,38.69,38.66,38.75,39.8
40011,36.02,37.42,42.62,41.71,40.89,40.88,41.4,42.5,41.06,40.05,43.05,39.45,40.29,40.04,40.85,42.95,42.88,44.93,40.78,39.08,40.89,38.69,38.66,38.75,39.8
40013,36.02,37.42,42.62,41.71,40.89,40.88,41.4,42.5,41.06,40.05,43.05,39.45,40.29,40.04,40.85,42.95,42.88,44.93,40.78,39.08,40.89,38.69,38.66,38.75,39.8
40015,36.02,37.42,42.62,41.71,40.89,40.88,41.4,42.5,41.06,40.05,43.05,39.45,40.29,40.04,40.85,42.95,42.88,44.93,40.78,39.08,40.89,38.69,38.66,38.75,39.8
40017,36.02,37.42,42.62,41.71,40.89,40.88,41.4,42.5,41.06,40.05,43.05,39.45,40.29,40.04,40.85,42.95,42.88,44.93,40.78,39.08,40.89,38.69,38.66,38.75,39.8
40019,36.02,37.42,42.62,41.71,40.89,40.88,41.4,42.5,41.06,40.05,43.05,39.45,40.29,40.04,40.85,42.95,42.88,44.93,40.78,39.08,40.89,38.69,38.66,38.75,39.8
40021,36.02,37.42,42.62,41.71,40.89,40.88,41.4,42.5,41.06,40.05,43.05,39.45,40.29,40.04,40.85,42.95,42.88,44.93,40.78,39.08,40.89,38.69,38.66,38.75,39.8
40023,36.02,37.42,42.62,41.71,40.89,40.88,41.4,42.5,41.06,40.05,43.05,39.45,40.29,40.04,40.85,42.95,42.88,44.93,40.78,39.08,40.89,38.69,38.66,38.75,39.8
40025,36.02,37.42,42.62,41.71,40.89,40.88,41.4,42.5,41.06,40.05,43.05,39.45,40.29,40.04,40.85,42.95,42.88,44.93,40.78,39.08,40.89,38.69,38.66,38.75,39.8
40027,36.02,37.42,42.62,41.71,40.89,40.88,41.4,42.5,41.06,40.05,43.05,39.45,40.29,40.04,40.85,42.95,42.88,44.93,40.78,39.08,40.89,38.69,38.66,38.75,39.8
40029,36.02,37.42,42.62,41.71,40.89,40.88,41.4,42.5,41.06,40.05,43.05,39.45,40.29,40.04,40.85,42.95,42.88,44.93,40.78,39.08,40.89,38.69,38.66,38.75,39.8
40031,36.02,37.42,42.62,41.71,40.89,40.88,41.4,42.5,41.06,40.05,43.05,39.45,40.29,40.04,40.85,42.95,42.88,44.93,40.78,39.08,40.89,38.69,38.66,38.75,39.8
40033,36.02,37.42,42.62,41.71,40.89,40.88,41.4,42.5,41.06,40.05,43.05,39.45,40.29,40.04,40.85,42.95,42.88,44.93,40.78,39.08,40.89,38.69,38.66,38.75,39.8
40035,36.02,37.42,42.62,41.71,40.89,40.88,41.4,42.5,41.06,40.05,43.05,39.45,40.29,40.04,40.85,42.95,42.88,44.93,40.78,39.08,40.89,38.69,38.66,38.75,39.8
40037,36.02,37.42,42.62,41.71,40.89,40.88,41.4,42.5,41.06,40.05,43.05,39.45,40.29,40.04,40.85,42.95,42.88,44.93,40.78,39.08,40.89,38.69,38.66,38.75,39.8
40039,36.02,37.42,42.62,41.71,40.89,40.88,41.4,42.5,41.06,40.05,43.05,39.45,40.29,40.04,40.85,42.95,42.88,44.93,40.78,39.08,40.89,38.69,38.66,38.75,39.8
40041,36.02,37.42,42.62,41.71,40.89,40.88,41.4,42.5,41.06,40.05,43.05,39.45,40.29,40.04,40.85,42.95,42.88,44.93,40.78,39.08,40.89,38.69,38.66,38.75,39.8
40043,36.02,37.42,42.62,41.71,40.89,40.88,41.4,42.5,41.06,40.05,43.05,39.45,40.29,40.04,40.85,42.95,42.88,44.93,40.78,39.08,40.89,38.69,38.66,38.75,39.8
40045,36.02,37.42,42.62,41.71,40.89,40.88,41.4,42.5,41.06,40.05,43.05,39.45,40.29,40.04,40.85,42.95,42.88,44.93,40.78,39.08,40.89,38.69,38.66,38.75,39.8
40047,36.02,37.42,42.62,41.71,40.89,40.88,41.4,42.5,41.06,40.05,43.05,39.45,40.29,40.04,40.85,42.95,42.88,44.93,40.78,39.08,40.89,38.69,38.66,38.75,39.8
40049,36.02,37.42,42.62,41.71,40.89,40.88,41.4,42.5,41.06,40.05,43.05,39.45,40.29,40.04,40.85,42.95,42.88,44.93,40.78,39.08,40.89,38.69,38.66,38.75,39.8
40051,36.02,37.42,42.62,41.71,40.89,40.88,41.4,42.5,41.06,40.05,43.05,39.45,40.29,40.04,40.85,42.95,42.88,44.93,40.78,39.08,40.89,38.69,38.66,38.75,39.8
40053,36.02,37.42,42.62,41.71,40.89,40.88,41.4,42.5,41.06,40.05,43.05,39.45,40.29,40.04,40.85,42.95,42.88,44.93,40.78,39.08,40.89,38.69,38.66,38.75,39.8
40055,36.02,37.42,42.62,41.71,40.89,40.88,41.4,42.5,41.06,40.05,43.05,39.45,40.29,40.04,40.85,42.95,42.88,44.93,40.78,39.08,40.89,38.69,38.66,38.75,39.8
40057,36.02,37.42,42.62,41.71,40.89,40.88,41.4,42.5,41.06,40.05,43.05,39.45,40.29,40.04,40.85,42.95,42.88,44.93,40.78,39.08,40.89,38.69,38.66,38.75,39.8
40059,36.02,37.42,42.62,41.71,40.89,40.88,41.4,42.5,41.06,40.05,43.05,39.45,40.29,40.04,40.85,42.95,42.88,44.93,40.78,39.08,40.89,38.69,38.66,38.75,39.8
40061,36.02,37.42,42.62,41.71,40.89,40.88,41.4,42.5,41.06,40.05,43.05,39.45,40.29,40.04,40.85,42.95,42.88,44.93,40.78,39.08,40.89,38.69,38.66,38.75,39.8
40063,36.02,37.42,42.62,41.71,40.89,40.88,41.4,42.5,41.06,40.05,43.05,39.45,40.29,40.04,40.85,42.95,42.88,44.93,40.78,39.08,40.89,38.69,38.66,38.75,39.8
40065,36.02,37.42,42.62,41.71,40.89,40.88,41.4,42.5,41.06,40.05,43.05,39.45,40.29,40.04,40.85,42.95,42.88,44.93,40.78,39.08,40.89,38.69,38.66,38.75,39.8
40067,36.02,37.42,42.62,41.71,40.89,40.88,41.4,42.5,41.06,40.05,43.05,39.45,40.29,40.04,40.85,42.95,42.88,44.93,40.78,39.08,40.89,38.69,38.66,38.75,39.8
40069,36.02,37.42,42.62,41.71,40.89,40.88,41.4,42.5,41.06,40.05,43.05,39.45,40.29,40.04,40.85,42.95,42.88,44.93,40.78,39.08,40.89,38.69,38.66,38.75,39.8
40071,36.02,37.42,42.62,41.71,40.89,40.88,41.4,42.5,41.06,40.05,43.05,39.45,40.29,40.04,40.85,42.95,42.88,44.93,40.78,39.08,40.89,38.69,38.66,38.75,39.8
40073,36.02,37.42,42.62,41.71,40.89,40.88,41.4,42.5,41.06,40.05,43.05,39.45,40.29,40.04,40.85,42.95,42.88,44.93,40.78,39.08,40.89,38.69,38.66,38.75,39.8
40075,36.02,37.42,42.62,41.71,40.89,40.88,41.4,42.5,41.06,40.05,43.05,39.45,40.29,40.04,40.85,42.95,42.88,44.93,40.78,39.08,40.89,38.69,38.66,38.75,39.8
40077,36.02,37.42,42.62,41.71,40.89,40.88,41.4,42.5,41.06,40.05,43.05,39.45,40.29,40.04,40.85,42.95,42.88,44.93,40.78,39.08,40.89,38.69,38.66,38.75,39.8
40079,36.02,37.42,42.62,41.71,40.89,40.88,41.4,42.5,41.06,40.05,43.05,39.45,40.29,40.04,40.85,42.95,42.88,44.93,40.78,39.08,40.89,38.69,38.66,38.75,39.8
40081,36.02,37.42,42.62,41.71,40.89,40.88,41.4,42.5,41.06,40.05,43.05,39.45,40.29,40.04,40.85,42.95,42.88,44.93,40.78,39.08,40.89,38.69,38.66,38.75,39.8
40083,36.02,37.42,42.62,41.71,40.89,40.88,41.4,42.5,41.06,40.05,43.05,39.45,40.29,40.04,40.85,42.95,42.88,44.93,40.78,39.08,40.89,38.69,38.66,38.75,39.8
40085,36.02,37.42,42.62,41.71,40.89,40.88,41.4,42.5,41.06,40.05,43.05,39.45,40.29,40.04,40.85,42.95,42.88,44.93,40.78,39.08,40.89,38.69,38.66,38.75,39.8
40087,36.02,37.42,42.62,41.71,40.89,40.88,41.4,42.5,41.06,40.05,43.05,39.45,40.29,40.04,40.85,42.95,42.88,44.93,40.78,39.08,40.89,38.69,38.66,38.75,39.8
40089,36.02,37.42,42.62,41.71,40.89,40.88,41.4,42.5,41.06,40.05,43.05,39.45,40.29,40.04,40.85,42.95,42.88,44.93,40.78,39.08,40.89,38.69,38.66,38.75,39.8
40091,36.02,37.42,42.62,41.71,40.89,40.88,41.4,42.5,41.06,40.05,43.05,39.45,40.29,40.04,40.85,42.95,42.88,44.93,40.78,39.08,40.89,38.69,38.66,38.75,39.8
40093,36.02,37.42,42.62,41.71,40.89,40.88,41.4,42.5,41.06,40.05,43.05,39.45,40.29,40.04,40.85,42.95,42.88,44.93,40.78,39.08,40.89,38.69,38.66,38.75,39.8
40095,36.02,37.42,42.62,41.71,40.89,40.88,41.4,42.5,41.06,40.05,43.05,39.45,40.29,40.04,40.85,42.95,42.88,44.93,40.78,39.08,40.89,38.69,38.66,38.75,39.8
40097,36.02,37.42,42.62,41.71,40.89,40.88,41.4,42.5,41.06,40.05,43.05,39.45,40.29,40.04,40.85,42.95,42.88,44.93,40.78,39.08,40.89,38.69,38.66,38.75,39.8
40099,36.02,37.42,42.62,41.71,40.89,40.88,41.4,42.5,41.06,40.05,43.05,39.45,40.29,40.04,40.85,42.95,42.88,44.93,40.78,39.08,40.89,38.69,38.66,38.75,39.8
40101,36.02,37.42,42.62,41.71,40.89,40.88,41.4,42.5,41.06,40.05,43.05,39.45,40.29,40.04,40.85,42.95,42.88,44.93,40.78,39.08,40.89,38.69,38.66,38.75,39.8
40103,36.02,37.42,42.62,41.71,40.89,40.88,41.4,42.5,41.06,40.05,43.05,39.45,40.29,40.04,40.85,42.95,42.88,44.93,40.78,39.08,40.89,38.69,38.66,38.75,39.8
40105,36.02,37.42,42.62,41.71,40.89,40.88,41.4,42.5,41.06,40.05,43.05,39.45,40.29,40.04,40.85,42.95,42.88,44.93,40.78,39.08,40.89,38.69,38.66,38.75,39.8
40107,36.02,37.42,42.62,41.71,40.89,40.88,41.4,42.5,41.06,40.05,43.05,39.45,40.29,40.04,40.85,42.95,42.88,44.93,40.78,39.08,40.89,38.69,38.66,38.75,39.8
40109,36.02,37.42,42.62,41.71,40.89,40.88,41.4,42.5,41.06,40.05,43.05,39.45,40.29,40.04,40.85,42.95,42.88,44.93,40.78,39.08,40.89,38.69,38.66,38.75,39.8
40111,36.02,37.42,42.62,41.71,40.89,40.88,41.4,42.5,41.06,40.05,43.05,39.45,40.29,40.04,40.85,42.95,42.88,44.93,40.78,39.08,40.89,38.69,38.66,38.75,39.8
40113,36.02,37.42,42.62,41.71,40.89,40.88,41.4,42.5,41.06,40.05,43.05,39.45,40.29,40.04,40.85,42.95,42.88,44.93,40.78,39.08,40.89,38.69,38.66,38.75,39.8
40115,36.02,37.42,42.62,41.71,40.89,40.88,41.4,42.5,41.06,40.05,43.05,39.45,40.29,40.04,40.85,42.95,42.88,44.93,40.78,39.08,40.89,38.69,38.66,38.75,39.8
40117,36.02,37.42,42.62,41.71,40.89,40.88,41.4,42.5,41.06,40.05,43.05,39.45,40.29,40.04,40.85,42.95,42.88,44.93,40.78,39.08,40.89,38.69,38.66,38.75,39.8
40119,36.02,37.42,42.62,41.71,40.89,40.88,41.4,42.5,41.06,40.05,43.05,39.45,40.29,40.04,40.85,42.95,42.88,44.93,40.78,39.08,40.89,38.69,38.66,38.75,39.8
40121,36.02,37.42,42.62,41.71,40.89,40.88,41.4,42.5,41.06,40.05,43.05,39.45,40.29,40.04,40.85,42.95,42.88,44.93,40.78,39.08,40.89,38.69,38.66,38.75,39.8
40123,36.02,37.42,42.62,41.71,40.89,40.88,41.4,42.5,41.06,40.05,43.05,39.45,40.29,40.04,40.85,42.95,42.88,44.93,40.78,39.08,40.89,38.69,38.66,38.75,39.8
40125,36.02,37.42,42.62,41.71,40.89,40.88,41.4,42.5,41.06,40.05,43.05,39.45,40.29,40.04,40.85,42.95,42.88,44.93,40.78,39.08,40.89,38.69,38.66,38.75,39.8
40127,36.02,37.42,42.62,41.71,40.89,40.88,41.4,42.5,41.06,40.05,43.05,39.45,40.29,40.04,40.85,42.95,42.88,44.93,40.78,39.08,40.89,38.69,38.66,38.75,39.8
40129,36.02,37.42,42.62,41.71,40.89,40.88,41.4,42.5,41.06,40.05,43.05,39.45,40.29,40.04,40.85,42.95,42.88,44.93,40.78,39.08,40.89,38.69,38.66,38.75,39.8
40131,36.02,37.42,42.62,41.71,40.89,40.88,41.4,42.5,41.06,40.05,43.05,39.45,40.29,40.04,40.85,42.95,42.88,44.93,40.78,39.08,40.89,38.69,38.66,38.75,39.8
40133,36.02,37.42,42.62,41.71,40.89,40.88,41.4,42.5,41.06,40.05,43.05,39.45,40.29,40.04,40.85,42.95,42.88,44.93,40.78,39.08,40.89,38.69,38.66,38.75,39.8
40135,36.02,37.42,42.62,41.71,40.89,40.88,41.4,42.5,41.06,40.05,43.05,39.45,40.29,40.04,40.85,42.95,42.88,44.93,40.78,39.08,40.89,38.69,38.66,38.75,39.8
40137,36.02,37.42,42.62,41.71,40.89,40.88,41.4,42.5,41.06,40.05,43.05,39.45,40.29,40.04,40.85,42.95,42.88,44.93,40.78,39.08,40.89,38.69,38.66,38.75,39.8
40139,36.02,37.42,42.62,41.71,40.89,40.88,41.4,42.5,41.06,40.05,43.05,39.45,40.29,40.04,40.85,42.95,42.88,44.93,40.78,39.08,40.89,38.69,38.66,38.75,39.8
40141,36.02,37.42,42.62,41.71,40.89,40.88,41.4,42.5,41.06,40.05,43.05,39.45,40.29,40.04,40.85,42.95,42.88,44.93,40.78,39.08,40.89,38.69,38.66,38.75,39.8
40143,36.02,37.42,42.62,41.71,40.89,40.88,41.4,42.5,41.06,40.05,43.05,39.45,40.29,40.04,40.85,42.95,42.88,44.93,40.78,39.08,40.89,38.69,38.66,38.75,39.8
40145,36.02,37.42,42.62,41.71,40.89,40.88,41.4,42.5,41.06,40.05,43.05,39.45,40.29,40.04,40.85,42.95,42.88,44.93,40.78,39.08,40.89,38.69,38.66,38.75,39.8
40147,36.02,37.42,42.62,41.71,40.89,40.88,41.4,42.5,41.06,40.05,43.05,39.45,40.29,40.04,40.85,42.95,42.88,44.93,40.78,39.08,40.89,38.69,38.66,38.75,39.8
40149,36.02,37.42,42.62,41.71,40.89,40.88,41.4,42.5,41.06,40.05,43.05,39.45,40.29,40.04,40.85,42.95,42.88,44.93,40.78,39.08,40.89,38.69,38.66,38.75,39.8
40151,36.02,37.42,42.62,41.71,40.89,40.88,41.4,42.5,41.06,40.05,43.05,39.45,40.29,40.04,40.85,42.95,42.88,44.93,40.78,39.08,40.89,38.69,38.66,38.75,39.8
40153,36.02,37.42,42.62,41.71,40.89,40.88,41.4,42.5,41.06,40.05,43.05,39.45,40.29,40.04,40.85,42.95,42.88,44.93,40.78,39.08,40.89,38.69,38.66,38.75,39.8
41001,36.02,37.42,42.62,41.71,40.89,40.88,41.4,42.5,41.06,40.05,43.05,39.45,40.29,40.04,40.85,42.95,42.88,44.93,40.78,39.08,40.89,38.69,38.66,38.75,39.8
41003,36.02,37.42,42.62,41.71,40.89,40.88,41.4,42.5,41.06,40.05,43.05,39.45,40.29,40.04,40.85,42.95,42.88,44.93,40.78,39.08,40.89,38.69,38.66,38.75,39.8
41005,36.02,37.42,42.62,41.71,40.89,40.88,41.4,42.5,41.06,40.05,43.05,39.45,40.29,40.04,40.85,42.95,42.88,44.93,40.78,39.08,40.89,38.69,38.66,38.75,39.8
41007,36.02,37.42,42.62,41.71,40.89,40.88,41.4,42.5,41.06,40.05,43.05,39.45,40.29,40.04,40.85,42.95,42.88,44.93,40.78,39.08,40.89,38.69,38.66,38.75,39.8
41009,36.02,37.42,42.62,41.71,40.89,40.88,41.4,42.5,41.06,40.05,43.05,39.45,40.29,40.04,40.85,42.95,42.88,44.93,40.78,39.08,40.89,38.69,38.66,38.75,39.8
41011,36.02,37.42,42.62,41.71,40.89,40.88,41.4,42.5,41.06,40.05,43.05,39.45,40.29,40.04,40.85,42.95,42.88,44.93,40.78,39.08,40.89,38.69,38.66,38.75,39.8
41013,36.02,37.42,42.62,41.71,40.89,40.88,41.4,42.5,41.06,40.05,43.05,39.45,40.29,40.04,40.85,42.95,42.88,44.93,40.78,39.08,40.89,38.69,38.66,38.75,39.8
41015,36.02,37.42,42.62,41.71,40.89,40.88,41.4,42.5,41.06,40.05,43.05,39.45,40.29,40.04,40.85,42.95,42.88,44.93,40.78,39.08,40.89,38.69,38.66,38.75,39.8
41017,36.02,37.42,42.62,41.71,40.89,40.88,41.4,42.5,41.06,40.05,43.05,39.45,40.29,40.04,40.85,42.95,42.88,44.93,40.78,39.08,40.89,38.69,38.66,38.75,39.8
41019,36.02,37.42,42.62,41.71,40.89,40.88,41.4,42.5,41.06,40.05,43.05,39.45,40.29,40.04,40.85,42.95,42.88,44.93,40.78,39.08,40.89,38.69,38.66,38.75,39.8
41021,36.02,37.42,42.62,41.71,40.89,40.88,41.4,42.5,41.06,40.05,43.05,39.45,40.29,40.04,40.85,42.95,42.88,44.93,40.78,39.08,40.89,38.69,38.66,38.75,39.8
41023,36.02,37.42,42.62,41.71,40.89,40.88,41.4,42.5,41.06,40.05,43.05,39.45,40.29,40.04,40.85,42.95,42.88,44.93,40.78,39.08,40.89,38.69,38.66,38.75,39.8
41025,36.02,37.42,42.62,41.71,40.89,40.88,41.4,42.5,41.06,40.05,43.05,39.45,40.29,40.04,40.85,42.95,42.88,44.93,40.78,39.08,40.89,38.69,38.66,38.75,39.8
41027,36.02,37.42,42.62,41.71,40.89,40.88,41.4,42.5,41.06,40.05,43.05,39.45,40.29,40.04,40.85,42.95,42.88,44.93,40.78,39.08,40.89,38.69,38.66,38.75,39.8
41029,36.02,37.42,42.62,41.71,40.89,40.88,41.4,42.5,41.06,40.05,43.05,39.45,40.29,40.04,40.85,42.95,42.88,44.93,40.78,39.08,40.89,38.69,38.66,38.75,39.8
41031,36.02,37.42,42.62,41.71,40.89,40.88,41.4,42.5,41.06,40.05,43.05,39.45,40.29,40.04,40.85,42.95,42.88,44.93,40.78,39.08,40.89,38.69,38.66,38.75,39.8
41033,36.02,37.42,42.62,41.71,40.89,40.88,41.4,42.5,41.06,40.05,43.05,39.45,40.29,40.04,40.85,42.95,42.88,44.93,40.78,39.08,40.89,38.69,38.66,38.75,39.8
41035,36.02,37.42,42.62,41.71,40.89,40.88,41.4,42.5,41.06,40.05,43.05,39.45,40.29,40.04,40.85,42.95,42.88,44.93,40.78,39.08,40.89,38.69,38.66,38.75,39.8
41037,36.02,37.42,42.62,41.71,40.89,40.88,41.4,42.5,41.06,40.05,43.05,39.45,40.29,40.04,40.85,42.95,42.88,44.93,40.78,39.08,40.89,38.69,38.66,38.75,39.8
41039,36.02,37.42,42.62,41.71,40.89,40.88,41.4,42.5,41.06,40.05,43.05,39.45,40.29,40.04,40.85,42.95,42.88,44.93,40.78,39.08,40.89,38.69,38.66,38.75,39.8
41041,36.02,37.42,42.62,41.71,40.89,40.88,41.4,42.5,41.06,40.05,43.05,39.45,40.29,40.04,40.85,42.95,42.88,44.93,40.78,39.08,40.89,38.69,38.66,38.75,39.8
41043,36.02,37.42,42.62,41.71,40.89,40.88,41.4,42.5,41.06,40.05,43.05,39.45,40.29,40.04,40.85,42.95,42.88,44.93,40.78,39.08,40.89,38.69,38.66,38.75,39.8
41045,36.02,37.42,42.62,41.71,40.89,40.88,41.4,42.5,41.06,40.05,43.05,39.45,40.29,40.04,40.85,42.95,42.88,44.93,40.78,39.08,40.89,38.69,38.66,38.75,39.8
41047,36.02,37.42,42.62,41.71,40.89,40.88,41.4,42.5,41.06,40.05,43.05,39.45,40.29,40.04,40.85,42.95,42.88,44.93,40.78,39.08,40.89,38.69,38.66,38.75,39.8
41049,36.02,37.42,42.62,41.71,40.89,40.88,41.4,42.5,41.06,40.05,43.05,39.45,40.29,40.04,40.85,42.95,42.88,44.93,40.78,39.08,40.89,38.69,38.66,38.75,39.8
41051,36.02,37.42,42.62,41.71,40.89,40.88,41.4,42.5,41.06,40.05,43.05,39.45,40.29,40.04,40.85,42.95,42.88,44.93,40.78,39.08,40.89,38.69,38.66,38.75,39.8
41053,36.02,37.42,42.62,41.71,40.89,40.88,41.4,42.5,41.06,40.05,43.05,39.45,40.29,40.04,40.85,42.95,42.88,44.93,40.78,39.08,40.89,38.69,38.66,38.75,39.8
41055,36.02,37.42,42.62,41.71,40.89,40.88,41.4,42.5,41.06,40.05,43.05,39.45,40.29,40.04,40.85,42.95,42.88,44.93,40.78,39.08,40.89,38.69,38.66,38.75,39.8
41057,36.02,37.42,42.62,41.71,40.89,40.88,41.4,42.5,41.06,40.05,43.05,39.45,40.29,40.04,40.85,42.95,42.88,44.93,40.78,39.08,40.89,38.69,38.66,38.75,39.8
41059,36.02,37.42,42.62,41.71,40.89,40.88,41.4,42.5,41.06,40.05,43.05,39.45,40.29,40.04,40.85,42.95,42.88,44.93,40.78,39.08,40.89,38.69,38.66,38.75,39.8
41061,36.02,37.42,42.62,41.71,40.89,40.88,41.4,42.5,41.06,40.05,43.05,39.45,40.29,40.04,40.85,42.95,42.88,44.93,40.78,39.08,40.89,38.69,38.66,38.75,39.8
41063,36.02,37.42,42.62,41.71,40.89,40.88,41.4,42.5,41.06,40.05,43.05,39.45,40.29,40.04,40.85,42.95,42.88,44.93,40.78,39.08,40.89,38.69,38.66,38.75,39.8
41065,36.02,37.42,42.62,41.71,40.89,40.88,41.4,42.5,41.06,40.05,43.05,39.45,40.29,40.04,40.85,42.95,42.88,44.93,40.78,39.08,40.89,38.69,38.66,38.75,39.8
41067,36.02,37.42,42.62,41.71,40.89,40.88,41.4,42.5,41.06,40.05,43.05,39.45,40.29,40.04,40.85,42.95,42.88,44.93,40.78,39.08,40.89,38.69,38.66,38.75,39.8
41069,36.02,37.42,42.62,41.71,40.89,40.88,41.4,42.5,41.06,40.05,43.05,39.45,40.29,40.04,40.85,42.95,42.88,44.93,40.78,39.08,40.89,38.69,38.66,38.75,39.8
41071,36.02,37.42,42.62,41.71,40.89,40.88,41.4,42.5,41.06,40.05,43.05,39.45,40.29,40.04,40.85,42.95,42.88,44.93,40.78,39.08,40.89,38.69,38.66,38.75,39.8
42001,36.02,37.42,42.62,41.71,40.89,40.88,41.4,42.5,41.06,40.05,43.05,39.45,40.29,40.04,40.85,42.95,42.88,44.93,40.78,39.08,40.89,38.69,38.66,38.75,39.8
42003,36.02,37.42,42.62,41.71,40.89,40.88,41.4,42.5,41.06,40.05,43.05,39.45,40.29,40.04,40.85,42.95,42.88,44.93,40.78,39.08,40.89,38.69,38.66,38.75,39.8
42005,36.02,37.42,42.62,41.71,40.89,40.88,41.4,42.5,41.06,40.05,43.05,39.45,40.29,40.04,40.85,42.95,42.88,44.93,40.78,39.08,40.89,38.69,38.66,38.75,39.8
42007,36.02,37.42,42.62,41.71,40.89,40.88,41.4,42.5,41.06,40.05,43.05,39.45,40.29,40.04,40.85,42.95,42.88,44.93,40.78,39.08,40.89,38.69,38.66,38.75,39.8
42009,36.02,37.42,42.62,41.71,40.89,40.88,41.4,42.5,41.06,40.05,43.05,39.45,40.29,40.04,40.85,42.95,42.88,44.93,40.78,39.08,40.89,38.69,38.66,38.75,39.8
42011,36.02,37.42,42.62,41.71,40.89,40.88,41.4,42.5,41.06,40.05,43.05,39.45,40.29,40.04,40.85,42.95,42.88,44.93,40.78,39.08,40.89,38.69,38.66,38.75,39.8
42013,36.02,37.42,42.62,41.71,40.89,40.88,41.4,42.5,41.06,40.05,43.05,39.45,40.29,40.04,40.85,42.95,42.88,44.93,40.78,39.08,40.89,38.69,38.66,38.75,39.8
42015,36.02,37.42,42.62,41.71,40.89,40.88,41.4,42.5,41.06,40.05,43.05,39.45,40.29,40.04,40.85,42.95,42.88,44.93,40.78,39.08,40.89,38.69,38.66,38.75,39.8
42017,36.02,37.42,42.62,41.71,40.89,40.88,41.4,42.5,41.06,40.05,43.05,39.45,40.29,40.04,40.85,42.95,42.88,44.93,40.78,39.08,40.89,38.69,38.66,38.75,39.8
42019,36.02,37.42,42.62,41.71,40.89,40.88,41.4,42.5,41.06,40.05,43.05,39.45,40.29,40.04,40.85,42.95,42.88,44.93,40.78,39.08,40.89,38.69,38.66,38.75,39.8
42021,36.02,37.42,42.62,41.71,40.89,40.88,41.4,42.5,41.06,40.05,43.05,39.45,40.29,40.04,40.85,42.95,42.88,44.93,40.78,39.08,40.89,38.69,38.66,38.75,39.8
42023,36.02,37.42,42.62,41.71,40.89,40.88,41.4,42.5,41.06,40.05,43.05,39.45,40.29,40.04,40.85,42.95,42.88,44.93,40.78,39.08,40.89,38.69,38.66,38.75,39.8
42025,36.02,37.42,42.62,41.71,40.89,40.88,41.4,42.5,41.06,40.05,43.05,39.45,40.29,40.04,40.85,42.95,42.88,44.93,40.78,39.08,40.89,38.69,38.66,38.75,39.8
42027,36.02,37.42,42.62,41.71,40.89,40.88,41.4,42.5,41.06,40.05,43.05,39.45,40.29,40.04,40.85,42.95,42.88,44.93,40.78,39.08,40.89,38.69,38.66,38.75,39.8
42029,36.02,37.42,42.62,41.71,40.89,40.88,41.4,42.5,41.06,40.05,43.05,39.45,40.29,40.04,40.85,42.95,42.88,44.93,40.78,39.08,40.89,38.69,38.66,38.75,39.8
42031,36.02,37.42,42.62,41.71,40.89,40.88,41.4,42.5,41.06,40.05,43.05,39.45,40.29,40.04,40.85,42.95,42.88,44.93,40.78,39.08,40.89,38.69,38.66,38.75,39.8
42033,36.02,37.42,42.62,41.71,40.89,40.88,41.4,42.5,41.06,40.05,43.05,39.45,40.29,40.04,40.85,42.95,42.88,44.93,40.78,39.08,40.89,38.69,38.66,38.75,39.8
42035,36.02,37.42,42.62,41.71,40.89,40.88,41.4,42.5,41.06,40.05,43.05,39.45,40.29,40.04,40.85,42.95,42.88,44.93,40.78,39.08,40.89,38.69,38.66,38.75,39.8
42037,36.02,37.42,42.62,41.71,40.89,40.88,41.4,42.5,41.06,40.05,43.05,39.45,40.29,40.04,40.85,42.95,42.88,44.93,40.78,39.08,40.89,38.69,38.66,38.75,39.8
42039,36.02,37.42,42.62,41.71,40.89,40.88,41.4,42.5,41.06,40.05,43.05,39.45,40.29,40.04,40.85,42.95,42.88,44.93,40.78,39.08,40.89,38.69,38.66,38.75,39.8
42041,36.02,37.42,42.62,41.71,40.89,40.88,41.4,42.5,41.06,40.05,43.05,39.45,40.29,40.04,40.85,42.95,42.88,44.93,40.78,39.08,40.89,38.69,38.66,38.75,39.8
42043,36.02,37.42,42.62,41.71,40.89,40.88,41.4,42.5,41.06,40.05,43.05,39.45,40.29,40.04,40.85,42.95,42.88,44.93,40.78,39.08,40.89,38.69,38.66,38.75,39.8
42045,36.02,37.42,42.62,41.71,40.89,40.88,41.4,42.5,41.06,40.05,43.05,39.45,40.29,40.04,40.85,42.95,42.88,44.93,40.78,39.08,40.89,38.69,38.66,38.75,39.8
42047,36.02,37.42,42.62,41.71,40.89,40.88,41.4,42.5,41.06,40.05,43.05,39.45,40.29,40.04,40.85,42.95,42.88,44.93,40.78,39.08,40.89,38.69,38.66,38.75,39.8
42049,36.02,37.42,42.62,41.71,40.89,40.88,41.4,42.5,41.06,40.05,43.05,39.45,40.29,40.04,40.85,42.95,42.88,44.93,40.78,39.08,40.89,38.69,38.66,38.75,39.8
42051,36.02,37.42,42.62,41.71,40.89,40.88,41.4,42.5,41.06,40.05,43.05,39.45,40.29,40.04,40.85,42.95,42.88,44.93,40.78,39.08,40.89,38.69,38.66,38.75,39.8
42053,36.02,37.42,42.62,41.71,40.89,40.88,41.4,42.5,41.06,40.05,43.05,39.45,40.29,40.04,40.85,42.95,42.88,44.93,40.78,39.08,40.89,38.69,38.66,38.75,39.8
42055,36.02,37.42,42.62,41.71,40.89,40.88,41.4,42.5,41.06,40.05,43.05,39.45,40.29,40.04,40.85,42.95,42.88,44.93,40.78,39.08,40.89,38.69,38.66,38.75,39.8
42057,36.02,37.42,42.62,41.71,40.89,40.88,41.4,42.5,41.06,40.05,43.05,39.45,40.29,40.04,40.85,42.95,42.88,44.93,40.78,39.08,40.89,38.69,38.66,38.75,39.8
42059,36.02,37.42,42.62,41.71,40.89,40.88,41.4,42.5,41.06,40.05,43.05,39.45,40.29,40.04,40.85,42.95,42.88,44.93,40.78,39.08,40.89,38.69,38.66,38.75,39.8
42061,36.02,37.42,42.62,41.71,40.89,40.88,41.4,42.5,41.06,40.05,43.05,39.45,40.29,40.04,40.85,42.95,42.88,44.93,40.78,39.08,40.89,38.69,38.66,38.75,39.8
42063,36.02,37.42,42.62,41.71,40.89,40.88,41.4,42.5,41.06,40.05,43.05,39.45,40.29,40.04,40.85,42.95,42.88,44.93,40.78,39.08,40.89,38.69,38.66,38.75,39.8
42065,36.02,37.42,42.62,41.71,40.89,40.88,41.4,42.5,41.06,40.05,43.05,39.45,40.29,40.04,40.85,42.95,42.88,44.93,40.78,39.08,40.89,38.69,38.66,38.75,39.8
42067,36.02,37.42,42.62,41.71,40.89,40.88,41.4,42.5,41.06,40.05,43.05,39.45,40.29,40.04,40.85,42.95,42.88,44.93,40.78,39.08,40.89,38.69,38.66,38.75,39.8
42069,36.02,37.42,42.62,41.71,40.89,40.88,41.4,42.5,41.06,40.05,43.05,39.45,40.29,40.04,40.85,42.95,42.88,44.93,40.78,39.08,40.89,38.69,38.66,38.75,39.8
42071,36.02,37.42,42.62,41.71,40.89,40.88,41.4,42.5,41.06,40.05,43.05,39.45,40.29,40.04,40.85,42.95,42.88,44.93,40.78,39.08,40.89,38.69,38.66,38.75,39.8
42073,36.02,37.42,42.62,41.71,40.89,40.88,41.4,42.5,41.06,40.05,43.05,39.45,40.29,40.04,40.85,42.95,42.88,44.93,40.78,39.08,40.89,38.69,38.66,38.75,39.8
42075,36.02,37.42,42.62,41.71,40.89,40.88,41.4,42.5,41.06,40.05,43.05,39.45,40.29,40.04,40.85,42.95,42.88,44.93,40.78,39.08,40.89,38.69,38.66,38.75,39.8
42077,36.02,37.42,42.62,41.71,40.89,40.88,41.4,42.5,41.06,40.05,43.05,39.45,40.29,40.04,40.85,42.95,42.88,44.93,40.78,39.08,40.89,38.69,38.66,38.75,39.8
42079,36.02,37.42,42.62,41.71,40.89,40.88,41.4,42.5,41.06,40.05,43.05,39.45,40.29,40.04,40.85,42.95,42.88,44.93,40.78,39.08,40.89,38.69,38.66,38.75,39.8
42081,36.02,37.42,42.62,41.71,40.89,40.88,41.4,42.5,41.06,40.05,43.05,39.45,40.29,40.04,40.85,42.95,42.88,44.93,40.78,39.08,40.89,38.69,38.66,38.75,39.8
42083,36.02,37.42,42.62,41.71,40.89,40.88,41.4,42.5,41.06,40.05,43.05,39.45,40.29,40.04,40.85,42.95,42.88,44.93,40.78,39.08,40.89,38.69,38.66,38.75,39.8
42085,36.02,37.42,42.62,41.71,40.89,40.88,41.4,42.5,41.06,40.05,43.05,39.45,40.29,40.04,40.85,42.95,42.88,44.93,40.78,39.08,40.89,38.69,38.66,38.75,39.8
42087,36.02,37.42,42.62,41.71,40.89,40.88,41.4,42.5,41.06,40.05,43.05,39.45,40.29,40.04,40.85,42.95,42.88,44.93,40.78,39.08,40.89,38.69,38.66,38.75,39.8
42089,36.02,37.42,42.62,41.71,40.89,40.88,41.4,42.5,41.06,40.05,43.05,39.45,40.29,40.04,40.85,42.95,42.88,44.93,40.78,39.08,40.89,38.69,38.66,38.75,39.8
42091,36.02,37.42,42.62,41.71,40.89,40.88,41.4,42.5,41.06,40.05,43.05,39.45,40.29,40.04,40.85,42.95,42.88,44.93,40.78,39.08,40.89,38.69,38.66,38.75,39.8
42093,36.02,37.42,42.62,41.71,40.89,40.88,41.4,42.5,41.06,40.05,43.05,39.45,40.29,40.04,40.85,42.95,42.88,44.93,40.78,39.08,40.89,38.69,38.66,38.75,39.8
42095,36.02,37.42,42.62,41.71,40.89,40.88,41.4,42.5,41.06,40.05,43.05,39.45,40.29,40.04,40.85,42.95,42.88,44.93,40.78,39.08,40.89,38.69,38.66,38.75,39.8
42097,36.02,37.42,42.62,41.71,40.89,40.88,41.4,42.5,41.06,40.05,43.05,39.45,40.29,40.04,40.85,42.95,42.88,44.93,40.78,39.08,40.89,38.69,38.66,38.75,39.8
42099,36.02,37.42,42.62,41.71,40.89,40.88,41.4,42.5,41.06,40.05,43.05,39.45,40.29,40.04,40.85,42.95,42.88,44.93,40.78,39.08,40.89,38.69,38.66,38.75,39.8
42101,36.02,37.42,42.62,41.71,40.89,40.88,41.4,42.5,41.06,40.05,43.05,39.45,40.29,40.04,40.85,42.95,42.88,44.93,40.78,39.08,40.89,38.69,38.66,38.75,39.8
42103,36.02,37.42,42.62,41.71,40.89,40.88,41.4,42.5,41.06,40.05,43.05,39.45,40.29,40.04,40.85,42.95,42.88,44.93,40.78,39.08,40.89,38.69,38.66,38.75,39.8
42105,36.02,37.42,42.62,41.71,40.89,40.88,41.4,42.5,41.06,40.05,43.05,39.45,40.29,40.04,40.85,42.95,42.88,44.93,40.78,39.08,40.89,38.69,38.66,38.75,39.8
42107,36.02,37.42,42.62,41.71,40.89,40.88,41.4,42.5,41.06,40.05,43.05,39.45,40.29,40.04,40.85,42.95,42.88,44.93,40.78,39.08,40.89,38.69,38.66,38.75,39.8
42109,36.02,37.42,42.62,41.71,40.89,40.88,41.4,42.5,41.06,40.05,43.05,39.45,40.29,40.04,40.85,42.95,42.88,44.93,40.78,39.08,40.89,38.69,38.66,38.75,39.8
42111,36.02,37.42,42.62,41.71,40.89,40.88,41.4,42.5,41.06,40.05,43.05,39.45,40.29,40.04,40.85,42.95,42.88,44.93,40.78,39.08,40.89,38.69,38.66,38.75,39.8
42113,36.02,37.42,42.62,41.71,40.89,40.88,41.4,42.5,41.06,40.05,43.05,39.45,40.29,40.04,40.85,42.95,42.88,44.93,40.78,39.08,40.89,38.69,38.66,38.75,39.8
42115,36.02,37.42,42.62,41.71,40.89,40.88,41.4,42.5,41.06,40.05,43.05,39.45,40.29,40.04,40.85,42.95,42.88,44.93,40.78,39.08,40.89,38.69,38.66,38.75,39.8
42117,36.02,37.42,42.62,41.71,40.89,40.88,41.4,42.5,41.06,40.05,43.05,39.45,40.29,40.04,40.85,42.95,42.88,44.93,40.78,39.08,40.89,38.69,38.66,38.75,39.8
42119,36.02,37.42,42.62,41.71,40.89,40.88,41.4,42.5,41.06,40.05,43.05,39.45,40.29,40.04,40.85,42.95,42.88,44.93,40.78,39.08,40.89,38.69,38.66,38.75,39.8
42121,36.02,37.42,42.62,41.71,40.89,40.88,41.4,42.5,41.06,40.05,43.05,39.45,40.29,40.04,40.85,42.95,42.88,44.93,40.78,39.08,40.89,38.69,38.66,38.75,39.8
42123,36.02,37.42,42.62,41.71,40.89,40.88,41.4,42.5,41.06,40.05,43.05,39.45,40.29,40.04,40.85,42.95,42.88,44.93,40.78,39.08,40.89,38.69,38.66,38.75,39.8
42125,36.02,37.42,42.62,41.71,40.89,40.88,41.4,42.5,41.06,40.05,43.05,39.45,40.29,40.04,40.85,42.95,42.88,44.93,40.78,39.08,40.89,38.69,38.66,38.75,39.8
42127,36.02,37.42,42.62,41.71,40.89,40.88,41.4,42.5,41.06,40.05,43.05,39.45,40.29,40.04,40.85,42.95,42.88,44.93,40.78,39.08,40.89,38.69,38.66,38.75,39.8
42129,36.02,37.42,42.62,41.71,40.89,40.88,41.4,42.5,41.06,40.05,43.05,39.45,40.29,40.04,40.85,42.95,42.88,44.93,40.78,39.08,40.89,38.69,38.66,38.75,39.8
42131,36.02,37.42,42.62,41.71,40.89,40.88,41.4,42.5,41.06,40.05,43.05,39.45,40.29,40.04,40.85,42.95,42.88,44.93,40.78,39.08,40.89,38.69,38.66,38.75,39.8
42133,36.02,37.42,42.62,41.71,40.89,40.88,41.4,42.5,41.06,40.05,43.05,39.45,40.29,40.04,40.85,42.95,42.88,44.93,40.78,39.08,40.89,38.69,38.66,38.75,39.8
44001,36.02,37.42,42.62,41.71,40.89,40.88,41.4,42.5,41.06,40.05,43.05,39.45,40.29,40.04,40.85,42.95,42.88,44.93,40.78,39.08,40.89,38.69,38.66,38.75,39.8
44003,36.02,37.42,42.62,41.71,40.89,40.88,41.4,42.5,41.06,40.05,43.05,39.45,40.29,40.04,40.85,42.95,42.88,44.93,40.78,39.08,40.89,38.69,38.66,38.75,39.8
44005,36.02,37.42,42.62,41.71,40.89,40.88,41.4,42.5,41.06,40.05,43.05,39.45,40.29,40.04,40.85,42.95,42.88,44.93,40.78,39.08,40.89,38.69,38.66,38.75,39.8
44007,36.02,37.42,42.62,41.71,40.89,40.88,41.4,42.5,41.06,40.05,43.05,39.45,40.29,40.04,40.85,42.95,42.88,44.93,40.78,39.08,40.89,38.69,38.66,38.75,39.8
44009,36.02,37.42,42.62,41.71,40.89,40.88,41.4,42.5,41.06,40.05,43.05,39.45,40.29,40.04,40.85,42.95,42.88,44.93,40.78,39.08,40.89,38.69,38.66,38.75,39.8
45001,36.02,37.42,42.62,41.71,40.89,40.88,41.4,42.5,41.06,40.05,43.05,39.45,40.29,40.04,40.85,42.95,42.88,44.93,40.78,39.08,40.89,38.69,38.66,38.75,39.8
45003,36.02,37.42,42.62,41.71,40.89,40.88,41.4,42.5,41.06,40.05,43.05,39.45,40.29,40.04,40.85,42.95,42.88,44.93,40.78,39.08,40.89,38.69,38.66,38.75,39.8
45005,36.02,37.42,42.62,41.71,40.89,40.88,41.4,42.5,41.06,40.05,43.05,39.45,40.29,40.04,40.85,42.95,42.88,44.93,40.78,39.08,40.89,38.69,38.66,38.75,39.8
45007,36.02,37.42,42.62,41.71,40.89,40.88,41.4,42.5,41.06,40.05,43.05,39.45,40.29,40.04,40.85,42.95,42.88,44.93,40.78,39.08,40.89,38.69,38.66,38.75,39.8
45009,36.02,37.42,42.62,41.71,40.89,40.88,41.4,42.5,41.06,40.05,43.05,39.45,40.29,40.04,40.85,42.95,42.88,44.93,40.78,39.08,40.89,38.69,38.66,38.75,39.8
45011,36.02,37.42,42.62,41.71,40.89,40.88,41.4,42.5,41.06,40.05,43.05,39.45,40.29,40.04,40.85,42.95,42.88,44.93,40.78,39.08,40.89,38.69,38.66,38.75,39.8
45013,36.02,37.42,42.62,41.71,40.89,40.88,41.4,42.5,41.06,40.05,43.05,39.45,40.29,40.04,40.85,42.95,42.88,44.93,40.78,39.08,40.89,38.69,38.66,38.75,39.8
45015,36.02,37.42,42.62,41.71,40.89,40.88,41.4,42.5,41.06,40.05,43.05,39.45,40.29,40.04,40.85,42.95,42.88,44.93,40.78,39.08,40.89,38.69,38.66,38.75,39.8
45017,36.02,37.42,42.62,41.71,40.89,40.88,41.4,42.5,41.06,40.05,43.05,39.45,40.29,40.04,40.85,42.95,42.88,44.93,40.78,39.08,40.89,38.69,38.66,38.75,39.8
45019,36.02,37.42,42.62,41.71,40.89,40.88,41.4,42.5,41.06,40.05,43.05,39.45,40.29,40.04,40.85,42.95,42.88,44.93,40.78,39.08,40.89,38.69,38.66,38.75,39.8
45021,36.02,37.42,42.62,41.71,40.89,40.88,41.4,42.5,41.06,40.05,43.05,39.45,40.29,40.04,40.85,42.95,42.88,44.93,40.78,39.08,40.89,38.69,38.66,38.75,39.8
45023,36.02,37.42,42.62,41.71,40.89,40.88,41.4,42.5,41.06,40.05,43.05,39.45,40.29,40.04,40.85,42.95,42.88,44.93,40.78,39.08,40.89,38.69,38.66,38.75,39.8
45025,36.02,37.42,42.62,41.71,40.89,40.88,41.4,42.5,41.06,40.05,43.05,39.45,40.29,40.04,40.85,42.95,42.88,44.93,40.78,39.08,40.89,38.69,38.66,38.75,39.8
45027,36.02,37.42,42.62,41.71,40.89,40.88,41.4,42.5,41.06,40.05,43.05,39.45,40.29,40.04,40.85,42.95,42.88,44.93,40.78,39.08,40.89,38.69,38.66,38.75,39.8
45029,36.02,37.42,42.62,41.71,40.89,40.88,41.4,42.5,41.06,40.05,43.05,39.45,40.29,40.04,40.85,42.95,42.88,44.93,40.78,39.08,40.89,38.69,38.66,38.75,39.8
45031,36.02,37.42,42.62,41.71,40.89,40.88,41.4,42.5,41.06,40.05,43.05,39.45,40.29,40.04,40.85,42.95,42.88,44.93,40.78,39.08,40.89,38.69,38.66,38.75,39.8
45033,36.02,37.42,42.62,41.71,40.89,40.88,41.4,42.5,41.06,40.05,43.05,39.45,40.29,40.04,40.85,42.95,42.88,44.93,40.78,39.08,40.89,38.69,38.66,38.75,39.8
45035,36.02,37.42,42.62,41.71,40.89,40.88,41.4,42.5,41.06,40.05,43.05,39.45,40.29,40.04,40.85,42.95,42.88,44.93,40.78,39.08,40.89,38.69,38.66,38.75,39.8
45037,36.02,37.42,42.62,41.71,40.89,40.88,41.4,42.5,41.06,40.05,43.05,39.45,40.29,40.04,40.85,42.95,42.88,44.93,40.78,39.08,40.89,38.69,38.66,38.75,39.8
45039,36.02,37.42,42.62,41.71,40.89,40.88,41.4,42.5,41.06,40.05,43.05,39.45,40.29,40.04,40.85,42.95,42.88,44.93,40.78,39.08,40.89,38.69,38.66,38.75,39.8
45041,36.02,37.42,42.62,41.71,40.89,40.88,41.4,42.5,41.06,40.05,43.05,39.45,40.29,40.04,40.85,42.95,42.88,44.93,40.78,39.08,40.89,38.69,38.66,38.75,39.8
45043,36.02,37.42,42.62,41.71,40.89,40.88,41.4,42.5,41.06,40.05,43.05,39.45,40.29,40.04,40.85,42.95,42.88,44.93,40.78,39.08,40.89,38.69,38.66,38.75,39.8
45045,36.02,37.42,42.62,41.71,40.89,40.88,41.4,42.5,41.06,40.05,43.05,39.45,40.29,40.04,40.85,42.95,42.88,44.93,40.78,39.08,40.89,38.69,38.66,38.75,39.8
45047,36.02,37.42,42.62,41.71,40.89,40.88,41.4,42.5,41.06,40.05,43.05,39.45,40.29,40.04,40.85,42.95,42.88,44.93,40.78,39.08,40.89,38.69,38.66,38.75,39.8
45049,36.02,37.42,42.62,41.71,40.89,40.88,41.4,42.5,41.06,40.05,43.05,39.45,40.29,40.04,40.85,42.95,42.88,44.93,40.78,39.08,40.89,38.69,38.66,38.75,39.8
45051,36.02,37.42,42.62,41.71,40.89,40.88,41.4,42.5,41.06,40.05,43.05,39.45,40.29,40.04,40.85,42.95,42.88,44.93,40.78,39.08,40.89,38.69,38.66,38.75,39.8
45053,36.02,37.42,42.62,41.71,40.89,40.88,41.4,42.5,41.06,40.05,43.05,39.45,40.29,40.04,40.85,42.95,42.88,44.93,40.78,39.08,40.89,38.69,38.66,38.75,39.8
45055,36.02,37.42,42.62,41.71,40.89,40.88,41.4,42.5,41.06,40.05,43.05,39.45,40.29,40.04,40.85,42.95,42.88,44.93,40.78,39.08,40.89,38.69,38.66,38.75,39.8
45057,36.02,37.42,42.62,41.71,40.89,40.88,41.4,42.5,41.06,40.05,43.05,39.45,40.29,40.04,40.85,42.95,42.88,44.93,40.78,39.08,40.89,38.69,38.66,38.75,39.8
45059,36.02,37.42,42.62,41.71,40.89,40.88,41.4,42.5,41.06,40.05,43.05,39.45,40.29,40.04,40.85,42.95,42.88,44.93,40.78,39.08,40.89,38.69,38.66,38.75,39.8
45061,36.02,37.42,42.62,41.71,40.89,40.88,41.4,42.5,41.06,40.05,43.05,39.45,40.29,40.04,40.85,42.95,42.88,44.93,40.78,39.08,40.89,38.69,38.66,38.75,39.8
45063,36.02,37.42,42.62,41.71,40.89,40.88,41.4,42.5,41.06,40.05,43.05,39.45,40.29,40.04,40.85,42.95,42.88,44.93,40.78,39.08,40.89,38.69,38.66,38.75,39.8
45065,36.02,37.42,42.62,41.71,40.89,40.88,41.4,42.5,41.06,40.05,43.05,39.45,40.29,40.04,40.85,42.95,42.88,44.93,40.78,39.08,40.89,38.69,38.66,38.75,39.8
45067,36.02,37.42,42.62,41.71,40.89,40.88,41.4,42.5,41.06,40.05,43.05,39.45,40.29,40.04,40.85,42.95,42.88,44.93,40.78,39.08,40.89,38.69,38.66,38.75,39.8
45069,36.02,37.42,42.62,41.71,40.89,40.88,41.4,42.5,41.06,40.05,43.05,39.45,40.29,40.04,40.85,42.95,42.88,44.93,40.78,39.08,40.89,38.69,38.66,38.75,39.8
45071,36.02,37.42,42.62,41.71,40.89,40.88,41.4,42.5,41.06,40.05,43.05,39.45,40.29,40.04,40.85,42.95,42.88,44.93,40.78,39.08,40.89,38.69,38.66,38.75,39.8
45073,36.02,37.42,42.62,41.71,40.89,40.88,41.4,42.5,41.06,40.05,43.05,39.45,40.29,40.04,40.85,42.95,42.88,44.93,40.78,39.08,40.89,38.69,38.66,38.75,39.8
45075,36.02,37.42,42.62,41.71,40.89,40.88,41.4,42.5,41.06,40.05,43.05,39.45,40.29,40.04,40.85,42.95,42.88,44.93,40.78,39.08,40.89,38.69,38.66,38.75,39.8
45077,36.02,37.42,42.62,41.71,40.89,40.88,41.4,42.5,41.06,40.05,43.05,39.45,40.29,40.04,40.85,42.95,42.88,44.93,40.78,39.08,40.89,38.69,38.66,38.75,39.8
45079,36.02,37.42,42.62,41.71,40.89,40.88,41.4,42.5,41.06,40.05,43.05,39.45,40.29,40.04,40.85,42.95,42.88,44.93,40.78,39.08,40.89,38.69,38.66,38.75,39.8
45081,36.02,37.42,42.62,41.71,40.89,40.88,41.4,42.5,41.06,40.05,43.05,39.45,40.29,40.04,40.85,42.95,42.88,44.93,40.78,39.08,40.89,38.69,38.66,38.75,39.8
45083,36.02,37.42,42.62,41.71,40.89,40.88,41.4,42.5,41.06,40.05,43.05,39.45,40.29,40.04,40.85,42.95,42.88,44.93,40.78,39.08,40.89,38.69,38.66,38.75,39.8
45085,36.02,37.42,42.62,41.71,40.89,40.88,41.4,42.5,41.06,40.05,43.05,39.45,40.29,40.04,40.85,42.95,42.88,44.93,40.78,39.08,40.89,38.69,38.66,38.75,39.8
45087,36.02,37.42,42.62,41.71,40.89,40.88,41.4,42.5,41.06,40.05,43.05,39.45,40.29,40.04,40.85,42.95,42.88,44.93,40.78,39.08,40.89,38.69,38.66,38.75,39.8
45089,36.02,37.42,42.62,41.71,40.89,40.88,41.4,42.5,41.06,40.05,43.05,39.45,40.29,40.04,40.85,42.95,42.88,44.93,40.78,39.08,40.89,38.69,38.66,38.75,39.8
45091,36.02,37.42,42.62,41.71,40.89,40.88,41.4,42.5,41.06,40.05,43.05,39.45,40.29,40.04,40.85,42.95,42.88,44.93,40.78,39.08,40.89,38.69,38.66,38.75,39.8
46003,36.02,37.42,42.62,41.71,40.89,40.88,41.4,42.5,41.06,40.05,43.05,39.45,40.29,40.04,40.85,42.95,42.88,44.93,40.78,39.08,40.89,38.69,38.66,38.75,39.8
46005,36.02,37.42,42.62,41.71,40.89,40.88,41.4,42.5,41.06,40.05,43.05,39.45,40.29,40.04,40.85,42.95,42.88,44.93,40.78,39.08,40.89,38.69,38.66,38.75,39.8
46007,36.02,37.42,42.62,41.71,40.89,40.88,41.4,42.5,41.06,40.05,43.05,39.45,40.29,40.04,40.85,42.95,42.88,44.93,40.78,39.08,40.89,38.69,38.66,38.75,39.8
46009,36.02,37.42,42.62,41.71,40.89,40.88,41.4,42.5,41.06,40.05,43.05,39.45,40.29,40.04,40.85,42.95,42.88,44.93,40.78,39.08,40.89,38.69,38.66,38.75,39.8
46011,36.02,37.42,42.62,41.71,40.89,40.88,41.4,42.5,41.06,40.05,43.05,39.45,40.29,40.04,40.85,42.95,42.88,44.93,40.78,39.08,40.89,38.69,38.66,38.75,39.8
46013,36.02,37.42,42.62,41.71,40.89,40.88,41.4,42.5,41.06,40.05,43.05,39.45,40.29,40.04,40.85,42.95,42.88,44.93,40.78,39.08,40.89,38.69,38.66,38.75,39.8
46015,36.02,37.42,42.62,41.71,40.89,40.88,41.4,42.5,41.06,40.05,43.05,39.45,40.29,40.04,40.85,42.95,42.88,44.93,40.78,39.08,40.89,38.69,38.66,38.75,39.8
46017,36.02,37.42,42.62,41.71,40.89,40.88,41.4,42.5,41.06,40.05,43.05,39.45,40.29,40.04,40.85,42.95,42.88,44.93,40.78,39.08,40.89,38.69,38.66,38.75,39.8
46019,36.02,37.42,42.62,41.71,40.89,40.88,41.4,42.5,41.06,40.05,43.05,39.45,40.29,40.04,40.85,42.95,42.88,44.93,40.78,39.08,40.89,38.69,38.66,38.75,39.8
46021,36.02,37.42,42.62,41.71,40.89,40.88,41.4,42.5,41.06,40.05,43.05,39.45,40.29,40.04,40.85,42.95,42.88,44.93,40.78,39.08,40.89,38.69,38.66,38.75,39.8
46023,36.02,37.42,42.62,41.71,40.89,40.88,41.4,42.5,41.06,40.05,43.05,39.45,40.29,40.04,40.85,42.95,42.88,44.93,40.78,39.08,40.89,38.69,38.66,38.75,39.8
46025,36.02,37.42,42.62,41.71,40.89,40.88,41.4,42.5,41.06,40.05,43.05,39.45,40.29,40.04,40.85,42.95,42.88,44.93,40.78,39.08,40.89,38.69,38.66,38.75,39.8
46027,36.02,37.42,42.62,41.71,40.89,40.88,41.4,42.5,41.06,40.05,43.05,39.45,40.29,40.04,40.85,42.95,42.88,44.93,40.78,39.08,40.89,38.69,38.66,38.75,39.8
46029,36.02,37.42,42.62,41.71,40.89,40.88,41.4,42.5,41.06,40.05,43.05,39.45,40.29,40.04,40.85,42.95,42.88,44.93,40.78,39.08,40.89,38.69,38.66,38.75,39.8
46031,36.02,37.42,42.62,41.71,40.89,40.88,41.4,42.5,41.06,40.05,43.05,39.45,40.29,40.04,40.85,42.95,42.88,44.93,40.78,39.08,40.89,38.69,38.66,38.75,39.8
46033,36.02,37.42,42.62,41.71,40.89,40.88,41.4,42.5,41.06,40.05,43.05,39.45,40.29,40.04,40.85,42.95,42.88,44.93,40.78,39.08,40.89,38.69,38.66,38.75,39.8
46035,36.02,37.42,42.62,41.71,40.89,40.88,41.4,42.5,41.06,40.05,43.05,39.45,40.29,40.04,40.85,42.95,42.88,44.93,40.78,39.08,40.89,38.69,38.66,38.75,39.8
46037,36.02,37.42,42.62,41.71,40.89,40.88,41.4,42.5,41.06,40.05,43.05,39.45,40.29,40.04,40.85,42.95,42.88,44.93,40.78,39.08,40.89,38.69,38.66,38.75,39.8
46039,36.02,37.42,42.62,41.71,40.89,40.88,41.4,42.5,41.06,40.05,43.05,39.45,40.29,40.04,40.85,42.95,42.88,44.93,40.78,39.08,40.89,38.69,38.66,38.75,39.8
46041,36.02,37.42,42.62,41.71,40.89,40.88,41.4,42.5,41.06,40.05,43.05,39.45,40.29,40.04,40.85,42.95,42.88,44.93,40.78,39.08,40.89,38.69,38.66,38.75,39.8
46043,36.02,37.42,42.62,41.71,40.89,40.88,41.4,42.5,41.06,40.05,43.05,39.45,40.29,40.04,40.85,42.95,42.88,44.93,40.78,39.08,40.89,38.69,38.66,38.75,39.8
46045,36.02,37.42,42.62,41.71,40.89,40.88,41.4,42.5,41.06,40.05,43.05,39.45,40.29,40.04,40.85,42.95,42.88,44.93,40.78,39.08,40.89,38.69,38.66,38.75,39.8
46047,36.02,37.42,42.62,41.71,40.89,40.88,41.4,42.5,41.06,40.05,43.05,39.45,40.29,40.04,40.85,42.95,42.88,44.93,40.78,39.08,40.89,38.69,38.66,38.75,39.8
46049,36.02,37.42,42.62,41.71,40.89,40.88,41.4,42.5,41.06,40.05,43.05,39.45,40.29,40.04,40.85,42.95,42.88,44.93,40.78,39.08,40.89,38.69,38.66,38.75,39.8
46051,36.02,37.42,42.62,41.71,40.89,40.88,41.4,42.5,41.06,40.05,43.05,39.45,40.29,40.04,40.85,42.95,42.88,44.93,40.78,39.08,40.89,38.69,38.66,38.75,39.8
46053,36.02,37.42,42.62,41.71,40.89,40.88,41.4,42.5,41.06,40.05,43.05,39.45,40.29,40.04,40.85,42.95,42.88,44.93,40.78,39.08,40.89,38.69,38.66,38.75,39.8
46055,36.02,37.42,42.62,41.71,40.89,40.88,41.4,42.5,41.06,40.05,43.05,39.45,40.29,40.04,40.85,42.95,42.88,44.93,40.78,39.08,40.89,38.69,38.66,38.75,39.8
46057,36.02,37.42,42.62,41.71,40.89,40.88,41.4,42.5,41.06,40.05,43.05,39.45,40.29,40.04,40.85,42.95,42.88,44.93,40.78,39.08,40.89,38.69,38.66,38.75,39.8
46059,36.02,37.42,42.62,41.71,40.89,40.88,41.4,42.5,41.06,40.05,43.05,39.45,40.29,40.04,40.85,42.95,42.88,44.93,40.78,39.08,40.89,38.69,38.66,38.75,39.8
46061,36.02,37.42,42.62,41.71,40.89,40.88,41.4,42.5,41.06,40.05,43.05,39.45,40.29,40.04,40.85,42.95,42.88,44.93,40.78,39.08,40.89,38.69,38.66,38.75,39.8
46063,36.02,37.42,42.62,41.71,40.89,40.88,41.4,42.5,41.06,40.05,43.05,39.45,40.29,40.04,40.85,42.95,42.88,44.93,40.78,39.08,40.89,38.69,38.66,38.75,39.8
46065,36.02,37.42,42.62,41.71,40.89,40.88,41.4,42.5,41.06,40.05,43.05,39.45,40.29,40.04,40.85,42.95,42.88,44.93,40.78,39.08,40.89,38.69,38.66,38.75,39.8
46067,36.02,37.42,42.62,41.71,40.89,40.88,41.4,42.5,41.06,40.05,43.05,39.45,40.29,40.04,40.85,42.95,42.88,44.93,40.78,39.08,40.89,38.69,38.66,38.75,39.8
46069,36.02,37.42,42.62,41.71,40.89,40.88,41.4,42.5,41.06,40.05,43.05,39.45,40.29,40.04,40.85,42.95,42.88,44.93,40.78,39.08,40.89,38.69,38.66,38.75,39.8
46071,36.02,37.42,42.62,41.71,40.89,40.88,41.4,42.5,41.06,40.05,43.05,39.45,40.29,40.04,40.85,42.95,42.88,44.93,40.78,39.08,40.89,38.69,38.66,38.75,39.8
46073,36.02,37.42,42.62,41.71,40.89,40.88,41.4,42.5,41.06,40.05,43.05,39.45,40.29,40.04,40.85,42.95,42.88,44.93,40.78,39.08,40.89,38.69,38.66,38.75,39.8
46075,36.02,37.42,42.62,41.71,40.89,40.88,41.4,42.5,41.06,40.05,43.05,39.45,40.29,40.04,40.85,42.95,42.88,44.93,40.78,39.08,40.89,38.69,38.66,38.75,39.8
46077,36.02,37.42,42.62,41.71,40.89,40.88,41.4,42.5,41.06,40.05,43.05,39.45,40.29,40.04,40.85,42.95,42.88,44.93,40.78,39.08,40.89,38.69,38.66,38.75,39.8
46079,36.02,37.42,42.62,41.71,40.89,40.88,41.4,42.5,41.06,40.05,43.05,39.45,40.29,40.04,40.85,42.95,42.88,44.93,40.78,39.08,40.89,38.69,38.66,38.75,39.8
46081,36.02,37.42,42.62,41.71,40.89,40.88,41.4,42.5,41.06,40.05,43.05,39.45,40.29,40.04,40.85,42.95,42.88,44.93,40.78,39.08,40.89,38.69,38.66,38.75,39.8
46083,36.02,37.42,42.62,41.71,40.89,40.88,41.4,42.5,41.06,40.05,43.05,39.45,40.29,40.04,40.85,42.95,42.88,44.93,40.78,39.08,40.89,38.69,38.66,38.75,39.8
46085,36.02,37.42,42.62,41.71,40.89,40.88,41.4,42.5,41.06,40.05,43.05,39.45,40.29,40.04,40.85,42.95,42.88,44.93,40.78,39.08,40.89,38.69,38.66,38.75,39.8
46087,36.02,37.42,42.62,41.71,40.89,40.88,41.4,42.5,41.06,40.05,43.05,39.45,40.29,40.04,40.85,42.95,42.88,44.93,40.78,39.08,40.89,38.69,38.66,38.75,39.8
46089,36.02,37.42,42.62,41.71,40.89,40.88,41.4,42.5,41.06,40.05,43.05,39.45,40.29,40.04,40.85,42.95,42.88,44.93,40.78,39.08,40.89,38.69,38.66,38.75,39.8
46091,36.02,37.42,42.62,41.71,40.89,40.88,41.4,42.5,41.06,40.05,43.05,39.45,40.29,40.04,40.85,42.95,42.88,44.93,40.78,39.08,40.89,38.69,38.66,38.75,39.8
46093,36.02,37.42,42.62,41.71,40.89,40.88,41.4,42.5,41.06,40.05,43.05,39.45,40.29,40.04,40.85,42.95,42.88,44.93,40.78,39.08,40.89,38.69,38.66,38.75,39.8
46095,36.02,37.42,42.62,41.71,40.89,40.88,41.4,42.5,41.06,40.05,43.05,39.45,40.29,40.04,40.85,42.95,42.88,44.93,40.78,39.08,40.89,38.69,38.66,38.75,39.8
46097,36.02,37.42,42.62,41.71,40.89,40.88,41.4,42.5,41.06,40.05,43.05,39.45,40.29,40.04,40.85,42.95,42.88,44.93,40.78,39.08,40.89,38.69,38.66,38.75,39.8
46099,36.02,37.42,42.62,41.71,40.89,40.88,41.4,42.5,41.06,40.05,43.05,39.45,40.29,40.04,40.85,42.95,42.88,44.93,40.78,39.08,40.89,38.69,38.66,38.75,39.8
46101,36.02,37.42,42.62,41.71,40.89,40.88,41.4,42.5,41.06,40.05,43.05,39.45,40.29,40.04,40.85,42.95,42.88,44.93,40.78,39.08,40.89,38.69,38.66,38.75,39.8
46102,36.02,37.42,42.62,41.71,40.89,40.88,41.4,42.5,41.06,40.05,43.05,39.45,40.29,40.04,40.85,42.95,42.88,44.93,40.78,39.08,40.89,38.69,38.66,38.75,39.8
46103,36.02,37.42,42.62,41.71,40.89,40.88,41.4,42.5,41.06,40.05,43.05,39.45,40.29,40.04,40.85,42.95,42.88,44.93,40.78,39.08,40.89,38.69,38.66,38.75,39.8
46105,36.02,37.42,42.62,41.71,40.89,40.88,41.4,42.5,41.06,40.05,43.05,39.45,40.29,40.04,40.85,42.95,42.88,44.93,40.78,39.08,40.89,38.69,38.66,38.75,39.8
46107,36.02,37.42,42.62,41.71,40.89,40.88,41.4,42.5,41.06,40.05,43.05,39.45,40.29,40.04,40.85,42.95,42.88,44.93,40.78,39.08,40.89,38.69,38.66,38.75,39.8
46109,36.02,37.42,42.62,41.71,40.89,40.88,41.4,42.5,41.06,40.05,43.05,39.45,40.29,40.04,40.85,42.95,42.88,44.93,40.78,39.08,40.89,38.69,38.66,38.75,39.8
46111,36.02,37.42,42.62,41.71,40.89,40.88,41.4,42.5,41.06,40.05,43.05,39.45,40.29,40.04,40.85,42.95,42.88,44.93,40.78,39.08,40.89,38.69,38.66,38.75,39.8
46115,36.02,37.42,42.62,41.71,40.89,40.88,41.4,42.5,41.06,40.05,43.05,39.45,40.29,40.04,40.85,42.95,42.88,44.93,40.78,39.08,40.89,38.69,38.66,38.75,39.8
46117,36.02,37.42,42.62,41.71,40.89,40.88,41.4,42.5,41.06,40.05,43.05,39.45,40.29,40.04,40.85,42.95,42.88,44.93,40.78,39.08,40.89,38.69,38.66,38.75,39.8
46119,36.02,37.42,42.62,41.71,40.89,40.88,41.4,42.5,41.06,40.05,43.05,39.45,40.29,40.04,40.85,42.95,42.88,44.93,40.78,39.08,40.89,38.69,38.66,38.75,39.8
46121,36.02,37.42,42.62,41.71,40.89,40.88,41.4,42.5,41.06,40.05,43.05,39.45,40.29,40.04,40.85,42.95,42.88,44.93,40.78,39.08,40.89,38.69,38.66,38.75,39.8
46123,36.02,37.42,42.62,41.71,40.89,40.88,41.4,42.5,41.06,40.05,43.05,39.45,40.29,40.04,40.85,42.95,42.88,44.93,40.78,39.08,40.89,38.69,38.66,38.75,39.8
46125,36.02,37.42,42.62,41.71,40.89,40.88,41.4,42.5,41.06,40.05,43.05,39.45,40.29,40.04,40.85,42.95,42.88,44.93,40.78,39.08,40.89,38.69,38.66,38.75,39.8
46127,36.02,37.42,42.62,41.71,40.89,40.88,41.4,42.5,41.06,40.05,43.05,39.45,40.29,40.04,40.85,42.95,42.88,44.93,40.78,39.08,40.89,38.69,38.66,38.75,39.8
46129,36.02,37.42,42.62,41.71,40.89,40.88,41.4,42.5,41.06,40.05,43.05,39.45,40.29,40.04,40.85,42.95,42.88,44.93,40.78,39.08,40.89,38.69,38.66,38.75,39.8
46135,36.02,37.42,42.62,41.71,40.89,40.88,41.4,42.5,41.06,40.05,43.05,39.45,40.29,40.04,40.85,42.95,42.88,44.93,40.78,39.08,40.89,38.69,38.66,38.75,39.8
46137,36.02,37.42,42.62,41.71,40.89,40.88,41.4,42.5,41.06,40.05,43.05,39.45,40.29,40.04,40.85,42.95,42.88,44.93,40.78,39.08,40.89,38.69,38.66,38.75,39.8
47001,36.02,37.42,42.62,41.71,40.89,40.88,41.4,42.5,41.06,40.05,43.05,39.45,40.29,40.04,40.85,42.95,42.88,44.93,40.78,39.08,40.89,38.69,38.66,38.75,39.8
47003,36.02,37.42,42.62,41.71,40.89,40.88,41.4,42.5,41.06,40.05,43.05,39.45,40.29,40.04,40.85,42.95,42.88,44.93,40.78,39.08,40.89,38.69,38.66,38.75,39.8
47005,36.02,37.42,42.62,41.71,40.89,40.88,41.4,42.5,41.06,40.05,43.05,39.45,40.29,40.04,40.85,42.95,42.88,44.93,40.78,39.08,40.89,38.69,38.66,38.75,39.8
47007,36.02,37.42,42.62,41.71,40.89,40.88,41.4,42.5,41.06,40.05,43.05,39.45,40.29,40.04,40.85,42.95,42.88,44.93,40.78,39.08,40.89,38.69,38.66,38.75,39.8
47009,36.02,37.42,42.62,41.71,40.89,40.88,41.4,42.5,41.06,40.05,43.05,39.45,40.29,40.04,40.85,42.95,42.88,44.93,40.78,39.08,40.89,38.69,38.66,38.75,39.8
47011,36.02,37.42,42.62,41.71,40.89,40.88,41.4,42.5,41.06,40.05,43.05,39.45,40.29,40.04,40.85,42.95,42.88,44.93,40.78,39.08,40.89,38.69,38.66,38.75,39.8
47013,36.02,37.42,42.62,41.71,40.89,40.88,41.4,42.5,41.06,40.05,43.05,39.45,40.29,40.04,40.85,42.95,42.88,44.93,40.78,39.08,40.89,38.69,38.66,38.75,39.8
47015,36.02,37.42,42.62,41.71,40.89,40.88,41.4,42.5,41.06,40.05,43.05,39.45,40.29,40.04,40.85,42.95,42.88,44.93,40.78,39.08,40.89,38.69,38.66,38.75,39.8
47017,36.02,37.42,42.62,41.71,40.89,40.88,41.4,42.5,41.06,40.05,43.05,39.45,40.29,40.04,40.85,42.95,42.88,44.93,40.78,39.08,40.89,38.69,38.66,38.75,39.8
47019,36.02,37.42,42.62,41.71,40.89,40.88,41.4,42.5,41.06,40.05,43.05,39.45,40.29,40.04,40.85,42.95,42.88,44.93,40.78,39.08,40.89,38.69,38.66,38.75,39.8
47021,36.02,37.42,42.62,41.71,40.89,40.88,41.4,42.5,41.06,40.05,43.05,39.45,40.29,40.04,40.85,42.95,42.88,44.93,40.78,39.08,40.89,38.69,38.66,38.75,39.8
47023,36.02,37.42,42.62,41.71,40.89,40.88,41.4,42.5,41.06,40.05,43.05,39.45,40.29,40.04,40.85,42.95,42.88,44.93,40.78,39.08,40.89,38.69,38.66,38.75,39.8
47025,36.02,37.42,42.62,41.71,40.89,40.88,41.4,42.5,41.06,40.05,43.05,39.45,40.29,40.04,40.85,42.95,42.88,44.93,40.78,39.08,40.89,38.69,38.66,38.75,39.8
47027,36.02,37.42,42.62,41.71,40.89,40.88,41.4,42.5,41.06,40.05,43.05,39.45,40.29,40.04,40.85,42.95,42.88,44.93,40.78,39.08,40.89,38.69,38.66,38.75,39.8
47029,36.02,37.42,42.62,41.71,40.89,40.88,41.4,42.5,41.06,40.05,43.05,39.45,40.29,40.04,40.85,42.95,42.88,44.93,40.78,39.08,40.89,38.69,38.66,38.75,39.8
47031,36.02,37.42,42.62,41.71,40.89,40.88,41.4,42.5,41.06,40.05,43.05,39.45,40.29,40.04,40.85,42.95,42.88,44.93,40.78,39.08,40.89,38.69,38.66,38.75,39.8
47033,36.02,37.42,42.62,41.71,40.89,40.88,41.4,42.5,41.06,40.05,43.05,39.45,40.29,40.04,40.85,42.95,42.88,44.93,40.78,39.08,40.89,38.69,38.66,38.75,39.8
47035,36.02,37.42,42.62,41.71,40.89,40.88,41.4,42.5,41.06,40.05,43.05,39.45,40.29,40.04,40.85,42.95,42.88,44.93,40.78,39.08,40.89,38.69,38.66,38.75,39.8
47037,36.02,37.42,42.62,41.71,40.89,40.88,41.4,42.5,41.06,40.05,43.05,39.45,40.29,40.04,40.85,42.95,42.88,44.93,40.78,39.08,40.89,38.69,38.66,38.75,39.8
47039,36.02,37.42,42.62,41.71,40.89,40.88,41.4,42.5,41.06,40.05,43.05,39.45,40.29,40.04,40.85,42.95,42.88,44.93,40.78,39.08,40.89,38.69,38.66,38.75,39.8
47041,36.02,37.42,42.62,41.71,40.89,40.88,41.4,42.5,41.06,40.05,43.05,39.45,40.29,40.04,40.85,42.95,42.88,44.93,40.78,39.08,40.89,38.69,38.66,38.75,39.8
47043,36.02,37.42,42.62,41.71,40.89,40.88,41.4,42.5,41.06,40.05,43.05,39.45,40.29,40.04,40.85,42.95,42.88,44.93,40.78,39.08,40.89,38.69,38.66,38.75,39.8
47045,36.02,37.42,42.62,41.71,40.89,40.88,41.4,42.5,41.06,40.05,43.05,39.45,40.29,40.04,40.85,42.95,42.88,44.93,40.78,39.08,40.89,38.69,38.66,38.75,39.8
47047,36.02,37.42,42.62,41.71,40.89,40.88,41.4,42.5,41.06,40.05,43.05,39.45,40.29,40.04,40.85,42.95,42.88,44.93,40.78,39.08,40.89,38.69,38.66,38.75,39.8
47049,36.02,37.42,42.62,41.71,40.89,40.88,41.4,42.5,41.06,40.05,43.05,39.45,40.29,40.04,40.85,42.95,42.88,44.93,40.78,39.08,40.89,38.69,38.66,38.75,39.8
47051,36.02,37.42,42.62,41.71,40.89,40.88,41.4,42.5,41.06,40.05,43.05,39.45,40.29,40.04,40.85,42.95,42.88,44.93,40.78,39.08,40.89,38.69,38.66,38.75,39.8
47053,36.02,37.42,42.62,41.71,40.89,40.88,41.4,42.5,41.06,40.05,43.05,39.45,40.29,40.04,40.85,42.95,42.88,44.93,40.78,39.08,40.89,38.69,38.66,38.75,39.8
47055,36.02,37.42,42.62,41.71,40.89,40.88,41.4,42.5,41.06,40.05,43.05,39.45,40.29,40.04,40.85,42.95,42.88,44.93,40.78,39.08,40.89,38.69,38.66,38.75,39.8
47057,36.02,37.42,42.62,41.71,40.89,40.88,41.4,42.5,41.06,40.05,43.05,39.45,40.29,40.04,40.85,42.95,42.88,44.93,40.78,39.08,40.89,38.69,38.66,38.75,39.8
47059,36.02,37.42,42.62,41.71,40.89,40.88,41.4,42.5,41.06,40.05,43.05,39.45,40.29,40.04,40.85,42.95,42.88,44.93,40.78,39.08,40.89,38.69,38.66,38.75,39.8
47061,36.02,37.42,42.62,41.71,40.89,40.88,41.4,42.5,41.06,40.05,43.05,39.45,40.29,40.04,40.85,42.95,42.88,44.93,40.78,39.08,40.89,38.69,38.66,38.75,39.8
47063,36.02,37.42,42.62,41.71,40.89,40.88,41.4,42.5,41.06,40.05,43.05,39.45,40.29,40.04,40.85,42.95,42.88,44.93,40.78,39.08,40.89,38.69,38.66,38.75,39.8
47065,36.02,37.42,42.62,41.71,40.89,40.88,41.4,42.5,41.06,40.05,43.05,39.45,40.29,40.04,40.85,42.95,42.88,44.93,40.78,39.08,40.89,38.69,38.66,38.75,39.8
47067,36.02,37.42,42.62,41.71,40.89,40.88,41.4,42.5,41.06,40.05,43.05,39.45,40.29,40.04,40.85,42.95,42.88,44.93,40.78,39.08,40.89,38.69,38.66,38.75,39.8
47069,36.02,37.42,42.62,41.71,40.89,40.88,41.4,42.5,41.06,40.05,43.05,39.45,40.29,40.04,40.85,42.95,42.88,44.93,40.78,39.08,40.89,38.69,38.66,38.75,39.8
47071,36.02,37.42,42.62,41.71,40.89,40.88,41.4,42.5,41.06,40.05,43.05,39.45,40.29,40.04,40.85,42.95,42.88,44.93,40.78,39.08,40.89,38.69,38.66,38.75,39.8
47073,36.02,37.42,42.62,41.71,40.89,40.88,41.4,42.5,41.06,40.05,43.05,39.45,40.29,40.04,40.85,42.95,42.88,44.93,40.78,39.08,40.89,38.69,38.66,38.75,39.8
47075,36.02,37.42,42.62,41.71,40.89,40.88,41.4,42.5,41.06,40.05,43.05,39.45,40.29,40.04,40.85,42.95,42.88,44.93,40.78,39.08,40.89,38.69,38.66,38.75,39.8
47077,36.02,37.42,42.62,41.71,40.89,40.88,41.4,42.5,41.06,40.05,43.05,39.45,40.29,40.04,40.85,42.95,42.88,44.93,40.78,39.08,40.89,38.69,38.66,38.75,39.8
47079,36.02,37.42,42.62,41.71,40.89,40.88,41.4,42.5,41.06,40.05,43.05,39.45,40.29,40.04,40.85,42.95,42.88,44.93,40.78,39.08,40.89,38.69,38.66,38.75,39.8
47081,36.02,37.42,42.62,41.71,40.89,40.88,41.4,42.5,41.06,40.05,43.05,39.45,40.29,40.04,40.85,42.95,42.88,44.93,40.78,39.08,40.89,38.69,38.66,38.75,39.8
47083,36.02,37.42,42.62,41.71,40.89,40.88,41.4,42.5,41.06,40.05,43.05,39.45,40.29,40.04,40.85,42.95,42.88,44.93,40.78,39.08,40.89,38.69,38.66,38.75,39.8
47085,36.02,37.42,42.62,41.71,40.89,40.88,41.4,42.5,41.06,40.05,43.05,39.45,40.29,40.04,40.85,42.95,42.88,44.93,40.78,39.08,40.89,38.69,38.66,38.75,39.8
47087,36.02,37.42,42.62,41.71,40.89,40.88,41.4,42.5,41.06,40.05,43.05,39.45,40.29,40.04,40.85,42.95,42.88,44.93,40.78,39.08,40.89,38.69,38.66,38.75,39.8
47089,36.02,37.42,42.62,41.71,40.89,40.88,41.4,42.5,41.06,40.05,43.05,39.45,40.29,40.04,40.85,42.95,42.88,44.93,40.78,39.08,40.89,38.69,38.66,38.75,39.8
47091,36.02,37.42,42.62,41.71,40.89,40.88,41.4,42.5,41.06,40.05,43.05,39.45,40.29,40.04,40.85,42.95,42.88,44.93,40.78,39.08,40.89,38.69,38.66,38.75,39.8
47093,36.02,37.42,42.62,41.71,40.89,40.88,41.4,42.5,41.06,40.05,43.05,39.45,40.29,40.04,40.85,42.95,42.88,44.93,40.78,39.08,40.89,38.69,38.66,38.75,39.8
47095,36.02,37.42,42.62,41.71,40.89,40.88,41.4,42.5,41.06,40.05,43.05,39.45,40.29,40.04,40.85,42.95,42.88,44.93,40.78,39.08,40.89,38.69,38.66,38.75,39.8
47097,36.02,37.42,42.62,41.71,40.89,40.88,41.4,42.5,41.06,40.05,43.05,39.45,40.29,40.04,40.85,42.95,42.88,44.93,40.78,39.08,40.89,38.69,38.66,38.75,39.8
47099,36.02,37.42,42.62,41.71,40.89,40.88,41.4,42.5,41.06,40.05,43.05,39.45,40.29,40.04,40.85,42.95,42.88,44.93,40.78,39.08,40.89,38.69,38.66,38.75,39.8
47101,36.02,37.42,42.62,41.71,40.89,40.88,41.4,42.5,41.06,40.05,43.05,39.45,40.29,40.04,40.85,42.95,42.88,44.93,40.78,39.08,40.89,38.69,38.66,38.75,39.8
47103,36.02,37.42,42.62,41.71,40.89,40.88,41.4,42.5,41.06,40.05,43.05,39.45,40.29,40.04,40.85,42.95,42.88,44.93,40.78,39.08,40.89,38.69,38.66,38.75,39.8
47105,36.02,37.42,42.62,41.71,40.89,40.88,41.4,42.5,41.06,40.05,43.05,39.45,40.29,40.04,40.85,42.95,42.88,44.93,40.78,39.08,40.89,38.69,38.66,38.75,39.8
47107,36.02,37.42,42.62,41.71,40.89,40.88,41.4,42.5,41.06,40.05,43.05,39.45,40.29,40.04,40.85,42.95,42.88,44.93,40.78,39.08,40.89,38.69,38.66,38.75,39.8
47109,36.02,37.42,42.62,41.71,40.89,40.88,41.4,42.5,41.06,40.05,43.05,39.45,40.29,40.04,40.85,42.95,42.88,44.93,40.78,39.08,40.89,38.69,38.66,38.75,39.8
47111,36.02,37.42,42.62,41.71,40.89,40.88,41.4,42.5,41.06,40.05,43.05,39.45,40.29,40.04,40.85,42.95,42.88,44.93,40.78,39.08,40.89,38.69,38.66,38.75,39.8
47113,36.02,37.42,42.62,41.71,40.89,40.88,41.4,42.5,41.06,40.05,43.05,39.45,40.29,40.04,40.85,42.95,42.88,44.93,40.78,39.08,40.89,38.69,38.66,38.75,39.8
47115,36.02,37.42,42.62,41.71,40.89,40.88,41.4,42.5,41.06,40.05,43.05,39.45,40.29,40.04,40.85,42.95,42.88,44.93,40.78,39.08,40.89,38.69,38.66,38.75,39.8
47117,36.02,37.42,42.62,41.71,40.89,40.88,41.4,42.5,41.06,40.05,43.05,39.45,40.29,40.04,40.85,42.95,42.88,44.93,40.78,39.08,40.89,38.69,38.66,38.75,39.8
47119,36.02,37.42,42.62,41.71,40.89,40.88,41.4,42.5,41.06,40.05,43.05,39.45,40.29,40.04,40.85,42.95,42.88,44.93,40.78,39.08,40.89,38.69,38.66,38.75,39.8
47121,36.02,37.42,42.62,41.71,40.89,40.88,41.4,42.5,41.06,40.05,43.05,39.45,40.29,40.04,40.85,42.95,42.88,44.93,40.78,39.08,40.89,38.69,38.66,38.75,39.8
47123,36.02,37.42,42.62,41.71,40.89,40.88,41.4,42.5,41.06,40.05,43.05,39.45,40.29,40.04,40.85,42.95,42.88,44.93,40.78,39.08,40.89,38.69,38.66,38.75,39.8
47125,36.02,37.42,42.62,41.71,40.89,40.88,41.4,42.5,41.06,40.05,43.05,39.45,40.29,40.04,40.85,42.95,42.88,44.93,40.78,39.08,40.89,38.69,38.66,38.75,39.8
47127,36.02,37.42,42.62,41.71,40.89,40.88,41.4,42.5,41.06,40.05,43.05,39.45,40.29,40.04,40.85,42.95,42.88,44.93,40.78,39.08,40.89,38.69,38.66,38.75,39.8
47129,36.02,37.42,42.62,41.71,40.89,40.88,41.4,42.5,41.06,40.05,43.05,39.45,40.29,40.04,40.85,42.95,42.88,44.93,40.78,39.08,40.89,38.69,38.66,38.75,39.8
47131,36.02,37.42,42.62,41.71,40.89,40.88,41.4,42.5,41.06,40.05,43.05,39.45,40.29,40.04,40.85,42.95,42.88,44.93,40.78,39.08,40.89,38.69,38.66,38.75,39.8
47133,36.02,37.42,42.62,41.71,40.89,40.88,41.4,42.5,41.06,40.05,43.05,39.45,40.29,40.04,40.85,42.95,42.88,44.93,40.78,39.08,40.89,38.69,38.66,38.75,39.8
47135,36.02,37.42,42.62,41.71,40.89,40.88,41.4,42.5,41.06,40.05,43.05,39.45,40.29,40.04,40.85,42.95,42.88,44.93,40.78,39.08,40.89,38.69,38.66,38.75,39.8
47137,36.02,37.42,42.62,41.71,40.89,40.88,41.4,42.5,41.06,40.05,43.05,39.45,40.29,40.04,40.85,42.95,42.88,44.93,40.78,39.08,40.89,38.69,38.66,38.75,39.8
47139,36.02,37.42,42.62,41.71,40.89,40.88,41.4,42.5,41.06,40.05,43.05,39.45,40.29,40.04,40.85,42.95,42.88,44.93,40.78,39.08,40.89,38.69,38.66,38.75,39.8
47141,36.02,37.42,42.62,41.71,40.89,40.88,41.4,42.5,41.06,40.05,43.05,39.45,40.29,40.04,40.85,42.95,42.88,44.93,40.78,39.08,40.89,38.69,38.66,38.75,39.8
47143,36.02,37.42,42.62,41.71,40.89,40.88,41.4,42.5,41.06,40.05,43.05,39.45,40.29,40.04,40.85,42.95,42.88,44.93,40.78,39.08,40.89,38.69,38.66,38.75,39.8
47145,36.02,37.42,42.62,41.71,40.89,40.88,41.4,42.5,41.06,40.05,43.05,39.45,40.29,40.04,40.85,42.95,42.88,44.93,40.78,39.08,40.89,38.69,38.66,38.75,39.8
47147,36.02,37.42,42.62,41.71,40.89,40.88,41.4,42.5,41.06,40.05,43.05,39.45,40.29,40.04,40.85,42.95,42.88,44.93,40.78,39.08,40.89,38.69,38.66,38.75,39.8
47149,36.02,37.42,42.62,41.71,40.89,40.88,41.4,42.5,41.06,40.05,43.05,39.45,40.29,40.04,40.85,42.95,42.88,44.93,40.78,39.08,40.89,38.69,38.66,38.75,39.8
47151,36.02,37.42,42.62,41.71,40.89,40.88,41.4,42.5,41.06,40.05,43.05,39.45,40.29,40.04,40.85,42.95,42.88,44.93,40.78,39.08,40.89,38.69,38.66,38.75,39.8
47153,36.02,37.42,42.62,41.71,40.89,40.88,41.4,42.5,41.06,40.05,43.05,39.45,40.29,40.04,40.85,42.95,42.88,44.93,40.78,39.08,40.89,38.69,38.66,38.75,39.8
47155,36.02,37.42,42.62,41.71,40.89,40.88,41.4,42.5,41.06,40.05,43.05,39.45,40.29,40.04,40.85,42.95,42.88,44.93,40.78,39.08,40.89,38.69,38.66,38.75,39.8
47157,36.02,37.42,42.62,41.71,40.89,40.88,41.4,42.5,41.06,40.05,43.05,39.45,40.29,40.04,40.85,42.95,42.88,44.93,40.78,39.08,40.89,38.69,38.66,38.75,39.8
47159,36.02,37.42,42.62,41.71,40.89,40.88,41.4,42.5,41.06,40.05,43.05,39.45,40.29,40.04,40.85,42.95,42.88,44.93,40.78,39.08,40.89,38.69,38.66,38.75,39.8
47161,36.02,37.42,42.62,41.71,40.89,40.88,41.4,42.5,41.06,40.05,43.05,39.45,40.29,40.04,40.85,42.95,42.88,44.93,40.78,39.08,40.89,38.69,38.66,38.75,39.8
47163,36.02,37.42,42.62,41.71,40.89,40.88,41.4,42.5,41.06,40.05,43.05,39.45,40.29,40.04,40.85,42.95,42.88,44.93,40.78,39.08,40.89,38.69,38.66,38.75,39.8
47165,36.02,37.42,42.62,41.71,40.89,40.88,41.4,42.5,41.06,40.05,43.05,39.45,40.29,40.04,40.85,42.95,42.88,44.93,40.78,39.08,40.89,38.69,38.66,38.75,39.8
47167,36.02,37.42,42.62,41.71,40.89,40.88,41.4,42.5,41.06,40.05,43.05,39.45,40.29,40.04,40.85,42.95,42.88,44.93,40.78,39.08,40.89,38.69,38.66,38.75,39.8
47169,36.02,37.42,42.62,41.71,40.89,40.88,41.4,42.5,41.06,40.05,43.05,39.45,40.29,40.04,40.85,42.95,42.88,44.93,40.78,39.08,40.89,38.69,38.66,38.75,39.8
47171,36.02,37.42,42.62,41.71,40.89,40.88,41.4,42.5,41.06,40.05,43.05,39.45,40.29,40.04,40.85,42.95,42.88,44.93,40.78,39.08,40.89,38.69,38.66,38.75,39.8
47173,36.02,37.42,42.62,41.71,40.89,40.88,41.4,42.5,41.06,40.05,43.05,39.45,40.29,40.04,40.85,42.95,42.88,44.93,40.78,39.08,40.89,38.69,38.66,38.75,39.8
47175,36.02,37.42,42.62,41.71,40.89,40.88,41.4,42.5,41.06,40.05,43.05,39.45,40.29,40.04,40.85,42.95,42.88,44.93,40.78,39.08,40.89,38.69,38.66,38.75,39.8
47177,36.02,37.42,42.62,41.71,40.89,40.88,41.4,42.5,41.06,40.05,43.05,39.45,40.29,40.04,40.85,42.95,42.88,44.93,40.78,39.08,40.89,38.69,38.66,38.75,39.8
47179,36.02,37.42,42.62,41.71,40.89,40.88,41.4,42.5,41.06,40.05,43.05,39.45,40.29,40.04,40.85,42.95,42.88,44.93,40.78,39.08,40.89,38.69,38.66,38.75,39.8
47181,36.02,37.42,42.62,41.71,40.89,40.88,41.4,42.5,41.06,40.05,43.05,39.45,40.29,40.04,40.85,42.95,42.88,44.93,40.78,39.08,40.89,38.69,38.66,38.75,39.8
47183,36.02,37.42,42.62,41.71,40.89,40.88,41.4,42.5,41.06,40.05,43.05,39.45,40.29,40.04,40.85,42.95,42.88,44.93,40.78,39.08,40.89,38.69,38.66,38.75,39.8
47185,36.02,37.42,42.62,41.71,40.89,40.88,41.4,42.5,41.06,40.05,43.05,39.45,40.29,40.04,40.85,42.95,42.88,44.93,40.78,39.08,40.89,38.69,38.66,38.75,39.8
47187,36.02,37.42,42.62,41.71,40.89,40.88,41.4,42.5,41.06,40.05,43.05,39.45,40.29,40.04,40.85,42.95,42.88,44.93,40.78,39.08,40.89,38.69,38.66,38.75,39.8
47189,36.02,37.42,42.62,41.71,40.89,40.88,41.4,42.5,41.06,40.05,43.05,39.45,40.29,40.04,40.85,42.95,42.88,44.93,40.78,39.08,40.89,38.69,38.66,38.75,39.8
48001,36.02,37.42,42.62,41.71,40.89,40.88,41.4,42.5,41.06,40.05,43.05,39.45,40.29,40.04,40.85,42.95,42.88,44.93,40.78,39.08,40.89,38.69,38.66,38.75,39.8
48003,36.02,37.42,42.62,41.71,40.89,40.88,41.4,42.5,41.06,40.05,43.05,39.45,40.29,40.04,40.85,42.95,42.88,44.93,40.78,39.08,40.89,38.69,38.66,38.75,39.8
48005,36.02,37.42,42.62,41.71,40.89,40.88,41.4,42.5,41.06,40.05,43.05,39.45,40.29,40.04,40.85,42.95,42.88,44.93,40.78,39.08,40.89,38.69,38.66,38.75,39.8
48007,36.02,37.42,42.62,41.71,40.89,40.88,41.4,42.5,41.06,40.05,43.05,39.45,40.29,40.04,40.85,42.95,42.88,44.93,40.78,39.08,40.89,38.69,38.66,38.75,39.8
48009,36.02,37.42,42.62,41.71,40.89,40.88,41.4,42.5,41.06,40.05,43.05,39.45,40.29,40.04,40.85,42.95,42.88,44.93,40.78,39.08,40.89,38.69,38.66,38.75,39.8
48011,36.02,37.42,42.62,41.71,40.89,40.88,41.4,42.5,41.06,40.05,43.05,39.45,40.29,40.04,40.85,42.95,42.88,44.93,40.78,39.08,40.89,38.69,38.66,38.75,39.8
48013,36.02,37.42,42.62,41.71,40.89,40.88,41.4,42.5,41.06,40.05,43.05,39.45,40.29,40.04,40.85,42.95,42.88,44.93,40.78,39.08,40.89,38.69,38.66,38.75,39.8
48015,36.02,37.42,42.62,41.71,40.89,40.88,41.4,42.5,41.06,40.05,43.05,39.45,40.29,40.04,40.85,42.95,42.88,44.93,40.78,39.08,40.89,38.69,38.66,38.75,39.8
48017,36.02,37.42,42.62,41.71,40.89,40.88,41.4,42.5,41.06,40.05,43.05,39.45,40.29,40.04,40.85,42.95,42.88,44.93,40.78,39.08,40.89,38.69,38.66,38.75,39.8
48019,36.02,37.42,42.62,41.71,40.89,40.88,41.4,42.5,41.06,40.05,43.05,39.45,40.29,40.04,40.85,42.95,42.88,44.93,40.78,39.08,40.89,38.69,38.66,38.75,39.8
48021,36.02,37.42,42.62,41.71,40.89,40.88,41.4,42.5,41.06,40.05,43.05,39.45,40.29,40.04,40.85,42.95,42.88,44.93,40.78,39.08,40.89,38.69,38.66,38.75,39.8
48023,36.02,37.42,42.62,41.71,40.89,40.88,41.4,42.5,41.06,40.05,43.05,39.45,40.29,40.04,40.85,42.95,42.88,44.93,40.78,39.08,40.89,38.69,38.66,38.75,39.8
48025,36.02,37.42,42.62,41.71,40.89,40.88,41.4,42.5,41.06,40.05,43.05,39.45,40.29,40.04,40.85,42.95,42.88,44.93,40.78,39.08,40.89,38.69,38.66,38.75,39.8
48027,36.02,37.42,42.62,41.71,40.89,40.88,41.4,42.5,41.06,40.05,43.05,39.45,40.29,40.04,40.85,42.95,42.88,44.93,40.78,39.08,40.89,38.69,38.66,38.75,39.8
48029,36.02,37.42,42.62,41.71,40.89,40.88,41.4,42.5,41.06,40.05,43.05,39.45,40.29,40.04,40.85,42.95,42.88,44.93,40.78,39.08,40.89,38.69,38.66,38.75,39.8
48031,36.02,37.42,42.62,41.71,40.89,40.88,41.4,42.5,41.06,40.05,43.05,39.45,40.29,40.04,40.85,42.95,42.88,44.93,40.78,39.08,40.89,38.69,38.66,38.75,39.8
48033,36.02,37.42,42.62,41.71,40.89,40.88,41.4,42.5,41.06,40.05,43.05,39.45,40.29,40.04,40.85,42.95,42.88,44.93,40.78,39.08,40.89,38.69,38.66,38.75,39.8
48035,36.02,37.42,42.62,41.71,40.89,40.88,41.4,42.5,41.06,40.05,43.05,39.45,40.29,40.04,40.85,42.95,42.88,44.93,40.78,39.08,40.89,38.69,38.66,38.75,39.8
48037,36.02,37.42,42.62,41.71,40.89,40.88,41.4,42.5,41.06,40.05,43.05,39.45,40.29,40.04,40.85,42.95,42.88,44.93,40.78,39.08,40.89,38.69,38.66,38.75,39.8
48039,36.02,37.42,42.62,41.71,40.89,40.88,41.4,42.5,41.06,40.05,43.05,39.45,40.29,40.04,40.85,42.95,42.88,44.93,40.78,39.08,40.89,38.69,38.66,38.75,39.8
48041,36.02,37.42,42.62,41.71,40.89,40.88,41.4,42.5,41.06,40.05,43.05,39.45,40.29,40.04,40.85,42.95,42.88,44.93,40.78,39.08,40.89,38.69,38.66,38.75,39.8
48043,36.02,37.42,42.62,41.71,40.89,40.88,41.4,42.5,41.06,40.05,43.05,39.45,40.29,40.04,40.85,42.95,42.88,44.93,40.78,39.08,40.89,38.69,38.66,38.75,39.8
48045,36.02,37.42,42.62,41.71,40.89,40.88,41.4,42.5,41.06,40.05,43.05,39.45,40.29,40.04,40.85,42.95,42.88,44.93,40.78,39.08,40.89,38.69,38.66,38.75,39.8
48047,36.02,37.42,42.62,41.71,40.89,40.88,41.4,42.5,41.06,40.05,43.05,39.45,40.29,40.04,40.85,42.95,42.88,44.93,40.78,39.08,40.89,38.69,38.66,38.75,39.8
48049,36.02,37.42,42.62,41.71,40.89,40.88,41.4,42.5,41.06,40.05,43.05,39.45,40.29,40.04,40.85,42.95,42.88,44.93,40.78,39.08,40.89,38.69,38.66,38.75,39.8
48051,36.02,37.42,42.62,41.71,40.89,40.88,41.4,42.5,41.06,40.05,43.05,39.45,40.29,40.04,40.85,42.95,42.88,44.93,40.78,39.08,40.89,38.69,38.66,38.75,39.8
48053,36.02,37.42,42.62,41.71,40.89,40.88,41.4,42.5,41.06,40.05,43.05,39.45,40.29,40.04,40.85,42.95,42.88,44.93,40.78,39.08,40.89,38.69,38.66,38.75,39.8
48055,36.02,37.42,42.62,41.71,40.89,40.88,41.4,42.5,41.06,40.05,43.05,39.45,40.29,40.04,40.85,42.95,42.88,44.93,40.78,39.08,40.89,38.69,38.66,38.75,39.8
48057,36.02,37.42,42.62,41.71,40.89,40.88,41.4,42.5,41.06,40.05,43.05,39.45,40.29,40.04,40.85,42.95,42.88,44.93,40.78,39.08,40.89,38.69,38.66,38.75,39.8
48059,36.02,37.42,42.62,41.71,40.89,40.88,41.4,42.5,41.06,40.05,43.05,39.45,40.29,40.04,40.85,42.95,42.88,44.93,40.78,39.08,40.89,38.69,38.66,38.75,39.8
48061,36.02,37.42,42.62,41.71,40.89,40.88,41.4,42.5,41.06,40.05,43.05,39.45,40.29,40.04,40.85,42.95,42.88,44.93,40.78,39.08,40.89,38.69,38.66,38.75,39.8
48063,36.02,37.42,42.62,41.71,40.89,40.88,41.4,42.5,41.06,40.05,43.05,39.45,40.29,40.04,40.85,42.95,42.88,44.93,40.78,39.08,40.89,38.69,38.66,38.75,39.8
48065,36.02,37.42,42.62,41.71,40.89,40.88,41.4,42.5,41.06,40.05,43.05,39.45,40.29,40.04,40.85,42.95,42.88,44.93,40.78,39.08,40.89,38.69,38.66,38.75,39.8
48067,36.02,37.42,42.62,41.71,40.89,40.88,41.4,42.5,41.06,40.05,43.05,39.45,40.29,40.04,40.85,42.95,42.88,44.93,40.78,39.08,40.89,38.69,38.66,38.75,39.8
48069,36.02,37.42,42.62,41.71,40.89,40.88,41.4,42.5,41.06,40.05,43.05,39.45,40.29,40.04,40.85,42.95,42.88,44.93,40.78,39.08,40.89,38.69,38.66,38.75,39.8
48071,36.02,37.42,42.62,41.71,40.89,40.88,41.4,42.5,41.06,40.05,43.05,39.45,40.29,40.04,40.85,42.95,42.88,44.93,40.78,39.08,40.89,38.69,38.66,38.75,39.8
48073,36.02,37.42,42.62,41.71,40.89,40.88,41.4,42.5,41.06,40.05,43.05,39.45,40.29,40.04,40.85,42.95,42.88,44.93,40.78,39.08,40.89,38.69,38.66,38.75,39.8
48075,36.02,37.42,42.62,41.71,40.89,40.88,41.4,42.5,41.06,40.05,43.05,39.45,40.29,40.04,40.85,42.95,42.88,44.93,40.78,39.08,40.89,38.69,38.66,38.75,39.8
48077,36.02,37.42,42.62,41.71,40.89,40.88,41.4,42.5,41.06,40.05,43.05,39.45,40.29,40.04,40.85,42.95,42.88,44.93,40.78,39.08,40.89,38.69,38.66,38.75,39.8
48079,36.02,37.42,42.62,41.71,40.89,40.88,41.4,42.5,41.06,40.05,43.05,39.45,40.29,40.04,40.85,42.95,42.88,44.93,40.78,39.08,40.89,38.69,38.66,38.75,39.8
48081,36.02,37.42,42.62,41.71,40.89,40.88,41.4,42.5,41.06,40.05,43.05,39.45,40.29,40.04,40.85,42.95,42.88,44.93,40.78,39.08,40.89,38.69,38.66,38.75,39.8
48083,36.02,37.42,42.62,41.71,40.89,40.88,41.4,42.5,41.06,40.05,43.05,39.45,40.29,40.04,40.85,42.95,42.88,44.93,40.78,39.08,40.89,38.69,38.66,38.75,39.8
48085,36.02,37.42,42.62,41.71,40.89,40.88,41.4,42.5,41.06,40.05,43.05,39.45,40.29,40.04,40.85,42.95,42.88,44.93,40.78,39.08,40.89,38.69,38.66,38.75,39.8
48087,36.02,37.42,42.62,41.71,40.89,40.88,41.4,42.5,41.06,40.05,43.05,39.45,40.29,40.04,40.85,42.95,42.88,44.93,40.78,39.08,40.89,38.69,38.66,38.75,39.8
48089,36.02,37.42,42.62,41.71,40.89,40.88,41.4,42.5,41.06,40.05,43.05,39.45,40.29,40.04,40.85,42.95,42.88,44.93,40.78,39.08,40.89,38.69,38.66,38.75,39.8
48091,36.02,37.42,42.62,41.71,40.89,40.88,41.4,42.5,41.06,40.05,43.05,39.45,40.29,40.04,40.85,42.95,42.88,44.93,40.78,39.08,40.89,38.69,38.66,38.75,39.8
48093,36.02,37.42,42.62,41.71,40.89,40.88,41.4,42.5,41.06,40.05,43.05,39.45,40.29,40.04,40.85,42.95,42.88,44.93,40.78,39.08,40.89,38.69,38.66,38.75,39.8
48095,36.02,37.42,42.62,41.71,40.89,40.88,41.4,42.5,41.06,40.05,43.05,39.45,40.29,40.04,40.85,42.95,42.88,44.93,40.78,39.08,40.89,38.69,38.66,38.75,39.8
48097,36.02,37.42,42.62,41.71,40.89,40.88,41.4,42.5,41.06,40.05,43.05,39.45,40.29,40.04,40.85,42.95,42.88,44.93,40.78,39.08,40.89,38.69,38.66,38.75,39.8
48099,36.02,37.42,42.62,41.71,40.89,40.88,41.4,42.5,41.06,40.05,43.05,39.45,40.29,40.04,40.85,42.95,42.88,44.93,40.78,39.08,40.89,38.69,38.66,38.75,39.8
48101,36.02,37.42,42.62,41.71,40.89,40.88,41.4,42.5,41.06,40.05,43.05,39.45,40.29,40.04,40.85,42.95,42.88,44.93,40.78,39.08,40.89,38.69,38.66,38.75,39.8
48103,36.02,37.42,42.62,41.71,40.89,40.88,41.4,42.5,41.06,40.05,43.05,39.45,40.29,40.04,40.85,42.95,42.88,44.93,40.78,39.08,40.89,38.69,38.66,38.75,39.8
48105,36.02,37.42,42.62,41.71,40.89,40.88,41.4,42.5,41.06,40.05,43.05,39.45,40.29,40.04,40.85,42.95,42.88,44.93,40.78,39.08,40.89,38.69,38.66,38.75,39.8
48107,36.02,37.42,42.62,41.71,40.89,40.88,41.4,42.5,41.06,40.05,43.05,39.45,40.29,40.04,40.85,42.95,42.88,44.93,40.78,39.08,40.89,38.69,38.66,38.75,39.8
48109,36.02,37.42,42.62,41.71,40.89,40.88,41.4,42.5,41.06,40.05,43.05,39.45,40.29,40.04,40.85,42.95,42.88,44.93,40.78,39.08,40.89,38.69,38.66,38.75,39.8
48111,36.02,37.42,42.62,41.71,40.89,40.88,41.4,42.5,41.06,40.05,43.05,39.45,40.29,40.04,40.85,42.95,42.88,44.93,40.78,39.08,40.89,38.69,38.66,38.75,39.8
48113,36.02,37.42,42.62,41.71,40.89,40.88,41.4,42.5,41.06,40.05,43.05,39.45,40.29,40.04,40.85,42.95,42.88,44.93,40.78,39.08,40.89,38.69,38.66,38.75,39.8
48115,36.02,37.42,42.62,41.71,40.89,40.88,41.4,42.5,41.06,40.05,43.05,39.45,40.29,40.04,40.85,42.95,42.88,44.93,40.78,39.08,40.89,38.69,38.66,38.75,39.8
48117,36.02,37.42,42.62,41.71,40.89,40.88,41.4,42.5,41.06,40.05,43.05,39.45,40.29,40.04,40.85,42.95,42.88,44.93,40.78,39.08,40.89,38.69,38.66,38.75,39.8
48119,36.02,37.42,42.62,41.71,40.89,40.88,41.4,42.5,41.06,40.05,43.05,39.45,40.29,40.04,40.85,42.95,42.88,44.93,40.78,39.08,40.89,38.69,38.66,38.75,39.8
48121,36.02,37.42,42.62,41.71,40.89,40.88,41.4,42.5,41.06,40.05,43.05,39.45,40.29,40.04,40.85,42.95,42.88,44.93,40.78,39.08,40.89,38.69,38.66,38.75,39.8
48123,36.02,37.42,42.62,41.71,40.89,40.88,41.4,42.5,41.06,40.05,43.05,39.45,40.29,40.04,40.85,42.95,42.88,44.93,40.78,39.08,40.89,38.69,38.66,38.75,39.8
48125,36.02,37.42,42.62,41.71,40.89,40.88,41.4,42.5,41.06,40.05,43.05,39.45,40.29,40.04,40.85,42.95,42.88,44.93,40.78,39.08,40.89,38.69,38.66,38.75,39.8
48127,36.02,37.42,42.62,41.71,40.89,40.88,41.4,42.5,41.06,40.05,43.05,39.45,40.29,40.04,40.85,42.95,42.88,44.93,40.78,39.08,40.89,38.69,38.66,38.75,39.8
48129,36.02,37.42,42.62,41.71,40.89,40.88,41.4,42.5,41.06,40.05,43.05,39.45,40.29,40.04,40.85,42.95,42.88,44.93,40.78,39.08,40.89,38.69,38.66,38.75,39.8
48131,36.02,37.42,42.62,41.71,40.89,40.88,41.4,42.5,41.06,40.05,43.05,39.45,40.29,40.04,40.85,42.95,42.88,44.93,40.78,39.08,40.89,38.69,38.66,38.75,39.8
48133,36.02,37.42,42.62,41.71,40.89,40.88,41.4,42.5,41.06,40.05,43.05,39.45,40.29,40.04,40.85,42.95,42.88,44.93,40.78,39.08,40.89,38.69,38.66,38.75,39.8
48135,36.02,37.42,42.62,41.71,40.89,40.88,41.4,42.5,41.06,40.05,43.05,39.45,40.29,40.04,40.85,42.95,42.88,44.93,40.78,39.08,40.89,38.69,38.66,38.75,39.8
48137,36.02,37.42,42.62,41.71,40.89,40.88,41.4,42.5,41.06,40.05,43.05,39.45,40.29,40.04,40.85,42.95,42.88,44.93,40.78,39.08,40.89,38.69,38.66,38.75,39.8
48139,36.02,37.42,42.62,41.71,40.89,40.88,41.4,42.5,41.06,40.05,43.05,39.45,40.29,40.04,40.85,42.95,42.88,44.93,40.78,39.08,40.89,38.69,38.66,38.75,39.8
48141,36.02,37.42,42.62,41.71,40.89,40.88,41.4,42.5,41.06,40.05,43.05,39.45,40.29,40.04,40.85,42.95,42.88,44.93,40.78,39.08,40.89,38.69,38.66,38.75,39.8
48143,36.02,37.42,42.62,41.71,40.89,40.88,41.4,42.5,41.06,40.05,43.05,39.45,40.29,40.04,40.85,42.95,42.88,44.93,40.78,39.08,40.89,38.69,38.66,38.75,39.8
48145,36.02,37.42,42.62,41.71,40.89,40.88,41.4,42.5,41.06,40.05,43.05,39.45,40.29,40.04,40.85,42.95,42.88,44.93,40.78,39.08,40.89,38.69,38.66,38.75,39.8
48147,36.02,37.42,42.62,41.71,40.89,40.88,41.4,42.5,41.06,40.05,43.05,39.45,40.29,40.04,40.85,42.95,42.88,44.93,40.78,39.08,40.89,38.69,38.66,38.75,39.8
48149,36.02,37.42,42.62,41.71,40.89,40.88,41.4,42.5,41.06,40.05,43.05,39.45,40.29,40.04,40.85,42.95,42.88,44.93,40.78,39.08,40.89,38.69,38.66,38.75,39.8
48151,36.02,37.42,42.62,41.71,40.89,40.88,41.4,42.5,41.06,40.05,43.05,39.45,40.29,40.04,40.85,42.95,42.88,44.93,40.78,39.08,40.89,38.69,38.66,38.75,39.8
48153,36.02,37.42,42.62,41.71,40.89,40.88,41.4,42.5,41.06,40.05,43.05,39.45,40.29,40.04,40.85,42.95,42.88,44.93,40.78,39.08,40.89,38.69,38.66,38.75,39.8
48155,36.02,37.42,42.62,41.71,40.89,40.88,41.4,42.5,41.06,40.05,43.05,39.45,40.29,40.04,40.85,42.95,42.88,44.93,40.78,39.08,40.89,38.69,38.66,38.75,39.8
48157,36.02,37.42,42.62,41.71,40.89,40.88,41.4,42.5,41.06,40.05,43.05,39.45,40.29,40.04,40.85,42.95,42.88,44.93,40.78,39.08,40.89,38.69,38.66,38.75,39.8
48159,36.02,37.42,42.62,41.71,40.89,40.88,41.4,42.5,41.06,40.05,43.05,39.45,40.29,40.04,40.85,42.95,42.88,44.93,40.78,39.08,40.89,38.69,38.66,38.75,39.8
48161,36.02,37.42,42.62,41.71,40.89,40.88,41.4,42.5,41.06,40.05,43.05,39.45,40.29,40.04,40.85,42.95,42.88,44.93,40.78,39.08,40.89,38.69,38.66,38.75,39.8
48163,36.02,37.42,42.62,41.71,40.89,40.88,41.4,42.5,41.06,40.05,43.05,39.45,40.29,40.04,40.85,42.95,42.88,44.93,40.78,39.08,40.89,38.69,38.66,38.75,39.8
48165,36.02,37.42,42.62,41.71,40.89,40.88,41.4,42.5,41.06,40.05,43.05,39.45,40.29,40.04,40.85,42.95,42.88,44.93,40.78,39.08,40.89,38.69,38.66,38.75,39.8
48167,36.02,37.42,42.62,41.71,40.89,40.88,41.4,42.5,41.06,40.05,43.05,39.45,40.29,40.04,40.85,42.95,42.88,44.93,40.78,39.08,40.89,38.69,38.66,38.75,39.8
48169,36.02,37.42,42.62,41.71,40.89,40.88,41.4,42.5,41.06,40.05,43.05,39.45,40.29,40.04,40.85,42.95,42.88,44.93,40.78,39.08,40.89,38.69,38.66,38.75,39.8
48171,36.02,37.42,42.62,41.71,40.89,40.88,41.4,42.5,41.06,40.05,43.05,39.45,40.29,40.04,40.85,42.95,42.88,44.93,40.78,39.08,40.89,38.69,38.66,38.75,39.8
48173,36.02,37.42,42.62,41.71,40.89,40.88,41.4,42.5,41.06,40.05,43.05,39.45,40.29,40.04,40.85,42.95,42.88,44.93,40.78,39.08,40.89,38.69,38.66,38.75,39.8
48175,36.02,37.42,42.62,41.71,40.89,40.88,41.4,42.5,41.06,40.05,43.05,39.45,40.29,40.04,40.85,42.95,42.88,44.93,40.78,39.08,40.89,38.69,38.66,38.75,39.8
48177,36.02,37.42,42.62,41.71,40.89,40.88,41.4,42.5,41.06,40.05,43.05,39.45,40.29,40.04,40.85,42.95,42.88,44.93,40.78,39.08,40.89,38.69,38.66,38.75,39.8
48179,36.02,37.42,42.62,41.71,40.89,40.88,41.4,42.5,41.06,40.05,43.05,39.45,40.29,40.04,40.85,42.95,42.88,44.93,40.78,39.08,40.89,38.69,38.66,38.75,39.8
48181,36.02,37.42,42.62,41.71,40.89,40.88,41.4,42.5,41.06,40.05,43.05,39.45,40.29,40.04,40.85,42.95,42.88,44.93,40.78,39.08,40.89,38.69,38.66,38.75,39.8
48183,36.02,37.42,42.62,41.71,40.89,40.88,41.4,42.5,41.06,40.05,43.05,39.45,40.29,40.04,40.85,42.95,42.88,44.93,40.78,39.08,40.89,38.69,38.66,38.75,39.8
48185,36.02,37.42,42.62,41.71,40.89,40.88,41.4,42.5,41.06,40.05,43.05,39.45,40.29,40.04,40.85,42.95,42.88,44.93,40.78,39.08,40.89,38.69,38.66,38.75,39.8
48187,36.02,37.42,42.62,41.71,40.89,40.88,41.4,42.5,41.06,40.05,43.05,39.45,40.29,40.04,40.85,42.95,42.88,44.93,40.78,39.08,40.89,38.69,38.66,38.75,39.8
48189,36.02,37.42,42.62,41.71,40.89,40.88,41.4,42.5,41.06,40.05,43.05,39.45,40.29,40.04,40.85,42.95,42.88,44.93,40.78,39.08,40.89,38.69,38.66,38.75,39.8
48191,36.02,37.42,42.62,41.71,40.89,40.88,41.4,42.5,41.06,40.05,43.05,39.45,40.29,40.04,40.85,42.95,42.88,44.93,40.78,39.08,40.89,38.69,38.66,38.75,39.8
48193,36.02,37.42,42.62,41.71,40.89,40.88,41.4,42.5,41.06,40.05,43.05,39.45,40.29,40.04,40.85,42.95,42.88,44.93,40.78,39.08,40.89,38.69,38.66,38.75,39.8
48195,36.02,37.42,42.62,41.71,40.89,40.88,41.4,42.5,41.06,40.05,43.05,39.45,40.29,40.04,40.85,42.95,42.88,44.93,40.78,39.08,40.89,38.69,38.66,38.75,39.8
48197,36.02,37.42,42.62,41.71,40.89,40.88,41.4,42.5,41.06,40.05,43.05,39.45,40.29,40.04,40.85,42.95,42.88,44.93,40.78,39.08,40.89,38.69,38.66,38.75,39.8
48199,36.02,37.42,42.62,41.71,40.89,40.88,41.4,42.5,41.06,40.05,43.05,39.45,40.29,40.04,40.85,42.95,42.88,44.93,40.78,39.08,40.89,38.69,38.66,38.75,39.8
48201,36.02,37.42,42.62,41.71,40.89,40.88,41.4,42.5,41.06,40.05,43.05,39.45,40.29,40.04,40.85,42.95,42.88,44.93,40.78,39.08,40.89,38.69,38.66,38.75,39.8
48203,36.02,37.42,42.62,41.71,40.89,40.88,41.4,42.5,41.06,40.05,43.05,39.45,40.29,40.04,40.85,42.95,42.88,44.93,40.78,39.08,40.89,38.69,38.66,38.75,39.8
48205,36.02,37.42,42.62,41.71,40.89,40.88,41.4,42.5,41.06,40.05,43.05,39.45,40.29,40.04,40.85,42.95,42.88,44.93,40.78,39.08,40.89,38.69,38.66,38.75,39.8
48207,36.02,37.42,42.62,41.71,40.89,40.88,41.4,42.5,41.06,40.05,43.05,39.45,40.29,40.04,40.85,42.95,42.88,44.93,40.78,39.08,40.89,38.69,38.66,38.75,39.8
48209,36.02,37.42,42.62,41.71,40.89,40.88,41.4,42.5,41.06,40.05,43.05,39.45,40.29,40.04,40.85,42.95,42.88,44.93,40.78,39.08,40.89,38.69,38.66,38.75,39.8
48211,36.02,37.42,42.62,41.71,40.89,40.88,41.4,42.5,41.06,40.05,43.05,39.45,40.29,40.04,40.85,42.95,42.88,44.93,40.78,39.08,40.89,38.69,38.66,38.75,39.8
48213,36.02,37.42,42.62,41.71,40.89,40.88,41.4,42.5,41.06,40.05,43.05,39.45,40.29,40.04,40.85,42.95,42.88,44.93,40.78,39.08,40.89,38.69,38.66,38.75,39.8
48215,36.02,37.42,42.62,41.71,40.89,40.88,41.4,42.5,41.06,40.05,43.05,39.45,40.29,40.04,40.85,42.95,42.88,44.93,40.78,39.08,40.89,38.69,38.66,38.75,39.8
48217,36.02,37.42,42.62,41.71,40.89,40.88,41.4,42.5,41.06,40.05,43.05,39.45,40.29,40.04,40.85,42.95,42.88,44.93,40.78,39.08,40.89,38.69,38.66,38.75,39.8
48219,36.02,37.42,42.62,41.71,40.89,40.88,41.4,42.5,41.06,40.05,43.05,39.45,40.29,40.04,40.85,42.95,42.88,44.93,40.78,39.08,40.89,38.69,38.66,38.75,39.8
48221,36.02,37.42,42.62,41.71,40.89,40.88,41.4,42.5,41.06,40.05,43.05,39.45,40.29,40.04,40.85,42.95,42.88,44.93,40.78,39.08,40.89,38.69,38.66,38.75,39.8
48223,36.02,37.42,42.62,41.71,40.89,40.88,41.4,42.5,41.06,40.05,43.05,39.45,40.29,40.04,40.85,42.95,42.88,44.93,40.78,39.08,40.89,38.69,38.66,38.75,39.8
48225,36.02,37.42,42.62,41.71,40.89,40.88,41.4,42.5,41.06,40.05,43.05,39.45,40.29,40.04,40.85,42.95,42.88,44.93,40.78,39.08,40.89,38.69,38.66,38.75,39.8
48227,36.02,37.42,42.62,41.71,40.89,40.88,41.4,42.5,41.06,40.05,43.05,39.45,40.29,40.04,40.85,42.95,42.88,44.93,40.78,39.08,40.89,38.69,38.66,38.75,39.8
48229,36.02,37.42,42.62,41.71,40.89,40.88,41.4,42.5,41.06,40.05,43.05,39.45,40.29,40.04,40.85,42.95,42.88,44.93,40.78,39.08,40.89,38.69,38.66,38.75,39.8
48231,36.02,37.42,42.62,41.71,40.89,40.88,41.4,42.5,41.06,40.05,43.05,39.45,40.29,40.04,40.85,42.95,42.88,44.93,40.78,39.08,40.89,38.69,38.66,38.75,39.8
48233,36.02,37.42,42.62,41.71,40.89,40.88,41.4,42.5,41.06,40.05,43.05,39.45,40.29,40.04,40.85,42.95,42.88,44.93,40.78,39.08,40.89,38.69,38.66,38.75,39.8
48235,36.02,37.42,42.62,41.71,40.89,40.88,41.4,42.5,41.06,40.05,43.05,39.45,40.29,40.04,40.85,42.95,42.88,44.93,40.78,39.08,40.89,38.69,38.66,38.75,39.8
48237,36.02,37.42,42.62,41.71,40.89,40.88,41.4,42.5,41.06,40.05,43.05,39.45,40.29,40.04,40.85,42.95,42.88,44.93,40.78,39.08,40.89,38.69,38.66,38.75,39.8
48239,36.02,37.42,42.62,41.71,40.89,40.88,41.4,42.5,41.06,40.05,43.05,39.45,40.29,40.04,40.85,42.95,42.88,44.93,40.78,39.08,40.89,38.69,38.66,38.75,39.8
48241,36.02,37.42,42.62,41.71,40.89,40.88,41.4,42.5,41.06,40.05,43.05,39.45,40.29,40.04,40.85,42.95,42.88,44.93,40.78,39.08,40.89,38.69,38.66,38.75,39.8
48243,36.02,37.42,42.62,41.71,40.89,40.88,41.4,42.5,41.06,40.05,43.05,39.45,40.29,40.04,40.85,42.95,42.88,44.93,40.78,39.08,40.89,38.69,38.66,38.75,39.8
48245,36.02,37.42,42.62,41.71,40.89,40.88,41.4,42.5,41.06,40.05,43.05,39.45,40.29,40.04,40.85,42.95,42.88,44.93,40.78,39.08,40.89,38.69,38.66,38.75,39.8
48247,36.02,37.42,42.62,41.71,40.89,40.88,41.4,42.5,41.06,40.05,43.05,39.45,40.29,40.04,40.85,42.95,42.88,44.93,40.78,39.08,40.89,38.69,38.66,38.75,39.8
48249,36.02,37.42,42.62,41.71,40.89,40.88,41.4,42.5,41.06,40.05,43.05,39.45,40.29,40.04,40.85,42.95,42.88,44.93,40.78,39.08,40.89,38.69,38.66,38.75,39.8
48251,36.02,37.42,42.62,41.71,40.89,40.88,41.4,42.5,41.06,40.05,43.05,39.45,40.29,40.04,40.85,42.95,42.88,44.93,40.78,39.08,40.89,38.69,38.66,38.75,39.8
48253,36.02,37.42,42.62,41.71,40.89,40.88,41.4,42.5,41.06,40.05,43.05,39.45,40.29,40.04,40.85,42.95,42.88,44.93,40.78,39.08,40.89,38.69,38.66,38.75,39.8
48255,36.02,37.42,42.62,41.71,40.89,40.88,41.4,42.5,41.06,40.05,43.05,39.45,40.29,40.04,40.85,42.95,42.88,44.93,40.78,39.08,40.89,38.69,38.66,38.75,39.8
48257,36.02,37.42,42.62,41.71,40.89,40.88,41.4,42.5,41.06,40.05,43.05,39.45,40.29,40.04,40.85,42.95,42.88,44.93,40.78,39.08,40.89,38.69,38.66,38.75,39.8
48259,36.02,37.42,42.62,41.71,40.89,40.88,41.4,42.5,41.06,40.05,43.05,39.45,40.29,40.04,40.85,42.95,42.88,44.93,40.78,39.08,40.89,38.69,38.66,38.75,39.8
48261,36.02,37.42,42.62,41.71,40.89,40.88,41.4,42.5,41.06,40.05,43.05,39.45,40.29,40.04,40.85,42.95,42.88,44.93,40.78,39.08,40.89,38.69,38.66,38.75,39.8
48263,36.02,37.42,42.62,41.71,40.89,40.88,41.4,42.5,41.06,40.05,43.05,39.45,40.29,40.04,40.85,42.95,42.88,44.93,40.78,39.08,40.89,38.69,38.66,38.75,39.8
48265,36.02,37.42,42.62,41.71,40.89,40.88,41.4,42.5,41.06,40.05,43.05,39.45,40.29,40.04,40.85,42.95,42.88,44.93,40.78,39.08,40.89,38.69,38.66,38.75,39.8
48267,36.02,37.42,42.62,41.71,40.89,40.88,41.4,42.5,41.06,40.05,43.05,39.45,40.29,40.04,40.85,42.95,42.88,44.93,40.78,39.08,40.89,38.69,38.66,38.75,39.8
48269,36.02,37.42,42.62,41.71,40.89,40.88,41.4,42.5,41.06,40.05,43.05,39.45,40.29,40.04,40.85,42.95,42.88,44.93,40.78,39.08,40.89,38.69,38.66,38.75,39.8
48271,36.02,37.42,42.62,41.71,40.89,40.88,41.4,42.5,41.06,40.05,43.05,39.45,40.29,40.04,40.85,42.95,42.88,44.93,40.78,39.08,40.89,38.69,38.66,38.75,39.8
48273,36.02,37.42,42.62,41.71,40.89,40.88,41.4,42.5,41.06,40.05,43.05,39.45,40.29,40.04,40.85,42.95,42.88,44.93,40.78,39.08,40.89,38.69,38.66,38.75,39.8
48275,36.02,37.42,42.62,41.71,40.89,40.88,41.4,42.5,41.06,40.05,43.05,39.45,40.29,40.04,40.85,42.95,42.88,44.93,40.78,39.08,40.89,38.69,38.66,38.75,39.8
48277,36.02,37.42,42.62,41.71,40.89,40.88,41.4,42.5,41.06,40.05,43.05,39.45,40.29,40.04,40.85,42.95,42.88,44.93,40.78,39.08,40.89,38.69,38.66,38.75,39.8
48279,36.02,37.42,42.62,41.71,40.89,40.88,41.4,42.5,41.06,40.05,43.05,39.45,40.29,40.04,40.85,42.95,42.88,44.93,40.78,39.08,40.89,38.69,38.66,38.75,39.8
48281,36.02,37.42,42.62,41.71,40.89,40.88,41.4,42.5,41.06,40.05,43.05,39.45,40.29,40.04,40.85,42.95,42.88,44.93,40.78,39.08,40.89,38.69,38.66,38.75,39.8
48283,36.02,37.42,42.62,41.71,40.89,40.88,41.4,42.5,41.06,40.05,43.05,39.45,40.29,40.04,40.85,42.95,42.88,44.93,40.78,39.08,40.89,38.69,38.66,38.75,39.8
48285,36.02,37.42,42.62,41.71,40.89,40.88,41.4,42.5,41.06,40.05,43.05,39.45,40.29,40.04,40.85,42.95,42.88,44.93,40.78,39.08,40.89,38.69,38.66,38.75,39.8
48287,36.02,37.42,42.62,41.71,40.89,40.88,41.4,42.5,41.06,40.05,43.05,39.45,40.29,40.04,40.85,42.95,42.88,44.93,40.78,39.08,40.89,38.69,38.66,38.75,39.8
48289,36.02,37.42,42.62,41.71,40.89,40.88,41.4,42.5,41.06,40.05,43.05,39.45,40.29,40.04,40.85,42.95,42.88,44.93,40.78,39.08,40.89,38.69,38.66,38.75,39.8
48291,36.02,37.42,42.62,41.71,40.89,40.88,41.4,42.5,41.06,40.05,43.05,39.45,40.29,40.04,40.85,42.95,42.88,44.93,40.78,39.08,40.89,38.69,38.66,38.75,39.8
48293,36.02,37.42,42.62,41.71,40.89,40.88,41.4,42.5,41.06,40.05,43.05,39.45,40.29,40.04,40.85,42.95,42.88,44.93,40.78,39.08,40.89,38.69,38.66,38.75,39.8
48295,36.02,37.42,42.62,41.71,40.89,40.88,41.4,42.5,41.06,40.05,43.05,39.45,40.29,40.04,40.85,42.95,42.88,44.93,40.78,39.08,40.89,38.69,38.66,38.75,39.8
48297,36.02,37.42,42.62,41.71,40.89,40.88,41.4,42.5,41.06,40.05,43.05,39.45,40.29,40.04,40.85,42.95,42.88,44.93,40.78,39.08,40.89,38.69,38.66,38.75,39.8
48299,36.02,37.42,42.62,41.71,40.89,40.88,41.4,42.5,41.06,40.05,43.05,39.45,40.29,40.04,40.85,42.95,42.88,44.93,40.78,39.08,40.89,38.69,38.66,38.75,39.8
48301,36.02,37.42,42.62,41.71,40.89,40.88,41.4,42.5,41.06,40.05,43.05,39.45,40.29,40.04,40.85,42.95,42.88,44.93,40.78,39.08,40.89,38.69,38.66,38.75,39.8
48303,36.02,37.42,42.62,41.71,40.89,40.88,41.4,42.5,41.06,40.05,43.05,39.45,40.29,40.04,40.85,42.95,42.88,44.93,40.78,39.08,40.89,38.69,38.66,38.75,39.8
48305,36.02,37.42,42.62,41.71,40.89,40.88,41.4,42.5,41.06,40.05,43.05,39.45,40.29,40.04,40.85,42.95,42.88,44.93,40.78,39.08,40.89,38.69,38.66,38.75,39.8
48307,36.02,37.42,42.62,41.71,40.89,40.88,41.4,42.5,41.06,40.05,43.05,39.45,40.29,40.04,40.85,42.95,42.88,44.93,40.78,39.08,40.89,38.69,38.66,38.75,39.8
48309,36.02,37.42,42.62,41.71,40.89,40.88,41.4,42.5,41.06,40.05,43.05,39.45,40.29,40.04,40.85,42.95,42.88,44.93,40.78,39.08,40.89,38.69,38.66,38.75,39.8
48311,36.02,37.42,42.62,41.71,40.89,40.88,41.4,42.5,41.06,40.05,43.05,39.45,40.29,40.04,40.85,42.95,42.88,44.93,40.78,39.08,40.89,38.69,38.66,38.75,39.8
48313,36.02,37.42,42.62,41.71,40.89,40.88,41.4,42.5,41.06,40.05,43.05,39.45,40.29,40.04,40.85,42.95,42.88,44.93,40.78,39.08,40.89,38.69,38.66,38.75,39.8
48315,36.02,37.42,42.62,41.71,40.89,40.88,41.4,42.5,41.06,40.05,43.05,39.45,40.29,40.04,40.85,42.95,42.88,44.93,40.78,39.08,40.89,38.69,38.66,38.75,39.8
48317,36.02,37.42,42.62,41.71,40.89,40.88,41.4,42.5,41.06,40.05,43.05,39.45,40.29,40.04,40.85,42.95,42.88,44.93,40.78,39.08,40.89,38.69,38.66,38.75,39.8
48319,36.02,37.42,42.62,41.71,40.89,40.88,41.4,42.5,41.06,40.05,43.05,39.45,40.29,40.04,40.85,42.95,42.88,44.93,40.78,39.08,40.89,38.69,38.66,38.75,39.8
48321,36.02,37.42,42.62,41.71,40.89,40.88,41.4,42.5,41.06,40.05,43.05,39.45,40.29,40.04,40.85,42.95,42.88,44.93,40.78,39.08,40.89,38.69,38.66,38.75,39.8
48323,36.02,37.42,42.62,41.71,40.89,40.88,41.4,42.5,41.06,40.05,43.05,39.45,40.29,40.04,40.85,42.95,42.88,44.93,40.78,39.08,40.89,38.69,38.66,38.75,39.8
48325,36.02,37.42,42.62,41.71,40.89,40.88,41.4,42.5,41.06,40.05,43.05,39.45,40.29,40.04,40.85,42.95,42.88,44.93,40.78,39.08,40.89,38.69,38.66,38.75,39.8
48327,36.02,37.42,42.62,41.71,40.89,40.88,41.4,42.5,41.06,40.05,43.05,39.45,40.29,40.04,40.85,42.95,42.88,44.93,40.78,39.08,40.89,38.69,38.66,38.75,39.8
48329,36.02,37.42,42.62,41.71,40.89,40.88,41.4,42.5,41.06,40.05,43.05,39.45,40.29,40.04,40.85,42.95,42.88,44.93,40.78,39.08,40.89,38.69,38.66,38.75,39.8
48331,36.02,37.42,42.62,41.71,40.89,40.88,41.4,42.5,41.06,40.05,43.05,39.45,40.29,40.04,40.85,42.95,42.88,44.93,40.78,39.08,40.89,38.69,38.66,38.75,39.8
48333,36.02,37.42,42.62,41.71,40.89,40.88,41.4,42.5,41.06,40.05,43.05,39.45,40.29,40.04,40.85,42.95,42.88,44.93,40.78,39.08,40.89,38.69,38.66,38.75,39.8
48335,36.02,37.42,42.62,41.71,40.89,40.88,41.4,42.5,41.06,40.05,43.05,39.45,40.29,40.04,40.85,42.95,42.88,44.93,40.78,39.08,40.89,38.69,38.66,38.75,39.8
48337,36.02,37.42,42.62,41.71,40.89,40.88,41.4,42.5,41.06,40.05,43.05,39.45,40.29,40.04,40.85,42.95,42.88,44.93,40.78,39.08,40.89,38.69,38.66,38.75,39.8
48339,36.02,37.42,42.62,41.71,40.89,40.88,41.4,42.5,41.06,40.05,43.05,39.45,40.29,40.04,40.85,42.95,42.88,44.93,40.78,39.08,40.89,38.69,38.66,38.75,39.8
48341,36.02,37.42,42.62,41.71,40.89,40.88,41.4,42.5,41.06,40.05,43.05,39.45,40.29,40.04,40.85,42.95,42.88,44.93,40.78,39.08,40.89,38.69,38.66,38.75,39.8
48343,36.02,37.42,42.62,41.71,40.89,40.88,41.4,42.5,41.06,40.05,43.05,39.45,40.29,40.04,40.85,42.95,42.88,44.93,40.78,39.08,40.89,38.69,38.66,38.75,39.8
48345,36.02,37.42,42.62,41.71,40.89,40.88,41.4,42.5,41.06,40.05,43.05,39.45,40.29,40.04,40.85,42.95,42.88,44.93,40.78,39.08,40.89,38.69,38.66,38.75,39.8
48347,36.02,37.42,42.62,41.71,40.89,40.88,41.4,42.5,41.06,40.05,43.05,39.45,40.29,40.04,40.85,42.95,42.88,44.93,40.78,39.08,40.89,38.69,38.66,38.75,39.8
48349,36.02,37.42,42.62,41.71,40.89,40.88,41.4,42.5,41.06,40.05,43.05,39.45,40.29,40.04,40.85,42.95,42.88,44.93,40.78,39.08,40.89,38.69,38.66,38.75,39.8
48351,36.02,37.42,42.62,41.71,40.89,40.88,41.4,42.5,41.06,40.05,43.05,39.45,40.29,40.04,40.85,42.95,42.88,44.93,40.78,39.08,40.89,38.69,38.66,38.75,39.8
48353,36.02,37.42,42.62,41.71,40.89,40.88,41.4,42.5,41.06,40.05,43.05,39.45,40.29,40.04,40.85,42.95,42.88,44.93,40.78,39.08,40.89,38.69,38.66,38.75,39.8
48355,36.02,37.42,42.62,41.71,40.89,40.88,41.4,42.5,41.06,40.05,43.05,39.45,40.29,40.04,40.85,42.95,42.88,44.93,40.78,39.08,40.89,38.69,38.66,38.75,39.8
48357,36.02,37.42,42.62,41.71,40.89,40.88,41.4,42.5,41.06,40.05,43.05,39.45,40.29,40.04,40.85,42.95,42.88,44.93,40.78,39.08,40.89,38.69,38.66,38.75,39.8
48359,36.02,37.42,42.62,41.71,40.89,40.88,41.4,42.5,41.06,40.05,43.05,39.45,40.29,40.04,40.85,42.95,42.88,44.93,40.78,39.08,40.89,38.69,38.66,38.75,39.8
48361,36.02,37.42,42.62,41.71,40.89,40.88,41.4,42.5,41.06,40.05,43.05,39.45,40.29,40.04,40.85,42.95,42.88,44.93,40.78,39.08,40.89,38.69,38.66,38.75,39.8
48363,36.02,37.42,42.62,41.71,40.89,40.88,41.4,42.5,41.06,40.05,43.05,39.45,40.29,40.04,40.85,42.95,42.88,44.93,40.78,39.08,40.89,38.69,38.66,38.75,39.8
48365,36.02,37.42,42.62,41.71,40.89,40.88,41.4,42.5,41.06,40.05,43.05,39.45,40.29,40.04,40.85,42.95,42.88,44.93,40.78,39.08,40.89,38.69,38.66,38.75,39.8
48367,36.02,37.42,42.62,41.71,40.89,40.88,41.4,42.5,41.06,40.05,43.05,39.45,40.29,40.04,40.85,42.95,42.88,44.93,40.78,39.08,40.89,38.69,38.66,38.75,39.8
48369,36.02,37.42,42.62,41.71,40.89,40.88,41.4,42.5,41.06,40.05,43.05,39.45,40.29,40.04,40.85,42.95,42.88,44.93,40.78,39.08,40.89,38.69,38.66,38.75,39.8
48371,36.02,37.42,42.62,41.71,40.89,40.88,41.4,42.5,41.06,40.05,43.05,39.45,40.29,40.04,40.85,42.95,42.88,44.93,40.78,39.08,40.89,38.69,38.66,38.75,39.8
48373,36.02,37.42,42.62,41.71,40.89,40.88,41.4,42.5,41.06,40.05,43.05,39.45,40.29,40.04,40.85,42.95,42.88,44.93,40.78,39.08,40.89,38.69,38.66,38.75,39.8
48375,36.02,37.42,42.62,41.71,40.89,40.88,41.4,42.5,41.06,40.05,43.05,39.45,40.29,40.04,40.85,42.95,42.88,44.93,40.78,39.08,40.89,38.69,38.66,38.75,39.8
48377,36.02,37.42,42.62,41.71,40.89,40.88,41.4,42.5,41.06,40.05,43.05,39.45,40.29,40.04,40.85,42.95,42.88,44.93,40.78,39.08,40.89,38.69,38.66,38.75,39.8
48379,36.02,37.42,42.62,41.71,40.89,40.88,41.4,42.5,41.06,40.05,43.05,39.45,40.29,40.04,40.85,42.95,42.88,44.93,40.78,39.08,40.89,38.69,38.66,38.75,39.8
48381,36.02,37.42,42.62,41.71,40.89,40.88,41.4,42.5,41.06,40.05,43.05,39.45,40.29,40.04,40.85,42.95,42.88,44.93,40.78,39.08,40.89,38.69,38.66,38.75,39.8
48383,36.02,37.42,42.62,41.71,40.89,40.88,41.4,42.5,41.06,40.05,43.05,39.45,40.29,40.04,40.85,42.95,42.88,44.93,40.78,39.08,40.89,38.69,38.66,38.75,39.8
48385,36.02,37.42,42.62,41.71,40.89,40.88,41.4,42.5,41.06,40.05,43.05,39.45,40.29,40.04,40.85,42.95,42.88,44.93,40.78,39.08,40.89,38.69,38.66,38.75,39.8
48387,36.02,37.42,42.62,41.71,40.89,40.88,41.4,42.5,41.06,40.05,43.05,39.45,40.29,40.04,40.85,42.95,42.88,44.93,40.78,39.08,40.89,38.69,38.66,38.75,39.8
48389,36.02,37.42,42.62,41.71,40.89,40.88,41.4,42.5,41.06,40.05,43.05,39.45,40.29,40.04,40.85,42.95,42.88,44.93,40.78,39.08,40.89,38.69,38.66,38.75,39.8
48391,36.02,37.42,42.62,41.71,40.89,40.88,41.4,42.5,41.06,40.05,43.05,39.45,40.29,40.04,40.85,42.95,42.88,44.93,40.78,39.08,40.89,38.69,38.66,38.75,39.8
48393,36.02,37.42,42.62,41.71,40.89,40.88,41.4,42.5,41.06,40.05,43.05,39.45,40.29,40.04,40.85,42.95,42.88,44.93,40.78,39.08,40.89,38.69,38.66,38.75,39.8
48395,36.02,37.42,42.62,41.71,40.89,40.88,41.4,42.5,41.06,40.05,43.05,39.45,40.29,40.04,40.85,42.95,42.88,44.93,40.78,39.08,40.89,38.69,38.66,38.75,39.8
48397,36.02,37.42,42.62,41.71,40.89,40.88,41.4,42.5,41.06,40.05,43.05,39.45,40.29,40.04,40.85,42.95,42.88,44.93,40.78,39.08,40.89,38.69,38.66,38.75,39.8
48399,36.02,37.42,42.62,41.71,40.89,40.88,41.4,42.5,41.06,40.05,43.05,39.45,40.29,40.04,40.85,42.95,42.88,44.93,40.78,39.08,40.89,38.69,38.66,38.75,39.8
48401,36.02,37.42,42.62,41.71,40.89,40.88,41.4,42.5,41.06,40.05,43.05,39.45,40.29,40.04,40.85,42.95,42.88,44.93,40.78,39.08,40.89,38.69,38.66,38.75,39.8
48403,36.02,37.42,42.62,41.71,40.89,40.88,41.4,42.5,41.06,40.05,43.05,39.45,40.29,40.04,40.85,42.95,42.88,44.93,40.78,39.08,40.89,38.69,38.66,38.75,39.8
48405,36.02,37.42,42.62,41.71,40.89,40.88,41.4,42.5,41.06,40.05,43.05,39.45,40.29,40.04,40.85,42.95,42.88,44.93,40.78,39.08,40.89,38.69,38.66,38.75,39.8
48407,36.02,37.42,42.62,41.71,40.89,40.88,41.4,42.5,41.06,40.05,43.05,39.45,40.29,40.04,40.85,42.95,42.88,44.93,40.78,39.08,40.89,38.69,38.66,38.75,39.8
48409,36.02,37.42,42.62,41.71,40.89,40.88,41.4,42.5,41.06,40.05,43.05,39.45,40.29,40.04,40.85,42.95,42.88,44.93,40.78,39.08,40.89,38.69,38.66,38.75,39.8
48411,36.02,37.42,42.62,41.71,40.89,40.88,41.4,42.5,41.06,40.05,43.05,39.45,40.29,40.04,40.85,42.95,42.88,44.93,40.78,39.08,40.89,38.69,38.66,38.75,39.8
48413,36.02,37.42,42.62,41.71,40.89,40.88,41.4,42.5,41.06,40.05,43.05,39.45,40.29,40.04,40.85,42.95,42.88,44.93,40.78,39.08,40.89,38.69,38.66,38.75,39.8
48415,36.02,37.42,42.62,41.71,40.89,40.88,41.4,42.5,41.06,40.05,43.05,39.45,40.29,40.04,40.85,42.95,42.88,44.93,40.78,39.08,40.89,38.69,38.66,38.75,39.8
48417,36.02,37.42,42.62,41.71,40.89,40.88,41.4,42.5,41.06,40.05,43.05,39.45,40.29,40.04,40.85,42.95,42.88,44.93,40.78,39.08,40.89,38.69,38.66,38.75,39.8
48419,36.02,37.42,42.62,41.71,40.89,40.88,41.4,42.5,41.06,40.05,43.05,39.45,40.29,40.04,40.85,42.95,42.88,44.93,40.78,39.08,40.89,38.69,38.66,38.75,39.8
48421,36.02,37.42,42.62,41.71,40.89,40.88,41.4,42.5,41.06,40.05,43.05,39.45,40.29,40.04,40.85,42.95,42.88,44.93,40.78,39.08,40.89,38.69,38.66,38.75,39.8
48423,36.02,37.42,42.62,41.71,40.89,40.88,41.4,42.5,41.06,40.05,43.05,39.45,40.29,40.04,40.85,42.95,42.88,44.93,40.78,39.08,40.89,38.69,38.66,38.75,39.8
48425,36.02,37.42,42.62,41.71,40.89,40.88,41.4,42.5,41.06,40.05,43.05,39.45,40.29,40.04,40.85,42.95,42.88,44.93,40.78,39.08,40.89,38.69,38.66,38.75,39.8
48427,36.02,37.42,42.62,41.71,40.89,40.88,41.4,42.5,41.06,40.05,43.05,39.45,40.29,40.04,40.85,42.95,42.88,44.93,40.78,39.08,40.89,38.69,38.66,38.75,39.8
48429,36.02,37.42,42.62,41.71,40.89,40.88,41.4,42.5,41.06,40.05,43.05,39.45,40.29,40.04,40.85,42.95,42.88,44.93,40.78,39.08,40.89,38.69,38.66,38.75,39.8
48431,36.02,37.42,42.62,41.71,40.89,40.88,41.4,42.5,41.06,40.05,43.05,39.45,40.29,40.04,40.85,42.95,42.88,44.93,40.78,39.08,40.89,38.69,38.66,38.75,39.8
48433,36.02,37.42,42.62,41.71,40.89,40.88,41.4,42.5,41.06,40.05,43.05,39.45,40.29,40.04,40.85,42.95,42.88,44.93,40.78,39.08,40.89,38.69,38.66,38.75,39.8
48435,36.02,37.42,42.62,41.71,40.89,40.88,41.4,42.5,41.06,40.05,43.05,39.45,40.29,40.04,40.85,42.95,42.88,44.93,40.78,39.08,40.89,38.69,38.66,38.75,39.8
48437,36.02,37.42,42.62,41.71,40.89,40.88,41.4,42.5,41.06,40.05,43.05,39.45,40.29,40.04,40.85,42.95,42.88,44.93,40.78,39.08,40.89,38.69,38.66,38.75,39.8
48439,36.02,37.42,42.62,41.71,40.89,40.88,41.4,42.5,41.06,40.05,43.05,39.45,40.29,40.04,40.85,42.95,42.88,44.93,40.78,39.08,40.89,38.69,38.66,38.75,39.8
48441,36.02,37.42,42.62,41.71,40.89,40.88,41.4,42.5,41.06,40.05,43.05,39.45,40.29,40.04,40.85,42.95,42.88,44.93,40.78,39.08,40.89,38.69,38.66,38.75,39.8
48443,36.02,37.42,42.62,41.71,40.89,40.88,41.4,42.5,41.06,40.05,43.05,39.45,40.29,40.04,40.85,42.95,42.88,44.93,40.78,39.08,40.89,38.69,38.66,38.75,39.8
48445,36.02,37.42,42.62,41.71,40.89,40.88,41.4,42.5,41.06,40.05,43.05,39.45,40.29,40.04,40.85,42.95,42.88,44.93,40.78,39.08,40.89,38.69,38.66,38.75,39.8
48447,36.02,37.42,42.62,41.71,40.89,40.88,41.4,42.5,41.06,40.05,43.05,39.45,40.29,40.04,40.85,42.95,42.88,44.93,40.78,39.08,40.89,38.69,38.66,38.75,39.8
48449,36.02,37.42,42.62,41.71,40.89,40.88,41.4,42.5,41.06,40.05,43.05,39.45,40.29,40.04,40.85,42.95,42.88,44.93,40.78,39.08,40.89,38.69,38.66,38.75,39.8
48451,36.02,37.42,42.62,41.71,40.89,40.88,41.4,42.5,41.06,40.05,43.05,39.45,40.29,40.04,40.85,42.95,42.88,44.93,40.78,39.08,40.89,38.69,38.66,38.75,39.8
48453,36.02,37.42,42.62,41.71,40.89,40.88,41.4,42.5,41.06,40.05,43.05,39.45,40.29,40.04,40.85,42.95,42.88,44.93,40.78,39.08,40.89,38.69,38.66,38.75,39.8
48455,36.02,37.42,42.62,41.71,40.89,40.88,41.4,42.5,41.06,40.05,43.05,39.45,40.29,40.04,40.85,42.95,42.88,44.93,40.78,39.08,40.89,38.69,38.66,38.75,39.8
48457,36.02,37.42,42.62,41.71,40.89,40.88,41.4,42.5,41.06,40.05,43.05,39.45,40.29,40.04,40.85,42.95,42.88,44.93,40.78,39.08,40.89,38.69,38.66,38.75,39.8
48459,36.02,37.42,42.62,41.71,40.89,40.88,41.4,42.5,41.06,40.05,43.05,39.45,40.29,40.04,40.85,42.95,42.88,44.93,40.78,39.08,40.89,38.69,38.66,38.75,39.8
48461,36.02,37.42,42.62,41.71,40.89,40.88,41.4,42.5,41.06,40.05,43.05,39.45,40.29,40.04,40.85,42.95,42.88,44.93,40.78,39.08,40.89,38.69,38.66,38.75,39.8
48463,36.02,37.42,42.62,41.71,40.89,40.88,41.4,42.5,41.06,40.05,43.05,39.45,40.29,40.04,40.85,42.95,42.88,44.93,40.78,39.08,40.89,38.69,38.66,38.75,39.8
48465,36.02,37.42,42.62,41.71,40.89,40.88,41.4,42.5,41.06,40.05,43.05,39.45,40.29,40.04,40.85,42.95,42.88,44.93,40.78,39.08,40.89,38.69,38.66,38.75,39.8
48467,36.02,37.42,42.62,41.71,40.89,40.88,41.4,42.5,41.06,40.05,43.05,39.45,40.29,40.04,40.85,42.95,42.88,44.93,40.78,39.08,40.89,38.69,38.66,38.75,39.8
48469,36.02,37.42,42.62,41.71,40.89,40.88,41.4,42.5,41.06,40.05,43.05,39.45,40.29,40.04,40.85,42.95,42.88,44.93,40.78,39.08,40.89,38.69,38.66,38.75,39.8
48471,36.02,37.42,42.62,41.71,40.89,40.88,41.4,42.5,41.06,40.05,43.05,39.45,40.29,40.04,40.85,42.95,42.88,44.93,40.78,39.08,40.89,38.69,38.66,38.75,39.8
48473,36.02,37.42,42.62,41.71,40.89,40.88,41.4,42.5,41.06,40.05,43.05,39.45,40.29,40.04,40.85,42.95,42.88,44.93,40.78,39.08,40.89,38.69,38.66,38.75,39.8
48475,36.02,37.42,42.62,41.71,40.89,40.88,41.4,42.5,41.06,40.05,43.05,39.45,40.29,40.04,40.85,42.95,42.88,44.93,40.78,39.08,40.89,38.69,38.66,38.75,39.8
48477,36.02,37.42,42.62,41.71,40.89,40.88,41.4,42.5,41.06,40.05,43.05,39.45,40.29,40.04,40.85,42.95,42.88,44.93,40.78,39.08,40.89,38.69,38.66,38.75,39.8
48479,36.02,37.42,42.62,41.71,40.89,40.88,41.4,42.5,41.06,40.05,43.05,39.45,40.29,40.04,40.85,42.95,42.88,44.93,40.78,39.08,40.89,38.69,38.66,38.75,39.8
48481,36.02,37.42,42.62,41.71,40.89,40.88,41.4,42.5,41.06,40.05,43.05,39.45,40.29,40.04,40.85,42.95,42.88,44.93,40.78,39.08,40.89,38.69,38.66,38.75,39.8
48483,36.02,37.42,42.62,41.71,40.89,40.88,41.4,42.5,41.06,40.05,43.05,39.45,40.29,40.04,40.85,42.95,42.88,44.93,40.78,39.08,40.89,38.69,38.66,38.75,39.8
48485,36.02,37.42,42.62,41.71,40.89,40.88,41.4,42.5,41.06,40.05,43.05,39.45,40.29,40.04,40.85,42.95,42.88,44.93,40.78,39.08,40.89,38.69,38.66,38.75,39.8
48487,36.02,37.42,42.62,41.71,40.89,40.88,41.4,42.5,41.06,40.05,43.05,39.45,40.29,40.04,40.85,42.95,42.88,44.93,40.78,39.08,40.89,38.69,38.66,38.75,39.8
48489,36.02,37.42,42.62,41.71,40.89,40.88,41.4,42.5,41.06,40.05,43.05,39.45,40.29,40.04,40.85,42.95,42.88,44.93,40.78,39.08,40.89,38.69,38.66,38.75,39.8
48491,36.02,37.42,42.62,41.71,40.89,40.88,41.4,42.5,41.06,40.05,43.05,39.45,40.29,40.04,40.85,42.95,42.88,44.93,40.78,39.08,40.89,38.69,38.66,38.75,39.8
48493,36.02,37.42,42.62,41.71,40.89,40.88,41.4,42.5,41.06,40.05,43.05,39.45,40.29,40.04,40.85,42.95,42.88,44.93,40.78,39.08,40.89,38.69,38.66,38.75,39.8
48495,36.02,37.42,42.62,41.71,40.89,40.88,41.4,42.5,41.06,40.05,43.05,39.45,40.29,40.04,40.85,42.95,42.88,44.93,40.78,39.08,40.89,38.69,38.66,38.75,39.8
48497,36.02,37.42,42.62,41.71,40.89,40.88,41.4,42.5,41.06,40.05,43.05,39.45,40.29,40.04,40.85,42.95,42.88,44.93,40.78,39.08,40.89,38.69,38.66,38.75,39.8
48499,36.02,37.42,42.62,41.71,40.89,40.88,41.4,42.5,41.06,40.05,43.05,39.45,40.29,40.04,40.85,42.95,42.88,44.93,40.78,39.08,40.89,38.69,38.66,38.75,39.8
48501,36.02,37.42,42.62,41.71,40.89,40.88,41.4,42.5,41.06,40.05,43.05,39.45,40.29,40.04,40.85,42.95,42.88,44.93,40.78,39.08,40.89,38.69,38.66,38.75,39.8
48503,36.02,37.42,42.62,41.71,40.89,40.88,41.4,42.5,41.06,40.05,43.05,39.45,40.29,40.04,40.85,42.95,42.88,44.93,40.78,39.08,40.89,38.69,38.66,38.75,39.8
48505,36.02,37.42,42.62,41.71,40.89,40.88,41.4,42.5,41.06,40.05,43.05,39.45,40.29,40.04,40.85,42.95,42.88,44.93,40.78,39.08,40.89,38.69,38.66,38.75,39.8
48507,36.02,37.42,42.62,41.71,40.89,40.88,41.4,42.5,41.06,40.05,43.05,39.45,40.29,40.04,40.85,42.95,42.88,44.93,40.78,39.08,40.89,38.69,38.66,38.75,39.8
49001,36.02,37.42,42.62,41.71,40.89,40.88,41.4,42.5,41.06,40.05,43.05,39.45,40.29,40.04,40.85,42.95,42.88,44.93,40.78,39.08,40.89,38.69,38.66,38.75,39.8
49003,36.02,37.42,42.62,41.71,40.89,40.88,41.4,42.5,41.06,40.05,43.05,39.45,40.29,40.04,40.85,42.95,42.88,44.93,40.78,39.08,40.89,38.69,38.66,38.75,39.8
49005,36.02,37.42,42.62,41.71,40.89,40.88,41.4,42.5,41.06,40.05,43.05,39.45,40.29,40.04,40.85,42.95,42.88,44.93,40.78,39.08,40.89,38.69,38.66,38.75,39.8
49007,36.02,37.42,42.62,41.71,40.89,40.88,41.4,42.5,41.06,40.05,43.05,39.45,40.29,40.04,40.85,42.95,42.88,44.93,40.78,39.08,40.89,38.69,38.66,38.75,39.8
49009,36.02,37.42,42.62,41.71,40.89,40.88,41.4,42.5,41.06,40.05,43.05,39.45,40.29,40.04,40.85,42.95,42.88,44.93,40.78,39.08,40.89,38.69,38.66,38.75,39.8
49011,36.02,37.42,42.62,41.71,40.89,40.88,41.4,42.5,41.06,40.05,43.05,39.45,40.29,40.04,40.85,42.95,42.88,44.93,40.78,39.08,40.89,38.69,38.66,38.75,39.8
49013,36.02,37.42,42.62,41.71,40.89,40.88,41.4,42.5,41.06,40.05,43.05,39.45,40.29,40.04,40.85,42.95,42.88,44.93,40.78,39.08,40.89,38.69,38.66,38.75,39.8
49015,36.02,37.42,42.62,41.71,40.89,40.88,41.4,42.5,41.06,40.05,43.05,39.45,40.29,40.04,40.85,42.95,42.88,44.93,40.78,39.08,40.89,38.69,38.66,38.75,39.8
49017,36.02,37.42,42.62,41.71,40.89,40.88,41.4,42.5,41.06,40.05,43.05,39.45,40.29,40.04,40.85,42.95,42.88,44.93,40.78,39.08,40.89,38.69,38.66,38.75,39.8
49019,36.02,37.42,42.62,41.71,40.89,40.88,41.4,42.5,41.06,40.05,43.05,39.45,40.29,40.04,40.85,42.95,42.88,44.93,40.78,39.08,40.89,38.69,38.66,38.75,39.8
49021,36.02,37.42,42.62,41.71,40.89,40.88,41.4,42.5,41.06,40.05,43.05,39.45,40.29,40.04,40.85,42.95,42.88,44.93,40.78,39.08,40.89,38.69,38.66,38.75,39.8
49023,36.02,37.42,42.62,41.71,40.89,40.88,41.4,42.5,41.06,40.05,43.05,39.45,40.29,40.04,40.85,42.95,42.88,44.93,40.78,39.08,40.89,38.69,38.66,38.75,39.8
49025,36.02,37.42,42.62,41.71,40.89,40.88,41.4,42.5,41.06,40.05,43.05,39.45,40.29,40.04,40.85,42.95,42.88,44.93,40.78,39.08,40.89,38.69,38.66,38.75,39.8
49027,36.02,37.42,42.62,41.71,40.89,40.88,41.4,42.5,41.06,40.05,43.05,39.45,40.29,40.04,40.85,42.95,42.88,44.93,40.78,39.08,40.89,38.69,38.66,38.75,39.8
49029,36.02,37.42,42.62,41.71,40.89,40.88,41.4,42.5,41.06,40.05,43.05,39.45,40.29,40.04,40.85,42.95,42.88,44.93,40.78,39.08,40.89,38.69,38.66,38.75,39.8
49031,36.02,37.42,42.62,41.71,40.89,40.88,41.4,42.5,41.06,40.05,43.05,39.45,40.29,40.04,40.85,42.95,42.88,44.93,40.78,39.08,40.89,38.69,38.66,38.75,39.8
49033,36.02,37.42,42.62,41.71,40.89,40.88,41.4,42.5,41.06,40.05,43.05,39.45,40.29,40.04,40.85,42.95,42.88,44.93,40.78,39.08,40.89,38.69,38.66,38.75,39.8
49035,36.02,37.42,42.62,41.71,40.89,40.88,41.4,42.5,41.06,40.05,43.05,39.45,40.29,40.04,40.85,42.95,42.88,44.93,40.78,39.08,40.89,38.69,38.66,38.75,39.8
49037,36.02,37.42,42.62,41.71,40.89,40.88,41.4,42.5,41.06,40.05,43.05,39.45,40.29,40.04,40.85,42.95,42.88,44.93,40.78,39.08,40.89,38.69,38.66,38.75,39.8
49039,36.02,37.42,42.62,41.71,40.89,40.88,41.4,42.5,41.06,40.05,43.05,39.45,40.29,40.04,40.85,42.95,42.88,44.93,40.78,39.08,40.89,38.69,38.66,38.75,39.8
49041,36.02,37.42,42.62,41.71,40.89,40.88,41.4,42.5,41.06,40.05,43.05,39.45,40.29,40.04,40.85,42.95,42.88,44.93,40.78,39.08,40.89,38.69,38.66,38.75,39.8
49043,36.02,37.42,42.62,41.71,40.89,40.88,41.4,42.5,41.06,40.05,43.05,39.45,40.29,40.04,40.85,42.95,42.88,44.93,40.78,39.08,40.89,38.69,38.66,38.75,39.8
49045,36.02,37.42,42.62,41.71,40.89,40.88,41.4,42.5,41.06,40.05,43.05,39.45,40.29,40.04,40.85,42.95,42.88,44.93,40.78,39.08,40.89,38.69,38.66,38.75,39.8
49047,36.02,37.42,42.62,41.71,40.89,40.88,41.4,42.5,41.06,40.05,43.05,39.45,40.29,40.04,40.85,42.95,42.88,44.93,40.78,39.08,40.89,38.69,38.66,38.75,39.8
49049,36.02,37.42,42.62,41.71,40.89,40.88,41.4,42.5,41.06,40.05,43.05,39.45,40.29,40.04,40.85,42.95,42.88,44.93,40.78,39.08,40.89,38.69,38.66,38.75,39.8
49051,36.02,37.42,42.62,41.71,40.89,40.88,41.4,42.5,41.06,40.05,43.05,39.45,40.29,40.04,40.85,42.95,42.88,44.93,40.78,39.08,40.89,38.69,38.66,38.75,39.8
49053,36.02,37.42,42.62,41.71,40.89,40.88,41.4,42.5,41.06,40.05,43.05,39.45,40.29,40.04,40.85,42.95,42.88,44.93,40.78,39.08,40.89,38.69,38.66,38.75,39.8
49055,36.02,37.42,42.62,41.71,40.89,40.88,41.4,42.5,41.06,40.05,43.05,39.45,40.29,40.04,40.85,42.95,42.88,44.93,40.78,39.08,40.89,38.69,38.66,38.75,39.8
49057,36.02,37.42,42.62,41.71,40.89,40.88,41.4,42.5,41.06,40.05,43.05,39.45,40.29,40.04,40.85,42.95,42.88,44.93,40.78,39.08,40.89,38.69,38.66,38.75,39.8
50001,36.02,37.42,42.62,41.71,40.89,40.88,41.4,42.5,41.06,40.05,43.05,39.45,40.29,40.04,40.85,42.95,42.88,44.93,40.78,39.08,40.89,38.69,38.66,38.75,39.8
50003,36.02,37.42,42.62,41.71,40.89,40.88,41.4,42.5,41.06,40.05,43.05,39.45,40.29,40.04,40.85,42.95,42.88,44.93,40.78,39.08,40.89,38.69,38.66,38.75,39.8
50005,36.02,37.42,42.62,41.71,40.89,40.88,41.4,42.5,41.06,40.05,43.05,39.45,40.29,40.04,40.85,42.95,42.88,44.93,40.78,39.08,40.89,38.69,38.66,38.75,39.8
50007,36.02,37.42,42.62,41.71,40.89,40.88,41.4,42.5,41.06,40.05,43.05,39.45,40.29,40.04,40.85,42.95,42.88,44.93,40.78,39.08,40.89,38.69,38.66,38.75,39.8
50009,36.02,37.42,42.62,41.71,40.89,40.88,41.4,42.5,41.06,40.05,43.05,39.45,40.29,40.04,40.85,42.95,42.88,44.93,40.78,39.08,40.89,38.69,38.66,38.75,39.8
50011,36.02,37.42,42.62,41.71,40.89,40.88,41.4,42.5,41.06,40.05,43.05,39.45,40.29,40.04,40.85,42.95,42.88,44.93,40.78,39.08,40.89,38.69,38.66,38.75,39.8
50013,36.02,37.42,42.62,41.71,40.89,40.88,41.4,42.5,41.06,40.05,43.05,39.45,40.29,40.04,40.85,42.95,42.88,44.93,40.78,39.08,40.89,38.69,38.66,38.75,39.8
50015,36.02,37.42,42.62,41.71,40.89,40.88,41.4,42.5,41.06,40.05,43.05,39.45,40.29,40.04,40.85,42.95,42.88,44.93,40.78,39.08,40.89,38.69,38.66,38.75,39.8
50017,36.02,37.42,42.62,41.71,40.89,40.88,41.4,42.5,41.06,40.05,43.05,39.45,40.29,40.04,40.85,42.95,42.88,44.93,40.78,39.08,40.89,38.69,38.66,38.75,39.8
50019,36.02,37.42,42.62,41.71,40.89,40.88,41.4,42.5,41.06,40.05,43.05,39.45,40.29,40.04,40.85,42.95,42.88,44.93,40.78,39.08,40.89,38.69,38.66,38.75,39.8
50021,36.02,37.42,42.62,41.71,40.89,40.88,41.4,42.5,41.06,40.05,43.05,39.45,40.29,40.04,40.85,42.95,42.88,44.93,40.78,39.08,40.89,38.69,38.66,38.75,39.8
50023,36.02,37.42,42.62,41.71,40.89,40.88,41.4,42.5,41.06,40.05,43.05,39.45,40.29,40.04,40.85,42.95,42.88,44.93,40.78,39.08,40.89,38.69,38.66,38.75,39.8
50025,36.02,37.42,42.62,41.71,40.89,40.88,41.4,42.5,41.06,40.05,43.05,39.45,40.29,40.04,40.85,42.95,42.88,44.93,40.78,39.08,40.89,38.69,38.66,38.75,39.8
50027,36.02,37.42,42.62,41.71,40.89,40.88,41.4,42.5,41.06,40.05,43.05,39.45,40.29,40.04,40.85,42.95,42.88,44.93,40.78,39.08,40.89,38.69,38.66,38.75,39.8
51001,36.02,37.42,42.62,41.71,40.89,40.88,41.4,42.5,41.06,40.05,43.05,39.45,40.29,40.04,40.85,42.95,42.88,44.93,40.78,39.08,40.89,38.69,38.66,38.75,39.8
51003,36.02,37.42,42.62,41.71,40.89,40.88,41.4,42.5,41.06,40.05,43.05,39.45,40.29,40.04,40.85,42.95,42.88,44.93,40.78,39.08,40.89,38.69,38.66,38.75,39.8
51005,36.02,37.42,42.62,41.71,40.89,40.88,41.4,42.5,41.06,40.05,43.05,39.45,40.29,40.04,40.85,42.95,42.88,44.93,40.78,39.08,40.89,38.69,38.66,38.75,39.8
51007,36.02,37.42,42.62,41.71,40.89,40.88,41.4,42.5,41.06,40.05,43.05,39.45,40.29,40.04,40.85,42.95,42.88,44.93,40.78,39.08,40.89,38.69,38.66,38.75,39.8
51009,36.02,37.42,42.62,41.71,40.89,40.88,41.4,42.5,41.06,40.05,43.05,39.45,40.29,40.04,40.85,42.95,42.88,44.93,40.78,39.08,40.89,38.69,38.66,38.75,39.8
51011,36.02,37.42,42.62,41.71,40.89,40.88,41.4,42.5,41.06,40.05,43.05,39.45,40.29,40.04,40.85,42.95,42.88,44.93,40.78,39.08,40.89,38.69,38.66,38.75,39.8
51013,36.02,37.42,42.62,41.71,40.89,40.88,41.4,42.5,41.06,40.05,43.05,39.45,40.29,40.04,40.85,42.95,42.88,44.93,40.78,39.08,40.89,38.69,38.66,38.75,39.8
51015,36.02,37.42,42.62,41.71,40.89,40.88,41.4,42.5,41.06,40.05,43.05,39.45,40.29,40.04,40.85,42.95,42.88,44.93,40.78,39.08,40.89,38.69,38.66,38.75,39.8
51017,36.02,37.42,42.62,41.71,40.89,40.88,41.4,42.5,41.06,40.05,43.05,39.45,40.29,40.04,40.85,42.95,42.88,44.93,40.78,39.08,40.89,38.69,38.66,38.75,39.8
51019,36.02,37.42,42.62,41.71,40.89,40.88,41.4,42.5,41.06,40.05,43.05,39.45,40.29,40.04,40.85,42.95,42.88,44.93,40.78,39.08,40.89,38.69,38.66,38.75,39.8
51021,36.02,37.42,42.62,41.71,40.89,40.88,41.4,42.5,41.06,40.05,43.05,39.45,40.29,40.04,40.85,42.95,42.88,44.93,40.78,39.08,40.89,38.69,38.66,38.75,39.8
51023,36.02,37.42,42.62,41.71,40.89,40.88,41.4,42.5,41.06,40.05,43.05,39.45,40.29,40.04,40.85,42.95,42.88,44.93,40.78,39.08,40.89,38.69,38.66,38.75,39.8
51025,36.02,37.42,42.62,41.71,40.89,40.88,41.4,42.5,41.06,40.05,43.05,39.45,40.29,40.04,40.85,42.95,42.88,44.93,40.78,39.08,40.89,38.69,38.66,38.75,39.8
51027,36.02,37.42,42.62,41.71,40.89,40.88,41.4,42.5,41.06,40.05,43.05,39.45,40.29,40.04,40.85,42.95,42.88,44.93,40.78,39.08,40.89,38.69,38.66,38.75,39.8
51029,36.02,37.42,42.62,41.71,40.89,40.88,41.4,42.5,41.06,40.05,43.05,39.45,40.29,40.04,40.85,42.95,42.88,44.93,40.78,39.08,40.89,38.69,38.66,38.75,39.8
51031,36.02,37.42,42.62,41.71,40.89,40.88,41.4,42.5,41.06,40.05,43.05,39.45,40.29,40.04,40.85,42.95,42.88,44.93,40.78,39.08,40.89,38.69,38.66,38.75,39.8
51033,36.02,37.42,42.62,41.71,40.89,40.88,41.4,42.5,41.06,40.05,43.05,39.45,40.29,40.04,40.85,42.95,42.88,44.93,40.78,39.08,40.89,38.69,38.66,38.75,39.8
51035,36.02,37.42,42.62,41.71,40.89,40.88,41.4,42.5,41.06,40.05,43.05,39.45,40.29,40.04,40.85,42.95,42.88,44.93,40.78,39.08,40.89,38.69,38.66,38.75,39.8
51036,36.02,37.42,42.62,41.71,40.89,40.88,41.4,42.5,41.06,40.05,43.05,39.45,40.29,40.04,40.85,42.95,42.88,44.93,40.78,39.08,40.89,38.69,38.66,38.75,39.8
51037,36.02,37.42,42.62,41.71,40.89,40.88,41.4,42.5,41.06,40.05,43.05,39.45,40.29,40.04,40.85,42.95,42.88,44.93,40.78,39.08,40.89,38.69,38.66,38.75,39.8
51041,36.02,37.42,42.62,41.71,40.89,40.88,41.4,42.5,41.06,40.05,43.05,39.45,40.29,40.04,40.85,42.95,42.88,44.93,40.78,39.08,40.89,38.69,38.66,38.75,39.8
51043,36.02,37.42,42.62,41.71,40.89,40.88,41.4,42.5,41.06,40.05,43.05,39.45,40.29,40.04,40.85,42.95,42.88,44.93,40.78,39.08,40.89,38.69,38.66,38.75,39.8
51045,36.02,37.42,42.62,41.71,40.89,40.88,41.4,42.5,41.06,40.05,43.05,39.45,40.29,40.04,40.85,42.95,42.88,44.93,40.78,39.08,40.89,38.69,38.66,38.75,39.8
51047,36.02,37.42,42.62,41.71,40.89,40.88,41.4,42.5,41.06,40.05,43.05,39.45,40.29,40.04,40.85,42.95,42.88,44.93,40.78,39.08,40.89,38.69,38.66,38.75,39.8
51049,36.02,37.42,42.62,41.71,40.89,40.88,41.4,42.5,41.06,40.05,43.05,39.45,40.29,40.04,40.85,42.95,42.88,44.93,40.78,39.08,40.89,38.69,38.66,38.75,39.8
51051,36.02,37.42,42.62,41.71,40.89,40.88,41.4,42.5,41.06,40.05,43.05,39.45,40.29,40.04,40.85,42.95,42.88,44.93,40.78,39.08,40.89,38.69,38.66,38.75,39.8
51053,36.02,37.42,42.62,41.71,40.89,40.88,41.4,42.5,41.06,40.05,43.05,39.45,40.29,40.04,40.85,42.95,42.88,44.93,40.78,39.08,40.89,38.69,38.66,38.75,39.8
51057,36.02,37.42,42.62,41.71,40.89,40.88,41.4,42.5,41.06,40.05,43.05,39.45,40.29,40.04,40.85,42.95,42.88,44.93,40.78,39.08,40.89,38.69,38.66,38.75,39.8
51059,36.02,37.42,42.62,41.71,40.89,40.88,41.4,42.5,41.06,40.05,43.05,39.45,40.29,40.04,40.85,42.95,42.88,44.93,40.78,39.08,40.89,38.69,38.66,38.75,39.8
51061,36.02,37.42,42.62,41.71,40.89,40.88,41.4,42.5,41.06,40.05,43.05,39.45,40.29,40.04,40.85,42.95,42.88,44.93,40.78,39.08,40.89,38.69,38.66,38.75,39.8
51063,36.02,37.42,42.62,41.71,40.89,40.88,41.4,42.5,41.06,40.05,43.05,39.45,40.29,40.04,40.85,42.95,42.88,44.93,40.78,39.08,40.89,38.69,38.66,38.75,39.8
51065,36.02,37.42,42.62,41.71,40.89,40.88,41.4,42.5,41.06,40.05,43.05,39.45,40.29,40.04,40.85,42.95,42.88,44.93,40.78,39.08,40.89,38.69,38.66,38.75,39.8
51067,36.02,37.42,42.62,41.71,40.89,40.88,41.4,42.5,41.06,40.05,43.05,39.45,40.29,40.04,40.85,42.95,42.88,44.93,40.78,39.08,40.89,38.69,38.66,38.75,39.8
51069,36.02,37.42,42.62,41.71,40.89,40.88,41.4,42.5,41.06,40.05,43.05,39.45,40.29,40.04,40.85,42.95,42.88,44.93,40.78,39.08,40.89,38.69,38.66,38.75,39.8
51071,36.02,37.42,42.62,41.71,40.89,40.88,41.4,42.5,41.06,40.05,43.05,39.45,40.29,40.04,40.85,42.95,42.88,44.93,40.78,39.08,40.89,38.69,38.66,38.75,39.8
51073,36.02,37.42,42.62,41.71,40.89,40.88,41.4,42.5,41.06,40.05,43.05,39.45,40.29,40.04,40.85,42.95,42.88,44.93,40.78,39.08,40.89,38.69,38.66,38.75,39.8
51075,36.02,37.42,42.62,41.71,40.89,40.88,41.4,42.5,41.06,40.05,43.05,39.45,40.29,40.04,40.85,42.95,42.88,44.93,40.78,39.08,40.89,38.69,38.66,38.75,39.8
51077,36.02,37.42,42.62,41.71,40.89,40.88,41.4,42.5,41.06,40.05,43.05,39.45,40.29,40.04,40.85,42.95,42.88,44.93,40.78,39.08,40.89,38.69,38.66,38.75,39.8
51079,36.02,37.42,42.62,41.71,40.89,40.88,41.4,42.5,41.06,40.05,43.05,39.45,40.29,40.04,40.85,42.95,42.88,44.93,40.78,39.08,40.89,38.69,38.66,38.75,39.8
51081,36.02,37.42,42.62,41.71,40.89,40.88,41.4,42.5,41.06,40.05,43.05,39.45,40.29,40.04,40.85,42.95,42.88,44.93,40.78,39.08,40.89,38.69,38.66,38.75,39.8
51083,36.02,37.42,42.62,41.71,40.89,40.88,41.4,42.5,41.06,40.05,43.05,39.45,40.29,40.04,40.85,42.95,42.88,44.93,40.78,39.08,40.89,38.69,38.66,38.75,39.8
51085,36.02,37.42,42.62,41.71,40.89,40.88,41.4,42.5,41.06,40.05,43.05,39.45,40.29,40.04,40.85,42.95,42.88,44.93,40.78,39.08,40.89,38.69,38.66,38.75,39.8
51087,36.02,37.42,42.62,41.71,40.89,40.88,41.4,42.5,41.06,40.05,43.05,39.45,40.29,40.04,40.85,42.95,42.88,44.93,40.78,39.08,40.89,38.69,38.66,38.75,39.8
51089,36.02,37.42,42.62,41.71,40.89,40.88,41.4,42.5,41.06,40.05,43.05,39.45,40.29,40.04,40.85,42.95,42.88,44.93,40.78,39.08,40.89,38.69,38.66,38.75,39.8
51091,36.02,37.42,42.62,41.71,40.89,40.88,41.4,42.5,41.06,40.05,43.05,39.45,40.29,40.04,40.85,42.95,42.88,44.93,40.78,39.08,40.89,38.69,38.66,38.75,39.8
51093,36.02,37.42,42.62,41.71,40.89,40.88,41.4,42.5,41.06,40.05,43.05,39.45,40.29,40.04,40.85,42.95,42.88,44.93,40.78,39.08,40.89,38.69,38.66,38.75,39.8
51095,36.02,37.42,42.62,41.71,40.89,40.88,41.4,42.5,41.06,40.05,43.05,39.45,40.29,40.04,40.85,42.95,42.88,44.93,40.78,39.08,40.89,38.69,38.66,38.75,39.8
51097,36.02,37.42,42.62,41.71,40.89,40.88,41.4,42.5,41.06,40.05,43.05,39.45,40.29,40.04,40.85,42.95,42.88,44.93,40.78,39.08,40.89,38.69,38.66,38.75,39.8
51099,36.02,37.42,42.62,41.71,40.89,40.88,41.4,42.5,41.06,40.05,43.05,39.45,40.29,40.04,40.85,42.95,42.88,44.93,40.78,39.08,40.89,38.69,38.66,38.75,39.8
51101,36.02,37.42,42.62,41.71,40.89,40.88,41.4,42.5,41.06,40.05,43.05,39.45,40.29,40.04,40.85,42.95,42.88,44.93,40.78,39.08,40.89,38.69,38.66,38.75,39.8
51103,36.02,37.42,42.62,41.71,40.89,40.88,41.4,42.5,41.06,40.05,43.05,39.45,40.29,40.04,40.85,42.95,42.88,44.93,40.78,39.08,40.89,38.69,38.66,38.75,39.8
51105,36.02,37.42,42.62,41.71,40.89,40.88,41.4,42.5,41.06,40.05,43.05,39.45,40.29,40.04,40.85,42.95,42.88,44.93,40.78,39.08,40.89,38.69,38.66,38.75,39.8
51107,36.02,37.42,42.62,41.71,40.89,40.88,41.4,42.5,41.06,40.05,43.05,39.45,40.29,40.04,40.85,42.95,42.88,44.93,40.78,39.08,40.89,38.69,38.66,38.75,39.8
51109,36.02,37.42,42.62,41.71,40.89,40.88,41.4,42.5,41.06,40.05,43.05,39.45,40.29,40.04,40.85,42.95,42.88,44.93,40.78,39.08,40.89,38.69,38.66,38.75,39.8
51111,36.02,37.42,42.62,41.71,40.89,40.88,41.4,42.5,41.06,40.05,43.05,39.45,40.29,40.04,40.85,42.95,42.88,44.93,40.78,39.08,40.89,38.69,38.66,38.75,39.8
51113,36.02,37.42,42.62,41.71,40.89,40.88,41.4,42.5,41.06,40.05,43.05,39.45,40.29,40.04,40.85,42.95,42.88,44.93,40.78,39.08,40.89,38.69,38.66,38.75,39.8
51115,36.02,37.42,42.62,41.71,40.89,40.88,41.4,42.5,41.06,40.05,43.05,39.45,40.29,40.04,40.85,42.95,42.88,44.93,40.78,39.08,40.89,38.69,38.66,38.75,39.8
51117,36.02,37.42,42.62,41.71,40.89,40.88,41.4,42.5,41.06,40.05,43.05,39.45,40.29,40.04,40.85,42.95,42.88,44.93,40.78,39.08,40.89,38.69,38.66,38.75,39.8
51119,36.02,37.42,42.62,41.71,40.89,40.88,41.4,42.5,41.06,40.05,43.05,39.45,40.29,40.04,40.85,42.95,42.88,44.93,40.78,39.08,40.89,38.69,38.66,38.75,39.8
51121,36.02,37.42,42.62,41.71,40.89,40.88,41.4,42.5,41.06,40.05,43.05,39.45,40.29,40.04,40.85,42.95,42.88,44.93,40.78,39.08,40.89,38.69,38.66,38.75,39.8
51125,36.02,37.42,42.62,41.71,40.89,40.88,41.4,42.5,41.06,40.05,43.05,39.45,40.29,40.04,40.85,42.95,42.88,44.93,40.78,39.08,40.89,38.69,38.66,38.75,39.8
51127,36.02,37.42,42.62,41.71,40.89,40.88,41.4,42.5,41.06,40.05,43.05,39.45,40.29,40.04,40.85,42.95,42.88,44.93,40.78,39.08,40.89,38.69,38.66,38.75,39.8
51131,36.02,37.42,42.62,41.71,40.89,40.88,41.4,42.5,41.06,40.05,43.05,39.45,40.29,40.04,40.85,42.95,42.88,44.93,40.78,39.08,40.89,38.69,38.66,38.75,39.8
51133,36.02,37.42,42.62,41.71,40.89,40.88,41.4,42.5,41.06,40.05,43.05,39.45,40.29,40.04,40.85,42.95,42.88,44.93,40.78,39.08,40.89,38.69,38.66,38.75,39.8
51135,36.02,37.42,42.62,41.71,40.89,40.88,41.4,42.5,41.06,40.05,43.05,39.45,40.29,40.04,40.85,42.95,42.88,44.93,40.78,39.08,40.89,38.69,38.66,38.75,39.8
51137,36.02,37.42,42.62,41.71,40.89,40.88,41.4,42.5,41.06,40.05,43.05,39.45,40.29,40.04,40.85,42.95,42.88,44.93,40.78,39.08,40.89,38.69,38.66,38.75,39.8
51139,36.02,37.42,42.62,41.71,40.89,40.88,41.4,42.5,41.06,40.05,43.05,39.45,40.29,40.04,40.85,42.95,42.88,44.93,40.78,39.08,40.89,38.69,38.66,38.75,39.8
51141,36.02,37.42,42.62,41.71,40.89,40.88,41.4,42.5,41.06,40.05,43.05,39.45,40.29,40.04,40.85,42.95,42.88,44.93,40.78,39.08,40.89,38.69,38.66,38.75,39.8
51143,36.02,37.42,42.62,41.71,40.89,40.88,41.4,42.5,41.06,40.05,43.05,39.45,40.29,40.04,40.85,42.95,42.88,44.93,40.78,39.08,40.89,38.69,38.66,38.75,39.8
51145,36.02,37.42,42.62,41.71,40.89,40.88,41.4,42.5,41.06,40.05,43.05,39.45,40.29,40.04,40.85,42.95,42.88,44.93,40.78,39.08,40.89,38.69,38.66,38.75,39.8
51147,36.02,37.42,42.62,41.71,40.89,40.88,41.4,42.5,41.06,40.05,43.05,39.45,40.29,40.04,40.85,42.95,42.88,44.93,40.78,39.08,40.89,38.69,38.66,38.75,39.8
51149,36.02,37.42,42.62,41.71,40.89,40.88,41.4,42.5,41.06,40.05,43.05,39.45,40.29,40.04,40.85,42.95,42.88,44.93,40.78,39.08,40.89,38.69,38.66,38.75,39.8
51153,36.02,37.42,42.62,41.71,40.89,40.88,41.4,42.5,41.06,40.05,43.05,39.45,40.29,40.04,40.85,42.95,42.88,44.93,40.78,39.08,40.89,38.69,38.66,38.75,39.8
51155,36.02,37.42,42.62,41.71,40.89,40.88,41.4,42.5,41.06,40.05,43.05,39.45,40.29,40.04,40.85,42.95,42.88,44.93,40.78,39.08,40.89,38.69,38.66,38.75,39.8
51157,36.02,37.42,42.62,41.71,40.89,40.88,41.4,42.5,41.06,40.05,43.05,39.45,40.29,40.04,40.85,42.95,42.88,44.93,40.78,39.08,40.89,38.69,38.66,38.75,39.8
51159,36.02,37.42,42.62,41.71,40.89,40.88,41.4,42.5,41.06,40.05,43.05,39.45,40.29,40.04,40.85,42.95,42.88,44.93,40.78,39.08,40.89,38.69,38.66,38.75,39.8
51161,36.02,37.42,42.62,41.71,40.89,40.88,41.4,42.5,41.06,40.05,43.05,39.45,40.29,40.04,40.85,42.95,42.88,44.93,40.78,39.08,40.89,38.69,38.66,38.75,39.8
51163,36.02,37.42,42.62,41.71,40.89,40.88,41.4,42.5,41.06,40.05,43.05,39.45,40.29,40.04,40.85,42.95,42.88,44.93,40.78,39.08,40.89,38.69,38.66,38.75,39.8
51165,36.02,37.42,42.62,41.71,40.89,40.88,41.4,42.5,41.06,40.05,43.05,39.45,40.29,40.04,40.85,42.95,42.88,44.93,40.78,39.08,40.89,38.69,38.66,38.75,39.8
51167,36.02,37.42,42.62,41.71,40.89,40.88,41.4,42.5,41.06,40.05,43.05,39.45,40.29,40.04,40.85,42.95,42.88,44.93,40.78,39.08,40.89,38.69,38.66,38.75,39.8
51169,36.02,37.42,42.62,41.71,40.89,40.88,41.4,42.5,41.06,40.05,43.05,39.45,40.29,40.04,40.85,42.95,42.88,44.93,40.78,39.08,40.89,38.69,38.66,38.75,39.8
51171,36.02,37.42,42.62,41.71,40.89,40.88,41.4,42.5,41.06,40.05,43.05,39.45,40.29,40.04,40.85,42.95,42.88,44.93,40.78,39.08,40.89,38.69,38.66,38.75,39.8
51173,36.02,37.42,42.62,41.71,40.89,40.88,41.4,42.5,41.06,40.05,43.05,39.45,40.29,40.04,40.85,42.95,42.88,44.93,40.78,39.08,40.89,38.69,38.66,38.75,39.8
51175,36.02,37.42,42.62,41.71,40.89,40.88,41.4,42.5,41.06,40.05,43.05,39.45,40.29,40.04,40.85,42.95,42.88,44.93,40.78,39.08,40.89,38.69,38.66,38.75,39.8
51177,36.02,37.42,42.62,41.71,40.89,40.88,41.4,42.5,41.06,40.05,43.05,39.45,40.29,40.04,40.85,42.95,42.88,44.93,40.78,39.08,40.89,38.69,38.66,38.75,39.8
51179,36.02,37.42,42.62,41.71,40.89,40.88,41.4,42.5,41.06,40.05,43.05,39.45,40.29,40.04,40.85,42.95,42.88,44.93,40.78,39.08,40.89,38.69,38.66,38.75,39.8
51181,36.02,37.42,42.62,41.71,40.89,40.88,41.4,42.5,41.06,40.05,43.05,39.45,40.29,40.04,40.85,42.95,42.88,44.93,40.78,39.08,40.89,38.69,38.66,38.75,39.8
51183,36.02,37.42,42.62,41.71,40.89,40.88,41.4,42.5,41.06,40.05,43.05,39.45,40.29,40.04,40.85,42.95,42.88,44.93,40.78,39.08,40.89,38.69,38.66,38.75,39.8
51185,36.02,37.42,42.62,41.71,40.89,40.88,41.4,42.5,41.06,40.05,43.05,39.45,40.29,40.04,40.85,42.95,42.88,44.93,40.78,39.08,40.89,38.69,38.66,38.75,39.8
51187,36.02,37.42,42.62,41.71,40.89,40.88,41.4,42.5,41.06,40.05,43.05,39.45,40.29,40.04,40.85,42.95,42.88,44.93,40.78,39.08,40.89,38.69,38.66,38.75,39.8
51191,36.02,37.42,42.62,41.71,40.89,40.88,41.4,42.5,41.06,40.05,43.05,39.45,40.29,40.04,40.85,42.95,42.88,44.93,40.78,39.08,40.89,38.69,38.66,38.75,39.8
51193,36.02,37.42,42.62,41.71,40.89,40.88,41.4,42.5,41.06,40.05,43.05,39.45,40.29,40.04,40.85,42.95,42.88,44.93,40.78,39.08,40.89,38.69,38.66,38.75,39.8
51195,36.02,37.42,42.62,41.71,40.89,40.88,41.4,42.5,41.06,40.05,43.05,39.45,40.29,40.04,40.85,42.95,42.88,44.93,40.78,39.08,40.89,38.69,38.66,38.75,39.8
51197,36.02,37.42,42.62,41.71,40.89,40.88,41.4,42.5,41.06,40.05,43.05,39.45,40.29,40.04,40.85,42.95,42.88,44.93,40.78,39.08,40.89,38.69,38.66,38.75,39.8
51199,36.02,37.42,42.62,41.71,40.89,40.88,41.4,42.5,41.06,40.05,43.05,39.45,40.29,40.04,40.85,42.95,42.88,44.93,40.78,39.08,40.89,38.69,38.66,38.75,39.8
51510,36.02,37.42,42.62,41.71,40.89,40.88,41.4,42.5,41.06,40.05,43.05,39.45,40.29,40.04,40.85,42.95,42.88,44.93,40.78,39.08,40.89,38.69,38.66,38.75,39.8
51520,36.02,37.42,42.62,41.71,40.89,40.88,41.4,42.5,41.06,40.05,43.05,39.45,40.29,40.04,40.85,42.95,42.88,44.93,40.78,39.08,40.89,38.69,38.66,38.75,39.8
51530,36.02,37.42,42.62,41.71,40.89,40.88,41.4,42.5,41.06,40.05,43.05,39.45,40.29,40.04,40.85,42.95,42.88,44.93,40.78,39.08,40.89,38.69,38.66,38.75,39.8
51540,36.02,37.42,42.62,41.71,40.89,40.88,41.4,42.5,41.06,40.05,43.05,39.45,40.29,40.04,40.85,42.95,42.88,44.93,40.78,39.08,40.89,38.69,38.66,38.75,39.8
51550,36.02,37.42,42.62,41.71,40.89,40.88,41.4,42.5,41.06,40.05,43.05,39.45,40.29,40.04,40.85,42.95,42.88,44.93,40.78,39.08,40.89,38.69,38.66,38.75,39.8
51570,36.02,37.42,42.62,41.71,40.89,40.88,41.4,42.5,41.06,40.05,43.05,39.45,40.29,40.04,40.85,42.95,42.88,44.93,40.78,39.08,40.89,38.69,38.66,38.75,39.8
51580,36.02,37.42,42.62,41.71,40.89,40.88,41.4,42.5,41.06,40.05,43.05,39.45,40.29,40.04,40.85,42.95,42.88,44.93,40.78,39.08,40.89,38.69,38.66,38.75,39.8
51590,36.02,37.42,42.62,41.71,40.89,40.88,41.4,42.5,41.06,40.05,43.05,39.45,40.29,40.04,40.85,42.95,42.88,44.93,40.78,39.08,40.89,38.69,38.66,38.75,39.8
51595,36.02,37.42,42.62,41.71,40.89,40.88,41.4,42.5,41.06,40.05,43.05,39.45,40.29,40.04,40.85,42.95,42.88,44.93,40.78,39.08,40.89,38.69,38.66,38.75,39.8
51600,36.02,37.42,42.62,41.71,40.89,40.88,41.4,42.5,41.06,40.05,43.05,39.45,40.29,40.04,40.85,42.95,42.88,44.93,40.78,39.08,40.89,38.69,38.66,38.75,39.8
51610,36.02,37.42,42.62,41.71,40.89,40.88,41.4,42.5,41.06,40.05,43.05,39.45,40.29,40.04,40.85,42.95,42.88,44.93,40.78,39.08,40.89,38.69,38.66,38.75,39.8
51620,36.02,37.42,42.62,41.71,40.89,40.88,41.4,42.5,41.06,40.05,43.05,39.45,40.29,40.04,40.85,42.95,42.88,44.93,40.78,39.08,40.89,38.69,38.66,38.75,39.8
51630,36.02,37.42,42.62,41.71,40.89,40.88,41.4,42.5,41.06,40.05,43.05,39.45,40.29,40.04,40.85,42.95,42.88,44.93,40.78,39.08,40.89,38.69,38.66,38.75,39.8
51640,36.02,37.42,42.62,41.71,40.89,40.88,41.4,42.5,41.06,40.05,43.05,39.45,40.29,40.04,40.85,42.95,42.88,44.93,40.78,39.08,40.89,38.69,38.66,38.75,39.8
51650,36.02,37.42,42.62,41.71,40.89,40.88,41.4,42.5,41.06,40.05,43.05,39.45,40.29,40.04,40.85,42.95,42.88,44.93,40.78,39.08,40.89,38.69,38.66,38.75,39.8
51660,36.02,37.42,42.62,41.71,40.89,40.88,41.4,42.5,41.06,40.05,43.05,39.45,40.29,40.04,40.85,42.95,42.88,44.93,40.78,39.08,40.89,38.69,38.66,38.75,39.8
51670,36.02,37.42,42.62,41.71,40.89,40.88,41.4,42.5,41.06,40.05,43.05,39.45,40.29,40.04,40.85,42.95,42.88,44.93,40.78,39.08,40.89,38.69,38.66,38.75,39.8
51678,36.02,37.42,42.62,41.71,40.89,40.88,41.4,42.5,41.06,40.05,43.05,39.45,40.29,40.04,40.85,42.95,42.88,44.93,40.78,39.08,40.89,38.69,38.66,38.75,39.8
51680,36.02,37.42,42.62,41.71,40.89,40.88,41.4,42.5,41.06,40.05,43.05,39.45,40.29,40.04,40.85,42.95,42.88,44.93,40.78,39.08,40.89,38.69,38.66,38.75,39.8
51683,36.02,37.42,42.62,41.71,40.89,40.88,41.4,42.5,41.06,40.05,43.05,39.45,40.29,40.04,40.85,42.95,42.88,44.93,40.78,39.08,40.89,38.69,38.66,38.75,39.8
51685,36.02,37.42,42.62,41.71,40.89,40.88,41.4,42.5,41.06,40.05,43.05,39.45,40.29,40.04,40.85,42.95,42.88,44.93,40.78,39.08,40.89,38.69,38.66,38.75,39.8
51690,36.02,37.42,42.62,41.71,40.89,40.88,41.4,42.5,41.06,40.05,43.05,39.45,40.29,40.04,40.85,42.95,42.88,44.93,40.78,39.08,40.89,38.69,38.66,38.75,39.8
51700,36.02,37.42,42.62,41.71,40.89,40.88,41.4,42.5,41.06,40.05,43.05,39.45,40.29,40.04,40.85,42.95,42.88,44.93,40.78,39.08,40.89,38.69,38.66,38.75,39.8
51710,36.02,37.42,42.62,41.71,40.89,40.88,41.4,42.5,41.06,40.05,43.05,39.45,40.29,40.04,40.85,42.95,42.88,44.93,40.78,39.08,40.89,38.69,38.66,38.75,39.8
51720,36.02,37.42,42.62,41.71,40.89,40.88,41.4,42.5,41.06,40.05,43.05,39.45,40.29,40.04,40.85,42.95,42.88,44.93,40.78,39.08,40.89,38.69,38.66,38.75,39.8
51730,36.02,37.42,42.62,41.71,40.89,40.88,41.4,42.5,41.06,40.05,43.05,39.45,40.29,40.04,40.85,42.95,42.88,44.93,40.78,39.08,40.89,38.69,38.66,38.75,39.8
51735,36.02,37.42,42.62,41.71,40.89,40.88,41.4,42.5,41.06,40.05,43.05,39.45,40.29,40.04,40.85,42.95,42.88,44.93,40.78,39.08,40.89,38.69,38.66,38.75,39.8
51740,36.02,37.42,42.62,41.71,40.89,40.88,41.4,42.5,41.06,40.05,43.05,39.45,40.29,40.04,40.85,42.95,42.88,44.93,40.78,39.08,40.89,38.69,38.66,38.75,39.8
51750,36.02,37.42,42.62,41.71,40.89,40.88,41.4,42.5,41.06,40.05,43.05,39.45,40.29,40.04,40.85,42.95,42.88,44.93,40.78,39.08,40.89,38.69,38.66,38.75,39.8
51760,36.02,37.42,42.62,41.71,40.89,40.88,41.4,42.5,41.06,40.05,43.05,39.45,40.29,40.04,40.85,42.95,42.88,44.93,40.78,39.08,40.89,38.69,38.66,38.75,39.8
51770,36.02,37.42,42.62,41.71,40.89,40.88,41.4,42.5,41.06,40.05,43.05,39.45,40.29,40.04,40.85,42.95,42.88,44.93,40.78,39.08,40.89,38.69,38.66,38.75,39.8
51775,36.02,37.42,42.62,41.71,40.89,40.88,41.4,42.5,41.06,40.05,43.05,39.45,40.29,40.04,40.85,42.95,42.88,44.93,40.78,39.08,40.89,38.69,38.66,38.75,39.8
51790,36.02,37.42,42.62,41.71,40.89,40.88,41.4,42.5,41.06,40.05,43.05,39.45,40.29,40.04,40.85,42.95,42.88,44.93,40.78,39.08,40.89,38.69,38.66,38.75,39.8
51800,36.02,37.42,42.62,41.71,40.89,40.88,41.4,42.5,41.06,40.05,43.05,39.45,40.29,40.04,40.85,42.95,42.88,44.93,40.78,39.08,40.89,38.69,38.66,38.75,39.8
51810,36.02,37.42,42.62,41.71,40.89,40.88,41.4,42.5,41.06,40.05,43.05,39.45,40.29,40.04,40.85,42.95,42.88,44.93,40.78,39.08,40.89,38.69,38.66,38.75,39.8
51820,36.02,37.42,42.62,41.71,40.89,40.88,41.4,42.5,41.06,40.05,43.05,39.45,40.29,40.04,40.85,42.95,42.88,44.93,40.78,39.08,40.89,38.69,38.66,38.75,39.8
51830,36.02,37.42,42.62,41.71,40.89,40.88,41.4,42.5,41.06,40.05,43.05,39.45,40.29,40.04,40.85,42.95,42.88,44.93,40.78,39.08,40.89,38.69,38.66,38.75,39.8
51840,36.02,37.42,42.62,41.71,40.89,40.88,41.4,42.5,41.06,40.05,43.05,39.45,40.29,40.04,40.85,42.95,42.88,44.93,40.78,39.08,40.89,38.69,38.66,38.75,39.8
53001,36.02,37.42,42.62,41.71,40.89,40.88,41.4,42.5,41.06,40.05,43.05,39.45,40.29,40.04,40.85,42.95,42.88,44.93,40.78,39.08,40.89,38.69,38.66,38.75,39.8
53003,36.02,37.42,42.62,41.71,40.89,40.88,41.4,42.5,41.06,40.05,43.05,39.45,40.29,40.04,40.85,42.95,42.88,44.93,40.78,39.08,40.89,38.69,38.66,38.75,39.8
53005,36.02,37.42,42.62,41.71,40.89,40.88,41.4,42.5,41.06,40.05,43.05,39.45,40.29,40.04,40.85,42.95,42.88,44.93,40.78,39.08,40.89,38.69,38.66,38.75,39.8
53007,36.02,37.42,42.62,41.71,40.89,40.88,41.4,42.5,41.06,40.05,43.05,39.45,40.29,40.04,40.85,42.95,42.88,44.93,40.78,39.08,40.89,38.69,38.66,38.75,39.8
53009,36.02,37.42,42.62,41.71,40.89,40.88,41.4,42.5,41.06,40.05,43.05,39.45,40.29,40.04,40.85,42.95,42.88,44.93,40.78,39.08,40.89,38.69,38.66,38.75,39.8
53011,36.02,37.42,42.62,41.71,40.89,40.88,41.4,42.5,41.06,40.05,43.05,39.45,40.29,40.04,40.85,42.95,42.88,44.93,40.78,39.08,40.89,38.69,38.66,38.75,39.8
53013,36.02,37.42,42.62,41.71,40.89,40.88,41.4,42.5,41.06,40.05,43.05,39.45,40.29,40.04,40.85,42.95,42.88,44.93,40.78,39.08,40.89,38.69,38.66,38.75,39.8
53015,36.02,37.42,42.62,41.71,40.89,40.88,41.4,42.5,41.06,40.05,43.05,39.45,40.29,40.04,40.85,42.95,42.88,44.93,40.78,39.08,40.89,38.69,38.66,38.75,39.8
53017,36.02,37.42,42.62,41.71,40.89,40.88,41.4,42.5,41.06,40.05,43.05,39.45,40.29,40.04,40.85,42.95,42.88,44.93,40.78,39.08,40.89,38.69,38.66,38.75,39.8
53019,36.02,37.42,42.62,41.71,40.89,40.88,41.4,42.5,41.06,40.05,43.05,39.45,40.29,40.04,40.85,42.95,42.88,44.93,40.78,39.08,40.89,38.69,38.66,38.75,39.8
53021,36.02,37.42,42.62,41.71,40.89,40.88,41.4,42.5,41.06,40.05,43.05,39.45,40.29,40.04,40.85,42.95,42.88,44.93,40.78,39.08,40.89,38.69,38.66,38.75,39.8
53023,36.02,37.42,42.62,41.71,40.89,40.88,41.4,42.5,41.06,40.05,43.05,39.45,40.29,40.04,40.85,42.95,42.88,44.93,40.78,39.08,40.89,38.69,38.66,38.75,39.8
53025,36.02,37.42,42.62,41.71,40.89,40.88,41.4,42.5,41.06,40.05,43.05,39.45,40.29,40.04,40.85,42.95,42.88,44.93,40.78,39.08,40.89,38.69,38.66,38.75,39.8
53027,36.02,37.42,42.62,41.71,40.89,40.88,41.4,42.5,41.06,40.05,43.05,39.45,40.29,40.04,40.85,42.95,42.88,44.93,40.78,39.08,40.89,38.69,38.66,38.75,39.8
53029,36.02,37.42,42.62,41.71,40.89,40.88,41.4,42.5,41.06,40.05,43.05,39.45,40.29,40.04,40.85,42.95,42.88,44.93,40.78,39.08,40.89,38.69,38.66,38.75,39.8
53031,36.02,37.42,42.62,41.71,40.89,40.88,41.4,42.5,41.06,40.05,43.05,39.45,40.29,40.04,40.85,42.95,42.88,44.93,40.78,39.08,40.89,38.69,38.66,38.75,39.8
53033,36.02,37.42,42.62,41.71,40.89,40.88,41.4,42.5,41.06,40.05,43.05,39.45,40.29,40.04,40.85,42.95,42.88,44.93,40.78,39.08,40.89,38.69,38.66,38.75,39.8
53035,36.02,37.42,42.62,41.71,40.89,40.88,41.4,42.5,41.06,40.05,43.05,39.45,40.29,40.04,40.85,42.95,42.88,44.93,40.78,39.08,40.89,38.69,38.66,38.75,39.8
53037,36.02,37.42,42.62,41.71,40.89,40.88,41.4,42.5,41.06,40.05,43.05,39.45,40.29,40.04,40.85,42.95,42.88,44.93,40.78,39.08,40.89,38.69,38.66,38.75,39.8
53039,36.02,37.42,42.62,41.71,40.89,40.88,41.4,42.5,41.06,40.05,43.05,39.45,40.29,40.04,40.85,42.95,42.88,44.93,40.78,39.08,40.89,38.69,38.66,38.75,39.8
53041,36.02,37.42,42.62,41.71,40.89,40.88,41.4,42.5,41.06,40.05,43.05,39.45,40.29,40.04,40.85,42.95,42.88,44.93,40.78,39.08,40.89,38.69,38.66,38.75,39.8
53043,36.02,37.42,42.62,41.71,40.89,40.88,41.4,42.5,41.06,40.05,43.05,39.45,40.29,40.04,40.85,42.95,42.88,44.93,40.78,39.08,40.89,38.69,38.66,38.75,39.8
53045,36.02,37.42,42.62,41.71,40.89,40.88,41.4,42.5,41.06,40.05,43.05,39.45,40.29,40.04,40.85,42.95,42.88,44.93,40.78,39.08,40.89,38.69,38.66,38.75,39.8
53047,36.02,37.42,42.62,41.71,40.89,40.88,41.4,42.5,41.06,40.05,43.05,39.45,40.29,40.04,40.85,42.95,42.88,44.93,40.78,39.08,40.89,38.69,38.66,38.75,39.8
53049,36.02,37.42,42.62,41.71,40.89,40.88,41.4,42.5,41.06,40.05,43.05,39.45,40.29,40.04,40.85,42.95,42.88,44.93,40.78,39.08,40.89,38.69,38.66,38.75,39.8
53051,36.02,37.42,42.62,41.71,40.89,40.88,41.4,42.5,41.06,40.05,43.05,39.45,40.29,40.04,40.85,42.95,42.88,44.93,40.78,39.08,40.89,38.69,38.66,38.75,39.8
53053,36.02,37.42,42.62,41.71,40.89,40.88,41.4,42.5,41.06,40.05,43.05,39.45,40.29,40.04,40.85,42.95,42.88,44.93,40.78,39.08,40.89,38.69,38.66,38.75,39.8
53055,36.02,37.42,42.62,41.71,40.89,40.88,41.4,42.5,41.06,40.05,43.05,39.45,40.29,40.04,40.85,42.95,42.88,44.93,40.78,39.08,40.89,38.69,38.66,38.75,39.8
53057,36.02,37.42,42.62,41.71,40.89,40.88,41.4,42.5,41.06,40.05,43.05,39.45,40.29,40.04,40.85,42.95,42.88,44.93,40.78,39.08,40.89,38.69,38.66,38.75,39.8
53059,36.02,37.42,42.62,41.71,40.89,40.88,41.4,42.5,41.06,40.05,43.05,39.45,40.29,40.04,40.85,42.95,42.88,44.93,40.78,39.08,40.89,38.69,38.66,38.75,39.8
53061,36.02,37.42,42.62,41.71,40.89,40.88,41.4,42.5,41.06,40.05,43.05,39.45,40.29,40.04,40.85,42.95,42.88,44.93,40.78,39.08,40.89,38.69,38.66,38.75,39.8
53063,36.02,37.42,42.62,41.71,40.89,40.88,41.4,42.5,41.06,40.05,43.05,39.45,40.29,40.04,40.85,42.95,42.88,44.93,40.78,39.08,40.89,38.69,38.66,38.75,39.8
53065,36.02,37.42,42.62,41.71,40.89,40.88,41.4,42.5,41.06,40.05,43.05,39.45,40.29,40.04,40.85,42.95,42.88,44.93,40.78,39.08,40.89,38.69,38.66,38.75,39.8
53067,36.02,37.42,42.62,41.71,40.89,40.88,41.4,42.5,41.06,40.05,43.05,39.45,40.29,40.04,40.85,42.95,42.88,44.93,40.78,39.08,40.89,38.69,38.66,38.75,39.8
53069,36.02,37.42,42.62,41.71,40.89,40.88,41.4,42.5,41.06,40.05,43.05,39.45,40.29,40.04,40.85,42.95,42.88,44.93,40.78,39.08,40.89,38.69,38.66,38.75,39.8
53071,36.02,37.42,42.62,41.71,40.89,40.88,41.4,42.5,41.06,40.05,43.05,39.45,40.29,40.04,40.85,42.95,42.88,44.93,40.78,39.08,40.89,38.69,38.66,38.75,39.8
53073,36.02,37.42,42.62,41.71,40.89,40.88,41.4,42.5,41.06,40.05,43.05,39.45,40.29,40.04,40.85,42.95,42.88,44.93,40.78,39.08,40.89,38.69,38.66,38.75,39.8
53075,36.02,37.42,42.62,41.71,40.89,40.88,41.4,42.5,41.06,40.05,43.05,39.45,40.29,40.04,40.85,42.95,42.88,44.93,40.78,39.08,40.89,38.69,38.66,38.75,39.8
53077,36.02,37.42,42.62,41.71,40.89,40.88,41.4,42.5,41.06,40.05,43.05,39.45,40.29,40.04,40.85,42.95,42.88,44.93,40.78,39.08,40.89,38.69,38.66,38.75,39.8
54001,36.02,37.42,42.62,41.71,40.89,40.88,41.4,42.5,41.06,40.05,43.05,39.45,40.29,40.04,40.85,42.95,42.88,44.93,40.78,39.08,40.89,38.69,38.66,38.75,39.8
54003,36.02,37.42,42.62,41.71,40.89,40.88,41.4,42.5,41.06,40.05,43.05,39.45,40.29,40.04,40.85,42.95,42.88,44.93,40.78,39.08,40.89,38.69,38.66,38.75,39.8
54005,36.02,37.42,42.62,41.71,40.89,40.88,41.4,42.5,41.06,40.05,43.05,39.45,40.29,40.04,40.85,42.95,42.88,44.93,40.78,39.08,40.89,38.69,38.66,38.75,39.8
54007,36.02,37.42,42.62,41.71,40.89,40.88,41.4,42.5,41.06,40.05,43.05,39.45,40.29,40.04,40.85,42.95,42.88,44.93,40.78,39.08,40.89,38.69,38.66,38.75,39.8
54009,36.02,37.42,42.62,41.71,40.89,40.88,41.4,42.5,41.06,40.05,43.05,39.45,40.29,40.04,40.85,42.95,42.88,44.93,40.78,39.08,40.89,38.69,38.66,38.75,39.8
54011,36.02,37.42,42.62,41.71,40.89,40.88,41.4,42.5,41.06,40.05,43.05,39.45,40.29,40.04,40.85,42.95,42.88,44.93,40.78,39.08,40.89,38.69,38.66,38.75,39.8
54013,36.02,37.42,42.62,41.71,40.89,40.88,41.4,42.5,41.06,40.05,43.05,39.45,40.29,40.04,40.85,42.95,42.88,44.93,40.78,39.08,40.89,38.69,38.66,38.75,39.8
54015,36.02,37.42,42.62,41.71,40.89,40.88,41.4,42.5,41.06,40.05,43.05,39.45,40.29,40.04,40.85,42.95,42.88,44.93,40.78,39.08,40.89,38.69,38.66,38.75,39.8
54017,36.02,37.42,42.62,41.71,40.89,40.88,41.4,42.5,41.06,40.05,43.05,39.45,40.29,40.04,40.85,42.95,42.88,44.93,40.78,39.08,40.89,38.69,38.66,38.75,39.8
54019,36.02,37.42,42.62,41.71,40.89,40.88,41.4,42.5,41.06,40.05,43.05,39.45,40.29,40.04,40.85,42.95,42.88,44.93,40.78,39.08,40.89,38.69,38.66,38.75,39.8
54021,36.02,37.42,42.62,41.71,40.89,40.88,41.4,42.5,41.06,40.05,43.05,39.45,40.29,40.04,40.85,42.95,42.88,44.93,40.78,39.08,40.89,38.69,38.66,38.75,39.8
54023,36.02,37.42,42.62,41.71,40.89,40.88,41.4,42.5,41.06,40.05,43.05,39.45,40.29,40.04,40.85,42.95,42.88,44.93,40.78,39.08,40.89,38.69,38.66,38.75,39.8
54025,36.02,37.42,42.62,41.71,40.89,40.88,41.4,42.5,41.06,40.05,43.05,39.45,40.29,40.04,40.85,42.95,42.88,44.93,40.78,39.08,40.89,38.69,38.66,38.75,39.8
54027,36.02,37.42,42.62,41.71,40.89,40.88,41.4,42.5,41.06,40.05,43.05,39.45,40.29,40.04,40.85,42.95,42.88,44.93,40.78,39.08,40.89,38.69,38.66,38.75,39.8
54029,36.02,37.42,42.62,41.71,40.89,40.88,41.4,42.5,41.06,40.05,43.05,39.45,40.29,40.04,40.85,42.95,42.88,44.93,40.78,39.08,40.89,38.69,38.66,38.75,39.8
54031,36.02,37.42,42.62,41.71,40.89,40.88,41.4,42.5,41.06,40.05,43.05,39.45,40.29,40.04,40.85,42.95,42.88,44.93,40.78,39.08,40.89,38.69,38.66,38.75,39.8
54033,36.02,37.42,42.62,41.71,40.89,40.88,41.4,42.5,41.06,40.05,43.05,39.45,40.29,40.04,40.85,42.95,42.88,44.93,40.78,39.08,40.89,38.69,38.66,38.75,39.8
54035,36.02,37.42,42.62,41.71,40.89,40.88,41.4,42.5,41.06,40.05,43.05,39.45,40.29,40.04,40.85,42.95,42.88,44.93,40.78,39.08,40.89,38.69,38.66,38.75,39.8
54037,36.02,37.42,42.62,41.71,40.89,40.88,41.4,42.5,41.06,40.05,43.05,39.45,40.29,40.04,40.85,42.95,42.88,44.93,40.78,39.08,40.89,38.69,38.66,38.75,39.8
54039,36.02,37.42,42.62,41.71,40.89,40.88,41.4,42.5,41.06,40.05,43.05,39.45,40.29,40.04,40.85,42.95,42.88,44.93,40.78,39.08,40.89,38.69,38.66,38.75,39.8
54041,36.02,37.42,42.62,41.71,40.89,40.88,41.4,42.5,41.06,40.05,43.05,39.45,40.29,40.04,40.85,42.95,42.88,44.93,40.78,39.08,40.89,38.69,38.66,38.75,39.8
54043,36.02,37.42,42.62,41.71,40.89,40.88,41.4,42.5,41.06,40.05,43.05,39.45,40.29,40.04,40.85,42.95,42.88,44.93,40.78,39.08,40.89,38.69,38.66,38.75,39.8
54045,36.02,37.42,42.62,41.71,40.89,40.88,41.4,42.5,41.06,40.05,43.05,39.45,40.29,40.04,40.85,42.95,42.88,44.93,40.78,39.08,40.89,38.69,38.66,38.75,39.8
54047,36.02,37.42,42.62,41.71,40.89,40.88,41.4,42.5,41.06,40.05,43.05,39.45,40.29,40.04,40.85,42.95,42.88,44.93,40.78,39.08,40.89,38.69,38.66,38.75,39.8
54049,36.02,37.42,42.62,41.71,40.89,40.88,41.4,42.5,41.06,40.05,43.05,39.45,40.29,40.04,40.85,42.95,42.88,44.93,40.78,39.08,40.89,38.69,38.66,38.75,39.8
54051,36.02,37.42,42.62,41.71,40.89,40.88,41.4,42.5,41.06,40.05,43.05,39.45,40.29,40.04,40.85,42.95,42.88,44.93,40.78,39.08,40.89,38.69,38.66,38.75,39.8
54053,36.02,37.42,42.62,41.71,40.89,40.88,41.4,42.5,41.06,40.05,43.05,39.45,40.29,40.04,40.85,42.95,42.88,44.93,40.78,39.08,40.89,38.69,38.66,38.75,39.8
54055,36.02,37.42,42.62,41.71,40.89,40.88,41.4,42.5,41.06,40.05,43.05,39.45,40.29,40.04,40.85,42.95,42.88,44.93,40.78,39.08,40.89,38.69,38.66,38.75,39.8
54057,36.02,37.42,42.62,41.71,40.89,40.88,41.4,42.5,41.06,40.05,43.05,39.45,40.29,40.04,40.85,42.95,42.88,44.93,40.78,39.08,40.89,38.69,38.66,38.75,39.8
54059,36.02,37.42,42.62,41.71,40.89,40.88,41.4,42.5,41.06,40.05,43.05,39.45,40.29,40.04,40.85,42.95,42.88,44.93,40.78,39.08,40.89,38.69,38.66,38.75,39.8
54061,36.02,37.42,42.62,41.71,40.89,40.88,41.4,42.5,41.06,40.05,43.05,39.45,40.29,40.04,40.85,42.95,42.88,44.93,40.78,39.08,40.89,38.69,38.66,38.75,39.8
54063,36.02,37.42,42.62,41.71,40.89,40.88,41.4,42.5,41.06,40.05,43.05,39.45,40.29,40.04,40.85,42.95,42.88,44.93,40.78,39.08,40.89,38.69,38.66,38.75,39.8
54065,36.02,37.42,42.62,41.71,40.89,40.88,41.4,42.5,41.06,40.05,43.05,39.45,40.29,40.04,40.85,42.95,42.88,44.93,40.78,39.08,40.89,38.69,38.66,38.75,39.8
54067,36.02,37.42,42.62,41.71,40.89,40.88,41.4,42.5,41.06,40.05,43.05,39.45,40.29,40.04,40.85,42.95,42.88,44.93,40.78,39.08,40.89,38.69,38.66,38.75,39.8
54069,36.02,37.42,42.62,41.71,40.89,40.88,41.4,42.5,41.06,40.05,43.05,39.45,40.29,40.04,40.85,42.95,42.88,44.93,40.78,39.08,40.89,38.69,38.66,38.75,39.8
54071,36.02,37.42,42.62,41.71,40.89,40.88,41.4,42.5,41.06,40.05,43.05,39.45,40.29,40.04,40.85,42.95,42.88,44.93,40.78,39.08,40.89,38.69,38.66,38.75,39.8
54073,36.02,37.42,42.62,41.71,40.89,40.88,41.4,42.5,41.06,40.05,43.05,39.45,40.29,40.04,40.85,42.95,42.88,44.93,40.78,39.08,40.89,38.69,38.66,38.75,39.8
54075,36.02,37.42,42.62,41.71,40.89,40.88,41.4,42.5,41.06,40.05,43.05,39.45,40.29,40.04,40.85,42.95,42.88,44.93,40.78,39.08,40.89,38.69,38.66,38.75,39.8
54077,36.02,37.42,42.62,41.71,40.89,40.88,41.4,42.5,41.06,40.05,43.05,39.45,40.29,40.04,40.85,42.95,42.88,44.93,40.78,39.08,40.89,38.69,38.66,38.75,39.8
54079,36.02,37.42,42.62,41.71,40.89,40.88,41.4,42.5,41.06,40.05,43.05,39.45,40.29,40.04,40.85,42.95,42.88,44.93,40.78,39.08,40.89,38.69,38.66,38.75,39.8
54081,36.02,37.42,42.62,41.71,40.89,40.88,41.4,42.5,41.06,40.05,43.05,39.45,40.29,40.04,40.85,42.95,42.88,44.93,40.78,39.08,40.89,38.69,38.66,38.75,39.8
54083,36.02,37.42,42.62,41.71,40.89,40.88,41.4,42.5,41.06,40.05,43.05,39.45,40.29,40.04,40.85,42.95,42.88,44.93,40.78,39.08,40.89,38.69,38.66,38.75,39.8
54085,36.02,37.42,42.62,41.71,40.89,40.88,41.4,42.5,41.06,40.05,43.05,39.45,40.29,40.04,40.85,42.95,42.88,44.93,40.78,39.08,40.89,38.69,38.66,38.75,39.8
54087,36.02,37.42,42.62,41.71,40.89,40.88,41.4,42.5,41.06,40.05,43.05,39.45,40.29,40.04,40.85,42.95,42.88,44.93,40.78,39.08,40.89,38.69,38.66,38.75,39.8
54089,36.02,37.42,42.62,41.71,40.89,40.88,41.4,42.5,41.06,40.05,43.05,39.45,40.29,40.04,40.85,42.95,42.88,44.93,40.78,39.08,40.89,38.69,38.66,38.75,39.8
54091,36.02,37.42,42.62,41.71,40.89,40.88,41.4,42.5,41.06,40.05,43.05,39.45,40.29,40.04,40.85,42.95,42.88,44.93,40.78,39.08,40.89,38.69,38.66,38.75,39.8
54093,36.02,37.42,42.62,41.71,40.89,40.88,41.4,42.5,41.06,40.05,43.05,39.45,40.29,40.04,40.85,42.95,42.88,44.93,40.78,39.08,40.89,38.69,38.66,38.75,39.8
54095,36.02,37.42,42.62,41.71,40.89,40.88,41.4,42.5,41.06,40.05,43.05,39.45,40.29,40.04,40.85,42.95,42.88,44.93,40.78,39.08,40.89,38.69,38.66,38.75,39.8
54097,36.02,37.42,42.62,41.71,40.89,40.88,41.4,42.5,41.06,40.05,43.05,39.45,40.29,40.04,40.85,42.95,42.88,44.93,40.78,39.08,40.89,38.69,38.66,38.75,39.8
54099,36.02,37.42,42.62,41.71,40.89,40.88,41.4,42.5,41.06,40.05,43.05,39.45,40.29,40.04,40.85,42.95,42.88,44.93,40.78,39.08,40.89,38.69,38.66,38.75,39.8
54101,36.02,37.42,42.62,41.71,40.89,40.88,41.4,42.5,41.06,40.05,43.05,39.45,40.29,40.04,40.85,42.95,42.88,44.93,40.78,39.08,40.89,38.69,38.66,38.75,39.8
54103,36.02,37.42,42.62,41.71,40.89,40.88,41.4,42.5,41.06,40.05,43.05,39.45,40.29,40.04,40.85,42.95,42.88,44.93,40.78,39.08,40.89,38.69,38.66,38.75,39.8
54105,36.02,37.42,42.62,41.71,40.89,40.88,41.4,42.5,41.06,40.05,43.05,39.45,40.29,40.04,40.85,42.95,42.88,44.93,40.78,39.08,40.89,38.69,38.66,38.75,39.8
54107,36.02,37.42,42.62,41.71,40.89,40.88,41.4,42.5,41.06,40.05,43.05,39.45,40.29,40.04,40.85,42.95,42.88,44.93,40.78,39.08,40.89,38.69,38.66,38.75,39.8
54109,36.02,37.42,42.62,41.71,40.89,40.88,41.4,42.5,41.06,40.05,43.05,39.45,40.29,40.04,40.85,42.95,42.88,44.93,40.78,39.08,40.89,38.69,38.66,38.75,39.8
55001,36.02,37.42,42.62,41.71,40.89,40.88,41.4,42.5,41.06,40.05,43.05,39.45,40.29,40.04,40.85,42.95,42.88,44.93,40.78,39.08,40.89,38.69,38.66,38.75,39.8
55003,36.02,37.42,42.62,41.71,40.89,40.88,41.4,42.5,41.06,40.05,43.05,39.45,40.29,40.04,40.85,42.95,42.88,44.93,40.78,39.08,40.89,38.69,38.66,38.75,39.8
55005,36.02,37.42,42.62,41.71,40.89,40.88,41.4,42.5,41.06,40.05,43.05,39.45,40.29,40.04,40.85,42.95,42.88,44.93,40.78,39.08,40.89,38.69,38.66,38.75,39.8
55007,36.02,37.42,42.62,41.71,40.89,40.88,41.4,42.5,41.06,40.05,43.05,39.45,40.29,40.04,40.85,42.95,42.88,44.93,40.78,39.08,40.89,38.69,38.66,38.75,39.8
55009,36.02,37.42,42.62,41.71,40.89,40.88,41.4,42.5,41.06,40.05,43.05,39.45,40.29,40.04,40.85,42.95,42.88,44.93,40.78,39.08,40.89,38.69,38.66,38.75,39.8
55011,36.02,37.42,42.62,41.71,40.89,40.88,41.4,42.5,41.06,40.05,43.05,39.45,40.29,40.04,40.85,42.95,42.88,44.93,40.78,39.08,40.89,38.69,38.66,38.75,39.8
55013,36.02,37.42,42.62,41.71,40.89,40.88,41.4,42.5,41.06,40.05,43.05,39.45,40.29,40.04,40.85,42.95,42.88,44.93,40.78,39.08,40.89,38.69,38.66,38.75,39.8
55015,36.02,37.42,42.62,41.71,40.89,40.88,41.4,42.5,41.06,40.05,43.05,39.45,40.29,40.04,40.85,42.95,42.88,44.93,40.78,39.08,40.89,38.69,38.66,38.75,39.8
55017,36.02,37.42,42.62,41.71,40.89,40.88,41.4,42.5,41.06,40.05,43.05,39.45,40.29,40.04,40.85,42.95,42.88,44.93,40.78,39.08,40.89,38.69,38.66,38.75,39.8
55019,36.02,37.42,42.62,41.71,40.89,40.88,41.4,42.5,41.06,40.05,43.05,39.45,40.29,40.04,40.85,42.95,42.88,44.93,40.78,39.08,40.89,38.69,38.66,38.75,39.8
55021,36.02,37.42,42.62,41.71,40.89,40.88,41.4,42.5,41.06,40.05,43.05,39.45,40.29,40.04,40.85,42.95,42.88,44.93,40.78,39.08,40.89,38.69,38.66,38.75,39.8
55023,36.02,37.42,42.62,41.71,40.89,40.88,41.4,42.5,41.06,40.05,43.05,39.45,40.29,40.04,40.85,42.95,42.88,44.93,40.78,39.08,40.89,38.69,38.66,38.75,39.8
55025,36.02,37.42,42.62,41.71,40.89,40.88,41.4,42.5,41.06,40.05,43.05,39.45,40.29,40.04,40.85,42.95,42.88,44.93,40.78,39.08,40.89,38.69,38.66,38.75,39.8
55027,36.02,37.42,42.62,41.71,40.89,40.88,41.4,42.5,41.06,40.05,43.05,39.45,40.29,40.04,40.85,42.95,42.88,44.93,40.78,39.08,40.89,38.69,38.66,38.75,39.8
55029,36.02,37.42,42.62,41.71,40.89,40.88,41.4,42.5,41.06,40.05,43.05,39.45,40.29,40.04,40.85,42.95,42.88,44.93,40.78,39.08,40.89,38.69,38.66,38.75,39.8
55031,36.02,37.42,42.62,41.71,40.89,40.88,41.4,42.5,41.06,40.05,43.05,39.45,40.29,40.04,40.85,42.95,42.88,44.93,40.78,39.08,40.89,38.69,38.66,38.75,39.8
55033,36.02,37.42,42.62,41.71,40.89,40.88,41.4,42.5,41.06,40.05,43.05,39.45,40.29,40.04,40.85,42.95,42.88,44.93,40.78,39.08,40.89,38.69,38.66,38.75,39.8
55035,36.02,37.42,42.62,41.71,40.89,40.88,41.4,42.5,41.06,40.05,43.05,39.45,40.29,40.04,40.85,42.95,42.88,44.93,40.78,39.08,40.89,38.69,38.66,38.75,39.8
55037,36.02,37.42,42.62,41.71,40.89,40.88,41.4,42.5,41.06,40.05,43.05,39.45,40.29,40.04,40.85,42.95,42.88,44.93,40.78,39.08,40.89,38.69,38.66,38.75,39.8
55039,36.02,37.42,42.62,41.71,40.89,40.88,41.4,42.5,41.06,40.05,43.05,39.45,40.29,40.04,40.85,42.95,42.88,44.93,40.78,39.08,40.89,38.69,38.66,38.75,39.8
55041,36.02,37.42,42.62,41.71,40.89,40.88,41.4,42.5,41.06,40.05,43.05,39.45,40.29,40.04,40.85,42.95,42.88,44.93,40.78,39.08,40.89,38.69,38.66,38.75,39.8
55043,36.02,37.42,42.62,41.71,40.89,40.88,41.4,42.5,41.06,40.05,43.05,39.45,40.29,40.04,40.85,42.95,42.88,44.93,40.78,39.08,40.89,38.69,38.66,38.75,39.8
55045,36.02,37.42,42.62,41.71,40.89,40.88,41.4,42.5,41.06,40.05,43.05,39.45,40.29,40.04,40.85,42.95,42.88,44.93,40.78,39.08,40.89,38.69,38.66,38.75,39.8
55047,36.02,37.42,42.62,41.71,40.89,40.88,41.4,42.5,41.06,40.05,43.05,39.45,40.29,40.04,40.85,42.95,42.88,44.93,40.78,39.08,40.89,38.69,38.66,38.75,39.8
55049,36.02,37.42,42.62,41.71,40.89,40.88,41.4,42.5,41.06,40.05,43.05,39.45,40.29,40.04,40.85,42.95,42.88,44.93,40.78,39.08,40.89,38.69,38.66,38.75,39.8
55051,36.02,37.42,42.62,41.71,40.89,40.88,41.4,42.5,41.06,40.05,43.05,39.45,40.29,40.04,40.85,42.95,42.88,44.93,40.78,39.08,40.89,38.69,38.66,38.75,39.8
55053,36.02,37.42,42.62,41.71,40.89,40.88,41.4,42.5,41.06,40.05,43.05,39.45,40.29,40.04,40.85,42.95,42.88,44.93,40.78,39.08,40.89,38.69,38.66,38.75,39.8
55055,36.02,37.42,42.62,41.71,40.89,40.88,41.4,42.5,41.06,40.05,43.05,39.45,40.29,40.04,40.85,42.95,42.88,44.93,40.78,39.08,40.89,38.69,38.66,38.75,39.8
55057,36.02,37.42,42.62,41.71,40.89,40.88,41.4,42.5,41.06,40.05,43.05,39.45,40.29,40.04,40.85,42.95,42.88,44.93,40.78,39.08,40.89,38.69,38.66,38.75,39.8
55059,36.02,37.42,42.62,41.71,40.89,40.88,41.4,42.5,41.06,40.05,43.05,39.45,40.29,40.04,40.85,42.95,42.88,44.93,40.78,39.08,40.89,38.69,38.66,38.75,39.8
55061,36.02,37.42,42.62,41.71,40.89,40.88,41.4,42.5,41.06,40.05,43.05,39.45,40.29,40.04,40.85,42.95,42.88,44.93,40.78,39.08,40.89,38.69,38.66,38.75,39.8
55063,36.02,37.42,42.62,41.71,40.89,40.88,41.4,42.5,41.06,40.05,43.05,39.45,40.29,40.04,40.85,42.95,42.88,44.93,40.78,39.08,40.89,38.69,38.66,38.75,39.8
55065,36.02,37.42,42.62,41.71,40.89,40.88,41.4,42.5,41.06,40.05,43.05,39.45,40.29,40.04,40.85,42.95,42.88,44.93,40.78,39.08,40.89,38.69,38.66,38.75,39.8
55067,36.02,37.42,42.62,41.71,40.89,40.88,41.4,42.5,41.06,40.05,43.05,39.45,40.29,40.04,40.85,42.95,42.88,44.93,40.78,39.08,40.89,38.69,38.66,38.75,39.8
55069,36.02,37.42,42.62,41.71,40.89,40.88,41.4,42.5,41.06,40.05,43.05,39.45,40.29,40.04,40.85,42.95,42.88,44.93,40.78,39.08,40.89,38.69,38.66,38.75,39.8
55071,36.02,37.42,42.62,41.71,40.89,40.88,41.4,42.5,41.06,40.05,43.05,39.45,40.29,40.04,40.85,42.95,42.88,44.93,40.78,39.08,40.89,38.69,38.66,38.75,39.8
55073,36.02,37.42,42.62,41.71,40.89,40.88,41.4,42.5,41.06,40.05,43.05,39.45,40.29,40.04,40.85,42.95,42.88,44.93,40.78,39.08,40.89,38.69,38.66,38.75,39.8
55075,36.02,37.42,42.62,41.71,40.89,40.88,41.4,42.5,41.06,40.05,43.05,39.45,40.29,40.04,40.85,42.95,42.88,44.93,40.78,39.08,40.89,38.69,38.66,38.75,39.8
55077,36.02,37.42,42.62,41.71,40.89,40.88,41.4,42.5,41.06,40.05,43.05,39.45,40.29,40.04,40.85,42.95,42.88,44.93,40.78,39.08,40.89,38.69,38.66,38.75,39.8
55078,36.02,37.42,42.62,41.71,40.89,40.88,41.4,42.5,41.06,40.05,43.05,39.45,40.29,40.04,40.85,42.95,42.88,44.93,40.78,39.08,40.89,38.69,38.66,38.75,39.8
55079,36.02,37.42,42.62,41.71,40.89,40.88,41.4,42.5,41.06,40.05,43.05,39.45,40.29,40.04,40.85,42.95,42.88,44.93,40.78,39.08,40.89,38.69,38.66,38.75,39.8
55081,36.02,37.42,42.62,41.71,40.89,40.88,41.4,42.5,41.06,40.05,43.05,39.45,40.29,40.04,40.85,42.95,42.88,44.93,40.78,39.08,40.89,38.69,38.66,38.75,39.8
55083,36.02,37.42,42.62,41.71,40.89,40.88,41.4,42.5,41.06,40.05,43.05,39.45,40.29,40.04,40.85,42.95,42.88,44.93,40.78,39.08,40.89,38.69,38.66,38.75,39.8
55085,36.02,37.42,42.62,41.71,40.89,40.88,41.4,42.5,41.06,40.05,43.05,39.45,40.29,40.04,40.85,42.95,42.88,44.93,40.78,39.08,40.89,38.69,38.66,38.75,39.8
55087,36.02,37.42,42.62,41.71,40.89,40.88,41.4,42.5,41.06,40.05,43.05,39.45,40.29,40.04,40.85,42.95,42.88,44.93,40.78,39.08,40.89,38.69,38.66,38.75,39.8
55089,36.02,37.42,42.62,41.71,40.89,40.88,41.4,42.5,41.06,40.05,43.05,39.45,40.29,40.04,40.85,42.95,42.88,44.93,40.78,39.08,40.89,38.69,38.66,38.75,39.8
55091,36.02,37.42,42.62,41.71,40.89,40.88,41.4,42.5,41.06,40.05,43.05,39.45,40.29,40.04,40.85,42.95,42.88,44.93,40.78,39.08,40.89,38.69,38.66,38.75,39.8
55093,36.02,37.42,42.62,41.71,40.89,40.88,41.4,42.5,41.06,40.05,43.05,39.45,40.29,40.04,40.85,42.95,42.88,44.93,40.78,39.08,40.89,38.69,38.66,38.75,39.8
55095,36.02,37.42,42.62,41.71,40.89,40.88,41.4,42.5,41.06,40.05,43.05,39.45,40.29,40.04,40.85,42.95,42.88,44.93,40.78,39.08,40.89,38.69,38.66,38.75,39.8
55097,36.02,37.42,42.62,41.71,40.89,40.88,41.4,42.5,41.06,40.05,43.05,39.45,40.29,40.04,40.85,42.95,42.88,44.93,40.78,39.08,40.89,38.69,38.66,38.75,39.8
55099,36.02,37.42,42.62,41.71,40.89,40.88,41.4,42.5,41.06,40.05,43.05,39.45,40.29,40.04,40.85,42.95,42.88,44.93,40.78,39.08,40.89,38.69,38.66,38.75,39.8
55101,36.02,37.42,42.62,41.71,40.89,40.88,41.4,42.5,41.06,40.05,43.05,39.45,40.29,40.04,40.85,42.95,42.88,44.93,40.78,39.08,40.89,38.69,38.66,38.75,39.8
55103,36.02,37.42,42.62,41.71,40.89,40.88,41.4,42.5,41.06,40.05,43.05,39.45,40.29,40.04,40.85,42.95,42.88,44.93,40.78,39.08,40.89,38.69,38.66,38.75,39.8
55105,36.02,37.42,42.62,41.71,40.89,40.88,41.4,42.5,41.06,40.05,43.05,39.45,40.29,40.04,40.85,42.95,42.88,44.93,40.78,39.08,40.89,38.69,38.66,38.75,39.8
55107,36.02,37.42,42.62,41.71,40.89,40.88,41.4,42.5,41.06,40.05,43.05,39.45,40.29,40.04,40.85,42.95,42.88,44.93,40.78,39.08,40.89,38.69,38.66,38.75,39.8
55109,36.02,37.42,42.62,41.71,40.89,40.88,41.4,42.5,41.06,40.05,43.05,39.45,40.29,40.04,40.85,42.95,42.88,44.93,40.78,39.08,40.89,38.69,38.66,38.75,39.8
55111,36.02,37.42,42.62,41.71,40.89,40.88,41.4,42.5,41.06,40.05,43.05,39.45,40.29,40.04,40.85,42.95,42.88,44.93,40.78,39.08,40.89,38.69,38.66,38.75,39.8
55113,36.02,37.42,42.62,41.71,40.89,40.88,41.4,42.5,41.06,40.05,43.05,39.45,40.29,40.04,40.85,42.95,42.88,44.93,40.78,39.08,40.89,38.69,38.66,38.75,39.8
55115,36.02,37.42,42.62,41.71,40.89,40.88,41.4,42.5,41.06,40.05,43.05,39.45,40.29,40.04,40.85,42.95,42.88,44.93,40.78,39.08,40.89,38.69,38.66,38.75,39.8
55117,36.02,37.42,42.62,41.71,40.89,40.88,41.4,42.5,41.06,40.05,43.05,39.45,40.29,40.04,40.85,42.95,42.88,44.93,40.78,39.08,40.89,38.69,38.66,38.75,39.8
55119,36.02,37.42,42.62,41.71,40.89,40.88,41.4,42.5,41.06,40.05,43.05,39.45,40.29,40.04,40.85,42.95,42.88,44.93,40.78,39.08,40.89,38.69,38.66,38.75,39.8
55121,36.02,37.42,42.62,41.71,40.89,40.88,41.4,42.5,41.06,40.05,43.05,39.45,40.29,40.04,40.85,42.95,42.88,44.93,40.78,39.08,40.89,38.69,38.66,38.75,39.8
55123,36.02,37.42,42.62,41.71,40.89,40.88,41.4,42.5,41.06,40.05,43.05,39.45,40.29,40.04,40.85,42.95,42.88,44.93,40.78,39.08,40.89,38.69,38.66,38.75,39.8
55125,36.02,37.42,42.62,41.71,40.89,40.88,41.4,42.5,41.06,40.05,43.05,39.45,40.29,40.04,40.85,42.95,42.88,44.93,40.78,39.08,40.89,38.69,38.66,38.75,39.8
55127,36.02,37.42,42.62,41.71,40.89,40.88,41.4,42.5,41.06,40.05,43.05,39.45,40.29,40.04,40.85,42.95,42.88,44.93,40.78,39.08,40.89,38.69,38.66,38.75,39.8
55129,36.02,37.42,42.62,41.71,40.89,40.88,41.4,42.5,41.06,40.05,43.05,39.45,40.29,40.04,40.85,42.95,42.88,44.93,40.78,39.08,40.89,38.69,38.66,38.75,39.8
55131,36.02,37.42,42.62,41.71,40.89,40.88,41.4,42.5,41.06,40.05,43.05,39.45,40.29,40.04,40.85,42.95,42.88,44.93,40.78,39.08,40.89,38.69,38.66,38.75,39.8
55133,36.02,37.42,42.62,41.71,40.89,40.88,41.4,42.5,41.06,40.05,43.05,39.45,40.29,40.04,40.85,42.95,42.88,44.93,40.78,39.08,40.89,38.69,38.66,38.75,39.8
55135,36.02,37.42,42.62,41.71,40.89,40.88,41.4,42.5,41.06,40.05,43.05,39.45,40.29,40.04,40.85,42.95,42.88,44.93,40.78,39.08,40.89,38.69,38.66,38.75,39.8
55137,36.02,37.42,42.62,41.71,40.89,40.88,41.4,42.5,41.06,40.05,43.05,39.45,40.29,40.04,40.85,42.95,42.88,44.93,40.78,39.08,40.89,38.69,38.66,38.75,39.8
55139,36.02,37.42,42.62,41.71,40.89,40.88,41.4,42.5,41.06,40.05,43.05,39.45,40.29,40.04,40.85,42.95,42.88,44.93,40.78,39.08,40.89,38.69,38.66,38.75,39.8
55141,36.02,37.42,42.62,41.71,40.89,40.88,41.4,42.5,41.06,40.05,43.05,39.45,40.29,40.04,40.85,42.95,42.88,44.93,40.78,39.08,40.89,38.69,38.66,38.75,39.8
56001,36.02,37.42,42.62,41.71,40.89,40.88,41.4,42.5,41.06,40.05,43.05,39.45,40.29,40.04,40.85,42.95,42.88,44.93,40.78,39.08,40.89,38.69,38.66,38.75,39.8
56003,36.02,37.42,42.62,41.71,40.89,40.88,41.4,42.5,41.06,40.05,43.05,39.45,40.29,40.04,40.85,42.95,42.88,44.93,40.78,39.08,40.89,38.69,38.66,38.75,39.8
56005,36.02,37.42,42.62,41.71,40.89,40.88,41.4,42.5,41.06,40.05,43.05,39.45,40.29,40.04,40.85,42.95,42.88,44.93,40.78,39.08,40.89,38.69,38.66,38.75,39.8
56007,36.02,37.42,42.62,41.71,40.89,40.88,41.4,42.5,41.06,40.05,43.05,39.45,40.29,40.04,40.85,42.95,42.88,44.93,40.78,39.08,40.89,38.69,38.66,38.75,39.8
56009,36.02,37.42,42.62,41.71,40.89,40.88,41.4,42.5,41.06,40.05,43.05,39.45,40.29,40.04,40.85,42.95,42.88,44.93,40.78,39.08,40.89,38.69,38.66,38.75,39.8
56011,36.02,37.42,42.62,41.71,40.89,40.88,41.4,42.5,41.06,40.05,43.05,39.45,40.29,40.04,40.85,42.95,42.88,44.93,40.78,39.08,40.89,38.69,38.66,38.75,39.8
56013,36.02,37.42,42.62,41.71,40.89,40.88,41.4,42.5,41.06,40.05,43.05,39.45,40.29,40.04,40.85,42.95,42.88,44.93,40.78,39.08,40.89,38.69,38.66,38.75,39.8
56015,36.02,37.42,42.62,41.71,40.89,40.88,41.4,42.5,41.06,40.05,43.05,39.45,40.29,40.04,40.85,42.95,42.88,44.93,40.78,39.08,40.89,38.69,38.66,38.75,39.8
56017,36.02,37.42,42.62,41.71,40.89,40.88,41.4,42.5,41.06,40.05,43.05,39.45,40.29,40.04,40.85,42.95,42.88,44.93,40.78,39.08,40.89,38.69,38.66,38.75,39.8
56019,36.02,37.42,42.62,41.71,40.89,40.88,41.4,42.5,41.06,40.05,43.05,39.45,40.29,40.04,40.85,42.95,42.88,44.93,40.78,39.08,40.89,38.69,38.66,38.75,39.8
56021,36.02,37.42,42.62,41.71,40.89,40.88,41.4,42.5,41.06,40.05,43.05,39.45,40.29,40.04,40.85,42.95,42.88,44.93,40.78,39.08,40.89,38.69,38.66,38.75,39.8
56023,36.02,37.42,42.62,41.71,40.89,40.88,41.4,42.5,41.06,40.05,43.05,39.45,40.29,40.04,40.85,42.95,42.88,44.93,40.78,39.08,40.89,38.69,38.66,38.75,39.8
56025,36.02,37.42,42.62,41.71,40.89,40.88,41.4,42.5,41.06,40.05,43.05,39.45,40.29,40.04,40.85,42.95,42.88,44.93,40.78,39.08,40.89,38.69,38.66,38.75,39.8
56027,36.02,37.42,42.62,41.71,40.89,40.88,41.4,42.5,41.06,40.05,43.05,39.45,40.29,40.04,40.85,42.95,42.88,44.93,40.78,39.08,40.89,38.69,38.66,38.75,39.8
56029,36.02,37.42,42.62,41.71,40.89,40.88,41.4,42.5,41.06,40.05,43.05,39.45,40.29,40.04,40.85,42.95,42.88,44.93,40.78,39.08,40.89,38.69,38.66,38.75,39.8
56031,36.02,37.42,42.62,41.71,40.89,40.88,41.4,42.5,41.06,40.05,43.05,39.45,40.29,40.04,40.85,42.95,42.88,44.93,40.78,39.08,40.89,38.69,38.66,38.75,39.8
56033,36.02,37.42,42.62,41.71,40.89,40.88,41.4,42.5,41.06,40.05,43.05,39.45,40.29,40.04,40.85,42.95,42.88,44.93,40.78,39.08,40.89,38.69,38.66,38.75,39.8
56035,36.02,37.42,42.62,41.71,40.89,40.88,41.4,42.5,41.06,40.05,43.05,39.45,40.29,40.04,40.85,42.95,42.88,44.93,40.78,39.08,40.89,38.69,38.66,38.75,39.8
56037,36.02,37.42,42.62,41.71,40.89,40.88,41.4,42.5,41.06,40.05,43.05,39.45,40.29,40.04,40.85,42.95,42.88,44.93,40.78,39.08,40.89,38.69,38.66,38.75,39.8
56039,36.02,37.42,42.62,41.71,40.89,40.88,41.4,42.5,41.06,40.05,43.05,39.45,40.29,40.04,40.85,42.95,42.88,44.93,40.78,39.08,40.89,38.69,38.66,38.75,39.8
56041,36.02,37.42,42.62,41.71,40.89,40.88,41.4,42.5,41.06,40.05,43.05,39.45,40.29,40.04,40.85,42.95,42.88,44.93,40.78,39.08,40.89,38.69,38.66,38.75,39.8
56043,36.02,37.42,42.62,41.71,40.89,40.88,41.4,42.5,41.06,40.05,43.05,39.45,40.29,40.04,40.85,42.95,42.88,44.93,40.78,39.08,40.89,38.69,38.66,38.75,39.8
56045,36.02,37.42,42.62,41.71,40.89,40.88,41.4,42.5,41.06,40.05,43.05,39.45,40.29,40.04,40.85,42.95,42.88,44.93,40.78,39.08,40.89,38.69,38.66,38.75,39.8