fips,2000,2001,2002,2003,2004,2005,2006,2007,2008,2009,2010,2011,2012,2013,2014,2015,2016,2017,2018,2019,2020,2021,2022,2023,2024
01,1.375964,1.429444,1.628084,1.593322,1.561998,1.561616,1.58148,1.6235,1.568492,1.52991,1.64451,1.50699,1.539078,1.529528,1.56047,1.64069,1.638016,1.716326,1.557796,1.492856,1.561998,1.477958,1.476812,1.48025,1.52036
01001,1.375964,1.429444,1.628084,1.593322,1.561998,1.561616,1.58148,1.6235,1.568492,1.52991,1.64451,1.50699,1.539078,1.529528,1.56047,1.64069,1.638016,1.716326,1.557796,1.492856,1.561998,1.477958,1.476812,1.48025,1.52036
01003,1.375964,1.429444,1.628084,1.593322,1.561998,1.561616,1.58148,1.6235,1.568492,1.52991,1.64451,1.50699,1.539078,1.529528,1.56047,1.64069,1.638016,1.716326,1.557796,1.492856,1.561998,1.477958,1.476812,1.48025,1.52036
01005,1.375964,1.429444,1.628084,1.593322,1.561998,1.561616,1.58148,1.6235,1.568492,1.52991,1.64451,1.50699,1.539078,1.529528,1.56047,1.64069,1.638016,1.716326,1.557796,1.492856,1.561998,1.477958,1.476812,1.48025,1.52036
01007,1.375964,1.429444,1.628084,1.593322,1.561998,1.561616,1.58148,1.6235,1.568492,1.52991,1.64451,1.50699,1.539078,1.529528,1.56047,1.64069,1.638016,1.716326,1.557796,1.492856,1.561998,1.477958,1.476812,1.48025,1.52036
01009,1.375964,1.429444,1.628084,1.593322,1.561998,1.561616,1.58148,1.6235,1.568492,1.52991,1.64451,1.50699,1.539078,1.529528,1.56047,1.64069,1.638016,1.716326,1.557796,1.492856,1.561998,1.477958,1.476812,1.48025,1.52036
01011,1.375964,1.429444,1.628084,1.593322,1.561998,1.561616,1.58148,1.6235,1.568492,1.52991,1.64451,1.50699,1.539078,1.529528,1.56047,1.64069,1.638016,1.716326,1.557796,1.492856,1.561998,1.477958,1.476812,1.48025,1.52036
01013,1.375964,1.429444,1.628084,1.593322,1.561998,1.561616,1.58148,1.6235,1.568492,1.52991,1.64451,1.50699,1.539078,1.529528,1.56047,1.64069,1.638016,1.716326,1.557796,1.492856,1.561998,1.477958,1.476812,1.48025,1.52036
01015,1.375964,1.429444,1.628084,1.593322,1.561998,1.561616,1.58148,1.6235,1.568492,1.52991,1.64451,1.50699,1.539078,1.529528,1.56047,1.64069,1.638016,1.716326,1.557796,1.492856,1.561998,1.477958,1.476812,1.48025,1.52036
01017,1.375964,1.429444,1.628084,1.593322,1.561998,1.561616,1.58148,1.6235,1.568492,1.52991,1.64451,1.50699,1.539078,1.529528,1.56047,1.64069,1.638016,1.716326,1.557796,1.492856,1.561998,1.477958,1.476812,1.48025,1.52036
01019,1.375964,1.429444,1.628084,1.593322,1.561998,1.561616,1.58148,1.6235,1.568492,1.52991,1.64451,1.50699,1.539078,1.529528,1.56047,1.64069,1.638016,1.716326,1.557796,1.492856,1.561998,1.477958,1.476812,1.48025,1.52036
01021,1.375964,1.429444,1.628084,1.593322,1.561998,1.561616,1.58148,1.6235,1.568492,1.52991,1.64451,1.50699,1.539078,1.529528,1.56047,1.64069,1.638016,1.716326,1.557796,1.492856,1.561998,1.477958,1.476812,1.48025,1.52036
01023,1.375964,1.429444,1.628084,1.593322,1.561998,1.561616,1.58148,1.6235,1.568492,1.52991,1.64451,1.50699,1.539078,1.529528,1.56047,1.64069,1.638016,1.716326,1.557796,1.492856,1.561998,1.477958,1.476812,1.48025,1.52036
01025,1.375964,1.429444,1.628084,1.593322,1.561998,1.561616,1.58148,1.6235,1.568492,1.52991,1.64451,1.50699,1.539078,1.529528,1.56047,1.64069,1.638016,1.716326,1.557796,1.492856,1.561998,1.477958,1.476812,1.48025,1.52036
01027,1.375964,1.429444,1.628084,1.593322,1.561998,1.561616,1.58148,1.6235,1.568492,1.52991,1.64451,1.50699,1.539078,1.529528,1.56047,1.64069,1.638016,1.716326,1.557796,1.492856,1.561998,1.477958,1.476812,1.48025,1.52036
01029,1.375964,1.429444,1.628084,1.593322,1.561998,1.561616,1.58148,1.6235,1.568492,1.52991,1.64451,1.50699,1.539078,1.529528,1.56047,1.64069,1.638016,1.716326,1.557796,1.492856,1.561998,1.477958,1.476812,1.48025,1.52036
01031,1.375964,1.429444,1.628084,1.593322,1.561998,1.561616,1.58148,1.6235,1.568492,1.52991,1.64451,1.50699,1.539078,1.529528,1.56047,1.64069,1.638016,1.716326,1.557796,1.492856,1.561998,1.477958,1.476812,1.48025,1.52036
01033,1.375964,1.429444,1.628084,1.593322,1.561998,1.561616,1.58148,1.6235,1.568492,1.52991,1.64451,1.50699,1.539078,1.529528,1.56047,1.64069,1.638016,1.716326,1.557796,1.492856,1.561998,1.477958,1.476812,1.48025,1.52036
01035,1.375964,1.429444,1.628084,1.593322,1.561998,1.561616,1.58148,1.6235,1.568492,1.52991,1.64451,1.50699,1.539078,1.529528,1.56047,1.64069,1.638016,1.716326,1.557796,1.492856,1.561998,1.477958,1.476812,1.48025,1.52036
01037,1.375964,1.429444,1.628084,1.593322,1.561998,1.561616,1.58148,1.6235,1.568492,1.52991,1.64451,1.50699,1.539078,1.529528,1.56047,1.64069,1.638016,1.716326,1.557796,1.492856,1.561998,1.477958,1.476812,1.48025,1.52036
01039,1.375964,1.429444,1.628084,1.593322,1.561998,1.561616,1.58148,1.6235,1.568492,1.52991,1.64451,1.50699,1.539078,1.529528,1.56047,1.64069,1.638016,1.716326,1.557796,1.492856,1.561998,1.477958,1.476812,1.48025,1.52036
01041,1.375964,1.429444,1.628084,1.593322,1.561998,1.561616,1.58148,1.6235,1.568492,1.52991,1.64451,1.50699,1.539078,1.529528,1.56047,1.64069,1.638016,1.716326,1.557796,1.492856,1.561998,1.477958,1.476812,1.48025,1.52036
01043,1.375964,1.429444,1.628084,1.593322,1.561998,1.561616,1.58148,1.6235,1.568492,1.52991,1.64451,1.50699,1.539078,1.529528,1.56047,1.64069,1.638016,1.716326,1.557796,1.492856,1.561998,1.477958,1.476812,1.48025,1.52036
01045,1.375964,1.429444,1.628084,1.593322,1.561998,1.561616,1.58148,1.6235,1.568492,1.52991,1.64451,1.50699,1.539078,1.529528,1.56047,1.64069,1.638016,1.716326,1.557796,1.492856,1.561998,1.477958,1.476812,1.48025,1.52036
01047,1.375964,1.429444,1.628084,1.593322,1.561998,1.561616,1.58148,1.6235,1.568492,1.52991,1.64451,1.50699,1.539078,1.529528,1.56047,1.64069,1.638016,1.716326,1.557796,1.492856,1.561998,1.477958,1.476812,1.48025,1.52036
01049,1.375964,1.429444,1.628084,1.593322,1.561998,1.561616,1.58148,1.6235,1.568492,1.52991,1.64451,1.50699,1.539078,1.529528,1.56047,1.64069,1.638016,1.716326,1.557796,1.492856,1.561998,1.477958,1.476812,1.48025,1.52036
01051,1.375964,1.429444,1.628084,1.593322,1.561998,1.561616,1.58148,1.6235,1.568492,1.52991,1.64451,1.50699,1.539078,1.529528,1.56047,1.64069,1.638016,1.716326,1.557796,1.492856,1.561998,1.477958,1.476812,1.48025,1.52036
01053,1.375964,1.429444,1.628084,1.593322,1.561998,1.561616,1.58148,1.6235,1.568492,1.52991,1.64451,1.50699,1.539078,1.529528,1.56047,1.64069,1.638016,1.716326,1.557796,1.492856,1.561998,1.477958,1.476812,1.48025,1.52036
01055,1.375964,1.429444,1.628084,1.593322,1.561998,1.561616,1.58148,1.6235,1.568492,1.52991,1.64451,1.50699,1.539078,1.529528,1.56047,1.64069,1.638016,1.716326,1.557796,1.492856,1.561998,1.477958,1.476812,1.48025,1.52036
01057,1.375964,1.429444,1.628084,1.593322,1.561998,1.561616,1.58148,1.6235,1.568492,1.52991,1.64451,1.50699,1.539078,1.529528,1.56047,1.64069,1.638016,1.716326,1.557796,1.492856,1.561998,1.477958,1.476812,1.48025,1.52036
01059,1.375964,1.429444,1.628084,1.593322,1.561998,1.561616,1.58148,1.6235,1.568492,1.52991,1.64451,1.50699,1.539078,1.529528,1.56047,1.64069,1.638016,1.716326,1.557796,1.492856,1.561998,1.477958,1.476812,1.48025,1.52036
01061,1.375964,1.429444,1.628084,1.593322,1.561998,1.561616,1.58148,1.6235,1.568492,1.52991,1.64451,1.50699,1.539078,1.529528,1.56047,1.64069,1.638016,1.716326,1.557796,1.492856,1.561998,1.477958,1.476812,1.48025,1.52036
01063,1.375964,1.429444,1.628084,1.593322,1.561998,1.561616,1.58148,1.6235,1.568492,1.52991,1.64451,1.50699,1.539078,1.529528,1.56047,1.64069,1.638016,1.716326,1.557796,1.492856,1.561998,1.477958,1.476812,1.48025,1.52036
01065,1.375964,1.429444,1.628084,1.593322,1.561998,1.561616,1.58148,1.6235,1.568492,1.52991,1.64451,1.50699,1.539078,1.529528,1.56047,1.64069,1.638016,1.716326,1.557796,1.492856,1.561998,1.477958,1.476812,1.48025,1.52036
01067,1.375964,1.429444,1.628084,1.593322,1.561998,1.561616,1.58148,1.6235,1.568492,1.52991,1.64451,1.50699,1.539078,1.529528,1.56047,1.64069,1.638016,1.716326,1.557796,1.492856,1.561998,1.477958,1.476812,1.48025,1.52036
01069,1.375964,1.429444,1.628084,1.593322,1.561998,1.561616,1.58148,1.6235,1.568492,1.52991,1.64451,1.50699,1.539078,1.529528,1.56047,1.64069,1.638016,1.716326,1.557796,1.492856,1.561998,1.477958,1.476812,1.48025,1.52036
01071,1.375964,1.429444,1.628084,1.593322,1.561998,1.561616,1.58148,1.6235,1.568492,1.52991,1.64451,1.50699,1.539078,1.529528,1.56047,1.64069,1.638016,1.716326,1.557796,1.492856,1.561998,1.477958,1.476812,1.48025,1.52036
01073,1.375964,1.429444,1.628084,1.593322,1.561998,1.561616,1.58148,1.6235,1.568492,1.52991,1.64451,1.50699,1.539078,1.529528,1.56047,1.64069,1.638016,1.716326,1.557796,1.492856,1.561998,1.477958,1.476812,1.48025,1.52036
01075,1.375964,1.429444,1.628084,1.593322,1.561998,1.561616,1.58148,1.6235,1.568492,1.52991,1.64451,1.50699,1.539078,1.529528,1.56047,1.64069,1.638016,1.716326,1.557796,1.492856,1.561998,1.477958,1.476812,1.48025,1.52036
01077,1.375964,1.429444,1.628084,1.593322,1.561998,1.561616,1.58148,1.6235,1.568492,1.52991,1.64451,1.50699,1.539078,1.529528,1.56047,1.64069,1.638016,1.716326,1.557796,1.492856,1.561998,1.477958,1.476812,1.48025,1.52036
01079,1.375964,1.429444,1.628084,1.593322,1.561998,1.561616,1.58148,1.6235,1.568492,1.52991,1.64451,1.50699,1.539078,1.529528,1.56047,1.64069,1.638016,1.716326,1.557796,1.492856,1.561998,1.477958,1.476812,1.48025,1.52036
01081,1.375964,1.429444,1.628084,1.593322,1.561998,1.561616,1.58148,1.6235,1.568492,1.52991,1.64451,1.50699,1.539078,1.529528,1.56047,1.64069,1.638016,1.716326,1.557796,1.492856,1.561998,1.477958,1.476812,1.48025,1.52036
01083,1.375964,1.429444,1.628084,1.593322,1.561998,1.561616,1.58148,1.6235,1.568492,1.52991,1.64451,1.50699,1.539078,1.529528,1.56047,1.64069,1.638016,1.716326,1.557796,1.492856,1.561998,1.477958,1.476812,1.48025,1.52036
01085,1.375964,1.429444,1.628084,1.593322,1.561998,1.561616,1.58148,1.6235,1.568492,1.52991,1.64451,1.50699,1.539078,1.529528,1.56047,1.64069,1.638016,1.716326,1.557796,1.492856,1.561998,1.477958,1.476812,1.48025,1.52036
01087,1.375964,1.429444,1.628084,1.593322,1.561998,1.561616,1.58148,1.6235,1.568492,1.52991,1.64451,1.50699,1.539078,1.529528,1.56047,1.64069,1.638016,1.716326,1.557796,1.492856,1.561998,1.477958,1.476812,1.48025,1.52036
01089,1.375964,1.429444,1.628084,1.593322,1.561998,1.561616,1.58148,1.6235,1.568492,1.52991,1.64451,1.50699,1.539078,1.529528,1.56047,1.64069,1.638016,1.716326,1.557796,1.492856,1.561998,1.477958,1.476812,1.48025,1.52036
01091,1.375964,1.429444,1.628084,1.593322,1.561998,1.561616,1.58148,1.6235,1.568492,1.52991,1.64451,1.50699,1.539078,1.529528,1.56047,1.64069,1.638016,1.716326,1.557796,1.492856,1.561998,1.477958,1.476812,1.48025,1.52036
01093,1.375964,1.429444,1.628084,1.593322,1.561998,1.561616,1.58148,1.6235,1.568492,1.52991,1.64451,1.50699,1.539078,1.529528,1.56047,1.64069,1.638016,1.716326,1.557796,1.492856,1.561998,1.477958,1.476812,1.48025,1.52036
01095,1.375964,1.429444,1.628084,1.593322,1.561998,1.561616,1.58148,1.6235,1.568492,1.52991,1.64451,1.50699,1.539078,1.529528,1.56047,1.64069,1.638016,1.716326,1.557796,1.492856,1.561998,1.477958,1.476812,1.48025,1.52036
01097,1.375964,1.429444,1.628084,1.593322,1.561998,1.561616,1.58148,1.6235,1.568492,1.52991,1.64451,1.50699,1.539078,1.529528,1.56047,1.64069,1.638016,1.716326,1.557796,1.492856,1.561998,1.477958,1.476812,1.48025,1.52036
01099,1.375964,1.429444,1.628084,1.593322,1.561998,1.561616,1.58148,1.6235,1.568492,1.52991,1.64451,1.50699,1.539078,1.529528,1.56047,1.64069,1.638016,1.716326,1.557796,1.492856,1.561998,1.477958,1.476812,1.48025,1.52036
01101,1.375964,1.429444,1.628084,1.593322,1.561998,1.561616,1.58148,1.6235,1.568492,1.52991,1.64451,1.50699,1.539078,1.529528,1.56047,1.64069,1.638016,1.716326,1.557796,1.492856,1.561998,1.477958,1.476812,1.48025,1.52036
01103,1.375964,1.429444,1.628084,1.593322,1.561998,1.561616,1.58148,1.6235,1.568492,1.52991,1.64451,1.50699,1.539078,1.529528,1.56047,1.64069,1.638016,1.716326,1.557796,1.492856,1.561998,1.477958,1.476812,1.48025,1.52036
01105,1.375964,1.429444,1.628084,1.593322,1.561998,1.561616,1.58148,1.6235,1.568492,1.52991,1.64451,1.50699,1.539078,1.529528,1.56047,1.64069,1.638016,1.716326,1.557796,1.492856,1.561998,1.477958,1.476812,1.48025,1.52036
01107,1.375964,1.429444,1.628084,1.593322,1.561998,1.561616,1.58148,1.6235,1.568492,1.52991,1.64451,1.50699,1.539078,1.529528,1.56047,1.64069,1.638016,1.716326,1.557796,1.492856,1.561998,1.477958,1.476812,1.48025,1.52036
01109,1.375964,1.429444,1.628084,1.593322,1.561998,1.561616,1.58148,1.6235,1.568492,1.52991,1.64451,1.50699,1.539078,1.529528,1.56047,1.64069,1.638016,1.716326,1.557796,1.492856,1.561998,1.477958,1.476812,1.48025,1.52036
01111,1.375964,1.429444,1.628084,1.593322,1.561998,1.561616,1.58148,1.6235,1.568492,1.52991,1.64451,1.50699,1.539078,1.529528,1.56047,1.64069,1.638016,1.716326,1.557796,1.492856,1.561998,1.477958,1.476812,1.48025,1.52036
01113,1.375964,1.429444,1.628084,1.593322,1.561998,1.561616,1.58148,1.6235,1.568492,1.52991,1.64451,1.50699,1.539078,1.529528,1.56047,1.64069,1.638016,1.716326,1.557796,1.492856,1.561998,1.477958,1.476812,1.48025,1.52036
01115,1.375964,1.429444,1.628084,1.593322,1.561998,1.561616,1.58148,1.6235,1.568492,1.52991,1.64451,1.50699,1.539078,1.529528,1.56047,1.64069,1.638016,1.716326,1.557796,1.492856,1.561998,1.477958,1.476812,1.48025,1.52036
01117,1.375964,1.429444,1.628084,1.593322,1.561998,1.561616,1.58148,1.6235,1.568492,1.52991,1.64451,1.50699,1.539078,1.529528,1.56047,1.64069,1.638016,1.716326,1.557796,1.492856,1.561998,1.477958,1.476812,1.48025,1.52036
01119,1.375964,1.429444,1.628084,1.593322,1.561998,1.561616,1.58148,1.6235,1.568492,1.52991,1.64451,1.50699,1.539078,1.529528,1.56047,1.64069,1.638016,1.716326,1.557796,1.492856,1.561998,1.477958,1.476812,1.48025,1.52036
01121,1.375964,1.429444,1.628084,1.593322,1.561998,1.561616,1.58148,1.6235,1.568492,1.52991,1.64451,1.50699,1.539078,1.529528,1.56047,1.64069,1.638016,1.716326,1.557796,1.492856,1.561998,1.477958,1.476812,1.48025,1.52036
01123,1.375964,1.429444,1.628084,1.593322,1.561998,1.561616,1.58148,1.6235,1.568492,1.52991,1.64451,1.50699,1.539078,1.529528,1.56047,1.64069,1.638016,1.716326,1.557796,1.492856,1.561998,1.477958,1.476812,1.48025,1.52036
01125,1.375964,1.429444,1.628084,1.593322,1.561998,1.561616,1.58148,1.6235,1.568492,1.52991,1.64451,1.50699,1.539078,1.529528,1.56047,1.64069,1.638016,1.716326,1.557796,1.492856,1.561998,1.477958,1.476812,1.48025,1.52036
01127,1.375964,1.429444,1.628084,1.593322,1.561998,1.561616,1.58148,1.6235,1.568492,1.52991,1.64451,1.50699,1.539078,1.529528,1.56047,1.64069,1.638016,1.716326,1.557796,1.492856,1.561998,1.477958,1.476812,1.48025,1.52036
01129,1.375964,1.429444,1.628084,1.593322,1.561998,1.561616,1.58148,1.6235,1.568492,1.52991,1.64451,1.50699,1.539078,1.529528,1.56047,1.64069,1.638016,1.716326,1.557796,1.492856,1.561998,1.477958,1.476812,1.48025,1.52036
01131,1.375964,1.429444,1.628084,1.593322,1.561998,1.561616,1.58148,1.6235,1.568492,1.52991,1.64451,1.50699,1.539078,1.529528,1.56047,1.64069,1.638016,1.716326,1.557796,1.492856,1.561998,1.477958,1.476812,1.48025,1.52036
01133,1.375964,1.429444,1.628084,1.593322,1.561998,1.561616,1.58148,1.6235,1.568492,1.52991,1.64451,1.50699,1.539078,1.529528,1.56047,1.64069,1.638016,1.716326,1.557796,1.492856,1.561998,1.477958,1.476812,1.48025,1.52036
04001,1.375964,1.429444,1.628084,1.593322,1.561998,1.561616,1.58148,1.6235,1.568492,1.52991,1.64451,1.50699,1.539078,1.529528,1.56047,1.64069,1.638016,1.716326,1.557796,1.492856,1.561998,1.477958,1.476812,1.48025,1.52036
04003,1.375964,1.429444,1.628084,1.593322,1.561998,1.561616,1.58148,1.6235,1.568492,1.52991,1.64451,1.50699,1.539078,1.529528,1.56047,1.64069,1.638016,1.716326,1.557796,1.492856,1.561998,1.477958,1.476812,1.48025,1.52036
04005,1.375964,1.429444,1.628084,1.593322,1.561998,1.561616,1.58148,1.6235,1.568492,1.52991,1.64451,1.50699,1.539078,1.529528,1.56047,1.64069,1.638016,1.716326,1.557796,1.492856,1.561998,1.477958,1.476812,1.48025,1.52036
04007,1.375964,1.429444,1.628084,1.593322,1.561998,1.561616,1.58148,1.6235,1.568492,1.52991,1.64451,1.50699,1.539078,1.529528,1.56047,1.64069,1.638016,1.716326,1.557796,1.492856,1.561998,1.477958,1.476812,1.48025,1.52036
04009,1.375964,1.429444,1.628084,1.593322,1.561998,1.561616,1.58148,1.6235,1.568492,1.52991,1.64451,1.50699,1.539078,1.529528,1.56047,1.64069,1.638016,1.716326,1.557796,1.492856,1.561998,1.477958,1.476812,1.48025,1.52036
04011,1.375964,1.429444,1.628084,1.593322,1.561998,1.561616,1.58148,1.6235,1.568492,1.52991,1.64451,1.50699,1.539078,1.529528,1.56047,1.64069,1.638016,1.716326,1.557796,1.492856,1.561998,1.477958,1.476812,1.48025,1.52036
04012,1.375964,1.429444,1.628084,1.593322,1.561998,1.561616,1.58148,1.6235,1.568492,1.52991,1.64451,1.50699,1.539078,1.529528,1.56047,1.64069,1.638016,1.716326,1.557796,1.492856,1.561998,1.477958,1.476812,1.48025,1.52036
04013,1.375964,1.429444,1.628084,1.593322,1.561998,1.561616,1.58148,1.6235,1.568492,1.52991,1.64451,1.50699,1.539078,1.529528,1.56047,1.64069,1.638016,1.716326,1.557796,1.492856,1.561998,1.477958,1.476812,1.48025,1.52036
04015,1.375964,1.429444,1.628084,1.593322,1.561998,1.561616,1.58148,1.6235,1.568492,1.52991,1.64451,1.50699,1.539078,1.529528,1.56047,1.64069,1.638016,1.716326,1.557796,1.492856,1.561998,1.477958,1.476812,1.48025,1.52036
04017,1.375964,1.429444,1.628084,1.593322,1.561998,1.561616,1.58148,1.6235,1.568492,1.52991,1.64451,1.50699,1.539078,1.529528,1.56047,1.64069,1.638016,1.716326,1.557796,1.492856,1.561998,1.477958,1.476812,1.48025,1.52036
04019,1.375964,1.429444,1.628084,1.593322,1.561998,1.561616,1.58148,1.6235,1.568492,1.52991,1.64451,1.50699,1.539078,1.529528,1.56047,1.64069,1.638016,1.716326,1.557796,1.492856,1.561998,1.477958,1.476812,1.48025,1.52036
04021,1.375964,1.429444,1.628084,1.593322,1.561998,1.561616,1.58148,1.6235,1.568492,1.52991,1.64451,1.50699,1.539078,1.529528,1.56047,1.64069,1.638016,1.716326,1.557796,1.492856,1.561998,1.477958,1.476812,1.48025,1.52036
04023,1.375964,1.429444,1.628084,1.593322,1.561998,1.561616,1.58148,1.6235,1.568492,1.52991,1.64451,1.50699,1.539078,1.529528,1.56047,1.64069,1.638016,1.716326,1.557796,1.492856,1.561998,1.477958,1.476812,1.48025,1.52036
04025,1.375964,1.429444,1.628084,1.593322,1.561998,1.561616,1.58148,1.6235,1.568492,1.52991,1.64451,1.50699,1.539078,1.529528,1.56047,1.64069,1.638016,1.716326,1.557796,1.492856,1.561998,1.477958,1.476812,1.48025,1.52036
04027,1.375964,1.429444,1.628084,1.593322,1.561998,1.561616,1.58148,1.6235,1.568492,1.52991,1.64451,1.50699,1.539078,1.529528,1.56047,1.64069,1.638016,1.716326,1.557796,1.492856,1.561998,1.477958,1.476812,1.48025,1.52036
05001,1.375964,1.429444,1.628084,1.593322,1.561998,1.561616,1.58148,1.6235,1.568492,1.52991,1.64451,1.50699,1.539078,1.529528,1.56047,1.64069,1.638016,1.716326,1.557796,1.492856,1.561998,1.477958,1.476812,1.48025,1.52036
05003,1.375964,1.429444,1.628084,1.593322,1.561998,1.561616,1.58148,1.6235,1.568492,1.52991,1.64451,1.50699,1.539078,1.529528,1.56047,1.64069,1.638016,1.716326,1.557796,1.492856,1.561998,1.477958,1.476812,1.48025,1.52036
05005,1.375964,1.429444,1.628084,1.593322,1.561998,1.561616,1.58148,1.6235,1.568492,1.52991,1.64451,1.50699,1.539078,1.529528,1.56047,1.64069,1.638016,1.716326,1.557796,1.492856,1.561998,1.477958,1.476812,1.48025,1.52036
05007,1.375964,1.429444,1.628084,1.593322,1.561998,1.561616,1.58148,1.6235,1.568492,1.52991,1.64451,1.50699,1.539078,1.529528,1.56047,1.64069,1.638016,1.716326,1.557796,1.492856,1.561998,1.477958,1.476812,1.48025,1.52036
05009,1.375964,1.429444,1.628084,1.593322,1.561998,1.561616,1.58148,1.6235,1.568492,1.52991,1.64451,1.50699,1.539078,1.529528,1.56047,1.64069,1.638016,1.716326,1.557796,1.492856,1.561998,1.477958,1.476812,1.48025,1.52036
05011,1.375964,1.429444,1.628084,1.593322,1.561998,1.561616,1.58148,1.6235,1.568492,1.52991,1.64451,1.50699,1.539078,1.529528,1.56047,1.64069,1.638016,1.716326,1.557796,1.492856,1.561998,1.477958,1.476812,1.48025,1.52036
05013,1.375964,1.429444,1.628084,1.593322,1.561998,1.561616,1.58148,1.6235,1.568492,1.52991,1.64451,1.50699,1.539078,1.529528,1.56047,1.64069,1.638016,1.716326,1.557796,1.492856,1.561998,1.477958,1.476812,1.48025,1.52036
05015,1.375964,1.429444,1.628084,1.593322,1.561998,1.561616,1.58148,1.6235,1.568492,1.52991,1.64451,1.50699,1.539078,1.529528,1.56047,1.64069,1.638016,1.716326,1.557796,1.492856,1.561998,1.477958,1.476812,1.48025,1.52036
05017,1.375964,1.429444,1.628084,1.593322,1.561998,1.561616,1.58148,1.6235,1.568492,1.52991,1.64451,1.50699,1.539078,1.529528,1.56047,1.64069,1.638016,1.716326,1.557796,1.492856,1.561998,1.477958,1.476812,1.48025,1.52036
05019,1.375964,1.429444,1.628084,1.593322,1.561998,1.561616,1.58148,1.6235,1.568492,1.52991,1.64451,1.50699,1.539078,1.529528,1.56047,1.64069,1.638016,1.716326,1.557796,1.492856,1.561998,1.477958,1.476812,1.48025,1.52036
05021,1.375964,1.429444,1.628084,1.593322,1.561998,1.561616,1.58148,1.6235,1.568492,1.52991,1.64451,1.50699,1.539078,1.529528,1.56047,1.64069,1.638016,1.716326,1.557796,1.492856,1.561998,1.477958,1.476812,1.48025,1.52036
05023,1.375964,1.429444,1.628084,1.593322,1.561998,1.561616,1.58148,1.6235,1.568492,1.52991,1.64451,1.50699,1.539078,1.529528,1.56047,1.64069,1.638016,1.716326,1.557796,1.492856,1.561998,1.477958,1.476812,1.48025,1.52036
05025,1.375964,1.429444,1.628084,1.593322,1.561998,1.561616,1.58148,1.6235,1.568492,1.52991,1.64451,1.50699,1.539078,1.529528,1.56047,1.64069,1.638016,1.716326,1.557796,1.492856,1.561998,1.477958,1.476812,1.48025,1.52036
05027,1.375964,1.429444,1.628084,1.593322,1.561998,1.561616,1.58148,1.6235,1.568492,1.52991,1.64451,1.50699,1.539078,1.529528,1.56047,1.64069,1.638016,1.716326,1.557796,1.492856,1.561998,1.477958,1.476812,1.48025,1.52036
05029,1.375964,1.429444,1.628084,1.593322,1.561998,1.561616,1.58148,1.6235,1.568492,1.52991,1.64451,1.50699,1.539078,1.529528,1.56047,1.64069,1.638016,1.716326,1.557796,1.492856,1.561998,1.477958,1.476812,1.48025,1.52036
05031,1.375964,1.429444,1.628084,1.593322,1.561998,1.561616,1.58148,1.6235,1.568492,1.52991,1.64451,1.50699,1.539078,1.529528,1.56047,1.64069,1.638016,1.716326,1.557796,1.492856,1.561998,1.477958,1.476812,1.48025,1.52036
05033,1.375964,1.429444,1.628084,1.593322,1.561998,1.561616,1.58148,1.6235,1.568492,1.52991,1.64451,1.50699,1.539078,1.529528,1.56047,1.64069,1.638016,1.716326,1.557796,1.492856,1.561998,1.477958,1.476812,1.48025,1.52036
05035,1.375964,1.429444,1.628084,1.593322,1.561998,1.561616,1.58148,1.6235,1.568492,1.52991,1.64451,1.50699,1.539078,1.529528,1.56047,1.64069,1.638016,1.716326,1.557796,1.492856,1.561998,1.477958,1.476812,1.48025,1.52036
05037,1.375964,1.429444,1.628084,1.593322,1.561998,1.561616,1.58148,1.6235,1.568492,1.52991,1.64451,1.50699,1.539078,1.529528,1.56047,1.64069,1.638016,1.716326,1.557796,1.492856,1.561998,1.477958,1.476812,1.48025,1.52036
05039,1.375964,1.429444,1.628084,1.593322,1.561998,1.561616,1.58148,1.6235,1.568492,1.52991,1.64451,1.50699,1.539078,1.529528,1.56047,1.64069,1.638016,1.716326,1.557796,1.492856,1.561998,1.477958,1.476812,1.48025,1.52036
05041,1.375964,1.429444,1.628084,1.593322,1.561998,1.561616,1.58148,1.6235,1.568492,1.52991,1.64451,1.50699,1.539078,1.529528,1.56047,1.64069,1.638016,1.716326,1.557796,1.492856,1.561998,1.477958,1.476812,1.48025,1.52036
05043,1.375964,1.429444,1.628084,1.593322,1.561998,1.561616,1.58148,1.6235,1.568492,1.52991,1.64451,1.50699,1.539078,1.529528,1.56047,1.64069,1.638016,1.716326,1.557796,1.492856,1.561998,1.477958,1.476812,1.48025,1.52036
05045,1.375964,1.429444,1.628084,1.593322,1.561998,1.561616,1.58148,1.6235,1.568492,1.52991,1.64451,1.50699,1.539078,1.529528,1.56047,1.64069,1.638016,1.716326,1.557796,1.492856,1.561998,1.477958,1.476812,1.48025,1.52036
05047,1.375964,1.429444,1.628084,1.593322,1.561998,1.561616,1.58148,1.6235,1.568492,1.52991,1.64451,1.50699,1.539078,1.529528,1.56047,1.64069,1.638016,1.716326,1.557796,1.492856,1.561998,1.477958,1.476812,1.48025,1.52036
05049,1.375964,1.429444,1.628084,1.593322,1.561998,1.561616,1.58148,1.6235,1.568492,1.52991,1.64451,1.50699,1.539078,1.529528,1.56047,1.64069,1.638016,1.716326,1.557796,1.492856,1.561998,1.477958,1.476812,1.48025,1.52036
05051,1.375964,1.429444,1.628084,1.593322,1.561998,1.561616,1.58148,1.6235,1.568492,1.52991,1.64451,1.50699,1.539078,1.529528,1.56047,1.64069,1.638016,1.716326,1.557796,1.492856,1.561998,1.477958,1.476812,1.48025,1.52036
05053,1.375964,1.429444,1.628084,1.593322,1.561998,1.561616,1.58148,1.6235,1.568492,1.52991,1.64451,1.50699,1.539078,1.529528,1.56047,1.64069,1.638016,1.716326,1.557796,1.492856,1.561998,1.477958,1.476812,1.48025,1.52036
05055,1.375964,1.429444,1.628084,1.593322,1.561998,1.561616,1.58148,1.6235,1.568492,1.52991,1.64451,1.50699,1.539078,1.529528,1.56047,1.64069,1.638016,1.716326,1.557796,1.492856,1.561998,1.477958,1.476812,1.48025,1.52036
05057,1.375964,1.429444,1.628084,1.593322,1.561998,1.561616,1.58148,1.6235,1.568492,1.52991,1.64451,1.50699,1.539078,1.529528,1.56047,1.64069,1.638016,1.716326,1.557796,1.492856,1.561998,1.477958,1.476812,1.48025,1.52036
05059,1.375964,1.429444,1.628084,1.593322,1.561998,1.561616,1.58148,1.6235,1.568492,1.52991,1.64451,1.50699,1.539078,1.529528,1.56047,1.64069,1.638016,1.716326,1.557796,1.492856,1.561998,1.477958,1.476812,1.48025,1.52036
05061,1.375964,1.429444,1.628084,1.593322,1.561998,1.561616,1.58148,1.6235,1.568492,1.52991,1.64451,1.50699,1.539078,1.529528,1.56047,1.64069,1.638016,1.716326,1.557796,1.492856,1.561998,1.477958,1.476812,1.48025,1.52036
05063,1.375964,1.429444,1.628084,1.593322,1.561998,1.561616,1.58148,1.6235,1.568492,1.52991,1.64451,1.50699,1.539078,1.529528,1.56047,1.64069,1.638016,1.716326,1.557796,1.492856,1.561998,1.477958,1.476812,1.48025,1.52036
05065,1.375964,1.429444,1.628084,1.593322,1.561998,1.561616,1.58148,1.6235,1.568492,1.52991,1.64451,1.50699,1.539078,1.529528,1.56047,1.64069,1.638016,1.716326,1.557796,1.492856,1.561998,1.477958,1.476812,1.48025,1.52036
05067,1.375964,1.429444,1.628084,1.593322,1.561998,1.561616,1.58148,1.6235,1.568492,1.52991,1.64451,1.50699,1.539078,1.529528,1.56047,1.64069,1.638016,1.716326,1.557796,1.492856,1.561998,1.477958,1.476812,1.48025,1.52036
05069,1.375964,1.429444,1.628084,1.593322,1.561998,1.561616,1.58148,1.6235,1.568492,1.52991,1.64451,1.50699,1.539078,1.529528,1.56047,1.64069,1.638016,1.716326,1.557796,1.492856,1.561998,1.477958,1.476812,1.48025,1.52036
05071,1.375964,1.429444,1.628084,1.593322,1.561998,1.561616,1.58148,1.6235,1.568492,1.52991,1.64451,1.50699,1.539078,1.529528,1.56047,1.64069,1.638016,1.716326,1.557796,1.492856,1.561998,1.477958,1.476812,1.48025,1.52036
05073,1.375964,1.429444,1.628084,1.593322,1.561998,1.561616,1.58148,1.6235,1.568492,1.52991,1.64451,1.50699,1.539078,1.529528,1.56047,1.64069,1.638016,1.716326,1.557796,1.492856,1.561998,1.477958,1.476812,1.48025,1.52036
05075,1.375964,1.429444,1.628084,1.593322,1.561998,1.561616,1.58148,1.6235,1.568492,1.52991,1.64451,1.50699,1.539078,1.529528,1.56047,1.64069,1.638016,1.716326,1.557796,1.492856,1.561998,1.477958,1.476812,1.48025,1.52036
05077,1.375964,1.429444,1.628084,1.593322,1.561998,1.561616,1.58148,1.6235,1.568492,1.52991,1.64451,1.50699,1.539078,1.529528,1.56047,1.64069,1.638016,1.716326,1.557796,1.492856,1.561998,1.477958,1.476812,1.48025,1.52036
05079,1.375964,1.429444,1.628084,1.593322,1.561998,1.561616,1.58148,1.6235,1.568492,1.52991,1.64451,1.50699,1.539078,1.529528,1.56047,1.64069,1.638016,1.716326,1.557796,1.492856,1.561998,1.477958,1.476812,1.48025,1.52036
05081,1.375964,1.429444,1.628084,1.593322,1.561998,1.561616,1.58148,1.6235,1.568492,1.52991,1.64451,1.50699,1.539078,1.529528,1.56047,1.64069,1.638016,1.716326,1.557796,1.492856,1.561998,1.477958,1.476812,1.48025,1.52036
05083,1.375964,1.429444,1.628084,1.593322,1.561998,1.561616,1.58148,1.6235,1.568492,1.52991,1.64451,1.50699,1.539078,1.529528,1.56047,1.64069,1.638016,1.716326,1.557796,1.492856,1.561998,1.477958,1.476812,1.48025,1.52036
05085,1.375964,1.429444,1.628084,1.593322,1.561998,1.561616,1.58148,1.6235,1.568492,1.52991,1.64451,1.50699,1.539078,1.529528,1.56047,1.64069,1.638016,1.716326,1.557796,1.492856,1.561998,1.477958,1.476812,1.48025,1.52036
05087,1.375964,1.429444,1.628084,1.593322,1.561998,1.561616,1.58148,1.6235,1.568492,1.52991,1.64451,1.50699,1.539078,1.529528,1.56047,1.64069,1.638016,1.716326,1.557796,1.492856,1.561998,1.477958,1.476812,1.48025,1.52036
05089,1.375964,1.429444,1.628084,1.593322,1.561998,1.561616,1.58148,1.6235,1.568492,1.52991,1.64451,1.50699,1.539078,1.529528,1.56047,1.64069,1.638016,1.716326,1.557796,1.492856,1.561998,1.477958,1.476812,1.48025,1.52036
05091,1.375964,1.429444,1.628084,1.593322,1.561998,1.561616,1.58148,1.6235,1.568492,1.52991,1.64451,1.50699,1.539078,1.529528,1.56047,1.64069,1.638016,1.716326,1.557796,1.492856,1.561998,1.477958,1.476812,1.48025,1.52036
05093,1.375964,1.429444,1.628084,1.593322,1.561998,1.561616,1.58148,1.6235,1.568492,1.52991,1.64451,1.50699,1.539078,1.529528,1.56047,1.64069,1.638016,1.716326,1.557796,1.492856,1.561998,1.477958,1.476812,1.48025,1.52036
05095,1.375964,1.429444,1.628084,1.593322,1.561998,1.561616,1.58148,1.6235,1.568492,1.52991,1.64451,1.50699,1.539078,1.529528,1.56047,1.64069,1.638016,1.716326,1.557796,1.492856,1.561998,1.477958,1.476812,1.48025,1.52036
05097,1.375964,1.429444,1.628084,1.593322,1.561998,1.561616,1.58148,1.6235,1.568492,1.52991,1.64451,1.50699,1.539078,1.529528,1.56047,1.64069,1.638016,1.716326,1.557796,1.492856,1.561998,1.477958,1.476812,1.48025,1.52036
05099,1.375964,1.429444,1.628084,1.593322,1.561998,1.561616,1.58148,1.6235,1.568492,1.52991,1.64451,1.50699,1.539078,1.529528,1.56047,1.64069,1.638016,1.716326,1.557796,1.492856,1.561998,1.477958,1.476812,1.48025,1.52036
05101,1.375964,1.429444,1.628084,1.593322,1.561998,1.561616,1.58148,1.6235,1.568492,1.52991,1.64451,1.50699,1.539078,1.529528,1.56047,1.64069,1.638016,1.716326,1.557796,1.492856,1.561998,1.477958,1.476812,1.48025,1.52036
05103,1.375964,1.429444,1.628084,1.593322,1.561998,1.561616,1.58148,1.6235,1.568492,1.52991,1.64451,1.50699,1.539078,1.529528,1.56047,1.64069,1.638016,1.716326,1.557796,1.492856,1.561998,1.477958,1.476812,1.48025,1.52036
05105,1.375964,1.429444,1.628084,1.593322,1.561998,1.561616,1.58148,1.6235,1.568492,1.52991,1.64451,1.50699,1.539078,1.529528,1.56047,1.64069,1.638016,1.716326,1.557796,1.492856,1.561998,1.477958,1.476812,1.48025,1.52036
05107,1.375964,1.429444,1.628084,1.593322,1.561998,1.561616,1.58148,1.6235,1.568492,1.52991,1.64451,1.50699,1.539078,1.529528,1.56047,1.64069,1.638016,1.716326,1.557796,1.492856,1.561998,1.477958,1.476812,1.48025,1.52036
05109,1.375964,1.429444,1.628084,1.593322,1.561998,1.561616,1.58148,1.6235,1.568492,1.52991,1.64451,1.50699,1.539078,1.529528,1.56047,1.64069,1.638016,1.716326,1.557796,1.492856,1.561998,1.477958,1.476812,1.48025,1.52036
05111,1.375964,1.429444,1.628084,1.593322,1.561998,1.561616,1.58148,1.6235,1.568492,1.52991,1.64451,1.50699,1.539078,1.529528,1.56047,1.64069,1.638016,1.716326,1.557796,1.492856,1.561998,1.477958,1.476812,1.48025,1.52036
05113,1.375964,1.429444,1.628084,1.593322,1.561998,1.561616,1.58148,1.6235,1.568492,1.52991,1.64451,1.50699,1.539078,1.529528,1.56047,1.64069,1.638016,1.716326,1.557796,1.492856,1.561998,1.477958,1.476812,1.48025,1.52036
05115,1.375964,1.429444,1.628084,1.593322,1.561998,1.561616,1.58148,1.6235,1.568492,1.52991,1.64451,1.50699,1.539078,1.529528,1.56047,1.64069,1.638016,1.716326,1.557796,1.492856,1.561998,1.477958,1.476812,1.48025,1.52036
05117,1.375964,1.429444,1.628084,1.593322,1.561998,1.561616,1.58148,1.6235,1.568492,1.52991,1.64451,1.50699,1.539078,1.529528,1.56047,1.64069,1.638016,1.716326,1.557796,1.492856,1.561998,1.477958,1.476812,1.48025,1.52036
05119,1.375964,1.429444,1.628084,1.593322,1.561998,1.561616,1.58148,1.6235,1.568492,1.52991,1.64451,1.50699,1.539078,1.529528,1.56047,1.64069,1.638016,1.716326,1.557796,1.492856,1.561998,1.477958,1.476812,1.48025,1.52036
05121,1.375964,1.429444,1.628084,1.593322,1.561998,1.561616,1.58148,1.6235,1.568492,1.52991,1.64451,1.50699,1.539078,1.529528,1.56047,1.64069,1.638016,1.716326,1.557796,1.492856,1.561998,1.477958,1.476812,1.48025,1.52036
05123,1.375964,1.429444,1.628084,1.593322,1.561998,1.561616,1.58148,1.6235,1.568492,1.52991,1.64451,1.50699,1.539078,1.529528,1.56047,1.64069,1.638016,1.716326,1.557796,1.492856,1.561998,1.477958,1.476812,1.48025,1.52036
05125,1.375964,1.429444,1.628084,1.593322,1.561998,1.561616,1.58148,1.6235,1.568492,1.52991,1.64451,1.50699,1.539078,1.529528,1.56047,1.64069,1.638016,1.716326,1.557796,1.492856,1.561998,1.477958,1.476812,1.48025,1.52036
05127,1.375964,1.429444,1.628084,1.593322,1.561998,1.561616,1.58148,1.6235,1.568492,1.52991,1.64451,1.50699,1.539078,1.529528,1.56047,1.64069,1.638016,1.716326,1.557796,1.492856,1.561998,1.477958,1.476812,1.48025,1.52036
05129,1.375964,1.429444,1.628084,1.593322,1.561998,1.561616,1.58148,1.6235,1.568492,1.52991,1.64451,1.50699,1.539078,1.529528,1.56047,1.64069,1.638016,1.716326,1.557796,1.492856,1.561998,1.477958,1.476812,1.48025,1.52036
05131,1.375964,1.429444,1.628084,1.593322,1.561998,1.561616,1.58148,1.6235,1.568492,1.52991,1.64451,1.50699,1.539078,1.529528,1.56047,1.64069,1.638016,1.716326,1.557796,1.492856,1.561998,1.477958,1.476812,1.48025,1.52036
05133,1.375964,1.429444,1.628084,1.593322,1.561998,1.561616,1.58148,1.6235,1.568492,1.52991,1.64451,1.50699,1.539078,1.529528,1.56047,1.64069,1.638016,1.716326,1.557796,1.492856,1.561998,1.477958,1.476812,1.48025,1.52036
05135,1.375964,1.429444,1.628084,1.593322,1.561998,1.561616,1.58148,1.6235,1.568492,1.52991,1.64451,1.50699,1.539078,1.529528,1.56047,1.64069,1.638016,1.716326,1.557796,1.492856,1.561998,1.477958,1.476812,1.48025,1.52036
05137,1.375964,1.429444,1.628084,1.593322,1.561998,1.561616,1.58148,1.6235,1.568492,1.52991,1.64451,1.50699,1.539078,1.529528,1.56047,1.64069,1.638016,1.716326,1.557796,1.492856,1.561998,1.477958,1.476812,1.48025,1.52036
05139,1.375964,1.429444,1.628084,1.593322,1.561998,1.561616,1.58148,1.6235,1.568492,1.52991,1.64451,1.50699,1.539078,1.529528,1.56047,1.64069,1.638016,1.716326,1.557796,1.492856,1.561998,1.477958,1.476812,1.48025,1.52036
05141,1.375964,1.429444,1.628084,1.593322,1.561998,1.561616,1.58148,1.6235,1.568492,1.52991,1.64451,1.50699,1.539078,1.529528,1.56047,1.64069,1.638016,1.716326,1.557796,1.492856,1.561998,1.477958,1.476812,1.48025,1.52036
05143,1.375964,1.429444,1.628084,1.593322,1.561998,1.561616,1.58148,1.6235,1.568492,1.52991,1.64451,1.50699,1.539078,1.529528,1.56047,1.64069,1.638016,1.716326,1.557796,1.492856,1.561998,1.477958,1.476812,1.48025,1.52036
05145,1.375964,1.429444,1.628084,1.593322,1.561998,1.561616,1.58148,1.6235,1.568492,1.52991,1.64451,1.50699,1.539078,1.529528,1.56047,1.64069,1.638016,1.716326,1.557796,1.492856,1.561998,1.477958,1.476812,1.48025,1.52036
05147,1.375964,1.429444,1.628084,1.593322,1.561998,1.561616,1.58148,1.6235,1.568492,1.52991,1.64451,1.50699,1.539078,1.529528,1.56047,1.64069,1.638016,1.716326,1.557796,1.492856,1.561998,1.477958,1.476812,1.48025,1.52036
05149,1.375964,1.429444,1.628084,1.593322,1.561998,1.561616,1.58148,1.6235,1.568492,1.52991,1.64451,1.50699,1.539078,1.529528,1.56047,1.64069,1.638016,1.716326,1.557796,1.492856,1.561998,1.477958,1.476812,1.48025,1.52036
06001,1.375964,1.429444,1.628084,1.593322,1.561998,1.561616,1.58148,1.6235,1.568492,1.52991,1.64451,1.50699,1.539078,1.529528,1.56047,1.64069,1.638016,1.716326,1.557796,1.492856,1.561998,1.477958,1.476812,1.48025,1.52036
06003,1.375964,1.429444,1.628084,1.593322,1.561998,1.561616,1.58148,1.6235,1.568492,1.52991,1.64451,1.50699,1.539078,1.529528,1.56047,1.64069,1.638016,1.716326,1.557796,1.492856,1.561998,1.477958,1.476812,1.48025,1.52036
06005,1.375964,1.429444,1.628084,1.593322,1.561998,1.561616,1.58148,1.6235,1.568492,1.52991,1.64451,1.50699,1.539078,1.529528,1.56047,1.64069,1.638016,1.716326,1.557796,1.492856,1.561998,1.477958,1.476812,1.48025,1.52036
06007,1.375964,1.429444,1.628084,1.593322,1.561998,1.561616,1.58148,1.6235,1.568492,1.52991,1.64451,1.50699,1.539078,1.529528,1.56047,1.64069,1.638016,1.716326,1.557796,1.492856,1.561998,1.477958,1.476812,1.48025,1.52036
06009,1.375964,1.429444,1.628084,1.593322,1.561998,1.561616,1.58148,1.6235,1.568492,1.52991,1.64451,1.50699,1.539078,1.529528,1.56047,1.64069,1.638016,1.716326,1.557796,1.492856,1.561998,1.477958,1.476812,1.48025,1.52036
06011,1.375964,1.429444,1.628084,1.593322,1.561998,1.561616,1.58148,1.6235,1.568492,1.52991,1.64451,1.50699,1.539078,1.529528,1.56047,1.64069,1.638016,1.716326,1.557796,1.492856,1.561998,1.477958,1.476812,1.48025,1.52036
06013,1.375964,1.429444,1.628084,1.593322,1.561998,1.561616,1.58148,1.6235,1.568492,1.52991,1.64451,1.50699,1.539078,1.529528,1.56047,1.64069,1.638016,1.716326,1.557796,1.492856,1.561998,1.477958,1.476812,1.48025,1.52036
06015,1.375964,1.429444,1.628084,1.593322,1.561998,1.561616,1.58148,1.6235,1.568492,1.52991,1.64451,1.50699,1.539078,1.529528,1.56047,1.64069,1.638016,1.716326,1.557796,1.492856,1.561998,1.477958,1.476812,1.48025,1.52036
06017,1.375964,1.429444,1.628084,1.593322,1.561998,1.561616,1.58148,1.6235,1.568492,1.52991,1.64451,1.50699,1.539078,1.529528,1.56047,1.64069,1.638016,1.716326,1.557796,1.492856,1.561998,1.477958,1.476812,1.48025,1.52036
06019,1.375964,1.429444,1.628084,1.593322,1.561998,1.561616,1.58148,1.6235,1.568492,1.52991,1.64451,1.50699,1.539078,1.529528,1.56047,1.64069,1.638016,1.716326,1.557796,1.492856,1.561998,1.477958,1.476812,1.48025,1.52036
06021,1.375964,1.429444,1.628084,1.593322,1.561998,1.561616,1.58148,1.6235,1.568492,1.52991,1.64451,1.50699,1.539078,1.529528,1.56047,1.64069,1.638016,1.716326,1.557796,1.492856,1.561998,1.477958,1.476812,1.48025,1.52036
06023,1.375964,1.429444,1.628084,1.593322,1.561998,1.561616,1.58148,1.6235,1.568492,1.52991,1.64451,1.50699,1.539078,1.529528,1.56047,1.64069,1.638016,1.716326,1.557796,1.492856,1.561998,1.477958,1.476812,1.48025,1.52036
06025,1.375964,1.429444,1.628084,1.593322,1.561998,1.561616,1.58148,1.6235,1.568492,1.52991,1.64451,1.50699,1.539078,1.529528,1.56047,1.64069,1.638016,1.716326,1.557796,1.492856,1.561998,1.477958,1.476812,1.48025,1.52036
06027,1.375964,1.429444,1.628084,1.593322,1.561998,1.561616,1.58148,1.6235,1.568492,1.52991,1.64451,1.50699,1.539078,1.529528,1.56047,1.64069,1.638016,1.716326,1.557796,1.492856,1.561998,1.477958,1.476812,1.48025,1.52036
06029,1.375964,1.429444,1.628084,1.593322,1.561998,1.561616,1.58148,1.6235,1.568492,1.52991,1.64451,1.50699,1.539078,1.529528,1.56047,1.64069,1.638016,1.716326,1.557796,1.492856,1.561998,1.477958,1.476812,1.48025,1.52036
06031,1.375964,1.429444,1.628084,1.593322,1.561998,1.561616,1.58148,1.6235,1.568492,1.52991,1.64451,1.50699,1.539078,1.529528,1.56047,1.64069,1.638016,1.716326,1.557796,1.492856,1.561998,1.477958,1.476812,1.48025,1.52036
06033,1.375964,1.429444,1.628084,1.593322,1.561998,1.561616,1.58148,1.6235,1.568492,1.52991,1.64451,1.50699,1.539078,1.529528,1.56047,1.64069,1.638016,1.716326,1.557796,1.492856,1.561998,1.477958,1.476812,1.48025,1.52036
06035,1.375964,1.429444,1.628084,1.593322,1.561998,1.561616,1.58148,1.6235,1.568492,1.52991,1.64451,1.50699,1.539078,1.529528,1.56047,1.64069,1.638016,1.716326,1.557796,1.492856,1.561998,1.477958,1.476812,1.48025,1.52036
06037,1.375964,1.429444,1.628084,1.593322,1.561998,1.561616,1.58148,1.6235,1.568492,1.52991,1.64451,1.50699,1.539078,1.529528,1.56047,1.64069,1.638016,1.716326,1.557796,1.492856,1.561998,1.477958,1.476812,1.48025,1.52036
06039,1.375964,1.429444,1.628084,1.593322,1.561998,1.561616,1.58148,1.6235,1.568492,1.52991,1.64451,1.50699,1.539078,1.529528,1.56047,1.64069,1.638016,1.716326,1.557796,1.492856,1.561998,1.477958,1.476812,1.48025,1.52036
06041,1.375964,1.429444,1.628084,1.593322,1.561998,1.561616,1.58148,1.6235,1.568492,1.52991,1.64451,1.50699,1.539078,1.529528,1.56047,1.64069,1.638016,1.716326,1.557796,1.492856,1.561998,1.477958,1.476812,1.48025,1.52036
06043,1.375964,1.429444,1.628084,1.593322,1.561998,1.561616,1.58148,1.6235,1.568492,1.52991,1.64451,1.50699,1.539078,1.529528,1.56047,1.64069,1.638016,1.716326,1.557796,1.492856,1.561998,1.477958,1.476812,1.48025,1.52036
06045,1.375964,1.429444,1.628084,1.593322,1.561998,1.561616,1.58148,1.6235,1.568492,1.52991,1.64451,1.50699,1.539078,1.529528,1.56047,1.64069,1.638016,1.716326,1.557796,1.492856,1.561998,1.477958,1.476812,1.48025,1.52036
06047,1.375964,1.429444,1.628084,1.593322,1.561998,1.561616,1.58148,1.6235,1.568492,1.52991,1.64451,1.50699,1.539078,1.529528,1.56047,1.64069,1.638016,1.716326,1.557796,1.492856,1.561998,1.477958,1.476812,1.48025,1.52036
06049,1.375964,1.429444,1.628084,1.593322,1.561998,1.561616,1.58148,1.6235,1.568492,1.52991,1.64451,1.50699,1.539078,1.529528,1.56047,1.64069,1.638016,1.716326,1.557796,1.492856,1.561998,1.477958,1.476812,1.48025,1.52036
06051,1.375964,1.429444,1.628084,1.593322,1.561998,1.561616,1.58148,1.6235,1.568492,1.52991,1.64451,1.50699,1.539078,1.529528,1.56047,1.64069,1.638016,1.716326,1.557796,1.492856,1.561998,1.477958,1.476812,1.48025,1.52036
06053,1.375964,1.429444,1.628084,1.593322,1.561998,1.561616,1.58148,1.6235,1.568492,1.52991,1.64451,1.50699,1.539078,1.529528,1.56047,1.64069,1.638016,1.716326,1.557796,1.492856,1.561998,1.477958,1.476812,1.48025,1.52036
06055,1.375964,1.429444,1.628084,1.593322,1.561998,1.561616,1.58148,1.6235,1.568492,1.52991,1.64451,1.50699,1.539078,1.529528,1.56047,1.64069,1.638016,1.716326,1.557796,1.492856,1.561998,1.477958,1.476812,1.48025,1.52036
06057,1.375964,1.429444,1.628084,1.593322,1.561998,1.561616,1.58148,1.6235,1.568492,1.52991,1.64451,1.50699,1.539078,1.529528,1.56047,1.64069,1.638016,1.716326,1.557796,1.492856,1.561998,1.477958,1.476812,1.48025,1.52036
06059,1.375964,1.429444,1.628084,1.593322,1.561998,1.561616,1.58148,1.6235,1.568492,1.52991,1.64451,1.50699,1.539078,1.529528,1.56047,1.64069,1.638016,1.716326,1.557796,1.492856,1.561998,1.477958,1.476812,1.48025,1.52036
06061,1.375964,1.429444,1.628084,1.593322,1.561998,1.561616,1.58148,1.6235,1.568492,1.52991,1.64451,1.50699,1.539078,1.529528,1.56047,1.64069,1.638016,1.716326,1.557796,1.492856,1.561998,1.477958,1.476812,1.48025,1.52036
06063,1.375964,1.429444,1.628084,1.593322,1.561998,1.561616,1.58148,1.6235,1.568492,1.52991,1.64451,1.50699,1.539078,1.529528,1.56047,1.64069,1.638016,1.716326,1.557796,1.492856,1.561998,1.477958,1.476812,1.48025,1.52036
06065,1.375964,1.429444,1.628084,1.593322,1.561998,1.561616,1.58148,1.6235,1.568492,1.52991,1.64451,1.50699,1.539078,1.529528,1.56047,1.64069,1.638016,1.716326,1.557796,1.492856,1.561998,1.477958,1.476812,1.48025,1.52036
06067,1.375964,1.429444,1.628084,1.593322,1.561998,1.561616,1.58148,1.6235,1.568492,1.52991,1.64451,1.50699,1.539078,1.529528,1.56047,1.64069,1.638016,1.716326,1.557796,1.492856,1.561998,1.477958,1.476812,1.48025,1.52036
06069,1.375964,1.429444,1.628084,1.593322,1.561998,1.561616,1.58148,1.6235,1.568492,1.52991,1.64451,1.50699,1.539078,1.529528,1.56047,1.64069,1.638016,1.716326,1.557796,1.492856,1.561998,1.477958,1.476812,1.48025,1.52036
06071,1.375964,1.429444,1.628084,1.593322,1.561998,1.561616,1.58148,1.6235,1.568492,1.52991,1.64451,1.50699,1.539078,1.529528,1.56047,1.64069,1.638016,1.716326,1.557796,1.492856,1.561998,1.477958,1.476812,1.48025,1.52036
06073,1.375964,1.429444,1.628084,1.593322,1.561998,1.561616,1.58148,1.6235,1.568492,1.52991,1.64451,1.50699,1.539078,1.529528,1.56047,1.64069,1.638016,1.716326,1.557796,1.492856,1.561998,1.477958,1.476812,1.48025,1.52036
06075,1.375964,1.429444,1.628084,1.593322,1.561998,1.561616,1.58148,1.6235,1.568492,1.52991,1.64451,1.50699,1.539078,1.529528,1.56047,1.64069,1.638016,1.716326,1.557796,1.492856,1.561998,1.477958,1.476812,1.48025,1.52036
06077,1.375964,1.429444,1.628084,1.593322,1.561998,1.561616,1.58148,1.6235,1.568492,1.52991,1.64451,1.50699,1.539078,1.529528,1.56047,1.64069,1.638016,1.716326,1.557796,1.492856,1.561998,1.477958,1.476812,1.48025,1.52036
06079,1.375964,1.429444,1.628084,1.593322,1.561998,1.561616,1.58148,1.6235,1.568492,1.52991,1.64451,1.50699,1.539078,1.529528,1.56047,1.64069,1.638016,1.716326,1.557796,1.492856,1.561998,1.477958,1.476812,1.48025,1.52036
06081,1.375964,1.429444,1.628084,1.593322,1.561998,1.561616,1.58148,1.6235,1.568492,1.52991,1.64451,1.50699,1.539078,1.529528,1.56047,1.64069,1.638016,1.716326,1.557796,1.492856,1.561998,1.477958,1.476812,1.48025,1.52036
06083,1.375964,1.429444,1.628084,1.593322,1.561998,1.561616,1.58148,1.6235,1.568492,1.52991,1.64451,1.50699,1.539078,1.529528,1.56047,1.64069,1.638016,1.716326,1.557796,1.492856,1.561998,1.477958,1.476812,1.48025,1.52036
06085,1.375964,1.429444,1.628084,1.593322,1.561998,1.561616,1.58148,1.6235,1.568492,1.52991,1.64451,1.50699,1.539078,1.529528,1.56047,1.64069,1.638016,1.716326,1.557796,1.492856,1.561998,1.477958,1.476812,1.48025,1.52036
06087,1.375964,1.429444,1.628084,1.593322,1.561998,1.561616,1.58148,1.6235,1.568492,1.52991,1.64451,1.50699,1.539078,1.529528,1.56047,1.64069,1.638016,1.716326,1.557796,1.492856,1.561998,1.477958,1.476812,1.48025,1.52036
06089,1.375964,1.429444,1.628084,1.593322,1.561998,1.561616,1.58148,1.6235,1.568492,1.52991,1.64451,1.50699,1.539078,1.529528,1.56047,1.64069,1.638016,1.716326,1.557796,1.492856,1.561998,1.477958,1.476812,1.48025,1.52036
06091,1.375964,1.429444,1.628084,1.593322,1.561998,1.561616,1.58148,1.6235,1.568492,1.52991,1.64451,1.50699,1.539078,1.529528,1.56047,1.64069,1.638016,1.716326,1.557796,1.492856,1.561998,1.477958,1.476812,1.48025,1.52036
06093,1.375964,1.429444,1.628084,1.593322,1.561998,1.561616,1.58148,1.6235,1.568492,1.52991,1.64451,1.50699,1.539078,1.529528,1.56047,1.64069,1.638016,1.716326,1.557796,1.492856,1.561998,1.477958,1.476812,1.48025,1.52036
06095,1.375964,1.429444,1.628084,1.593322,1.561998,1.561616,1.58148,1.6235,1.568492,1.52991,1.64451,1.50699,1.539078,1.529528,1.56047,1.64069,1.638016,1.716326,1.557796,1.492856,1.561998,1.477958,1.476812,1.48025,1.52036
06097,1.375964,1.429444,1.628084,1.593322,1.561998,1.561616,1.58148,1.6235,1.568492,1.52991,1.64451,1.50699,1.539078,1.529528,1.56047,1.64069,1.638016,1.716326,1.557796,1.492856,1.561998,1.477958,1.476812,1.48025,1.52036
06099,1.375964,1.429444,1.628084,1.593322,1.561998,1.561616,1.58148,1.6235,1.568492,1.52991,1.64451,1.50699,1.539078,1.529528,1.56047,1.64069,1.638016,1.716326,1.557796,1.492856,1.561998,1.477958,1.476812,1.48025,1.52036
06101,1.375964,1.429444,1.628084,1.593322,1.561998,1.561616,1.58148,1.6235,1.568492,1.52991,1.64451,1.50699,1.539078,1.529528,1.56047,1.64069,1.638016,1.716326,1.557796,1.492856,1.561998,1.477958,1.476812,1.48025,1.52036
06103,1.375964,1.429444,1.628084,1.593322,1.561998,1.561616,1.58148,1.6235,1.568492,1.52991,1.64451,1.50699,1.539078,1.529528,1.56047,1.64069,1.638016,1.716326,1.557796,1.492856,1.561998,1.477958,1.476812,1.48025,1.52036
06105,1.375964,1.429444,1.628084,1.593322,1.561998,1.561616,1.58148,1.6235,1.568492,1.52991,1.64451,1.50699,1.539078,1.529528,1.56047,1.64069,1.638016,1.716326,1.557796,1.492856,1.561998,1.477958,1.476812,1.48025,1.52036
06107,1.375964,1.429444,1.628084,1.593322,1.561998,1.561616,1.58148,1.6235,1.568492,1.52991,1.64451,1.50699,1.539078,1.529528,1.56047,1.64069,1.638016,1.716326,1.557796,1.492856,1.561998,1.477958,1.476812,1.48025,1.52036
06109,1.375964,1.429444,1.628084,1.593322,1.561998,1.561616,1.58148,1.6235,1.568492,1.52991,1.64451,1.50699,1.539078,1.529528,1.56047,1.64069,1.638016,1.716326,1.557796,1.492856,1.561998,1.477958,1.476812,1.48025,1.52036
06111,1.375964,1.429444,1.628084,1.593322,1.561998,1.561616,1.58148,1.6235,1.568492,1.52991,1.64451,1.50699,1.539078,1.529528,1.56047,1.64069,1.638016,1.716326,1.557796,1.492856,1.561998,1.477958,1.476812,1.48025,1.52036
06113,1.375964,1.429444,1.628084,1.593322,1.561998,1.561616,1.58148,1.6235,1.568492,1.52991,1.64451,1.50699,1.539078,1.529528,1.56047,1.64069,1.638016,1.716326,1.557796,1.492856,1.561998,1.477958,1.476812,1.48025,1.52036
06115,1.375964,1.429444,1.628084,1.593322,1.561998,1.561616,1.58148,1.6235,1.568492,1.52991,1.64451,1.50699,1.539078,1.529528,1.56047,1.64069,1.638016,1.716326,1.557796,1.492856,1.561998,1.477958,1.476812,1.48025,1.52036
08001,1.375964,1.429444,1.628084,1.593322,1.561998,1.561616,1.58148,1.6235,1.568492,1.52991,1.64451,1.50699,1.539078,1.529528,1.56047,1.64069,1.638016,1.716326,1.557796,1.492856,1.561998,1.477958,1.476812,1.48025,1.52036
08003,1.375964,1.429444,1.628084,1.593322,1.561998,1.561616,1.58148,1.6235,1.568492,1.52991,1.64451,1.50699,1.539078,1.529528,1.56047,1.64069,1.638016,1.716326,1.557796,1.492856,1.561998,1.477958,1.476812,1.48025,1.52036
08005,1.375964,1.429444,1.628084,1.593322,1.561998,1.561616,1.58148,1.6235,1.568492,1.52991,1.64451,1.50699,1.539078,1.529528,1.56047,1.64069,1.638016,1.716326,1.557796,1.492856,1.561998,1.477958,1.476812,1.48025,1.52036
08007,1.375964,1.429444,1.628084,1.593322,1.561998,1.561616,1.58148,1.6235,1.568492,1.52991,1.64451,1.50699,1.539078,1.529528,1.56047,1.64069,1.638016,1.716326,1.557796,1.492856,1.561998,1.477958,1.476812,1.48025,1.52036
08009,1.375964,1.429444,1.628084,1.593322,1.561998,1.561616,1.58148,1.6235,1.568492,1.52991,1.64451,1.50699,1.539078,1.529528,1.56047,1.64069,1.638016,1.716326,1.557796,1.492856,1.561998,1.477958,1.476812,1.48025,1.52036
08011,1.375964,1.429444,1.628084,1.593322,1.561998,1.561616,1.58148,1.6235,1.568492,1.52991,1.64451,1.50699,1.539078,1.529528,1.56047,1.64069,1.638016,1.716326,1.557796,1.492856,1.561998,1.477958,1.476812,1.48025,1.52036
08013,1.375964,1.429444,1.628084,1.593322,1.561998,1.561616,1.58148,1.6235,1.568492,1.52991,1.64451,1.50699,1.539078,1.529528,1.56047,1.64069,1.638016,1.716326,1.557796,1.492856,1.561998,1.477958,1.476812,1.48025,1.52036
08014,1.375964,1.429444,1.628084,1.593322,1.561998,1.561616,1.58148,1.6235,1.568492,1.52991,1.64451,1.50699,1.539078,1.529528,1.56047,1.64069,1.638016,1.716326,1.557796,1.492856,1.561998,1.477958,1.476812,1.48025,1.52036
08015,1.375964,1.429444,1.628084,1.593322,1.561998,1.561616,1.58148,1.6235,1.568492,1.52991,1.64451,1.50699,1.539078,1.529528,1.56047,1.64069,1.638016,1.716326,1.557796,1.492856,1.561998,1.477958,1.476812,1.48025,1.52036
08017,1.375964,1.429444,1.628084,1.593322,1.561998,1.561616,1.58148,1.6235,1.568492,1.52991,1.64451,1.50699,1.539078,1.529528,1.56047,1.64069,1.638016,1.716326,1.557796,1.492856,1.561998,1.477958,1.476812,1.48025,1.52036
08019,1.375964,1.429444,1.628084,1.593322,1.561998,1.561616,1.58148,1.6235,1.568492,1.52991,1.64451,1.50699,1.539078,1.529528,1.56047,1.64069,1.638016,1.716326,1.557796,1.492856,1.561998,1.477958,1.476812,1.48025,1.52036
08021,1.375964,1.429444,1.628084,1.593322,1.561998,1.561616,1.58148,1.6235,1.568492,1.52991,1.64451,1.50699,1.539078,1.529528,1.56047,1.64069,1.638016,1.716326,1.557796,1.492856,1.561998,1.477958,1.476812,1.48025,1.52036
08023,1.375964,1.429444,1.628084,1.593322,1.561998,1.561616,1.58148,1.6235,1.568492,1.52991,1.64451,1.50699,1.539078,1.529528,1.56047,1.64069,1.638016,1.716326,1.557796,1.492856,1.561998,1.477958,1.476812,1.48025,1.52036
08025,1.375964,1.429444,1.628084,1.593322,1.561998,1.561616,1.58148,1.6235,1.568492,1.52991,1.64451,1.50699,1.539078,1.529528,1.56047,1.64069,1.638016,1.716326,1.557796,1.492856,1.561998,1.477958,1.476812,1.48025,1.52036
08027,1.375964,1.429444,1.628084,1.593322,1.561998,1.561616,1.58148,1.6235,1.568492,1.52991,1.64451,1.50699,1.539078,1.529528,1.56047,1.64069,1.638016,1.716326,1.557796,1.492856,1.561998,1.477958,1.476812,1.48025,1.52036
08029,1.375964,1.429444,1.628084,1.593322,1.561998,1.561616,1.58148,1.6235,1.568492,1.52991,1.64451,1.50699,1.539078,1.529528,1.56047,1.64069,1.638016,1.716326,1.557796,1.492856,1.561998,1.477958,1.476812,1.48025,1.52036
08031,1.375964,1.429444,1.628084,1.593322,1.561998,1.561616,1.58148,1.6235,1.568492,1.52991,1.64451,1.50699,1.539078,1.529528,1.56047,1.64069,1.638016,1.716326,1.557796,1.492856,1.561998,1.477958,1.476812,1.48025,1.52036
08033,1.375964,1.429444,1.628084,1.593322,1.561998,1.561616,1.58148,1.6235,1.568492,1.52991,1.64451,1.50699,1.539078,1.529528,1.56047,1.64069,1.638016,1.716326,1.557796,1.492856,1.561998,1.477958,1.476812,1.48025,1.52036
08035,1.375964,1.429444,1.628084,1.593322,1.561998,1.561616,1.58148,1.6235,1.568492,1.52991,1.64451,1.50699,1.539078,1.529528,1.56047,1.64069,1.638016,1.716326,1.557796,1.492856,1.561998,1.477958,1.476812,1.48025,1.52036
08037,1.375964,1.429444,1.628084,1.593322,1.561998,1.561616,1.58148,1.6235,1.568492,1.52991,1.64451,1.50699,1.539078,1.529528,1.56047,1.64069,1.638016,1.716326,1.557796,1.492856,1.561998,1.477958,1.476812,1.48025,1.52036
08039,1.375964,1.429444,1.628084,1.593322,1.561998,1.561616,1.58148,1.6235,1.568492,1.52991,1.64451,1.50699,1.539078,1.529528,1.56047,1.64069,1.638016,1.716326,1.557796,1.492856,1.561998,1.477958,1.476812,1.48025,1.52036
08041,1.375964,1.429444,1.628084,1.593322,1.561998,1.561616,1.58148,1.6235,1.568492,1.52991,1.64451,1.50699,1.539078,1.529528,1.56047,1.64069,1.638016,1.716326,1.557796,1.492856,1.561998,1.477958,1.476812,1.48025,1.52036
08043,1.375964,1.429444,1.628084,1.593322,1.561998,1.561616,1.58148,1.6235,1.568492,1.52991,1.64451,1.50699,1.539078,1.529528,1.56047,1.64069,1.638016,1.716326,1.557796,1.492856,1.561998,1.477958,1.476812,1.48025,1.52036
08045,1.375964,1.429444,1.628084,1.593322,1.561998,1.561616,1.58148,1.6235,1.568492,1.52991,1.64451,1.50699,1.539078,1.529528,1.56047,1.64069,1.638016,1.716326,1.557796,1.492856,1.561998,1.477958,1.476812,1.48025,1.52036
08047,1.375964,1.429444,1.628084,1.593322,1.561998,1.561616,1.58148,1.6235,1.568492,1.52991,1.64451,1.50699,1.539078,1.529528,1.56047,1.64069,1.638016,1.716326,1.557796,1.492856,1.561998,1.477958,1.476812,1.48025,1.52036
08049,1.375964,1.429444,1.628084,1.593322,1.561998,1.561616,1.58148,1.6235,1.568492,1.52991,1.64451,1.50699,1.539078,1.529528,1.56047,1.64069,1.638016,1.716326,1.557796,1.492856,1.561998,1.477958,1.476812,1.48025,1.52036
08051,1.375964,1.429444,1.628084,1.593322,1.561998,1.561616,1.58148,1.6235,1.568492,1.52991,1.64451,1.50699,1.539078,1.529528,1.56047,1.64069,1.638016,1.716326,1.557796,1.492856,1.561998,1.477958,1.476812,1.48025,1.52036
08053,1.375964,1.429444,1.628084,1.593322,1.561998,1.561616,1.58148,1.6235,1.568492,1.52991,1.64451,1.50699,1.539078,1.529528,1.56047,1.64069,1.638016,1.716326,1.557796,1.492856,1.561998,1.477958,1.476812,1.48025,1.52036
08055,1.375964,1.429444,1.628084,1.593322,1.561998,1.561616,1.58148,1.6235,1.568492,1.52991,1.64451,1.50699,1.539078,1.529528,1.56047,1.64069,1.638016,1.716326,1.557796,1.492856,1.561998,1.477958,1.476812,1.48025,1.52036
08057,1.375964,1.429444,1.628084,1.593322,1.561998,1.561616,1.58148,1.6235,1.568492,1.52991,1.64451,1.50699,1.539078,1.529528,1.56047,1.64069,1.638016,1.716326,1.557796,1.492856,1.561998,1.477958,1.476812,1.48025,1.52036
08059,1.375964,1.429444,1.628084,1.593322,1.561998,1.561616,1.58148,1.6235,1.568492,1.52991,1.64451,1.50699,1.539078,1.529528,1.56047,1.64069,1.638016,1.716326,1.557796,1.492856,1.561998,1.477958,1.476812,1.48025,1.52036
08061,1.375964,1.429444,1.628084,1.593322,1.561998,1.561616,1.58148,1.6235,1.568492,1.52991,1.64451,1.50699,1.539078,1.529528,1.56047,1.64069,1.638016,1.716326,1.557796,1.492856,1.561998,1.477958,1.476812,1.48025,1.52036
08063,1.375964,1.429444,1.628084,1.593322,1.561998,1.561616,1.58148,1.6235,1.568492,1.52991,1.64451,1.50699,1.539078,1.529528,1.56047,1.64069,1.638016,1.716326,1.557796,1.492856,1.561998,1.477958,1.476812,1.48025,1.52036
08065,1.375964,1.429444,1.628084,1.593322,1.561998,1.561616,1.58148,1.6235,1.568492,1.52991,1.64451,1.50699,1.539078,1.529528,1.56047,1.64069,1.638016,1.716326,1.557796,1.492856,1.561998,1.477958,1.476812,1.48025,1.52036
08067,1.375964,1.429444,1.628084,1.593322,1.561998,1.561616,1.58148,1.6235,1.568492,1.52991,1.64451,1.50699,1.539078,1.529528,1.56047,1.64069,1.638016,1.716326,1.557796,1.492856,1.561998,1.477958,1.476812,1.48025,1.52036
08069,1.375964,1.429444,1.628084,1.593322,1.561998,1.561616,1.58148,1.6235,1.568492,1.52991,1.64451,1.50699,1.539078,1.529528,1.56047,1.64069,1.638016,1.716326,1.557796,1.492856,1.561998,1.477958,1.476812,1.48025,1.52036
08071,1.375964,1.429444,1.628084,1.593322,1.561998,1.561616,1.58148,1.6235,1.568492,1.52991,1.64451,1.50699,1.539078,1.529528,1.56047,1.64069,1.638016,1.716326,1.557796,1.492856,1.561998,1.477958,1.476812,1.48025,1.52036
08073,1.375964,1.429444,1.628084,1.593322,1.561998,1.561616,1.58148,1.6235,1.568492,1.52991,1.64451,1.50699,1.539078,1.529528,1.56047,1.64069,1.638016,1.716326,1.557796,1.492856,1.561998,1.477958,1.476812,1.48025,1.52036
08075,1.375964,1.429444,1.628084,1.593322,1.561998,1.561616,1.58148,1.6235,1.568492,1.52991,1.64451,1.50699,1.539078,1.529528,1.56047,1.64069,1.638016,1.716326,1.557796,1.492856,1.561998,1.477958,1.476812,1.48025,1.52036
08077,1.375964,1.429444,1.628084,1.593322,1.561998,1.561616,1.58148,1.6235,1.568492,1.52991,1.64451,1.50699,1.539078,1.529528,1.56047,1.64069,1.638016,1.716326,1.557796,1.492856,1.561998,1.477958,1.476812,1.48025,1.52036
08079,1.375964,1.429444,1.628084,1.593322,1.561998,1.561616,1.58148,1.6235,1.568492,1.52991,1.64451,1.50699,1.539078,1.529528,1.56047,1.64069,1.638016,1.716326,1.557796,1.492856,1.561998,1.477958,1.476812,1.48025,1.52036
08081,1.375964,1.429444,1.628084,1.593322,1.561998,1.561616,1.58148,1.6235,1.568492,1.52991,1.64451,1.50699,1.539078,1.529528,1.56047,1.64069,1.638016,1.716326,1.557796,1.492856,1.561998,1.477958,1.476812,1.48025,1.52036
08083,1.375964,1.429444,1.628084,1.593322,1.561998,1.561616,1.58148,1.6235,1.568492,1.52991,1.64451,1.50699,1.539078,1.529528,1.56047,1.64069,1.638016,1.716326,1.557796,1.492856,1.561998,1.477958,1.476812,1.48025,1.52036
08085,1.375964,1.429444,1.628084,1.593322,1.561998,1.561616,1.58148,1.6235,1.568492,1.52991,1.64451,1.50699,1.539078,1.529528,1.56047,1.64069,1.638016,1.716326,1.557796,1.492856,1.561998,1.477958,1.476812,1.48025,1.52036
08087,1.375964,1.429444,1.628084,1.593322,1.561998,1.561616,1.58148,1.6235,1.568492,1.52991,1.64451,1.50699,1.539078,1.529528,1.56047,1.64069,1.638016,1.716326,1.557796,1.492856,1.561998,1.477958,1.476812,1.48025,1.52036
08089,1.375964,1.429444,1.628084,1.593322,1.561998,1.561616,1.58148,1.6235,1.568492,1.52991,1.64451,1.50699,1.539078,1.529528,1.56047,1.64069,1.638016,1.716326,1.557796,1.492856,1.561998,1.477958,1.476812,1.48025,1.52036
08091,1.375964,1.429444,1.628084,1.593322,1.561998,1.561616,1.58148,1.6235,1.568492,1.52991,1.64451,1.50699,1.539078,1.529528,1.56047,1.64069,1.638016,1.716326,1.557796,1.492856,1.561998,1.477958,1.476812,1.48025,1.52036
08093,1.375964,1.429444,1.628084,1.593322,1.561998,1.561616,1.58148,1.6235,1.568492,1.52991,1.64451,1.50699,1.539078,1.529528,1.56047,1.64069,1.638016,1.716326,1.557796,1.492856,1.561998,1.477958,1.476812,1.48025,1.52036
08095,1.375964,1.429444,1.628084,1.593322,1.561998,1.561616,1.58148,1.6235,1.568492,1.52991,1.64451,1.50699,1.539078,1.529528,1.56047,1.64069,1.638016,1.716326,1.557796,1.492856,1.561998,1.477958,1.476812,1.48025,1.52036
08097,1.375964,1.429444,1.628084,1.593322,1.561998,1.561616,1.58148,1.6235,1.568492,1.52991,1.64451,1.50699,1.539078,1.529528,1.56047,1.64069,1.638016,1.716326,1.557796,1.492856,1.561998,1.477958,1.476812,1.48025,1.52036
08099,1.375964,1.429444,1.628084,1.593322,1.561998,1.561616,1.58148,1.6235,1.568492,1.52991,1.64451,1.50699,1.539078,1.529528,1.56047,1.64069,1.638016,1.716326,1.557796,1.492856,1.561998,1.477958,1.476812,1.48025,1.52036
08101,1.375964,1.429444,1.628084,1.593322,1.561998,1.561616,1.58148,1.6235,1.568492,1.52991,1.64451,1.50699,1.539078,1.529528,1.56047,1.64069,1.638016,1.716326,1.557796,1.492856,1.561998,1.477958,1.476812,1.48025,1.52036
08103,1.375964,1.429444,1.628084,1.593322,1.561998,1.561616,1.58148,1.6235,1.568492,1.52991,1.64451,1.50699,1.539078,1.529528,1.56047,1.64069,1.638016,1.716326,1.557796,1.492856,1.561998,1.477958,1.476812,1.48025,1.52036
08105,1.375964,1.429444,1.628084,1.593322,1.561998,1.561616,1.58148,1.6235,1.568492,1.52991,1.64451,1.50699,1.539078,1.529528,1.56047,1.64069,1.638016,1.716326,1.557796,1.492856,1.561998,1.477958,1.476812,1.48025,1.52036
08107,1.375964,1.429444,1.628084,1.593322,1.561998,1.561616,1.58148,1.6235,1.568492,1.52991,1.64451,1.50699,1.539078,1.529528,1.56047,1.64069,1.638016,1.716326,1.557796,1.492856,1.561998,1.477958,1.476812,1.48025,1.52036
08109,1.375964,1.429444,1.628084,1.593322,1.561998,1.561616,1.58148,1.6235,1.568492,1.52991,1.64451,1.50699,1.539078,1.529528,1.56047,1.64069,1.638016,1.716326,1.557796,1.492856,1.561998,1.477958,1.476812,1.48025,1.52036
08111,1.375964,1.429444,1.628084,1.593322,1.561998,1.561616,1.58148,1.6235,1.568492,1.52991,1.64451,1.50699,1.539078,1.529528,1.56047,1.64069,1.638016,1.716326,1.557796,1.492856,1.561998,1.477958,1.476812,1.48025,1.52036
08113,1.375964,1.429444,1.628084,1.593322,1.561998,1.561616,1.58148,1.6235,1.568492,1.52991,1.64451,1.50699,1.539078,1.529528,1.56047,1.64069,1.638016,1.716326,1.557796,1.492856,1.561998,1.477958,1.476812,1.48025,1.52036
08115,1.375964,1.429444,1.628084,1.593322,1.561998,1.561616,1.58148,1.6235,1.568492,1.52991,1.64451,1.50699,1.539078,1.529528,1.56047,1.64069,1.638016,1.716326,1.557796,1.492856,1.561998,1.477958,1.476812,1.48025,1.52036
08117,1.375964,1.429444,1.628084,1.593322,1.561998,1.561616,1.58148,1.6235,1.568492,1.52991,1.64451,1.50699,1.539078,1.529528,1.56047,1.64069,1.638016,1.716326,1.557796,1.492856,1.561998,1.477958,1.476812,1.48025,1.52036
08119,1.375964,1.429444,1.628084,1.593322,1.561998,1.561616,1.58148,1.6235,1.568492,1.52991,1.64451,1.50699,1.539078,1.529528,1.56047,1.64069,1.638016,1.716326,1.557796,1.492856,1.561998,1.477958,1.476812,1.48025,1.52036
08121,1.375964,1.429444,1.628084,1.593322,1.561998,1.561616,1.58148,1.6235,1.568492,1.52991,1.64451,1.50699,1.539078,1.529528,1.56047,1.64069,1.638016,1.716326,1.557796,1.492856,1.561998,1.477958,1.476812,1.48025,1.52036
08123,1.375964,1.429444,1.628084,1.593322,1.561998,1.561616,1.58148,1.6235,1.568492,1.52991,1.64451,1.50699,1.539078,1.529528,1.56047,1.64069,1.638016,1.716326,1.557796,1.492856,1.561998,1.477958,1.476812,1.48025,1.52036
08125,1.375964,1.429444,1.628084,1.593322,1.561998,1.561616,1.58148,1.6235,1.568492,1.52991,1.64451,1.50699,1.539078,1.529528,1.56047,1.64069,1.638016,1.716326,1.557796,1.492856,1.561998,1.477958,1.476812,1.48025,1.52036
09001,1.375964,1.429444,1.628084,1.593322,1.561998,1.561616,1.58148,1.6235,1.568492,1.52991,1.64451,1.50699,1.539078,1.529528,1.56047,1.64069,1.638016,1.716326,1.557796,1.492856,1.561998,1.477958,1.476812,1.48025,1.52036
09003,1.375964,1.429444,1.628084,1.593322,1.561998,1.561616,1.58148,1.6235,1.568492,1.52991,1.64451,1.50699,1.539078,1.529528,1.56047,1.64069,1.638016,1.716326,1.557796,1.492856,1.561998,1.477958,1.476812,1.48025,1.52036
09005,1.375964,1.429444,1.628084,1.593322,1.561998,1.561616,1.58148,1.6235,1.568492,1.52991,1.64451,1.50699,1.539078,1.529528,1.56047,1.64069,1.638016,1.716326,1.557796,1.492856,1.561998,1.477958,1.476812,1.48025,1.52036
09007,1.375964,1.429444,1.628084,1.593322,1.561998,1.561616,1.58148,1.6235,1.568492,1.52991,1.64451,1.50699,1.539078,1.529528,1.56047,1.64069,1.638016,1.716326,1.557796,1.492856,1.561998,1.477958,1.476812,1.48025,1.52036
09009,1.375964,1.429444,1.628084,1.593322,1.561998,1.561616,1.58148,1.6235,1.568492,1.52991,1.64451,1.50699,1.539078,1.529528,1.56047,1.64069,1.638016,1.716326,1.557796,1.492856,1.561998,1.477958,1.476812,1.48025,1.52036
09011,1.375964,1.429444,1.628084,1.593322,1.561998,1.561616,1.58148,1.6235,1.568492,1.52991,1.64451,1.50699,1.539078,1.529528,1.56047,1.64069,1.638016,1.716326,1.557796,1.492856,1.561998,1.477958,1.476812,1.48025,1.52036
09013,1.375964,1.429444,1.628084,1.593322,1.561998,1.561616,1.58148,1.6235,1.568492,1.52991,1.64451,1.50699,1.539078,1.529528,1.56047,1.64069,1.638016,1.716326,1.557796,1.492856,1.561998,1.477958,1.476812,1.48025,1.52036
09015,1.375964,1.429444,1.628084,1.593322,1.561998,1.561616,1.58148,1.6235,1.568492,1.52991,1.64451,1.50699,1.539078,1.529528,1.56047,1.64069,1.638016,1.716326,1.557796,1.492856,1.561998,1.477958,1.476812,1.48025,1.52036
10001,1.375964,1.429444,1.628084,1.593322,1.561998,1.561616,1.58148,1.6235,1.568492,1.52991,1.64451,1.50699,1.539078,1.529528,1.56047,1.64069,1.638016,1.716326,1.557796,1.492856,1.561998,1.477958,1.476812,1.48025,1.52036
10003,1.375964,1.429444,1.628084,1.593322,1.561998,1.561616,1.58148,1.6235,1.568492,1.52991,1.64451,1.50699,1.539078,1.529528,1.56047,1.64069,1.638016,1.716326,1.557796,1.492856,1.561998,1.477958,1.476812,1.48025,1.52036
10005,1.375964,1.429444,1.628084,1.593322,1.561998,1.561616,1.58148,1.6235,1.568492,1.52991,1.64451,1.50699,1.539078,1.529528,1.56047,1.64069,1.638016,1.716326,1.557796,1.492856,1.561998,1.477958,1.476812,1.48025,1.52036
11001,1.375964,1.429444,1.628084,1.593322,1.561998,1.561616,1.58148,1.6235,1.568492,1.52991,1.64451,1.50699,1.539078,1.529528,1.56047,1.64069,1.638016,1.716326,1.557796,1.492856,1.561998,1.477958,1.476812,1.48025,1.52036
12001,1.375964,1.429444,1.628084,1.593322,1.561998,1.561616,1.58148,1.6235,1.568492,1.52991,1.64451,1.50699,1.539078,1.529528,1.56047,1.64069,1.638016,1.716326,1.557796,1.492856,1.561998,1.477958,1.476812,1.48025,1.52036
12003,1.375964,1.429444,1.628084,1.593322,1.561998,1.561616,1.58148,1.6235,1.568492,1.52991,1.64451,1.50699,1.539078,1.529528,1.56047,1.64069,1.638016,1.716326,1.557796,1.492856,1.561998,1.477958,1.476812,1.48025,1.52036
12005,1.375964,1.429444,1.628084,1.593322,1.561998,1.561616,1.58148,1.6235,1.568492,1.52991,1.64451,1.50699,1.539078,1.529528,1.56047,1.64069,1.638016,1.716326,1.557796,1.492856,1.561998,1.477958,1.476812,1.48025,1.52036
12007,1.375964,1.429444,1.628084,1.593322,1.561998,1.561616,1.58148,1.6235,1.568492,1.52991,1.64451,1.50699,1.539078,1.529528,1.56047,1.64069,1.638016,1.716326,1.557796,1.492856,1.561998,1.477958,1.476812,1.48025,1.52036
12009,1.375964,1.429444,1.628084,1.593322,1.561998,1.561616,1.58148,1.6235,1.568492,1.52991,1.64451,1.50699,1.539078,1.529528,1.56047,1.64069,1.638016,1.716326,1.557796,1.492856,1.561998,1.477958,1.476812,1.48025,1.52036
12011,1.375964,1.429444,1.628084,1.593322,1.561998,1.561616,1.58148,1.6235,1.568492,1.52991,1.64451,1.50699,1.539078,1.529528,1.56047,1.64069,1.638016,1.716326,1.557796,1.492856,1.561998,1.477958,1.476812,1.48025,1.52036
12013,1.375964,1.429444,1.628084,1.593322,1.561998,1.561616,1.58148,1.6235,1.568492,1.52991,1.64451,1.50699,1.539078,1.529528,1.56047,1.64069,1.638016,1.716326,1.557796,1.492856,1.561998,1.477958,1.476812,1.48025,1.52036
12015,1.375964,1.429444,1.628084,1.593322,1.561998,1.561616,1.58148,1.6235,1.568492,1.52991,1.64451,1.50699,1.539078,1.529528,1.56047,1.64069,1.638016,1.716326,1.557796,1.492856,1.561998,1.477958,1.476812,1.48025,1.52036
12017,1.375964,1.429444,1.628084,1.593322,1.561998,1.561616,1.58148,1.6235,1.568492,1.52991,1.64451,1.50699,1.539078,1.529528,1.56047,1.64069,1.638016,1.716326,1.557796,1.492856,1.561998,1.477958,1.476812,1.48025,1.52036
12019,1.375964,1.429444,1.628084,1.593322,1.561998,1.561616,1.58148,1.6235,1.568492,1.52991,1.64451,1.50699,1.539078,1.529528,1.56047,1.64069,1.638016,1.716326,1.557796,1.492856,1.561998,1.477958,1.476812,1.48025,1.52036
12021,1.375964,1.429444,1.628084,1.593322,1.561998,1.561616,1.58148,1.6235,1.568492,1.52991,1.64451,1.50699,1.539078,1.529528,1.56047,1.64069,1.638016,1.716326,1.557796,1.492856,1.561998,1.477958,1.476812,1.48025,1.52036
12023,1.375964,1.429444,1.628084,1.593322,1.561998,1.561616,1.58148,1.6235,1.568492,1.52991,1.64451,1.50699,1.539078,1.529528,1.56047,1.64069,1.638016,1.716326,1.557796,1.492856,1.561998,1.477958,1.476812,1.48025,1.52036
12027,1.375964,1.429444,1.628084,1.593322,1.561998,1.561616,1.58148,1.6235,1.568492,1.52991,1.64451,1.50699,1.539078,1.529528,1.56047,1.64069,1.638016,1.716326,1.557796,1.492856,1.561998,1.477958,1.476812,1.48025,1.52036
12029,1.375964,1.429444,1.628084,1.593322,1.561998,1.561616,1.58148,1.6235,1.568492,1.52991,1.64451,1.50699,1.539078,1.529528,1.56047,1.64069,1.638016,1.716326,1.557796,1.492856,1.561998,1.477958,1.476812,1.48025,1.52036
12031,1.375964,1.429444,1.628084,1.593322,1.561998,1.561616,1.58148,1.6235,1.568492,1.52991,1.64451,1.50699,1.539078,1.529528,1.56047,1.64069,1.638016,1.716326,1.557796,1.492856,1.561998,1.477958,1.476812,1.48025,1.52036
12033,1.375964,1.429444,1.628084,1.593322,1.561998,1.561616,1.58148,1.6235,1.568492,1.52991,1.64451,1.50699,1.539078,1.529528,1.56047,1.64069,1.638016,1.716326,1.557796,1.492856,1.561998,1.477958,1.476812,1.48025,1.52036
12035,1.375964,1.429444,1.628084,1.593322,1.561998,1.561616,1.58148,1.6235,1.568492,1.52991,1.64451,1.50699,1.539078,1.529528,1.56047,1.64069,1.638016,1.716326,1.557796,1.492856,1.561998,1.477958,1.476812,1.48025,1.52036
12037,1.375964,1.429444,1.628084,1.593322,1.561998,1.561616,1.58148,1.6235,1.568492,1.52991,1.64451,1.50699,1.539078,1.529528,1.56047,1.64069,1.638016,1.716326,1.557796,1.492856,1.561998,1.477958,1.476812,1.48025,1.52036
12039,1.375964,1.429444,1.628084,1.593322,1.561998,1.561616,1.58148,1.6235,1.568492,1.52991,1.64451,1.50699,1.539078,1.529528,1.56047,1.64069,1.638016,1.716326,1.557796,1.492856,1.561998,1.477958,1.476812,1.48025,1.52036
12041,1.375964,1.429444,1.628084,1.593322,1.561998,1.561616,1.58148,1.6235,1.568492,1.52991,1.64451,1.50699,1.539078,1.529528,1.56047,1.64069,1.638016,1.716326,1.557796,1.492856,1.561998,1.477958,1.476812,1.48025,1.52036
12043,1.375964,1.429444,1.628084,1.593322,1.561998,1.561616,1.58148,1.6235,1.568492,1.52991,1.64451,1.50699,1.539078,1.529528,1.56047,1.64069,1.638016,1.716326,1.557796,1.492856,1.561998,1.477958,1.476812,1.48025,1.52036
12045,1.375964,1.429444,1.628084,1.593322,1.561998,1.561616,1.58148,1.6235,1.568492,1.52991,1.64451,1.50699,1.539078,1.529528,1.56047,1.64069,1.638016,1.716326,1.557796,1.492856,1.561998,1.477958,1.476812,1.48025,1.52036
12047,1.375964,1.429444,1.628084,1.593322,1.561998,1.561616,1.58148,1.6235,1.568492,1.52991,1.64451,1.50699,1.539078,1.529528,1.56047,1.64069,1.638016,1.716326,1.557796,1.492856,1.561998,1.477958,1.476812,1.48025,1.52036
12049,1.375964,1.429444,1.628084,1.593322,1.561998,1.561616,1.58148,1.6235,1.568492,1.52991,1.64451,1.50699,1.539078,1.529528,1.56047,1.64069,1.638016,1.716326,1.557796,1.492856,1.561998,1.477958,1.476812,1.48025,1.52036
12051,1.375964,1.429444,1.628084,1.593322,1.561998,1.561616,1.58148,1.6235,1.568492,1.52991,1.64451,1.50699,1.539078,1.529528,1.56047,1.64069,1.638016,1.716326,1.557796,1.492856,1.561998,1.477958,1.476812,1.48025,1.52036
12053,1.375964,1.429444,1.628084,1.593322,1.561998,1.561616,1.58148,1.6235,1.568492,1.52991,1.64451,1.50699,1.539078,1.529528,1.56047,1.64069,1.638016,1.716326,1.557796,1.492856,1.561998,1.477958,1.476812,1.48025,1.52036
12055,1.375964,1.429444,1.628084,1.593322,1.561998,1.561616,1.58148,1.6235,1.568492,1.52991,1.64451,1.50699,1.539078,1.529528,1.56047,1.64069,1.638016,1.716326,1.557796,1.492856,1.561998,1.477958,1.476812,1.48025,1.52036
12057,1.375964,1.429444,1.628084,1.593322,1.561998,1.561616,1.58148,1.6235,1.568492,1.52991,1.64451,1.50699,1.539078,1.529528,1.56047,1.64069,1.638016,1.716326,1.557796,1.492856,1.561998,1.477958,1.476812,1.48025,1.52036
12059,1.375964,1.429444,1.628084,1.593322,1.561998,1.561616,1.58148,1.6235,1.568492,1.52991,1.64451,1.50699,1.539078,1.529528,1.56047,1.64069,1.638016,1.716326,1.557796,1.492856,1.561998,1.477958,1.476812,1.48025,1.52036
12061,1.375964,1.429444,1.628084,1.593322,1.561998,1.561616,1.58148,1.6235,1.568492,1.52991,1.64451,1.50699,1.539078,1.529528,1.56047,1.64069,1.638016,1.716326,1.557796,1.492856,1.561998,1.477958,1.476812,1.48025,1.52036
12063,1.375964,1.429444,1.628084,1.593322,1.561998,1.561616,1.58148,1.6235,1.568492,1.52991,1.64451,1.50699,1.539078,1.529528,1.56047,1.64069,1.638016,1.716326,1.557796,1.492856,1.561998,1.477958,1.476812,1.48025,1.52036
12065,1.375964,1.429444,1.628084,1.593322,1.561998,1.561616,1.58148,1.6235,1.568492,1.52991,1.64451,1.50699,1.539078,1.529528,1.56047,1.64069,1.638016,1.716326,1.557796,1.492856,1.561998,1.477958,1.476812,1.48025,1.52036
12067,1.375964,1.429444,1.628084,1.593322,1.561998,1.561616,1.58148,1.6235,1.568492,1.52991,1.64451,1.50699,1.539078,1.529528,1.56047,1.64069,1.638016,1.716326,1.557796,1.492856,1.561998,1.477958,1.476812,1.48025,1.52036
12069,1.375964,1.429444,1.628084,1.593322,1.561998,1.561616,1.58148,1.6235,1.568492,1.52991,1.64451,1.50699,1.539078,1.529528,1.56047,1.64069,1.638016,1.716326,1.557796,1.492856,1.561998,1.477958,1.476812,1.48025,1.52036
12071,1.375964,1.429444,1.628084,1.593322,1.561998,1.561616,1.58148,1.6235,1.568492,1.52991,1.64451,1.50699,1.539078,1.529528,1.56047,1.64069,1.638016,1.716326,1.557796,1.492856,1.561998,1.477958,1.476812,1.48025,1.52036
12073,1.375964,1.429444,1.628084,1.593322,1.561998,1.561616,1.58148,1.6235,1.568492,1.52991,1.64451,1.50699,1.539078,1.529528,1.56047,1.64069,1.638016,1.716326,1.557796,1.492856,1.561998,1.477958,1.476812,1.48025,1.52036
12075,1.375964,1.429444,1.628084,1.593322,1.561998,1.561616,1.58148,1.6235,1.568492,1.52991,1.64451,1.50699,1.539078,1.529528,1.56047,1.64069,1.638016,1.716326,1.557796,1.492856,1.561998,1.477958,1.476812,1.48025,1.52036
12077,1.375964,1.429444,1.628084,1.593322,1.561998,1.561616,1.58148,1.6235,1.568492,1.52991,1.64451,1.50699,1.539078,1.529528,1.56047,1.64069,1.638016,1.716326,1.557796,1.492856,1.561998,1.477958,1.476812,1.48025,1.52036
12079,1.375964,1.429444,1.628084,1.593322,1.561998,1.561616,1.58148,1.6235,1.568492,1.52991,1.64451,1.50699,1.539078,1.529528,1.56047,1.64069,1.638016,1.716326,1.557796,1.492856,1.561998,1.477958,1.476812,1.48025,1.52036
12081,1.375964,1.429444,1.628084,1.593322,1.561998,1.561616,1.58148,1.6235,1.568492,1.52991,1.64451,1.50699,1.539078,1.529528,1.56047,1.64069,1.638016,1.716326,1.557796,1.492856,1.561998,1.477958,1.476812,1.48025,1.52036
12083,1.375964,1.429444,1.628084,1.593322,1.561998,1.561616,1.58148,1.6235,1.568492,1.52991,1.64451,1.50699,1.539078,1.529528,1.56047,1.64069,1.638016,1.716326,1.557796,1.492856,1.561998,1.477958,1.476812,1.48025,1.52036
12085,1.375964,1.429444,1.628084,1.593322,1.561998,1.561616,1.58148,1.6235,1.568492,1.52991,1.64451,1.50699,1.539078,1.529528,1.56047,1.64069,1.638016,1.716326,1.557796,1.492856,1.561998,1.477958,1.476812,1.48025,1.52036
12086,1.375964,1.429444,1.628084,1.593322,1.561998,1.561616,1.58148,1.6235,1.568492,1.52991,1.64451,1.50699,1.539078,1.529528,1.56047,1.64069,1.638016,1.716326,1.557796,1.492856,1.561998,1.477958,1.476812,1.48025,1.52036
12087,1.375964,1.429444,1.628084,1.593322,1.561998,1.561616,1.58148,1.6235,1.568492,1.52991,1.64451,1.50699,1.539078,1.529528,1.56047,1.64069,1.638016,1.716326,1.557796,1.492856,1.561998,1.477958,1.476812,1.48025,1.52036
12089,1.375964,1.429444,1.628084,1.593322,1.561998,1.561616,1.58148,1.6235,1.568492,1.52991,1.64451,1.50699,1.539078,1.529528,1.56047,1.64069,1.638016,1.716326,1.557796,1.492856,1.561998,1.477958,1.476812,1.48025,1.52036
12091,1.375964,1.429444,1.628084,1.593322,1.561998,1.561616,1.58148,1.6235,1.568492,1.52991,1.64451,1.50699,1.539078,1.529528,1.56047,1.64069,1.638016,1.716326,1.557796,1.492856,1.561998,1.477958,1.476812,1.48025,1.52036
12093,1.375964,1.429444,1.628084,1.593322,1.561998,1.561616,1.58148,1.6235,1.568492,1.52991,1.64451,1.50699,1.539078,1.529528,1.56047,1.64069,1.638016,1.716326,1.557796,1.492856,1.561998,1.477958,1.476812,1.48025,1.52036
12095,1.375964,1.429444,1.628084,1.593322,1.561998,1.561616,1.58148,1.6235,1.568492,1.52991,1.64451,1.50699,1.539078,1.529528,1.56047,1.64069,1.638016,1.716326,1.557796,1.492856,1.561998,1.477958,1.476812,1.48025,1.52036
12097,1.375964,1.429444,1.628084,1.593322,1.561998,1.561616,1.58148,1.6235,1.568492,1.52991,1.64451,1.50699,1.539078,1.529528,1.56047,1.64069,1.638016,1.716326,1.557796,1.492856,1.561998,1.477958,1.476812,1.48025,1.52036
12099,1.375964,1.429444,1.628084,1.593322,1.561998,1.561616,1.58148,1.6235,1.568492,1.52991,1.64451,1.50699,1.539078,1.529528,1.56047,1.64069,1.638016,1.716326,1.557796,1.492856,1.561998,1.477958,1.476812,1.48025,1.52036
12101,1.375964,1.429444,1.628084,1.593322,1.561998,1.561616,1.58148,1.6235,1.568492,1.52991,1.64451,1.50699,1.539078,1.529528,1.56047,1.64069,1.638016,1.716326,1.557796,1.492856,1.561998,1.477958,1.476812,1.48025,1.52036
12103,1.375964,1.429444,1.628084,1.593322,1.561998,1.561616,1.58148,1.6235,1.568492,1.52991,1.64451,1.50699,1.539078,1.529528,1.56047,1.64069,1.638016,1.716326,1.557796,1.492856,1.561998,1.477958,1.476812,1.48025,1.52036
12105,1.375964,1.429444,1.628084,1.593322,1.561998,1.561616,1.58148,1.6235,1.568492,1.52991,1.64451,1.50699,1.539078,1.529528,1.56047,1.64069,1.638016,1.716326,1.557796,1.492856,1.561998,1.477958,1.476812,1.48025,1.52036
12107,1.375964,1.429444,1.628084,1.593322,1.561998,1.561616,1.58148,1.6235,1.568492,1.52991,1.64451,1.50699,1.539078,1.529528,1.56047,1.64069,1.638016,1.716326,1.557796,1.492856,1.561998,1.477958,1.476812,1.48025,1.52036
12109,1.375964,1.429444,1.628084,1.593322,1.561998,1.561616,1.58148,1.6235,1.568492,1.52991,1.64451,1.50699,1.539078,1.529528,1.56047,1.64069,1.638016,1.716326,1.557796,1.492856,1.561998,1.477958,1.476812,1.48025,1.52036
12111,1.375964,1.429444,1.628084,1.593322,1.561998,1.561616,1.58148,1.6235,1.568492,1.52991,1.64451,1.50699,1.539078,1.529528,1.56047,1.64069,1.638016,1.716326,1.557796,1.492856,1.561998,1.477958,1.476812,1.48025,1.52036
12113,1.375964,1.429444,1.628084,1.593322,1.561998,1.561616,1.58148,1.6235,1.568492,1.52991,1.64451,1.50699,1.539078,1.529528,1.56047,1.64069,1.638016,1.716326,1.557796,1.492856,1.561998,1.477958,1.476812,1.48025,1.52036
12115,1.375964,1.429444,1.628084,1.593322,1.561998,1.561616,1.58148,1.6235,1.568492,1.52991,1.64451,1.50699,1.539078,1.529528,1.56047,1.64069,1.638016,1.716326,1.557796,1.492856,1.561998,1.477958,1.476812,1.48025,1.52036
12117,1.375964,1.429444,1.628084,1.593322,1.561998,1.561616,1.58148,1.6235,1.568492,1.52991,1.64451,1.50699,1.539078,1.529528,1.56047,1.64069,1.638016,1.716326,1.557796,1.492856,1.561998,1.477958,1.476812,1.48025,1.52036
12119,1.375964,1.429444,1.628084,1.593322,1.561998,1.561616,1.58148,1.6235,1.568492,1.52991,1.64451,1.50699,1.539078,1.529528,1.56047,1.64069,1.638016,1.716326,1.557796,1.492856,1.561998,1.477958,1.476812,1.48025,1.52036
12121,1.375964,1.429444,1.628084,1.593322,1.561998,1.561616,1.58148,1.6235,1.568492,1.52991,1.64451,1.50699,1.539078,1.529528,1.56047,1.64069,1.638016,1.716326,1.557796,1.492856,1.561998,1.477958,1.476812,1.48025,1.52036
12123,1.375964,1.429444,1.628084,1.593322,1.561998,1.561616,1.58148,1.6235,1.568492,1.52991,1.64451,1.50699,1.539078,1.529528,1.56047,1.64069,1.638016,1.716326,1.557796,1.492856,1.561998,1.477958,1.476812,1.48025,1.52036
12125,1.375964,1.429444,1.628084,1.593322,1.561998,1.561616,1.58148,1.6235,1.568492,1.52991,1.64451,1.50699,1.539078,1.529528,1.56047,1.64069,1.638016,1.716326,1.557796,1.492856,1.561998,1.477958,1.476812,1.48025,1.52036
12127,1.375964,1.429444,1.628084,1.593322,1.561998,1.561616,1.58148,1.6235,1.568492,1.52991,1.64451,1.50699,1.539078,1.529528,1.56047,1.64069,1.638016,1.716326,1.557796,1.492856,1.561998,1.477958,1.476812,1.48025,1.52036
12129,1.375964,1.429444,1.628084,1.593322,1.561998,1.561616,1.58148,1.6235,1.568492,1.52991,1.64451,1.50699,1.539078,1.529528,1.56047,1.64069,1.638016,1.716326,1.557796,1.492856,1.561998,1.477958,1.476812,1.48025,1.52036
12131,1.375964,1.429444,1.628084,1.593322,1.561998,1.561616,1.58148,1.6235,1.568492,1.52991,1.64451,1.50699,1.539078,1.529528,1.56047,1.64069,1.638016,1.716326,1.557796,1.492856,1.561998,1.477958,1.476812,1.48025,1.52036
12133,1.375964,1.429444,1.628084,1.593322,1.561998,1.561616,1.58148,1.6235,1.568492,1.52991,1.64451,1.50699,1.539078,1.529528,1.56047,1.64069,1.638016,1.716326,1.557796,1.492856,1.561998,1.477958,1.476812,1.48025,1.52036
13001,1.375964,1.429444,1.628084,1.593322,1.561998,1.561616,1.58148,1.6235,1.568492,1.52991,1.64451,1.50699,1.539078,1.529528,1.56047,1.64069,1.638016,1.716326,1.557796,1.492856,1.561998,1.477958,1.476812,1.48025,1.52036
13003,1.375964,1.429444,1.628084,1.593322,1.561998,1.561616,1.58148,1.6235,1.568492,1.52991,1.64451,1.50699,1.539078,1.529528,1.56047,1.64069,1.638016,1.716326,1.557796,1.492856,1.561998,1.477958,1.476812,1.48025,1.52036
13005,1.375964,1.429444,1.628084,1.593322,1.561998,1.561616,1.58148,1.6235,1.568492,1.52991,1.64451,1.50699,1.539078,1.529528,1.56047,1.64069,1.638016,1.716326,1.557796,1.492856,1.561998,1.477958,1.476812,1.48025,1.52036
13007,1.375964,1.429444,1.628084,1.593322,1.561998,1.561616,1.58148,1.6235,1.568492,1.52991,1.64451,1.50699,1.539078,1.529528,1.56047,1.64069,1.638016,1.716326,1.557796,1.492856,1.561998,1.477958,1.476812,1.48025,1.52036
13009,1.375964,1.429444,1.628084,1.593322,1.561998,1.561616,1.58148,1.6235,1.568492,1.52991,1.64451,1.50699,1.539078,1.529528,1.56047,1.64069,1.638016,1.716326,1.557796,1.492856,1.561998,1.477958,1.476812,1.48025,1.52036
13011,1.375964,1.429444,1.628084,1.593322,1.561998,1.561616,1.58148,1.6235,1.568492,1.52991,1.64451,1.50699,1.539078,1.529528,1.56047,1.64069,1.638016,1.716326,1.557796,1.492856,1.561998,1.477958,1.476812,1.48025,1.52036
13013,1.375964,1.429444,1.628084,1.593322,1.561998,1.561616,1.58148,1.6235,1.568492,1.52991,1.64451,1.50699,1.539078,1.529528,1.56047,1.64069,1.638016,1.716326,1.557796,1.492856,1.561998,1.477958,1.476812,1.48025,1.52036
13015,1.375964,1.429444,1.628084,1.593322,1.561998,1.561616,1.58148,1.6235,1.568492,1.52991,1.64451,1.50699,1.539078,1.529528,1.56047,1.64069,1.638016,1.716326,1.557796,1.492856,1.561998,1.477958,1.476812,1.48025,1.52036
13017,1.375964,1.429444,1.628084,1.593322,1.561998,1.561616,1.58148,1.6235,1.568492,1.52991,1.64451,1.50699,1.539078,1.529528,1.56047,1.64069,1.638016,1.716326,1.557796,1.492856,1.561998,1.477958,1.476812,1.48025,1.52036
13019,1.375964,1.429444,1.628084,1.593322,1.561998,1.561616,1.58148,1.6235,1.568492,1.52991,1.64451,1.50699,1.539078,1.529528,1.56047,1.64069,1.638016,1.716326,1.557796,1.492856,1.561998,1.477958,1.476812,1.48025,1.52036
13021,1.375964,1.429444,1.628084,1.593322,1.561998,1.561616,1.58148,1.6235,1.568492,1.52991,1.64451,1.50699,1.539078,1.529528,1.56047,1.64069,1.638016,1.716326,1.557796,1.492856,1.561998,1.477958,1.476812,1.48025,1.52036
13023,1.375964,1.429444,1.628084,1.593322,1.561998,1.561616,1.58148,1.6235,1.568492,1.52991,1.64451,1.50699,1.539078,1.529528,1.56047,1.64069,1.638016,1.716326,1.557796,1.492856,1.561998,1.477958,1.476812,1.48025,1.52036
13025,1.375964,1.429444,1.628084,1.593322,1.561998,1.561616,1.58148,1.6235,1.568492,1.52991,1.64451,1.50699,1.539078,1.529528,1.56047,1.64069,1.638016,1.716326,1.557796,1.492856,1.561998,1.477958,1.476812,1.48025,1.52036
13027,1.375964,1.429444,1.628084,1.593322,1.561998,1.561616,1.58148,1.6235,1.568492,1.52991,1.64451,1.50699,1.539078,1.529528,1.56047,1.64069,1.638016,1.716326,1.557796,1.492856,1.561998,1.477958,1.476812,1.48025,1.52036
13029,1.375964,1.429444,1.628084,1.593322,1.561998,1.561616,1.58148,1.6235,1.568492,1.52991,1.64451,1.50699,1.539078,1.529528,1.56047,1.64069,1.638016,1.716326,1.557796,1.492856,1.561998,1.477958,1.476812,1.48025,1.52036
13031,1.375964,1.429444,1.628084,1.593322,1.561998,1.561616,1.58148,1.6235,1.568492,1.52991,1.64451,1.50699,1.539078,1.529528,1.56047,1.64069,1.638016,1.716326,1.557796,1.492856,1.561998,1.477958,1.476812,1.48025,1.52036
13033,1.375964,1.429444,1.628084,1.593322,1.561998,1.561616,1.58148,1.6235,1.568492,1.52991,1.64451,1.50699,1.539078,1.529528,1.56047,1.64069,1.638016,1.716326,1.557796,1.492856,1.561998,1.477958,1.476812,1.48025,1.52036
13035,1.375964,1.429444,1.628084,1.593322,1.561998,1.561616,1.58148,1.6235,1.568492,1.52991,1.64451,1.50699,1.539078,1.529528,1.56047,1.64069,1.638016,1.716326,1.557796,1.492856,1.561998,1.477958,1.476812,1.48025,1.52036
13037,1.375964,1.429444,1.628084,1.593322,1.561998,1.561616,1.58148,1.6235,1.568492,1.52991,1.64451,1.50699,1.539078,1.529528,1.56047,1.64069,1.638016,1.716326,1.557796,1.492856,1.561998,1.477958,1.476812,1.48025,1.52036
13039,1.375964,1.429444,1.628084,1.593322,1.561998,1.561616,1.58148,1.6235,1.568492,1.52991,1.64451,1.50699,1.539078,1.529528,1.56047,1.64069,1.638016,1.716326,1.557796,1.492856,1.561998,1.477958,1.476812,1.48025,1.52036
13043,1.375964,1.429444,1.628084,1.593322,1.561998,1.561616,1.58148,1.6235,1.568492,1.52991,1.64451,1.50699,1.539078,1.529528,1.56047,1.64069,1.638016,1.716326,1.557796,1.492856,1.561998,1.477958,1.476812,1.48025,1.52036
13045,1.375964,1.429444,1.628084,1.593322,1.561998,1.561616,1.58148,1.6235,1.568492,1.52991,1.64451,1.50699,1.539078,1.529528,1.56047,1.64069,1.638016,1.716326,1.557796,1.492856,1.561998,1.477958,1.476812,1.48025,1.52036
13047,1.375964,1.429444,1.628084,1.593322,1.561998,1.561616,1.58148,1.6235,1.568492,1.52991,1.64451,1.50699,1.539078,1.529528,1.56047,1.64069,1.638016,1.716326,1.557796,1.492856,1.561998,1.477958,1.476812,1.48025,1.52036
13049,1.375964,1.429444,1.628084,1.593322,1.561998,1.561616,1.58148,1.6235,1.568492,1.52991,1.64451,1.50699,1.539078,1.529528,1.56047,1.64069,1.638016,1.716326,1.557796,1.492856,1.561998,1.477958,1.476812,1.48025,1.52036
13051,1.375964,1.429444,1.628084,1.593322,1.561998,1.561616,1.58148,1.6235,1.568492,1.52991,1.64451,1.50699,1.539078,1.529528,1.56047,1.64069,1.638016,1.716326,1.557796,1.492856,1.561998,1.477958,1.476812,1.48025,1.52036
13053,1.375964,1.429444,1.628084,1.593322,1.561998,1.561616,1.58148,1.6235,1.568492,1.52991,1.64451,1.50699,1.539078,1.529528,1.56047,1.64069,1.638016,1.716326,1.557796,1.492856,1.561998,1.477958,1.476812,1.48025,1.52036
13055,1.375964,1.429444,1.628084,1.593322,1.561998,1.561616,1.58148,1.6235,1.568492,1.52991,1.64451,1.50699,1.539078,1.529528,1.56047,1.64069,1.638016,1.716326,1.557796,1.492856,1.561998,1.477958,1.476812,1.48025,1.52036
13057,1.375964,1.429444,1.628084,1.593322,1.561998,1.561616,1.58148,1.6235,1.568492,1.52991,1.64451,1.50699,1.539078,1.529528,1.56047,1.64069,1.638016,1.716326,1.557796,1.492856,1.561998,1.477958,1.476812,1.48025,1.52036
13059,1.375964,1.429444,1.628084,1.593322,1.561998,1.561616,1.58148,1.6235,1.568492,1.52991,1.64451,1.50699,1.539078,1.529528,1.56047,1.64069,1.638016,1.716326,1.557796,1.492856,1.561998,1.477958,1.476812,1.48025,1.52036
13061,1.375964,1.429444,1.628084,1.593322,1.561998,1.561616,1.58148,1.6235,1.568492,1.52991,1.64451,1.50699,1.539078,1.529528,1.56047,1.64069,1.638016,1.716326,1.557796,1.492856,1.561998,1.477958,1.476812,1.48025,1.52036
13063,1.375964,1.429444,1.628084,1.593322,1.561998,1.561616,1.58148,1.6235,1.568492,1.52991,1.64451,1.50699,1.539078,1.529528,1.56047,1.64069,1.638016,1.716326,1.557796,1.492856,1.561998,1.477958,1.476812,1.48025,1.52036
13065,1.375964,1.429444,1.628084,1.593322,1.561998,1.561616,1.58148,1.6235,1.568492,1.52991,1.64451,1.50699,1.539078,1.529528,1.56047,1.64069,1.638016,1.716326,1.557796,1.492856,1.561998,1.477958,1.476812,1.48025,1.52036
13067,1.375964,1.429444,1.628084,1.593322,1.561998,1.561616,1.58148,1.6235,1.568492,1.52991,1.64451,1.50699,1.539078,1.529528,1.56047,1.64069,1.638016,1.716326,1.557796,1.492856,1.561998,1.477958,1.476812,1.48025,1.52036
13069,1.375964,1.429444,1.628084,1.593322,1.561998,1.561616,1.58148,1.6235,1.568492,1.52991,1.64451,1.50699,1.539078,1.529528,1.56047,1.64069,1.638016,1.716326,1.557796,1.492856,1.561998,1.477958,1.476812,1.48025,1.52036
13071,1.375964,1.429444,1.628084,1.593322,1.561998,1.561616,1.58148,1.6235,1.568492,1.52991,1.64451,1.50699,1.539078,1.529528,1.56047,1.64069,1.638016,1.716326,1.557796,1.492856,1.561998,1.477958,1.476812,1.48025,1.52036
13073,1.375964,1.429444,1.628084,1.593322,1.561998,1.561616,1.58148,1.6235,1.568492,1.52991,1.64451,1.50699,1.539078,1.529528,1.56047,1.64069,1.638016,1.716326,1.557796,1.492856,1.561998,1.477958,1.476812,1.48025,1.52036
13075,1.375964,1.429444,1.628084,1.593322,1.561998,1.561616,1.58148,1.6235,1.568492,1.52991,1.64451,1.50699,1.539078,1.529528,1.56047,1.64069,1.638016,1.716326,1.557796,1.492856,1.561998,1.477958,1.476812,1.48025,1.52036
13077,1.375964,1.429444,1.628084,1.593322,1.561998,1.561616,1.58148,1.6235,1.568492,1.52991,1.64451,1.50699,1.539078,1.529528,1.56047,1.64069,1.638016,1.716326,1.557796,1.492856,1.561998,1.477958,1.476812,1.48025,1.52036
13079,1.375964,1.429444,1.628084,1.593322,1.561998,1.561616,1.58148,1.6235,1.568492,1.52991,1.64451,1.50699,1.539078,1.529528,1.56047,1.64069,1.638016,1.716326,1.557796,1.492856,1.561998,1.477958,1.476812,1.48025,1.52036
13081,1.375964,1.429444,1.628084,1.593322,1.561998,1.561616,1.58148,1.6235,1.568492,1.52991,1.64451,1.50699,1.539078,1.529528,1.56047,1.64069,1.638016,1.716326,1.557796,1.492856,1.561998,1.477958,1.476812,1.48025,1.52036
13083,1.375964,1.429444,1.628084,1.593322,1.561998,1.561616,1.58148,1.6235,1.568492,1.52991,1.64451,1.50699,1.539078,1.529528,1.56047,1.64069,1.638016,1.716326,1.557796,1.492856,1.561998,1.477958,1.476812,1.48025,1.52036
13085,1.375964,1.429444,1.628084,1.593322,1.561998,1.561616,1.58148,1.6235,1.568492,1.52991,1.64451,1.50699,1.539078,1.529528,1.56047,1.64069,1.638016,1.716326,1.557796,1.492856,1.561998,1.477958,1.476812,1.48025,1.52036
13087,1.375964,1.429444,1.628084,1.593322,1.561998,1.561616,1.58148,1.6235,1.568492,1.52991,1.64451,1.50699,1.539078,1.529528,1.56047,1.64069,1.638016,1.716326,1.557796,1.492856,1.561998,1.477958,1.476812,1.48025,1.52036
13089,1.375964,1.429444,1.628084,1.593322,1.561998,1.561616,1.58148,1.6235,1.568492,1.52991,1.64451,1.50699,1.539078,1.529528,1.56047,1.64069,1.638016,1.716326,1.557796,1.492856,1.561998,1.477958,1.476812,1.48025,1.52036
13091,1.375964,1.429444,1.628084,1.593322,1.561998,1.561616,1.58148,1.6235,1.568492,1.52991,1.64451,1.50699,1.539078,1.529528,1.56047,1.64069,1.638016,1.716326,1.557796,1.492856,1.561998,1.477958,1.476812,1.48025,1.52036
13093,1.375964,1.429444,1.628084,1.593322,1.561998,1.561616,1.58148,1.6235,1.568492,1.52991,1.64451,1.50699,1.539078,1.529528,1.56047,1.64069,1.638016,1.716326,1.557796,1.492856,1.561998,1.477958,1.476812,1.48025,1.52036
13095,1.375964,1.429444,1.628084,1.593322,1.561998,1.561616,1.58148,1.6235,1.568492,1.52991,1.64451,1.50699,1.539078,1.529528,1.56047,1.64069,1.638016,1.716326,1.557796,1.492856,1.561998,1.477958,1.476812,1.48025,1.52036
13097,1.375964,1.429444,1.628084,1.593322,1.561998,1.561616,1.58148,1.6235,1.568492,1.52991,1.64451,1.50699,1.539078,1.529528,1.56047,1.64069,1.638016,1.716326,1.557796,1.492856,1.561998,1.477958,1.476812,1.48025,1.52036
13099,1.375964,1.429444,1.628084,1.593322,1.561998,1.561616,1.58148,1.6235,1.568492,1.52991,1.64451,1.50699,1.539078,1.529528,1.56047,1.64069,1.638016,1.716326,1.557796,1.492856,1.561998,1.477958,1.476812,1.48025,1.52036
13101,1.375964,1.429444,1.628084,1.593322,1.561998,1.561616,1.58148,1.6235,1.568492,1.52991,1.64451,1.50699,1.539078,1.529528,1.56047,1.64069,1.638016,1.716326,1.557796,1.492856,1.561998,1.477958,1.476812,1.48025,1.52036
13103,1.375964,1.429444,1.628084,1.593322,1.561998,1.561616,1.58148,1.6235,1.568492,1.52991,1.64451,1.50699,1.539078,1.529528,1.56047,1.64069,1.638016,1.716326,1.557796,1.492856,1.561998,1.477958,1.476812,1.48025,1.52036
13105,1.375964,1.429444,1.628084,1.593322,1.561998,1.561616,1.58148,1.6235,1.568492,1.52991,1.64451,1.50699,1.539078,1.529528,1.56047,1.64069,1.638016,1.716326,1.557796,1.492856,1.561998,1.477958,1.476812,1.48025,1.52036
13107,1.375964,1.429444,1.628084,1.593322,1.561998,1.561616,1.58148,1.6235,1.568492,1.52991,1.64451,1.50699,1.539078,1.529528,1.56047,1.64069,1.638016,1.716326,1.557796,1.492856,1.561998,1.477958,1.476812,1.48025,1.52036
13109,1.375964,1.429444,1.628084,1.593322,1.561998,1.561616,1.58148,1.6235,1.568492,1.52991,1.64451,1.50699,1.539078,1.529528,1.56047,1.64069,1.638016,1.716326,1.557796,1.492856,1.561998,1.477958,1.476812,1.48025,1.52036
13111,1.375964,1.429444,1.628084,1.593322,1.561998,1.561616,1.58148,1.6235,1.568492,1.52991,1.64451,1.50699,1.539078,1.529528,1.56047,1.64069,1.638016,1.716326,1.557796,1.492856,1.561998,1.477958,1.476812,1.48025,1.52036
13113,1.375964,1.429444,1.628084,1.593322,1.561998,1.561616,1.58148,1.6235,1.568492,1.52991,1.64451,1.50699,1.539078,1.529528,1.56047,1.64069,1.638016,1.716326,1.557796,1.492856,1.561998,1.477958,1.476812,1.48025,1.52036
13115,1.375964,1.429444,1.628084,1.593322,1.561998,1.561616,1.58148,1.6235,1.568492,1.52991,1.64451,1.50699,1.539078,1.529528,1.56047,1.64069,1.638016,1.716326,1.557796,1.492856,1.561998,1.477958,1.476812,1.48025,1.52036
13117,1.375964,1.429444,1.628084,1.593322,1.561998,1.561616,1.58148,1.6235,1.568492,1.52991,1.64451,1.50699,1.539078,1.529528,1.56047,1.64069,1.638016,1.716326,1.557796,1.492856,1.561998,1.477958,1.476812,1.48025,1.52036
13119,1.375964,1.429444,1.628084,1.593322,1.561998,1.561616,1.58148,1.6235,1.568492,1.52991,1.64451,1.50699,1.539078,1.529528,1.56047,1.64069,1.638016,1.716326,1.557796,1.492856,1.561998,1.477958,1.476812,1.48025,1.52036
13121,1.375964,1.429444,1.628084,1.593322,1.561998,1.561616,1.58148,1.6235,1.568492,1.52991,1.64451,1.50699,1.539078,1.529528,1.56047,1.64069,1.638016,1.716326,1.557796,1.492856,1.561998,1.477958,1.476812,1.48025,1.52036
13123,1.375964,1.429444,1.628084,1.593322,1.561998,1.561616,1.58148,1.6235,1.568492,1.52991,1.64451,1.50699,1.539078,1.529528,1.56047,1.64069,1.638016,1.716326,1.557796,1.492856,1.561998,1.477958,1.476812,1.48025,1.52036
13125,1.375964,1.429444,1.628084,1.593322,1.561998,1.561616,1.58148,1.6235,1.568492,1.52991,1.64451,1.50699,1.539078,1.529528,1.56047,1.64069,1.638016,1.716326,1.557796,1.492856,1.561998,1.477958,1.476812,1.48025,1.52036
13127,1.375964,1.429444,1.628084,1.593322,1.561998,1.561616,1.58148,1.6235,1.568492,1.52991,1.64451,1.50699,1.539078,1.529528,1.56047,1.64069,1.638016,1.716326,1.557796,1.492856,1.561998,1.477958,1.476812,1.48025,1.52036
13129,1.375964,1.429444,1.628084,1.593322,1.561998,1.561616,1.58148,1.6235,1.568492,1.52991,1.64451,1.50699,1.539078,1.529528,1.56047,1.64069,1.638016,1.716326,1.557796,1.492856,1.561998,1.477958,1.476812,1.48025,1.52036
13131,1.375964,1.429444,1.628084,1.593322,1.561998,1.561616,1.58148,1.6235,1.568492,1.52991,1.64451,1.50699,1.539078,1.529528,1.56047,1.64069,1.638016,1.716326,1.557796,1.492856,1.561998,1.477958,1.476812,1.48025,1.52036
13133,1.375964,1.429444,1.628084,1.593322,1.561998,1.561616,1.58148,1.6235,1.568492,1.52991,1.64451,1.50699,1.539078,1.529528,1.56047,1.64069,1.638016,1.716326,1.557796,1.492856,1.561998,1.477958,1.476812,1.48025,1.52036
13135,1.375964,1.429444,1.628084,1.593322,1.561998,1.561616,1.58148,1.6235,1.568492,1.52991,1.64451,1.50699,1.539078,1.529528,1.56047,1.64069,1.638016,1.716326,1.557796,1.492856,1.561998,1.477958,1.476812,1.48025,1.52036
13137,1.375964,1.429444,1.628084,1.593322,1.561998,1.561616,1.58148,1.6235,1.568492,1.52991,1.64451,1.50699,1.539078,1.529528,1.56047,1.64069,1.638016,1.716326,1.557796,1.492856,1.561998,1.477958,1.476812,1.48025,1.52036
13139,1.375964,1.429444,1.628084,1.593322,1.561998,1.561616,1.58148,1.6235,1.568492,1.52991,1.64451,1.50699,1.539078,1.529528,1.56047,1.64069,1.638016,1.716326,1.557796,1.492856,1.561998,1.477958,1.476812,1.48025,1.52036
13141,1.375964,1.429444,1.628084,1.593322,1.561998,1.561616,1.58148,1.6235,1.568492,1.52991,1.64451,1.50699,1.539078,1.529528,1.56047,1.64069,1.638016,1.716326,1.557796,1.492856,1.561998,1.477958,1.476812,1.48025,1.52036
13143,1.375964,1.429444,1.628084,1.593322,1.561998,1.561616,1.58148,1.6235,1.568492,1.52991,1.64451,1.50699,1.539078,1.529528,1.56047,1.64069,1.638016,1.716326,1.557796,1.492856,1.561998,1.477958,1.476812,1.48025,1.52036
13145,1.375964,1.429444,1.628084,1.593322,1.561998,1.561616,1.58148,1.6235,1.568492,1.52991,1.64451,1.50699,1.539078,1.529528,1.56047,1.64069,1.638016,1.716326,1.557796,1.492856,1.561998,1.477958,1.476812,1.48025,1.52036
13147,1.375964,1.429444,1.628084,1.593322,1.561998,1.561616,1.58148,1.6235,1.568492,1.52991,1.64451,1.50699,1.539078,1.529528,1.56047,1.64069,1.638016,1.716326,1.557796,1.492856,1.561998,1.477958,1.476812,1.48025,1.52036
13149,1.375964,1.429444,1.628084,1.593322,1.561998,1.561616,1.58148,1.6235,1.568492,1.52991,1.64451,1.50699,1.539078,1.529528,1.56047,1.64069,1.638016,1.716326,1.557796,1.492856,1.561998,1.477958,1.476812,1.48025,1.52036
13151,1.375964,1.429444,1.628084,1.593322,1.561998,1.561616,1.58148,1.6235,1.568492,1.52991,1.64451,1.50699,1.539078,1.529528,1.56047,1.64069,1.638016,1.716326,1.557796,1.492856,1.561998,1.477958,1.476812,1.48025,1.52036
13153,1.375964,1.429444,1.628084,1.593322,1.561998,1.561616,1.58148,1.6235,1.568492,1.52991,1.64451,1.50699,1.539078,1.529528,1.56047,1.64069,1.638016,1.716326,1.557796,1.492856,1.561998,1.477958,1.476812,1.48025,1.52036
13155,1.375964,1.429444,1.628084,1.593322,1.561998,1.561616,1.58148,1.6235,1.568492,1.52991,1.64451,1.50699,1.539078,1.529528,1.56047,1.64069,1.638016,1.716326,1.557796,1.492856,1.561998,1.477958,1.476812,1.48025,1.52036
13157,1.375964,1.429444,1.628084,1.593322,1.561998,1.561616,1.58148,1.6235,1.568492,1.52991,1.64451,1.50699,1.539078,1.529528,1.56047,1.64069,1.638016,1.716326,1.557796,1.492856,1.561998,1.477958,1.476812,1.48025,1.52036
13159,1.375964,1.429444,1.628084,1.593322,1.561998,1.561616,1.58148,1.6235,1.568492,1.52991,1.64451,1.50699,1.539078,1.529528,1.56047,1.64069,1.638016,1.716326,1.557796,1.492856,1.561998,1.477958,1.476812,1.48025,1.52036
13161,1.375964,1.429444,1.628084,1.593322,1.561998,1.561616,1.58148,1.6235,1.568492,1.52991,1.64451,1.50699,1.539078,1.529528,1.56047,1.64069,1.638016,1.716326,1.557796,1.492856,1.561998,1.477958,1.476812,1.48025,1.52036
13163,1.375964,1.429444,1.628084,1.593322,1.561998,1.561616,1.58148,1.6235,1.568492,1.52991,1.64451,1.50699,1.539078,1.529528,1.56047,1.64069,1.638016,1.716326,1.557796,1.492856,1.561998,1.477958,1.476812,1.48025,1.52036
13165,1.375964,1.429444,1.628084,1.593322,1.561998,1.561616,1.58148,1.6235,1.568492,1.52991,1.64451,1.50699,1.539078,1.529528,1.56047,1.64069,1.638016,1.716326,1.557796,1.492856,1.561998,1.477958,1.476812,1.48025,1.52036
13167,1.375964,1.429444,1.628084,1.593322,1.561998,1.561616,1.58148,1.6235,1.568492,1.52991,1.64451,1.50699,1.539078,1.529528,1.56047,1.64069,1.638016,1.716326,1.557796,1.492856,1.561998,1.477958,1.476812,1.48025,1.52036
13169,1.375964,1.429444,1.628084,1.593322,1.561998,1.561616,1.58148,1.6235,1.568492,1.52991,1.64451,1.50699,1.539078,1.529528,1.56047,1.64069,1.638016,1.716326,1.557796,1.492856,1.561998,1.477958,1.476812,1.48025,1.52036
13171,1.375964,1.429444,1.628084,1.593322,1.561998,1.561616,1.58148,1.6235,1.568492,1.52991,1.64451,1.50699,1.539078,1.529528,1.56047,1.64069,1.638016,1.716326,1.557796,1.492856,1.561998,1.477958,1.476812,1.48025,1.52036
13173,1.375964,1.429444,1.628084,1.593322,1.561998,1.561616,1.58148,1.6235,1.568492,1.52991,1.64451,1.50699,1.539078,1.529528,1.56047,1.64069,1.638016,1.716326,1.557796,1.492856,1.561998,1.477958,1.476812,1.48025,1.52036
13175,1.375964,1.429444,1.628084,1.593322,1.561998,1.561616,1.58148,1.6235,1.568492,1.52991,1.64451,1.50699,1.539078,1.529528,1.56047,1.64069,1.638016,1.716326,1.557796,1.492856,1.561998,1.477958,1.476812,1.48025,1.52036
13177,1.375964,1.429444,1.628084,1.593322,1.561998,1.561616,1.58148,1.6235,1.568492,1.52991,1.64451,1.50699,1.539078,1.529528,1.56047,1.64069,1.638016,1.716326,1.557796,1.492856,1.561998,1.477958,1.476812,1.48025,1.52036
13179,1.375964,1.429444,1.628084,1.593322,1.561998,1.561616,1.58148,1.6235,1.568492,1.52991,1.64451,1.50699,1.539078,1.529528,1.56047,1.64069,1.638016,1.716326,1.557796,1.492856,1.561998,1.477958,1.476812,1.48025,1.52036
13181,1.375964,1.429444,1.628084,1.593322,1.561998,1.561616,1.58148,1.6235,1.568492,1.52991,1.64451,1.50699,1.539078,1.529528,1.56047,1.64069,1.638016,1.716326,1.557796,1.492856,1.561998,1.477958,1.476812,1.48025,1.52036
13183,1.375964,1.429444,1.628084,1.593322,1.561998,1.561616,1.58148,1.6235,1.568492,1.52991,1.64451,1.50699,1.539078,1.529528,1.56047,1.64069,1.638016,1.716326,1.557796,1.492856,1.561998,1.477958,1.476812,1.48025,1.52036
13185,1.375964,1.429444,1.628084,1.593322,1.561998,1.561616,1.58148,1.6235,1.568492,1.52991,1.64451,1.50699,1.539078,1.529528,1.56047,1.64069,1.638016,1.716326,1.557796,1.492856,1.561998,1.477958,1.476812,1.48025,1.52036
13187,1.375964,1.429444,1.628084,1.593322,1.561998,1.561616,1.58148,1.6235,1.568492,1.52991,1.64451,1.50699,1.539078,1.529528,1.56047,1.64069,1.638016,1.716326,1.557796,1.492856,1.561998,1.477958,1.476812,1.48025,1.52036
13189,1.375964,1.429444,1.628084,1.593322,1.561998,1.561616,1.58148,1.6235,1.568492,1.52991,1.64451,1.50699,1.539078,1.529528,1.56047,1.64069,1.638016,1.716326,1.557796,1.492856,1.561998,1.477958,1.476812,1.48025,1.52036
13191,1.375964,1.429444,1.628084,1.593322,1.561998,1.561616,1.58148,1.6235,1.568492,1.52991,1.64451,1.50699,1.539078,1.529528,1.56047,1.64069,1.638016,1.716326,1.557796,1.492856,1.561998,1.477958,1.476812,1.48025,1.52036
13193,1.375964,1.429444,1.628084,1.593322,1.561998,1.561616,1.58148,1.6235,1.568492,1.52991,1.64451,1.50699,1.539078,1.529528,1.56047,1.64069,1.638016,1.716326,1.557796,1.492856,1.561998,1.477958,1.476812,1.48025,1.52036
13195,1.375964,1.429444,1.628084,1.593322,1.561998,1.561616,1.58148,1.6235,1.568492,1.52991,1.64451,1.50699,1.539078,1.529528,1.56047,1.64069,1.638016,1.716326,1.557796,1.492856,1.561998,1.477958,1.476812,1.48025,1.52036
13197,1.375964,1.429444,1.628084,1.593322,1.561998,1.561616,1.58148,1.6235,1.568492,1.52991,1.64451,1.50699,1.539078,1.529528,1.56047,1.64069,1.638016,1.716326,1.557796,1.492856,1.561998,1.477958,1.476812,1.48025,1.52036
13199,1.375964,1.429444,1.628084,1.593322,1.561998,1.561616,1.58148,1.6235,1.568492,1.52991,1.64451,1.50699,1.539078,1.529528,1.56047,1.64069,1.638016,1.716326,1.557796,1.492856,1.561998,1.477958,1.476812,1.48025,1.52036
13201,1.375964,1.429444,1.628084,1.593322,1.561998,1.561616,1.58148,1.6235,1.568492,1.52991,1.64451,1.50699,1.539078,1.529528,1.56047,1.64069,1.638016,1.716326,1.557796,1.492856,1.561998,1.477958,1.476812,1.48025,1.52036
13205,1.375964,1.429444,1.628084,1.593322,1.561998,1.561616,1.58148,1.6235,1.568492,1.52991,1.64451,1.50699,1.539078,1.529528,1.56047,1.64069,1.638016,1.716326,1.557796,1.492856,1.561998,1.477958,1.476812,1.48025,1.52036
13207,1.375964,1.429444,1.628084,1.593322,1.561998,1.561616,1.58148,1.6235,1.568492,1.52991,1.64451,1.50699,1.539078,1.529528,1.56047,1.64069,1.638016,1.716326,1.557796,1.492856,1.561998,1.477958,1.476812,1.48025,1.52036
13209,1.375964,1.429444,1.628084,1.593322,1.561998,1.561616,1.58148,1.6235,1.568492,1.52991,1.64451,1.50699,1.539078,1.529528,1.56047,1.64069,1.638016,1.716326,1.557796,1.492856,1.561998,1.477958,1.476812,1.48025,1.52036
13211,1.375964,1.429444,1.628084,1.593322,1.561998,1.561616,1.58148,1.6235,1.568492,1.52991,1.64451,1.50699,1.539078,1.529528,1.56047,1.64069,1.638016,1.716326,1.557796,1.492856,1.561998,1.477958,1.476812,1.48025,1.52036
13213,1.375964,1.429444,1.628084,1.593322,1.561998,1.561616,1.58148,1.6235,1.568492,1.52991,1.64451,1.50699,1.539078,1.529528,1.56047,1.64069,1.638016,1.716326,1.557796,1.492856,1.561998,1.477958,1.476812,1.48025,1.52036
13215,1.375964,1.429444,1.628084,1.593322,1.561998,1.561616,1.58148,1.6235,1.568492,1.52991,1.64451,1.50699,1.539078,1.529528,1.56047,1.64069,1.638016,1.716326,1.557796,1.492856,1.561998,1.477958,1.476812,1.48025,1.52036
13217,1.375964,1.429444,1.628084,1.593322,1.561998,1.561616,1.58148,1.6235,1.568492,1.52991,1.64451,1.50699,1.539078,1.529528,1.56047,1.64069,1.638016,1.716326,1.557796,1.492856,1.561998,1.477958,1.476812,1.48025,1.52036
13219,1.375964,1.429444,1.628084,1.593322,1.561998,1.561616,1.58148,1.6235,1.568492,1.52991,1.64451,1.50699,1.539078,1.529528,1.56047,1.64069,1.638016,1.716326,1.557796,1.492856,1.561998,1.477958,1.476812,1.48025,1.52036
13221,1.375964,1.429444,1.628084,1.593322,1.561998,1.561616,1.58148,1.6235,1.568492,1.52991,1.64451,1.50699,1.539078,1.529528,1.56047,1.64069,1.638016,1.716326,1.557796,1.492856,1.561998,1.477958,1.476812,1.48025,1.52036
13223,1.375964,1.429444,1.628084,1.593322,1.561998,1.561616,1.58148,1.6235,1.568492,1.52991,1.64451,1.50699,1.539078,1.529528,1.56047,1.64069,1.638016,1.716326,1.557796,1.492856,1.561998,1.477958,1.476812,1.48025,1.52036
13225,1.375964,1.429444,1.628084,1.593322,1.561998,1.561616,1.58148,1.6235,1.568492,1.52991,1.64451,1.50699,1.539078,1.529528,1.56047,1.64069,1.638016,1.716326,1.557796,1.492856,1.561998,1.477958,1.476812,1.48025,1.52036
13227,1.375964,1.429444,1.628084,1.593322,1.561998,1.561616,1.58148,1.6235,1.568492,1.52991,1.64451,1.50699,1.539078,1.529528,1.56047,1.64069,1.638016,1.716326,1.557796,1.492856,1.561998,1.477958,1.476812,1.48025,1.52036
13229,1.375964,1.429444,1.628084,1.593322,1.561998,1.561616,1.58148,1.6235,1.568492,1.52991,1.64451,1.50699,1.539078,1.529528,1.56047,1.64069,1.638016,1.716326,1.557796,1.492856,1.561998,1.477958,1.476812,1.48025,1.52036
13231,1.375964,1.429444,1.628084,1.593322,1.561998,1.561616,1.58148,1.6235,1.568492,1.52991,1.64451,1.50699,1.539078,1.529528,1.56047,1.64069,1.638016,1.716326,1.557796,1.492856,1.561998,1.477958,1.476812,1.48025,1.52036
13233,1.375964,1.429444,1.628084,1.593322,1.561998,1.561616,1.58148,1.6235,1.568492,1.52991,1.64451,1.50699,1.539078,1.529528,1.56047,1.64069,1.638016,1.716326,1.557796,1.492856,1.561998,1.477958,1.476812,1.48025,1.52036
13235,1.375964,1.429444,1.628084,1.593322,1.561998,1.561616,1.58148,1.6235,1.568492,1.52991,1.64451,1.50699,1.539078,1.529528,1.56047,1.64069,1.638016,1.716326,1.557796,1.492856,1.561998,1.477958,1.476812,1.48025,1.52036
13237,1.375964,1.429444,1.628084,1.593322,1.561998,1.561616,1.58148,1.6235,1.568492,1.52991,1.64451,1.50699,1.539078,1.529528,1.56047,1.64069,1.638016,1.716326,1.557796,1.492856,1.561998,1.477958,1.476812,1.48025,1.52036
13239,1.375964,1.429444,1.628084,1.593322,1.561998,1.561616,1.58148,1.6235,1.568492,1.52991,1.64451,1.50699,1.539078,1.529528,1.56047,1.64069,1.638016,1.716326,1.557796,1.492856,1.561998,1.477958,1.476812,1.48025,1.52036
13241,1.375964,1.429444,1.628084,1.593322,1.561998,1.561616,1.58148,1.6235,1.568492,1.52991,1.64451,1.50699,1.539078,1.529528,1.56047,1.64069,1.638016,1.716326,1.557796,1.492856,1.561998,1.477958,1.476812,1.48025,1.52036
13243,1.375964,1.429444,1.628084,1.593322,1.561998,1.561616,1.58148,1.6235,1.568492,1.52991,1.64451,1.50699,1.539078,1.529528,1.56047,1.64069,1.638016,1.716326,1.557796,1.492856,1.561998,1.477958,1.476812,1.48025,1.52036
13245,1.375964,1.429444,1.628084,1.593322,1.561998,1.561616,1.58148,1.6235,1.568492,1.52991,1.64451,1.50699,1.539078,1.529528,1.56047,1.64069,1.638016,1.716326,1.557796,1.492856,1.561998,1.477958,1.476812,1.48025,1.52036
13247,1.375964,1.429444,1.628084,1.593322,1.561998,1.561616,1.58148,1.6235,1.568492,1.52991,1.64451,1.50699,1.539078,1.529528,1.56047,1.64069,1.638016,1.716326,1.557796,1.492856,1.561998,1.477958,1.476812,1.48025,1.52036
13249,1.375964,1.429444,1.628084,1.593322,1.561998,1.561616,1.58148,1.6235,1.568492,1.52991,1.64451,1.50699,1.539078,1.529528,1.56047,1.64069,1.638016,1.716326,1.557796,1.492856,1.561998,1.477958,1.476812,1.48025,1.52036
13251,1.375964,1.429444,1.628084,1.593322,1.561998,1.561616,1.58148,1.6235,1.568492,1.52991,1.64451,1.50699,1.539078,1.529528,1.56047,1.64069,1.638016,1.716326,1.557796,1.492856,1.561998,1.477958,1.476812,1.48025,1.52036
13253,1.375964,1.429444,1.628084,1.593322,1.561998,1.561616,1.58148,1.6235,1.568492,1.52991,1.64451,1.50699,1.539078,1.529528,1.56047,1.64069,1.638016,1.716326,1.557796,1.492856,1.561998,1.477958,1.476812,1.48025,1.52036
13255,1.375964,1.429444,1.628084,1.593322,1.561998,1.561616,1.58148,1.6235,1.568492,1.52991,1.64451,1.50699,1.539078,1.529528,1.56047,1.64069,1.638016,1.716326,1.557796,1.492856,1.561998,1.477958,1.476812,1.48025,1.52036
13257,1.375964,1.429444,1.628084,1.593322,1.561998,1.561616,1.58148,1.6235,1.568492,1.52991,1.64451,1.50699,1.539078,1.529528,1.56047,1.64069,1.638016,1.716326,1.557796,1.492856,1.561998,1.477958,1.476812,1.48025,1.52036
13259,1.375964,1.429444,1.628084,1.593322,1.561998,1.561616,1.58148,1.6235,1.568492,1.52991,1.64451,1.50699,1.539078,1.529528,1.56047,1.64069,1.638016,1.716326,1.557796,1.492856,1.561998,1.477958,1.476812,1.48025,1.52036
13261,1.375964,1.429444,1.628084,1.593322,1.561998,1.561616,1.58148,1.6235,1.568492,1.52991,1.64451,1.50699,1.539078,1.529528,1.56047,1.64069,1.638016,1.716326,1.557796,1.492856,1.561998,1.477958,1.476812,1.48025,1.52036
13263,1.375964,1.429444,1.628084,1.593322,1.561998,1.561616,1.58148,1.6235,1.568492,1.52991,1.64451,1.50699,1.539078,1.529528,1.56047,1.64069,1.638016,1.716326,1.557796,1.492856,1.561998,1.477958,1.476812,1.48025,1.52036
13265,1.375964,1.429444,1.628084,1.593322,1.561998,1.561616,1.58148,1.6235,1.568492,1.52991,1.64451,1.50699,1.539078,1.529528,1.56047,1.64069,1.638016,1.716326,1.557796,1.492856,1.561998,1.477958,1.476812,1.48025,1.52036
13267,1.375964,1.429444,1.628084,1.593322,1.561998,1.561616,1.58148,1.6235,1.568492,1.52991,1.64451,1.50699,1.539078,1.529528,1.56047,1.64069,1.638016,1.716326,1.557796,1.492856,1.561998,1.477958,1.476812,1.48025,1.52036
13269,1.375964,1.429444,1.628084,1.593322,1.561998,1.561616,1.58148,1.6235,1.568492,1.52991,1.64451,1.50699,1.539078,1.529528,1.56047,1.64069,1.638016,1.716326,1.557796,1.492856,1.561998,1.477958,1.476812,1.48025,1.52036
13271,1.375964,1.429444,1.628084,1.593322,1.561998,1.561616,1.58148,1.6235,1.568492,1.52991,1.64451,1.50699,1.539078,1.529528,1.56047,1.64069,1.638016,1.716326,1.557796,1.492856,1.561998,1.477958,1.476812,1.48025,1.52036
13273,1.375964,1.429444,1.628084,1.593322,1.561998,1.561616,1.58148,1.6235,1.568492,1.52991,1.64451,1.50699,1.539078,1.529528,1.56047,1.64069,1.638016,1.716326,1.557796,1.492856,1.561998,1.477958,1.476812,1.48025,1.52036
13275,1.375964,1.429444,1.628084,1.593322,1.561998,1.561616,1.58148,1.6235,1.568492,1.52991,1.64451,1.50699,1.539078,1.529528,1.56047,1.64069,1.638016,1.716326,1.557796,1.492856,1.561998,1.477958,1.476812,1.48025,1.52036
13277,1.375964,1.429444,1.628084,1.593322,1.561998,1.561616,1.58148,1.6235,1.568492,1.52991,1.64451,1.50699,1.539078,1.529528,1.56047,1.64069,1.638016,1.716326,1.557796,1.492856,1.561998,1.477958,1.476812,1.48025,1.52036
13279,1.375964,1.429444,1.628084,1.593322,1.561998,1.561616,1.58148,1.6235,1.568492,1.52991,1.64451,1.50699,1.539078,1.529528,1.56047,1.64069,1.638016,1.716326,1.557796,1.492856,1.561998,1.477958,1.476812,1.48025,1.52036
13281,1.375964,1.429444,1.628084,1.593322,1.561998,1.561616,1.58148,1.6235,1.568492,1.52991,1.64451,1.50699,1.539078,1.529528,1.56047,1.64069,1.638016,1.716326,1.557796,1.492856,1.561998,1.477958,1.476812,1.48025,1.52036
13283,1.375964,1.429444,1.628084,1.593322,1.561998,1.561616,1.58148,1.6235,1.568492,1.52991,1.64451,1.50699,1.539078,1.529528,1.56047,1.64069,1.638016,1.716326,1.557796,1.492856,1.561998,1.477958,1.476812,1.48025,1.52036
13285,1.375964,1.429444,1.628084,1.593322,1.561998,1.561616,1.58148,1.6235,1.568492,1.52991,1.64451,1.50699,1.539078,1.529528,1.56047,1.64069,1.638016,1.716326,1.557796,1.492856,1.561998,1.477958,1.476812,1.48025,1.52036
13287,1.375964,1.429444,1.628084,1.593322,1.561998,1.561616,1.58148,1.6235,1.568492,1.52991,1.64451,1.50699,1.539078,1.529528,1.56047,1.64069,1.638016,1.716326,1.557796,1.492856,1.561998,1.477958,1.476812,1.48025,1.52036
13289,1.375964,1.429444,1.628084,1.593322,1.561998,1.561616,1.58148,1.6235,1.568492,1.52991,1.64451,1.50699,1.539078,1.529528,1.56047,1.64069,1.638016,1.716326,1.557796,1.492856,1.561998,1.477958,1.476812,1.48025,1.52036
13291,1.375964,1.429444,1.628084,1.593322,1.561998,1.561616,1.58148,1.6235,1.568492,1.52991,1.64451,1.50699,1.539078,1.529528,1.56047,1.64069,1.638016,1.716326,1.557796,1.492856,1.561998,1.477958,1.476812,1.48025,1.52036
13293,1.375964,1.429444,1.628084,1.593322,1.561998,1.561616,1.58148,1.6235,1.568492,1.52991,1.64451,1.50699,1.539078,1.529528,1.56047,1.64069,1.638016,1.716326,1.557796,1.492856,1.561998,1.477958,1.476812,1.48025,1.52036
13295,1.375964,1.429444,1.628084,1.593322,1.561998,1.561616,1.58148,1.6235,1.568492,1.52991,1.64451,1.50699,1.539078,1.529528,1.56047,1.64069,1.638016,1.716326,1.557796,1.492856,1.561998,1.477958,1.476812,1.48025,1.52036
13297,1.375964,1.429444,1.628084,1.593322,1.561998,1.561616,1.58148,1.6235,1.568492,1.52991,1.64451,1.50699,1.539078,1.529528,1.56047,1.64069,1.638016,1.716326,1.557796,1.492856,1.561998,1.477958,1.476812,1.48025,1.52036
13299,1.375964,1.429444,1.628084,1.593322,1.561998,1.561616,1.58148,1.6235,1.568492,1.52991,1.64451,1.50699,1.539078,1.529528,1.56047,1.64069,1.638016,1.716326,1.557796,1.492856,1.561998,1.477958,1.476812,1.48025,1.52036
13301,1.375964,1.429444,1.628084,1.593322,1.561998,1.561616,1.58148,1.6235,1.568492,1.52991,1.64451,1.50699,1.539078,1.529528,1.56047,1.64069,1.638016,1.716326,1.557796,1.492856,1.561998,1.477958,1.476812,1.48025,1.52036
13303,1.375964,1.429444,1.628084,1.593322,1.561998,1.561616,1.58148,1.6235,1.568492,1.52991,1.64451,1.50699,1.539078,1.529528,1.56047,1.64069,1.638016,1.716326,1.557796,1.492856,1.561998,1.477958,1.476812,1.48025,1.52036
13305,1.375964,1.429444,1.628084,1.593322,1.561998,1.561616,1.58148,1.6235,1.568492,1.52991,1.64451,1.50699,1.539078,1.529528,1.56047,1.64069,1.638016,1.716326,1.557796,1.492856,1.561998,1.477958,1.476812,1.48025,1.52036
13307,1.375964,1.429444,1.628084,1.593322,1.561998,1.561616,1.58148,1.6235,1.568492,1.52991,1.64451,1.50699,1.539078,1.529528,1.56047,1.64069,1.638016,1.716326,1.557796,1.492856,1.561998,1.477958,1.476812,1.48025,1.52036
13309,1.375964,1.429444,1.628084,1.593322,1.561998,1.561616,1.58148,1.6235,1.568492,1.52991,1.64451,1.50699,1.539078,1.529528,1.56047,1.64069,1.638016,1.716326,1.557796,1.492856,1.561998,1.477958,1.476812,1.48025,1.52036
13311,1.375964,1.429444,1.628084,1.593322,1.561998,1.561616,1.58148,1.6235,1.568492,1.52991,1.64451,1.50699,1.539078,1.529528,1.56047,1.64069,1.638016,1.716326,1.557796,1.492856,1.561998,1.477958,1.476812,1.48025,1.52036
13313,1.375964,1.429444,1.628084,1.593322,1.561998,1.561616,1.58148,1.6235,1.568492,1.52991,1.64451,1.50699,1.539078,1.529528,1.56047,1.64069,1.638016,1.716326,1.557796,1.492856,1.561998,1.477958,1.476812,1.48025,1.52036
13315,1.375964,1.429444,1.628084,1.593322,1.561998,1.561616,1.58148,1.6235,1.568492,1.52991,1.64451,1.50699,1.539078,1.529528,1.56047,1.64069,1.638016,1.716326,1.557796,1.492856,1.561998,1.477958,1.476812,1.48025,1.52036
13317,1.375964,1.429444,1.628084,1.593322,1.561998,1.561616,1.58148,1.6235,1.568492,1.52991,1.64451,1.50699,1.539078,1.529528,1.56047,1.64069,1.638016,1.716326,1.557796,1.492856,1.561998,1.477958,1.476812,1.48025,1.52036
13319,1.375964,1.429444,1.628084,1.593322,1.561998,1.561616,1.58148,1.6235,1.568492,1.52991,1.64451,1.50699,1.539078,1.529528,1.56047,1.64069,1.638016,1.716326,1.557796,1.492856,1.561998,1.477958,1.476812,1.48025,1.52036
13321,1.375964,1.429444,1.628084,1.593322,1.561998,1.561616,1.58148,1.6235,1.568492,1.52991,1.64451,1.50699,1.539078,1.529528,1.56047,1.64069,1.638016,1.716326,1.557796,1.492856,1.561998,1.477958,1.476812,1.48025,1.52036
16001,1.375964,1.429444,1.628084,1.593322,1.561998,1.561616,1.58148,1.6235,1.568492,1.52991,1.64451,1.50699,1.539078,1.529528,1.56047,1.64069,1.638016,1.716326,1.557796,1.492856,1.561998,1.477958,1.476812,1.48025,1.52036
16003,1.375964,1.429444,1.628084,1.593322,1.561998,1.561616,1.58148,1.6235,1.568492,1.52991,1.64451,1.50699,1.539078,1.529528,1.56047,1.64069,1.638016,1.716326,1.557796,1.492856,1.561998,1.477958,1.476812,1.48025,1.52036
16005,1.375964,1.429444,1.628084,1.593322,1.561998,1.561616,1.58148,1.6235,1.568492,1.52991,1.64451,1.50699,1.539078,1.529528,1.56047,1.64069,1.638016,1.716326,1.557796,1.492856,1.561998,1.477958,1.476812,1.48025,1.52036
16007,1.375964,1.429444,1.628084,1.593322,1.561998,1.561616,1.58148,1.6235,1.568492,1.52991,1.64451,1.50699,1.539078,1.529528,1.56047,1.64069,1.638016,1.716326,1.557796,1.492856,1.561998,1.477958,1.476812,1.48025,1.52036
16009,1.375964,1.429444,1.628084,1.593322,1.561998,1.561616,1.58148,1.6235,1.568492,1.52991,1.64451,1.50699,1.539078,1.529528,1.56047,1.64069,1.638016,1.716326,1.557796,1.492856,1.561998,1.477958,1.476812,1.48025,1.52036
16011,1.375964,1.429444,1.628084,1.593322,1.561998,1.561616,1.58148,1.6235,1.568492,1.52991,1.64451,1.50699,1.539078,1.529528,1.56047,1.64069,1.638016,1.716326,1.557796,1.492856,1.561998,1.477958,1.476812,1.48025,1.52036
16013,1.375964,1.429444,1.628084,1.593322,1.561998,1.561616,1.58148,1.6235,1.568492,1.52991,1.64451,1.50699,1.539078,1.529528,1.56047,1.64069,1.638016,1.716326,1.557796,1.492856,1.561998,1.477958,1.476812,1.48025,1.52036
16015,1.375964,1.429444,1.628084,1.593322,1.561998,1.561616,1.58148,1.6235,1.568492,1.52991,1.64451,1.50699,1.539078,1.529528,1.56047,1.64069,1.638016,1.716326,1.557796,1.492856,1.561998,1.477958,1.476812,1.48025,1.52036
16017,1.375964,1.429444,1.628084,1.593322,1.561998,1.561616,1.58148,1.6235,1.568492,1.52991,1.64451,1.50699,1.539078,1.529528,1.56047,1.64069,1.638016,1.716326,1.557796,1.492856,1.561998,1.477958,1.476812,1.48025,1.52036
16019,1.375964,1.429444,1.628084,1.593322,1.561998,1.561616,1.58148,1.6235,1.568492,1.52991,1.64451,1.50699,1.539078,1.529528,1.56047,1.64069,1.638016,1.716326,1.557796,1.492856,1.561998,1.477958,1.476812,1.48025,1.52036
16021,1.375964,1.429444,1.628084,1.593322,1.561998,1.561616,1.58148,1.6235,1.568492,1.52991,1.64451,1.50699,1.539078,1.529528,1.56047,1.64069,1.638016,1.716326,1.557796,1.492856,1.561998,1.477958,1.476812,1.48025,1.52036
16023,1.375964,1.429444,1.628084,1.593322,1.561998,1.561616,1.58148,1.6235,1.568492,1.52991,1.64451,1.50699,1.539078,1.529528,1.56047,1.64069,1.638016,1.716326,1.557796,1.492856,1.561998,1.477958,1.476812,1.48025,1.52036
16025,1.375964,1.429444,1.628084,1.593322,1.561998,1.561616,1.58148,1.6235,1.568492,1.52991,1.64451,1.50699,1.539078,1.529528,1.56047,1.64069,1.638016,1.716326,1.557796,1.492856,1.561998,1.477958,1.476812,1.48025,1.52036
16027,1.375964,1.429444,1.628084,1.593322,1.561998,1.561616,1.58148,1.6235,1.568492,1.52991,1.64451,1.50699,1.539078,1.529528,1.56047,1.64069,1.638016,1.716326,1.557796,1.492856,1.561998,1.477958,1.476812,1.48025,1.52036
16029,1.375964,1.429444,1.628084,1.593322,1.561998,1.561616,1.58148,1.6235,1.568492,1.52991,1.64451,1.50699,1.539078,1.529528,1.56047,1.64069,1.638016,1.716326,1.557796,1.492856,1.561998,1.477958,1.476812,1.48025,1.52036
16031,1.375964,1.429444,1.628084,1.593322,1.561998,1.561616,1.58148,1.6235,1.568492,1.52991,1.64451,1.50699,1.539078,1.529528,1.56047,1.64069,1.638016,1.716326,1.557796,1.492856,1.561998,1.477958,1.476812,1.48025,1.52036
16033,1.375964,1.429444,1.628084,1.593322,1.561998,1.561616,1.58148,1.6235,1.568492,1.52991,1.64451,1.50699,1.539078,1.529528,1.56047,1.64069,1.638016,1.716326,1.557796,1.492856,1.561998,1.477958,1.476812,1.48025,1.52036
16035,1.375964,1.429444,1.628084,1.593322,1.561998,1.561616,1.58148,1.6235,1.568492,1.52991,1.64451,1.50699,1.539078,1.529528,1.56047,1.64069,1.638016,1.716326,1.557796,1.492856,1.561998,1.477958,1.476812,1.48025,1.52036
16037,1.375964,1.429444,1.628084,1.593322,1.561998,1.561616,1.58148,1.6235,1.568492,1.52991,1.64451,1.50699,1.539078,1.529528,1.56047,1.64069,1.638016,1.716326,1.557796,1.492856,1.561998,1.477958,1.476812,1.48025,1.52036
16039,1.375964,1.429444,1.628084,1.593322,1.561998,1.561616,1.58148,1.6235,1.568492,1.52991,1.64451,1.50699,1.539078,1.529528,1.56047,1.64069,1.638016,1.716326,1.557796,1.492856,1.561998,1.477958,1.476812,1.48025,1.52036
16041,1.375964,1.429444,1.628084,1.593322,1.561998,1.561616,1.58148,1.6235,1.568492,1.52991,1.64451,1.50699,1.539078,1.529528,1.56047,1.64069,1.638016,1.716326,1.557796,1.492856,1.561998,1.477958,1.476812,1.48025,1.52036
16043,1.375964,1.429444,1.628084,1.593322,1.561998,1.561616,1.58148,1.6235,1.568492,1.52991,1.64451,1.50699,1.539078,1.529528,1.56047,1.64069,1.638016,1.716326,1.557796,1.492856,1.561998,1.477958,1.476812,1.48025,1.52036
16045,1.375964,1.429444,1.628084,1.593322,1.561998,1.561616,1.58148,1.6235,1.568492,1.52991,1.64451,1.50699,1.539078,1.529528,1.56047,1.64069,1.638016,1.716326,1.557796,1.492856,1.561998,1.477958,1.476812,1.48025,1.52036
16047,1.375964,1.429444,1.628084,1.593322,1.561998,1.561616,1.58148,1.6235,1.568492,1.52991,1.64451,1.50699,1.539078,1.529528,1.56047,1.64069,1.638016,1.716326,1.557796,1.492856,1.561998,1.477958,1.476812,1.48025,1.52036
16049,1.375964,1.429444,1.628084,1.593322,1.561998,1.561616,1.58148,1.6235,1.568492,1.52991,1.64451,1.50699,1.539078,1.529528,1.56047,1.64069,1.638016,1.716326,1.557796,1.492856,1.561998,1.477958,1.476812,1.48025,1.52036
16051,1.375964,1.429444,1.628084,1.593322,1.561998,1.561616,1.58148,1.6235,1.568492,1.52991,1.64451,1.50699,1.539078,1.529528,1.56047,1.64069,1.638016,1.716326,1.557796,1.492856,1.561998,1.477958,1.476812,1.48025,1.52036
16053,1.375964,1.429444,1.628084,1.593322,1.561998,1.561616,1.58148,1.6235,1.568492,1.52991,1.64451,1.50699,1.539078,1.529528,1.56047,1.64069,1.638016,1.716326,1.557796,1.492856,1.561998,1.477958,1.476812,1.48025,1.52036
16055,1.375964,1.429444,1.628084,1.593322,1.561998,1.561616,1.58148,1.6235,1.568492,1.52991,1.64451,1.50699,1.539078,1.529528,1.56047,1.64069,1.638016,1.716326,1.557796,1.492856,1.561998,1.477958,1.476812,1.48025,1.52036
16057,1.375964,1.429444,1.628084,1.593322,1.561998,1.561616,1.58148,1.6235,1.568492,1.52991,1.64451,1.50699,1.539078,1.529528,1.56047,1.64069,1.638016,1.716326,1.557796,1.492856,1.561998,1.477958,1.476812,1.48025,1.52036
16059,1.375964,1.429444,1.628084,1.593322,1.561998,1.561616,1.58148,1.6235,1.568492,1.52991,1.64451,1.50699,1.539078,1.529528,1.56047,1.64069,1.638016,1.716326,1.557796,1.492856,1.561998,1.477958,1.476812,1.48025,1.52036
16061,1.375964,1.429444,1.628084,1.593322,1.561998,1.561616,1.58148,1.6235,1.568492,1.52991,1.64451,1.50699,1.539078,1.529528,1.56047,1.64069,1.638016,1.716326,1.557796,1.492856,1.561998,1.477958,1.476812,1.48025,1.52036
16063,1.375964,1.429444,1.628084,1.593322,1.561998,1.561616,1.58148,1.6235,1.568492,1.52991,1.64451,1.50699,1.539078,1.529528,1.56047,1.64069,1.638016,1.716326,1.557796,1.492856,1.561998,1.477958,1.476812,1.48025,1.52036
16065,1.375964,1.429444,1.628084,1.593322,1.561998,1.561616,1.58148,1.6235,1.568492,1.52991,1.64451,1.50699,1.539078,1.529528,1.56047,1.64069,1.638016,1.716326,1.557796,1.492856,1.561998,1.477958,1.476812,1.48025,1.52036
16067,1.375964,1.429444,1.628084,1.593322,1.561998,1.561616,1.58148,1.6235,1.568492,1.52991,1.64451,1.50699,1.539078,1.529528,1.56047,1.64069,1.638016,1.716326,1.557796,1.492856,1.561998,1.477958,1.476812,1.48025,1.52036
16069,1.375964,1.429444,1.628084,1.593322,1.561998,1.561616,1.58148,1.6235,1.568492,1.52991,1.64451,1.50699,1.539078,1.529528,1.56047,1.64069,1.638016,1.716326,1.557796,1.492856,1.561998,1.477958,1.476812,1.48025,1.52036
16071,1.375964,1.429444,1.628084,1.593322,1.561998,1.561616,1.58148,1.6235,1.568492,1.52991,1.64451,1.50699,1.539078,1.529528,1.56047,1.64069,1.638016,1.716326,1.557796,1.492856,1.561998,1.477958,1.476812,1.48025,1.52036
16073,1.375964,1.429444,1.628084,1.593322,1.561998,1.561616,1.58148,1.6235,1.568492,1.52991,1.64451,1.50699,1.539078,1.529528,1.56047,1.64069,1.638016,1.716326,1.557796,1.492856,1.561998,1.477958,1.476812,1.48025,1.52036
16075,1.375964,1.429444,1.628084,1.593322,1.561998,1.561616,1.58148,1.6235,1.568492,1.52991,1.64451,1.50699,1.539078,1.529528,1.56047,1.64069,1.638016,1.716326,1.557796,1.492856,1.561998,1.477958,1.476812,1.48025,1.52036
16077,1.375964,1.429444,1.628084,1.593322,1.561998,1.561616,1.58148,1.6235,1.568492,1.52991,1.64451,1.50699,1.539078,1.529528,1.56047,1.64069,1.638016,1.716326,1.557796,1.492856,1.561998,1.477958,1.476812,1.48025,1.52036
16079,1.375964,1.429444,1.628084,1.593322,1.561998,1.561616,1.58148,1.6235,1.568492,1.52991,1.64451,1.50699,1.539078,1.529528,1.56047,1.64069,1.638016,1.716326,1.557796,1.492856,1.561998,1.477958,1.476812,1.48025,1.52036
16081,1.375964,1.429444,1.628084,1.593322,1.561998,1.561616,1.58148,1.6235,1.568492,1.52991,1.64451,1.50699,1.539078,1.529528,1.56047,1.64069,1.638016,1.716326,1.557796,1.492856,1.561998,1.477958,1.476812,1.48025,1.52036
16083,1.375964,1.429444,1.628084,1.593322,1.561998,1.561616,1.58148,1.6235,1.568492,1.52991,1.64451,1.50699,1.539078,1.529528,1.56047,1.64069,1.638016,1.716326,1.557796,1.492856,1.561998,1.477958,1.476812,1.48025,1.52036
16085,1.375964,1.429444,1.628084,1.593322,1.561998,1.561616,1.58148,1.6235,1.568492,1.52991,1.64451,1.50699,1.539078,1.529528,1.56047,1.64069,1.638016,1.716326,1.557796,1.492856,1.561998,1.477958,1.476812,1.48025,1.52036
16087,1.375964,1.429444,1.628084,1.593322,1.561998,1.561616,1.58148,1.6235,1.568492,1.52991,1.64451,1.50699,1.539078,1.529528,1.56047,1.64069,1.638016,1.716326,1.557796,1.492856,1.561998,1.477958,1.476812,1.48025,1.52036
17001,1.375964,1.429444,1.628084,1.593322,1.561998,1.561616,1.58148,1.6235,1.568492,1.52991,1.64451,1.50699,1.539078,1.529528,1.56047,1.64069,1.638016,1.716326,1.557796,1.492856,1.561998,1.477958,1.476812,1.48025,1.52036
17003,1.375964,1.429444,1.628084,1.593322,1.561998,1.561616,1.58148,1.6235,1.568492,1.52991,1.64451,1.50699,1.539078,1.529528,1.56047,1.64069,1.638016,1.716326,1.557796,1.492856,1.561998,1.477958,1.476812,1.48025,1.52036
17005,1.375964,1.429444,1.628084,1.593322,1.561998,1.561616,1.58148,1.6235,1.568492,1.52991,1.64451,1.50699,1.539078,1.529528,1.56047,1.64069,1.638016,1.716326,1.557796,1.492856,1.561998,1.477958,1.476812,1.48025,1.52036
17007,1.375964,1.429444,1.628084,1.593322,1.561998,1.561616,1.58148,1.6235,1.568492,1.52991,1.64451,1.50699,1.539078,1.529528,1.56047,1.64069,1.638016,1.716326,1.557796,1.492856,1.561998,1.477958,1.476812,1.48025,1.52036
17009,1.375964,1.429444,1.628084,1.593322,1.561998,1.561616,1.58148,1.6235,1.568492,1.52991,1.64451,1.50699,1.539078,1.529528,1.56047,1.64069,1.638016,1.716326,1.557796,1.492856,1.561998,1.477958,1.476812,1.48025,1.52036
17011,1.375964,1.429444,1.628084,1.593322,1.561998,1.561616,1.58148,1.6235,1.568492,1.52991,1.64451,1.50699,1.539078,1.529528,1.56047,1.64069,1.638016,1.716326,1.557796,1.492856,1.561998,1.477958,1.476812,1.48025,1.52036
17013,1.375964,1.429444,1.628084,1.593322,1.561998,1.561616,1.58148,1.6235,1.568492,1.52991,1.64451,1.50699,1.539078,1.529528,1.56047,1.64069,1.638016,1.716326,1.557796,1.492856,1.561998,1.477958,1.476812,1.48025,1.52036
17015,1.375964,1.429444,1.628084,1.593322,1.561998,1.561616,1.58148,1.6235,1.568492,1.52991,1.64451,1.50699,1.539078,1.529528,1.56047,1.64069,1.638016,1.716326,1.557796,1.492856,1.561998,1.477958,1.476812,1.48025,1.52036
17017,1.375964,1.429444,1.628084,1.593322,1.561998,1.561616,1.58148,1.6235,1.568492,1.52991,1.64451,1.50699,1.539078,1.529528,1.56047,1.64069,1.638016,1.716326,1.557796,1.492856,1.561998,1.477958,1.476812,1.48025,1.52036
17019,1.375964,1.429444,1.628084,1.593322,1.561998,1.561616,1.58148,1.6235,1.568492,1.52991,1.64451,1.50699,1.539078,1.529528,1.56047,1.64069,1.638016,1.716326,1.557796,1.492856,1.561998,1.477958,1.476812,1.48025,1.52036
17021,1.375964,1.429444,1.628084,1.593322,1.561998,1.561616,1.58148,1.6235,1.568492,1.52991,1.64451,1.50699,1.539078,1.529528,1.56047,1.64069,1.638016,1.716326,1.557796,1.492856,1.561998,1.477958,1.476812,1.48025,1.52036
17023,1.375964,1.429444,1.628084,1.593322,1.561998,1.561616,1.58148,1.6235,1.568492,1.52991,1.64451,1.50699,1.539078,1.529528,1.56047,1.64069,1.638016,1.716326,1.557796,1.492856,1.561998,1.477958,1.476812,1.48025,1.52036
17025,1.375964,1.429444,1.628084,1.593322,1.561998,1.561616,1.58148,1.6235,1.568492,1.52991,1.64451,1.50699,1.539078,1.529528,1.56047,1.64069,1.638016,1.716326,1.557796,1.492856,1.561998,1.477958,1.476812,1.48025,1.52036
17027,1.375964,1.429444,1.628084,1.593322,1.561998,1.561616,1.58148,1.6235,1.568492,1.52991,1.64451,1.50699,1.539078,1.529528,1.56047,1.64069,1.638016,1.716326,1.557796,1.492856,1.561998,1.477958,1.476812,1.48025,1.52036
17029,1.375964,1.429444,1.628084,1.593322,1.561998,1.561616,1.58148,1.6235,1.568492,1.52991,1.64451,1.50699,1.539078,1.529528,1.56047,1.64069,1.638016,1.716326,1.557796,1.492856,1.561998,1.477958,1.476812,1.48025,1.52036
17031,1.375964,1.429444,1.628084,1.593322,1.561998,1.561616,1.58148,1.6235,1.568492,1.52991,1.64451,1.50699,1.539078,1.529528,1.56047,1.64069,1.638016,1.716326,1.557796,1.492856,1.561998,1.477958,1.476812,1.48025,1.52036
17033,1.375964,1.429444,1.628084,1.593322,1.561998,1.561616,1.58148,1.6235,1.568492,1.52991,1.64451,1.50699,1.539078,1.529528,1.56047,1.64069,1.638016,1.716326,1.557796,1.492856,1.561998,1.477958,1.476812,1.48025,1.52036
17035,1.375964,1.429444,1.628084,1.593322,1.561998,1.561616,1.58148,1.6235,1.568492,1.52991,1.64451,1.50699,1.539078,1.529528,1.56047,1.64069,1.638016,1.716326,1.557796,1.492856,1.561998,1.477958,1.476812,1.48025,1.52036
17037,1.375964,1.429444,1.628084,1.593322,1.561998,1.561616,1.58148,1.6235,1.568492,1.52991,1.64451,1.50699,1.539078,1.529528,1.56047,1.64069,1.638016,1.716326,1.557796,1.492856,1.561998,1.477958,1.476812,1.48025,1.52036
17039,1.375964,1.429444,1.628084,1.593322,1.561998,1.561616,1.58148,1.6235,1.568492,1.52991,1.64451,1.50699,1.539078,1.529528,1.56047,1.64069,1.638016,1.716326,1.557796,1.492856,1.561998,1.477958,1.476812,1.48025,1.52036
17041,1.375964,1.429444,1.628084,1.593322,1.561998,1.561616,1.58148,1.6235,1.568492,1.52991,1.64451,1.50699,1.539078,1.529528,1.56047,1.64069,1.638016,1.716326,1.557796,1.492856,1.561998,1.477958,1.476812,1.48025,1.52036
17043,1.375964,1.429444,1.628084,1.593322,1.561998,1.561616,1.58148,1.6235,1.568492,1.52991,1.64451,1.50699,1.539078,1.529528,1.56047,1.64069,1.638016,1.716326,1.557796,1.492856,1.561998,1.477958,1.476812,1.48025,1.52036
17045,1.375964,1.429444,1.628084,1.593322,1.561998,1.561616,1.58148,1.6235,1.568492,1.52991,1.64451,1.50699,1.539078,1.529528,1.56047,1.64069,1.638016,1.716326,1.557796,1.492856,1.561998,1.477958,1.476812,1.48025,1.52036
17047,1.375964,1.429444,1.628084,1.593322,1.561998,1.561616,1.58148,1.6235,1.568492,1.52991,1.64451,1.50699,1.539078,1.529528,1.56047,1.64069,1.638016,1.716326,1.557796,1.492856,1.561998,1.477958,1.476812,1.48025,1.52036
17049,1.375964,1.429444,1.628084,1.593322,1.561998,1.561616,1.58148,1.6235,1.568492,1.52991,1.64451,1.50699,1.539078,1.529528,1.56047,1.64069,1.638016,1.716326,1.557796,1.492856,1.561998,1.477958,1.476812,1.48025,1.52036
17051,1.375964,1.429444,1.628084,1.593322,1.561998,1.561616,1.58148,1.6235,1.568492,1.52991,1.64451,1.50699,1.539078,1.529528,1.56047,1.64069,1.638016,1.716326,1.557796,1.492856,1.561998,1.477958,1.476812,1.48025,1.52036
17053,1.375964,1.429444,1.628084,1.593322,1.561998,1.561616,1.58148,1.6235,1.568492,1.52991,1.64451,1.50699,1.539078,1.529528,1.56047,1.64069,1.638016,1.716326,1.557796,1.492856,1.561998,1.477958,1.476812,1.48025,1.52036
17055,1.375964,1.429444,1.628084,1.593322,1.561998,1.561616,1.58148,1.6235,1.568492,1.52991,1.64451,1.50699,1.539078,1.529528,1.56047,1.64069,1.638016,1.716326,1.557796,1.492856,1.561998,1.477958,1.476812,1.48025,1.52036
17057,1.375964,1.429444,1.628084,1.593322,1.561998,1.561616,1.58148,1.6235,1.568492,1.52991,1.64451,1.50699,1.539078,1.529528,1.56047,1.64069,1.638016,1.716326,1.557796,1.492856,1.561998,1.477958,1.476812,1.48025,1.52036
17059,1.375964,1.429444,1.628084,1.593322,1.561998,1.561616,1.58148,1.6235,1.568492,1.52991,1.64451,1.50699,1.539078,1.529528,1.56047,1.64069,1.638016,1.716326,1.557796,1.492856,1.561998,1.477958,1.476812,1.48025,1.52036
17061,1.375964,1.429444,1.628084,1.593322,1.561998,1.561616,1.58148,1.6235,1.568492,1.52991,1.64451,1.50699,1.539078,1.529528,1.56047,1.64069,1.638016,1.716326,1.557796,1.492856,1.561998,1.477958,1.476812,1.48025,1.52036
17063,1.375964,1.429444,1.628084,1.593322,1.561998,1.561616,1.58148,1.6235,1.568492,1.52991,1.64451,1.50699,1.539078,1.529528,1.56047,1.64069,1.638016,1.716326,1.557796,1.492856,1.561998,1.477958,1.476812,1.48025,1.52036
17065,1.375964,1.429444,1.628084,1.593322,1.561998,1.561616,1.58148,1.6235,1.568492,1.52991,1.64451,1.50699,1.539078,1.529528,1.56047,1.64069,1.638016,1.716326,1.557796,1.492856,1.561998,1.477958,1.476812,1.48025,1.52036
17067,1.375964,1.429444,1.628084,1.593322,1.561998,1.561616,1.58148,1.6235,1.568492,1.52991,1.64451,1.50699,1.539078,1.529528,1.56047,1.64069,1.638016,1.716326,1.557796,1.492856,1.561998,1.477958,1.476812,1.48025,1.52036
17069,1.375964,1.429444,1.628084,1.593322,1.561998,1.561616,1.58148,1.6235,1.568492,1.52991,1.64451,1.50699,1.539078,1.529528,1.56047,1.64069,1.638016,1.716326,1.557796,1.492856,1.561998,1.477958,1.476812,1.48025,1.52036
17071,1.375964,1.429444,1.628084,1.593322,1.561998,1.561616,1.58148,1.6235,1.568492,1.52991,1.64451,1.50699,1.539078,1.529528,1.56047,1.64069,1.638016,1.716326,1.557796,1.492856,1.561998,1.477958,1.476812,1.48025,1.52036
17073,1.375964,1.429444,1.628084,1.593322,1.561998,1.561616,1.58148,1.6235,1.568492,1.52991,1.64451,1.50699,1.539078,1.529528,1.56047,1.64069,1.638016,1.716326,1.557796,1.492856,1.561998,1.477958,1.476812,1.48025,1.52036
17075,1.375964,1.429444,1.628084,1.593322,1.561998,1.561616,1.58148,1.6235,1.568492,1.52991,1.64451,1.50699,1.539078,1.529528,1.56047,1.64069,1.638016,1.716326,1.557796,1.492856,1.561998,1.477958,1.476812,1.48025,1.52036
17077,1.375964,1.429444,1.628084,1.593322,1.561998,1.561616,1.58148,1.6235,1.568492,1.52991,1.64451,1.50699,1.539078,1.529528,1.56047,1.64069,1.638016,1.716326,1.557796,1.492856,1.561998,1.477958,1.476812,1.48025,1.52036
17079,1.375964,1.429444,1.628084,1.593322,1.561998,1.561616,1.58148,1.6235,1.568492,1.52991,1.64451,1.50699,1.539078,1.529528,1.56047,1.64069,1.638016,1.716326,1.557796,1.492856,1.561998,1.477958,1.476812,1.48025,1.52036
17081,1.375964,1.429444,1.628084,1.593322,1.561998,1.561616,1.58148,1.6235,1.568492,1.52991,1.64451,1.50699,1.539078,1.529528,1.56047,1.64069,1.638016,1.716326,1.557796,1.492856,1.561998,1.477958,1.476812,1.48025,1.52036
17083,1.375964,1.429444,1.628084,1.593322,1.561998,1.561616,1.58148,1.6235,1.568492,1.52991,1.64451,1.50699,1.539078,1.529528,1.56047,1.64069,1.638016,1.716326,1.557796,1.492856,1.561998,1.477958,1.476812,1.48025,1.52036
17085,1.375964,1.429444,1.628084,1.593322,1.561998,1.561616,1.58148,1.6235,1.568492,1.52991,1.64451,1.50699,1.539078,1.529528,1.56047,1.64069,1.638016,1.716326,1.557796,1.492856,1.561998,1.477958,1.476812,1.48025,1.52036
17087,1.375964,1.429444,1.628084,1.593322,1.561998,1.561616,1.58148,1.6235,1.568492,1.52991,1.64451,1.50699,1.539078,1.529528,1.56047,1.64069,1.638016,1.716326,1.557796,1.492856,1.561998,1.477958,1.476812,1.48025,1.52036
17089,1.375964,1.429444,1.628084,1.593322,1.561998,1.561616,1.58148,1.6235,1.568492,1.52991,1.64451,1.50699,1.539078,1.529528,1.56047,1.64069,1.638016,1.716326,1.557796,1.492856,1.561998,1.477958,1.476812,1.48025,1.52036
17091,1.375964,1.429444,1.628084,1.593322,1.561998,1.561616,1.58148,1.6235,1.568492,1.52991,1.64451,1.50699,1.539078,1.529528,1.56047,1.64069,1.638016,1.716326,1.557796,1.492856,1.561998,1.477958,1.476812,1.48025,1.52036
17093,1.375964,1.429444,1.628084,1.593322,1.561998,1.561616,1.58148,1.6235,1.568492,1.52991,1.64451,1.50699,1.539078,1.529528,1.56047,1.64069,1.638016,1.716326,1.557796,1.492856,1.561998,1.477958,1.476812,1.48025,1.52036
17095,1.375964,1.429444,1.628084,1.593322,1.561998,1.561616,1.58148,1.6235,1.568492,1.52991,1.64451,1.50699,1.539078,1.529528,1.56047,1.64069,1.638016,1.716326,1.557796,1.492856,1.561998,1.477958,1.476812,1.48025,1.52036
17097,1.375964,1.429444,1.628084,1.593322,1.561998,1.561616,1.58148,1.6235,1.568492,1.52991,1.64451,1.50699,1.539078,1.529528,1.56047,1.64069,1.638016,1.716326,1.557796,1.492856,1.561998,1.477958,1.476812,1.48025,1.52036
17099,1.375964,1.429444,1.628084,1.593322,1.561998,1.561616,1.58148,1.6235,1.568492,1.52991,1.64451,1.50699,1.539078,1.529528,1.56047,1.64069,1.638016,1.716326,1.557796,1.492856,1.561998,1.477958,1.476812,1.48025,1.52036
17101,1.375964,1.429444,1.628084,1.593322,1.561998,1.561616,1.58148,1.6235,1.568492,1.52991,1.64451,1.50699,1.539078,1.529528,1.56047,1.64069,1.638016,1.716326,1.557796,1.492856,1.561998,1.477958,1.476812,1.48025,1.52036
17103,1.375964,1.429444,1.628084,1.593322,1.561998,1.561616,1.58148,1.6235,1.568492,1.52991,1.64451,1.50699,1.539078,1.529528,1.56047,1.64069,1.638016,1.716326,1.557796,1.492856,1.561998,1.477958,1.476812,1.48025,1.52036
17105,1.375964,1.429444,1.628084,1.593322,1.561998,1.561616,1.58148,1.6235,1.568492,1.52991,1.64451,1.50699,1.539078,1.529528,1.56047,1.64069,1.638016,1.716326,1.557796,1.492856,1.561998,1.477958,1.476812,1.48025,1.52036
17107,1.375964,1.429444,1.628084,1.593322,1.561998,1.561616,1.58148,1.6235,1.568492,1.52991,1.64451,1.50699,1.539078,1.529528,1.56047,1.64069,1.638016,1.716326,1.557796,1.492856,1.561998,1.477958,1.476812,1.48025,1.52036
17109,1.375964,1.429444,1.628084,1.593322,1.561998,1.561616,1.58148,1.6235,1.568492,1.52991,1.64451,1.50699,1.539078,1.529528,1.56047,1.64069,1.638016,1.716326,1.557796,1.492856,1.561998,1.477958,1.476812,1.48025,1.52036
17111,1.375964,1.429444,1.628084,1.593322,1.561998,1.561616,1.58148,1.6235,1.568492,1.52991,1.64451,1.50699,1.539078,1.529528,1.56047,1.64069,1.638016,1.716326,1.557796,1.492856,1.561998,1.477958,1.476812,1.48025,1.52036
17113,1.375964,1.429444,1.628084,1.593322,1.561998,1.561616,1.58148,1.6235,1.568492,1.52991,1.64451,1.50699,1.539078,1.529528,1.56047,1.64069,1.638016,1.716326,1.557796,1.492856,1.561998,1.477958,1.476812,1.48025,1.52036
17115,1.375964,1.429444,1.628084,1.593322,1.561998,1.561616,1.58148,1.6235,1.568492,1.52991,1.64451,1.50699,1.539078,1.529528,1.56047,1.64069,1.638016,1.716326,1.557796,1.492856,1.561998,1.477958,1.476812,1.48025,1.52036
17117,1.375964,1.429444,1.628084,1.593322,1.561998,1.561616,1.58148,1.6235,1.568492,1.52991,1.64451,1.50699,1.539078,1.529528,1.56047,1.64069,1.638016,1.716326,1.557796,1.492856,1.561998,1.477958,1.476812,1.48025,1.52036
17119,1.375964,1.429444,1.628084,1.593322,1.561998,1.561616,1.58148,1.6235,1.568492,1.52991,1.64451,1.50699,1.539078,1.529528,1.56047,1.64069,1.638016,1.716326,1.557796,1.492856,1.561998,1.477958,1.476812,1.48025,1.52036
17121,1.375964,1.429444,1.628084,1.593322,1.561998,1.561616,1.58148,1.6235,1.568492,1.52991,1.64451,1.50699,1.539078,1.529528,1.56047,1.64069,1.638016,1.716326,1.557796,1.492856,1.561998,1.477958,1.476812,1.48025,1.52036
17123,1.375964,1.429444,1.628084,1.593322,1.561998,1.561616,1.58148,1.6235,1.568492,1.52991,1.64451,1.50699,1.539078,1.529528,1.56047,1.64069,1.638016,1.716326,1.557796,1.492856,1.561998,1.477958,1.476812,1.48025,1.52036
17125,1.375964,1.429444,1.628084,1.593322,1.561998,1.561616,1.58148,1.6235,1.568492,1.52991,1.64451,1.50699,1.539078,1.529528,1.56047,1.64069,1.638016,1.716326,1.557796,1.492856,1.561998,1.477958,1.476812,1.48025,1.52036
17127,1.375964,1.429444,1.628084,1.593322,1.561998,1.561616,1.58148,1.6235,1.568492,1.52991,1.64451,1.50699,1.539078,1.529528,1.56047,1.64069,1.638016,1.716326,1.557796,1.492856,1.561998,1.477958,1.476812,1.48025,1.52036
17129,1.375964,1.429444,1.628084,1.593322,1.561998,1.561616,1.58148,1.6235,1.568492,1.52991,1.64451,1.50699,1.539078,1.529528,1.56047,1.64069,1.638016,1.716326,1.557796,1.492856,1.561998,1.477958,1.476812,1.48025,1.52036
17131,1.375964,1.429444,1.628084,1.593322,1.561998,1.561616,1.58148,1.6235,1.568492,1.52991,1.64451,1.50699,1.539078,1.529528,1.56047,1.64069,1.638016,1.716326,1.557796,1.492856,1.561998,1.477958,1.476812,1.48025,1.52036
17133,1.375964,1.429444,1.628084,1.593322,1.561998,1.561616,1.58148,1.6235,1.568492,1.52991,1.64451,1.50699,1.539078,1.529528,1.56047,1.64069,1.638016,1.716326,1.557796,1.492856,1.561998,1.477958,1.476812,1.48025,1.52036
17135,1.375964,1.429444,1.628084,1.593322,1.561998,1.561616,1.58148,1.6235,1.568492,1.52991,1.64451,1.50699,1.539078,1.529528,1.56047,1.64069,1.638016,1.716326,1.557796,1.492856,1.561998,1.477958,1.476812,1.48025,1.52036
17137,1.375964,1.429444,1.628084,1.593322,1.561998,1.561616,1.58148,1.6235,1.568492,1.52991,1.64451,1.50699,1.539078,1.529528,1.56047,1.64069,1.638016,1.716326,1.557796,1.492856,1.561998,1.477958,1.476812,1.48025,1.52036
17139,1.375964,1.429444,1.628084,1.593322,1.561998,1.561616,1.58148,1.6235,1.568492,1.52991,1.64451,1.50699,1.539078,1.529528,1.56047,1.64069,1.638016,1.716326,1.557796,1.492856,1.561998,1.477958,1.476812,1.48025,1.52036
17141,1.375964,1.429444,1.628084,1.593322,1.561998,1.561616,1.58148,1.6235,1.568492,1.52991,1.64451,1.50699,1.539078,1.529528,1.56047,1.64069,1.638016,1.716326,1.557796,1.492856,1.561998,1.477958,1.476812,1.48025,1.52036
17143,1.375964,1.429444,1.628084,1.593322,1.561998,1.561616,1.58148,1.6235,1.568492,1.52991,1.64451,1.50699,1.539078,1.529528,1.56047,1.64069,1.638016,1.716326,1.557796,1.492856,1.561998,1.477958,1.476812,1.48025,1.52036
17145,1.375964,1.429444,1.628084,1.593322,1.561998,1.561616,1.58148,1.6235,1.568492,1.52991,1.64451,1.50699,1.539078,1.529528,1.56047,1.64069,1.638016,1.716326,1.557796,1.492856,1.561998,1.477958,1.476812,1.48025,1.52036
17147,1.375964,1.429444,1.628084,1.593322,1.561998,1.561616,1.58148,1.6235,1.568492,1.52991,1.64451,1.50699,1.539078,1.529528,1.56047,1.64069,1.638016,1.716326,1.557796,1.492856,1.561998,1.477958,1.476812,1.48025,1.52036
17149,1.375964,1.429444,1.628084,1.593322,1.561998,1.561616,1.58148,1.6235,1.568492,1.52991,1.64451,1.50699,1.539078,1.529528,1.56047,1.64069,1.638016,1.716326,1.557796,1.492856,1.561998,1.477958,1.476812,1.48025,1.52036
17151,1.375964,1.429444,1.628084,1.593322,1.561998,1.561616,1.58148,1.6235,1.568492,1.52991,1.64451,1.50699,1.539078,1.529528,1.56047,1.64069,1.638016,1.716326,1.557796,1.492856,1.561998,1.477958,1.476812,1.48025,1.52036
17153,1.375964,1.429444,1.628084,1.593322,1.561998,1.561616,1.58148,1.6235,1.568492,1.52991,1.64451,1.50699,1.539078,1.529528,1.56047,1.64069,1.638016,1.716326,1.557796,1.492856,1.561998,1.477958,1.476812,1.48025,1.52036
17155,1.375964,1.429444,1.628084,1.593322,1.561998,1.561616,1.58148,1.6235,1.568492,1.52991,1.64451,1.50699,1.539078,1.529528,1.56047,1.64069,1.638016,1.716326,1.557796,1.492856,1.561998,1.477958,1.476812,1.48025,1.52036
17157,1.375964,1.429444,1.628084,1.593322,1.561998,1.561616,1.58148,1.6235,1.568492,1.52991,1.64451,1.50699,1.539078,1.529528,1.56047,1.64069,1.638016,1.716326,1.557796,1.492856,1.561998,1.477958,1.476812,1.48025,1.52036
17159,1.375964,1.429444,1.628084,1.593322,1.561998,1.561616,1.58148,1.6235,1.568492,1.52991,1.64451,1.50699,1.539078,1.529528,1.56047,1.64069,1.638016,1.716326,1.557796,1.492856,1.561998,1.477958,1.476812,1.48025,1.52036
17161,1.375964,1.429444,1.628084,1.593322,1.561998,1.561616,1.58148,1.6235,1.568492,1.52991,1.64451,1.50699,1.539078,1.529528,1.56047,1.64069,1.638016,1.716326,1.557796,1.492856,1.561998,1.477958,1.476812,1.48025,1.52036
17163,1.375964,1.429444,1.628084,1.593322,1.561998,1.561616,1.58148,1.6235,1.568492,1.52991,1.64451,1.50699,1.539078,1.529528,1.56047,1.64069,1.638016,1.716326,1.557796,1.492856,1.561998,1.477958,1.476812,1.48025,1.52036
17165,1.375964,1.429444,1.628084,1.593322,1.561998,1.561616,1.58148,1.6235,1.568492,1.52991,1.64451,1.50699,1.539078,1.529528,1.56047,1.64069,1.638016,1.716326,1.557796,1.492856,1.561998,1.477958,1.476812,1.48025,1.52036
17167,1.375964,1.429444,1.628084,1.593322,1.561998,1.561616,1.58148,1.6235,1.568492,1.52991,1.64451,1.50699,1.539078,1.529528,1.56047,1.64069,1.638016,1.716326,1.557796,1.492856,1.561998,1.477958,1.476812,1.48025,1.52036
17169,1.375964,1.429444,1.628084,1.593322,1.561998,1.561616,1.58148,1.6235,1.568492,1.52991,1.64451,1.50699,1.539078,1.529528,1.56047,1.64069,1.638016,1.716326,1.557796,1.492856,1.561998,1.477958,1.476812,1.48025,1.52036
17171,1.375964,1.429444,1.628084,1.593322,1.561998,1.561616,1.58148,1.6235,1.568492,1.52991,1.64451,1.50699,1.539078,1.529528,1.56047,1.64069,1.638016,1.716326,1.557796,1.492856,1.561998,1.477958,1.476812,1.48025,1.52036
17173,1.375964,1.429444,1.628084,1.593322,1.561998,1.561616,1.58148,1.6235,1.568492,1.52991,1.64451,1.50699,1.539078,1.529528,1.56047,1.64069,1.638016,1.716326,1.557796,1.492856,1.561998,1.477958,1.476812,1.48025,1.52036
17175,1.375964,1.429444,1.628084,1.593322,1.561998,1.561616,1.58148,1.6235,1.568492,1.52991,1.64451,1.50699,1.539078,1.529528,1.56047,1.64069,1.638016,1.716326,1.557796,1.492856,1.561998,1.477958,1.476812,1.48025,1.52036
17177,1.375964,1.429444,1.628084,1.593322,1.561998,1.561616,1.58148,1.6235,1.568492,1.52991,1.64451,1.50699,1.539078,1.529528,1.56047,1.64069,1.638016,1.716326,1.557796,1.492856,1.561998,1.477958,1.476812,1.48025,1.52036
17179,1.375964,1.429444,1.628084,1.593322,1.561998,1.561616,1.58148,1.6235,1.568492,1.52991,1.64451,1.50699,1.539078,1.529528,1.56047,1.64069,1.638016,1.716326,1.557796,1.492856,1.561998,1.477958,1.476812,1.48025,1.52036
17181,1.375964,1.429444,1.628084,1.593322,1.561998,1.561616,1.58148,1.6235,1.568492,1.52991,1.64451,1.50699,1.539078,1.529528,1.56047,1.64069,1.638016,1.716326,1.557796,1.492856,1.561998,1.477958,1.476812,1.48025,1.52036
17183,1.375964,1.429444,1.628084,1.593322,1.561998,1.561616,1.58148,1.6235,1.568492,1.52991,1.64451,1.50699,1.539078,1.529528,1.56047,1.64069,1.638016,1.716326,1.557796,1.492856,1.561998,1.477958,1.476812,1.48025,1.52036
17185,1.375964,1.429444,1.628084,1.593322,1.561998,1.561616,1.58148,1.6235,1.568492,1.52991,1.64451,1.50699,1.539078,1.529528,1.56047,1.64069,1.638016,1.716326,1.557796,1.492856,1.561998,1.477958,1.476812,1.48025,1.52036
17187,1.375964,1.429444,1.628084,1.593322,1.561998,1.561616,1.58148,1.6235,1.568492,1.52991,1.64451,1.50699,1.539078,1.529528,1.56047,1.64069,1.638016,1.716326,1.557796,1.492856,1.561998,1.477958,1.476812,1.48025,1.52036
17189,1.375964,1.429444,1.628084,1.593322,1.561998,1.561616,1.58148,1.6235,1.568492,1.52991,1.64451,1.50699,1.539078,1.529528,1.56047,1.64069,1.638016,1.716326,1.557796,1.492856,1.561998,1.477958,1.476812,1.48025,1.52036
17191,1.375964,1.429444,1.628084,1.593322,1.561998,1.561616,1.58148,1.6235,1.568492,1.52991,1.64451,1.50699,1.539078,1.529528,1.56047,1.64069,1.638016,1.716326,1.557796,1.492856,1.561998,1.477958,1.476812,1.48025,1.52036
17193,1.375964,1.429444,1.628084,1.593322,1.561998,1.561616,1.58148,1.6235,1.568492,1.52991,1.64451,1.50699,1.539078,1.529528,1.56047,1.64069,1.638016,1.716326,1.557796,1.492856,1.561998,1.477958,1.476812,1.48025,1.52036
17195,1.375964,1.429444,1.628084,1.593322,1.561998,1.561616,1.58148,1.6235,1.568492,1.52991,1.64451,1.50699,1.539078,1.529528,1.56047,1.64069,1.638016,1.716326,1.557796,1.492856,1.561998,1.477958,1.476812,1.48025,1.52036
17197,1.375964,1.429444,1.628084,1.593322,1.561998,1.561616,1.58148,1.6235,1.568492,1.52991,1.64451,1.50699,1.539078,1.529528,1.56047,1.64069,1.638016,1.716326,1.557796,1.492856,1.561998,1.477958,1.476812,1.48025,1.52036
17199,1.375964,1.429444,1.628084,1.593322,1.561998,1.561616,1.58148,1.6235,1.568492,1.52991,1.64451,1.50699,1.539078,1.529528,1.56047,1.64069,1.638016,1.716326,1.557796,1.492856,1.561998,1.477958,1.476812,1.48025,1.52036
17201,1.375964,1.429444,1.628084,1.593322,1.561998,1.561616,1.58148,1.6235,1.568492,1.52991,1.64451,1.50699,1.539078,1.529528,1.56047,1.64069,1.638016,1.716326,1.557796,1.492856,1.561998,1.477958,1.476812,1.48025,1.52036
17203,1.375964,1.429444,1.628084,1.593322,1.561998,1.561616,1.58148,1.6235,1.568492,1.52991,1.64451,1.50699,1.539078,1.529528,1.56047,1.64069,1.638016,1.716326,1.557796,1.492856,1.561998,1.477958,1.476812,1.48025,1.52036
18001,1.375964,1.429444,1.628084,1.593322,1.561998,1.561616,1.58148,1.6235,1.568492,1.52991,1.64451,1.50699,1.539078,1.529528,1.56047,1.64069,1.638016,1.716326,1.557796,1.492856,1.561998,1.477958,1.476812,1.48025,1.52036
18003,1.375964,1.429444,1.628084,1.593322,1.561998,1.561616,1.58148,1.6235,1.568492,1.52991,1.64451,1.50699,1.539078,1.529528,1.56047,1.64069,1.638016,1.716326,1.557796,1.492856,1.561998,1.477958,1.476812,1.48025,1.52036
18005,1.375964,1.429444,1.628084,1.593322,1.561998,1.561616,1.58148,1.6235,1.568492,1.52991,1.64451,1.50699,1.539078,1.529528,1.56047,1.64069,1.638016,1.716326,1.557796,1.492856,1.561998,1.477958,1.476812,1.48025,1.52036
18007,1.375964,1.429444,1.628084,1.593322,1.561998,1.561616,1.58148,1.6235,1.568492,1.52991,1.64451,1.50699,1.539078,1.529528,1.56047,1.64069,1.638016,1.716326,1.557796,1.492856,1.561998,1.477958,1.476812,1.48025,1.52036
18009,1.375964,1.429444,1.628084,1.593322,1.561998,1.561616,1.58148,1.6235,1.568492,1.52991,1.64451,1.50699,1.539078,1.529528,1.56047,1.64069,1.638016,1.716326,1.557796,1.492856,1.561998,1.477958,1.476812,1.48025,1.52036
18011,1.375964,1.429444,1.628084,1.593322,1.561998,1.561616,1.58148,1.6235,1.568492,1.52991,1.64451,1.50699,1.539078,1.529528,1.56047,1.64069,1.638016,1.716326,1.557796,1.492856,1.561998,1.477958,1.476812,1.48025,1.52036
18013,1.375964,1.429444,1.628084,1.593322,1.561998,1.561616,1.58148,1.6235,1.568492,1.52991,1.64451,1.50699,1.539078,1.529528,1.56047,1.64069,1.638016,1.716326,1.557796,1.492856,1.561998,1.477958,1.476812,1.48025,1.52036
18015,1.375964,1.429444,1.628084,1.593322,1.561998,1.561616,1.58148,1.6235,1.568492,1.52991,1.64451,1.50699,1.539078,1.529528,1.56047,1.64069,1.638016,1.716326,1.557796,1.492856,1.561998,1.477958,1.476812,1.48025,1.52036
18017,1.375964,1.429444,1.628084,1.593322,1.561998,1.561616,1.58148,1.6235,1.568492,1.52991,1.64451,1.50699,1.539078,1.529528,1.56047,1.64069,1.638016,1.716326,1.557796,1.492856,1.561998,1.477958,1.476812,1.48025,1.52036
18019,1.375964,1.429444,1.628084,1.593322,1.561998,1.561616,1.58148,1.6235,1.568492,1.52991,1.64451,1.50699,1.539078,1.529528,1.56047,1.64069,1.638016,1.716326,1.557796,1.492856,1.561998,1.477958,1.476812,1.48025,1.52036
18021,1.375964,1.429444,1.628084,1.593322,1.561998,1.561616,1.58148,1.6235,1.568492,1.52991,1.64451,1.50699,1.539078,1.529528,1.56047,1.64069,1.638016,1.716326,1.557796,1.492856,1.561998,1.477958,1.476812,1.48025,1.52036
18023,1.375964,1.429444,1.628084,1.593322,1.561998,1.561616,1.58148,1.6235,1.568492,1.52991,1.64451,1.50699,1.539078,1.529528,1.56047,1.64069,1.638016,1.716326,1.557796,1.492856,1.561998,1.477958,1.476812,1.48025,1.52036
18025,1.375964,1.429444,1.628084,1.593322,1.561998,1.561616,1.58148,1.6235,1.568492,1.52991,1.64451,1.50699,1.539078,1.529528,1.56047,1.64069,1.638016,1.716326,1.557796,1.492856,1.561998,1.477958,1.476812,1.48025,1.52036
18027,1.375964,1.429444,1.628084,1.593322,1.561998,1.561616,1.58148,1.6235,1.568492,1.52991,1.64451,1.50699,1.539078,1.529528,1.56047,1.64069,1.638016,1.716326,1.557796,1.492856,1.561998,1.477958,1.476812,1.48025,1.52036
18029,1.375964,1.429444,1.628084,1.593322,1.561998,1.561616,1.58148,1.6235,1.568492,1.52991,1.64451,1.50699,1.539078,1.529528,1.56047,1.64069,1.638016,1.716326,1.557796,1.492856,1.561998,1.477958,1.476812,1.48025,1.52036
18031,1.375964,1.429444,1.628084,1.593322,1.561998,1.561616,1.58148,1.6235,1.568492,1.52991,1.64451,1.50699,1.539078,1.529528,1.56047,1.64069,1.638016,1.716326,1.557796,1.492856,1.561998,1.477958,1.476812,1.48025,1.52036
18033,1.375964,1.429444,1.628084,1.593322,1.561998,1.561616,1.58148,1.6235,1.568492,1.52991,1.64451,1.50699,1.539078,1.529528,1.56047,1.64069,1.638016,1.716326,1.557796,1.492856,1.561998,1.477958,1.476812,1.48025,1.52036
18035,1.375964,1.429444,1.628084,1.593322,1.561998,1.561616,1.58148,1.6235,1.568492,1.52991,1.64451,1.50699,1.539078,1.529528,1.56047,1.64069,1.638016,1.716326,1.557796,1.492856,1.561998,1.477958,1.476812,1.48025,1.52036
18037,1.375964,1.429444,1.628084,1.593322,1.561998,1.561616,1.58148,1.6235,1.568492,1.52991,1.64451,1.50699,1.539078,1.529528,1.56047,1.64069,1.638016,1.716326,1.557796,1.492856,1.561998,1.477958,1.476812,1.48025,1.52036
18039,1.375964,1.429444,1.628084,1.593322,1.561998,1.561616,1.58148,1.6235,1.568492,1.52991,1.64451,1.50699,1.539078,1.529528,1.56047,1.64069,1.638016,1.716326,1.557796,1.492856,1.561998,1.477958,1.476812,1.48025,1.52036
18041,1.375964,1.429444,1.628084,1.593322,1.561998,1.561616,1.58148,1.6235,1.568492,1.52991,1.64451,1.50699,1.539078,1.529528,1.56047,1.64069,1.638016,1.716326,1.557796,1.492856,1.561998,1.477958,1.476812,1.48025,1.52036
18043,1.375964,1.429444,1.628084,1.593322,1.561998,1.561616,1.58148,1.6235,1.568492,1.52991,1.64451,1.50699,1.539078,1.529528,1.56047,1.64069,1.638016,1.716326,1.557796,1.492856,1.561998,1.477958,1.476812,1.48025,1.52036
18045,1.375964,1.429444,1.628084,1.593322,1.561998,1.561616,1.58148,1.6235,1.568492,1.52991,1.64451,1.50699,1.539078,1.529528,1.56047,1.64069,1.638016,1.716326,1.557796,1.492856,1.561998,1.477958,1.476812,1.48025,1.52036
18047,1.375964,1.429444,1.628084,1.593322,1.561998,1.561616,1.58148,1.6235,1.568492,1.52991,1.64451,1.50699,1.539078,1.529528,1.56047,1.64069,1.638016,1.716326,1.557796,1.492856,1.561998,1.477958,1.476812,1.48025,1.52036
18049,1.375964,1.429444,1.628084,1.593322,1.561998,1.561616,1.58148,1.6235,1.568492,1.52991,1.64451,1.50699,1.539078,1.529528,1.56047,1.64069,1.638016,1.716326,1.557796,1.492856,1.561998,1.477958,1.476812,1.48025,1.52036
18051,1.375964,1.429444,1.628084,1.593322,1.561998,1.561616,1.58148,1.6235,1.568492,1.52991,1.64451,1.50699,1.539078,1.529528,1.56047,1.64069,1.638016,1.716326,1.557796,1.492856,1.561998,1.477958,1.476812,1.48025,1.52036
18053,1.375964,1.429444,1.628084,1.593322,1.561998,1.561616,1.58148,1.6235,1.568492,1.52991,1.64451,1.50699,1.539078,1.529528,1.56047,1.64069,1.638016,1.716326,1.557796,1.492856,1.561998,1.477958,1.476812,1.48025,1.52036
18055,1.375964,1.429444,1.628084,1.593322,1.561998,1.561616,1.58148,1.6235,1.568492,1.52991,1.64451,1.50699,1.539078,1.529528,1.56047,1.64069,1.638016,1.716326,1.557796,1.492856,1.561998,1.477958,1.476812,1.48025,1.52036
18057,1.375964,1.429444,1.628084,1.593322,1.561998,1.561616,1.58148,1.6235,1.568492,1.52991,1.64451,1.50699,1.539078,1.529528,1.56047,1.64069,1.638016,1.716326,1.557796,1.492856,1.561998,1.477958,1.476812,1.48025,1.52036
18059,1.375964,1.429444,1.628084,1.593322,1.561998,1.561616,1.58148,1.6235,1.568492,1.52991,1.64451,1.50699,1.539078,1.529528,1.56047,1.64069,1.638016,1.716326,1.557796,1.492856,1.561998,1.477958,1.476812,1.48025,1.52036
18061,1.375964,1.429444,1.628084,1.593322,1.561998,1.561616,1.58148,1.6235,1.568492,1.52991,1.64451,1.50699,1.539078,1.529528,1.56047,1.64069,1.638016,1.716326,1.557796,1.492856,1.561998,1.477958,1.476812,1.48025,1.52036
18063,1.375964,1.429444,1.628084,1.593322,1.561998,1.561616,1.58148,1.6235,1.568492,1.52991,1.64451,1.50699,1.539078,1.529528,1.56047,1.64069,1.638016,1.716326,1.557796,1.492856,1.561998,1.477958,1.476812,1.48025,1.52036
18065,1.375964,1.429444,1.628084,1.593322,1.561998,1.561616,1.58148,1.6235,1.568492,1.52991,1.64451,1.50699,1.539078,1.529528,1.56047,1.64069,1.638016,1.716326,1.557796,1.492856,1.561998,1.477958,1.476812,1.48025,1.52036
18067,1.375964,1.429444,1.628084,1.593322,1.561998,1.561616,1.58148,1.6235,1.568492,1.52991,1.64451,1.50699,1.539078,1.529528,1.56047,1.64069,1.638016,1.716326,1.557796,1.492856,1.561998,1.477958,1.476812,1.48025,1.52036
18069,1.375964,1.429444,1.628084,1.593322,1.561998,1.561616,1.58148,1.6235,1.568492,1.52991,1.64451,1.50699,1.539078,1.529528,1.56047,1.64069,1.638016,1.716326,1.557796,1.492856,1.561998,1.477958,1.476812,1.48025,1.52036
18071,1.375964,1.429444,1.628084,1.593322,1.561998,1.561616,1.58148,1.6235,1.568492,1.52991,1.64451,1.50699,1.539078,1.529528,1.56047,1.64069,1.638016,1.716326,1.557796,1.492856,1.561998,1.477958,1.476812,1.48025,1.52036
18073,1.375964,1.429444,1.628084,1.593322,1.561998,1.561616,1.58148,1.6235,1.568492,1.52991,1.64451,1.50699,1.539078,1.529528,1.56047,1.64069,1.638016,1.716326,1.557796,1.492856,1.561998,1.477958,1.476812,1.48025,1.52036
18075,1.375964,1.429444,1.628084,1.593322,1.561998,1.561616,1.58148,1.6235,1.568492,1.52991,1.64451,1.50699,1.539078,1.529528,1.56047,1.64069,1.638016,1.716326,1.557796,1.492856,1.561998,1.477958,1.476812,1.48025,1.52036
18077,1.375964,1.429444,1.628084,1.593322,1.561998,1.561616,1.58148,1.6235,1.568492,1.52991,1.64451,1.50699,1.539078,1.529528,1.56047,1.64069,1.638016,1.716326,1.557796,1.492856,1.561998,1.477958,1.476812,1.48025,1.52036
18079,1.375964,1.429444,1.628084,1.593322,1.561998,1.561616,1.58148,1.6235,1.568492,1.52991,1.64451,1.50699,1.539078,1.529528,1.56047,1.64069,1.638016,1.716326,1.557796,1.492856,1.561998,1.477958,1.476812,1.48025,1.52036
18081,1.375964,1.429444,1.628084,1.593322,1.561998,1.561616,1.58148,1.6235,1.568492,1.52991,1.64451,1.50699,1.539078,1.529528,1.56047,1.64069,1.638016,1.716326,1.557796,1.492856,1.561998,1.477958,1.476812,1.48025,1.52036
18083,1.375964,1.429444,1.628084,1.593322,1.561998,1.561616,1.58148,1.6235,1.568492,1.52991,1.64451,1.50699,1.539078,1.529528,1.56047,1.64069,1.638016,1.716326,1.557796,1.492856,1.561998,1.477958,1.476812,1.48025,1.52036
18085,1.375964,1.429444,1.628084,1.593322,1.561998,1.561616,1.58148,1.6235,1.568492,1.52991,1.64451,1.50699,1.539078,1.529528,1.56047,1.64069,1.638016,1.716326,1.557796,1.492856,1.561998,1.477958,1.476812,1.48025,1.52036
18087,1.375964,1.429444,1.628084,1.593322,1.561998,1.561616,1.58148,1.6235,1.568492,1.52991,1.64451,1.50699,1.539078,1.529528,1.56047,1.64069,1.638016,1.716326,1.557796,1.492856,1.561998,1.477958,1.476812,1.48025,1.52036
18089,1.375964,1.429444,1.628084,1.593322,1.561998,1.561616,1.58148,1.6235,1.568492,1.52991,1.64451,1.50699,1.539078,1.529528,1.56047,1.64069,1.638016,1.716326,1.557796,1.492856,1.561998,1.477958,1.476812,1.48025,1.52036
18091,1.375964,1.429444,1.628084,1.593322,1.561998,1.561616,1.58148,1.6235,1.568492,1.52991,1.64451,1.50699,1.539078,1.529528,1.56047,1.64069,1.638016,1.716326,1.557796,1.492856,1.561998,1.477958,1.476812,1.48025,1.52036
18093,1.375964,1.429444,1.628084,1.593322,1.561998,1.561616,1.58148,1.6235,1.568492,1.52991,1.64451,1.50699,1.539078,1.529528,1.56047,1.64069,1.638016,1.716326,1.557796,1.492856,1.561998,1.477958,1.476812,1.48025,1.52036
18095,1.375964,1.429444,1.628084,1.593322,1.561998,1.561616,1.58148,1.6235,1.568492,1.52991,1.64451,1.50699,1.539078,1.529528,1.56047,1.64069,1.638016,1.716326,1.557796,1.492856,1.561998,1.477958,1.476812,1.48025,1.52036
18097,1.375964,1.429444,1.628084,1.593322,1.561998,1.561616,1.58148,1.6235,1.568492,1.52991,1.64451,1.50699,1.539078,1.529528,1.56047,1.64069,1.638016,1.716326,1.557796,1.492856,1.561998,1.477958,1.476812,1.48025,1.52036
18099,1.375964,1.429444,1.628084,1.593322,1.561998,1.561616,1.58148,1.6235,1.568492,1.52991,1.64451,1.50699,1.539078,1.529528,1.56047,1.64069,1.638016,1.716326,1.557796,1.492856,1.561998,1.477958,1.476812,1.48025,1.52036
18101,1.375964,1.429444,1.628084,1.593322,1.561998,1.561616,1.58148,1.6235,1.568492,1.52991,1.64451,1.50699,1.539078,1.529528,1.56047,1.64069,1.638016,1.716326,1.557796,1.492856,1.561998,1.477958,1.476812,1.48025,1.52036
18103,1.375964,1.429444,1.628084,1.593322,1.561998,1.561616,1.58148,1.6235,1.568492,1.52991,1.64451,1.50699,1.539078,1.529528,1.56047,1.64069,1.638016,1.716326,1.557796,1.492856,1.561998,1.477958,1.476812,1.48025,1.52036
18105,1.375964,1.429444,1.628084,1.593322,1.561998,1.561616,1.58148,1.6235,1.568492,1.52991,1.64451,1.50699,1.539078,1.529528,1.56047,1.64069,1.638016,1.716326,1.557796,1.492856,1.561998,1.477958,1.476812,1.48025,1.52036
18107,1.375964,1.429444,1.628084,1.593322,1.561998,1.561616,1.58148,1.6235,1.568492,1.52991,1.64451,1.50699,1.539078,1.529528,1.56047,1.64069,1.638016,1.716326,1.557796,1.492856,1.561998,1.477958,1.476812,1.48025,1.52036
18109,1.375964,1.429444,1.628084,1.593322,1.561998,1.561616,1.58148,1.6235,1.568492,1.52991,1.64451,1.50699,1.539078,1.529528,1.56047,1.64069,1.638016,1.716326,1.557796,1.492856,1.561998,1.477958,1.476812,1.48025,1.52036
18111,1.375964,1.429444,1.628084,1.593322,1.561998,1.561616,1.58148,1.6235,1.568492,1.52991,1.64451,1.50699,1.539078,1.529528,1.56047,1.64069,1.638016,1.716326,1.557796,1.492856,1.561998,1.477958,1.476812,1.48025,1.52036
18113,1.375964,1.429444,1.628084,1.593322,1.561998,1.561616,1.58148,1.6235,1.568492,1.52991,1.64451,1.50699,1.539078,1.529528,1.56047,1.64069,1.638016,1.716326,1.557796,1.492856,1.561998,1.477958,1.476812,1.48025,1.52036
18115,1.375964,1.429444,1.628084,1.593322,1.561998,1.561616,1.58148,1.6235,1.568492,1.52991,1.64451,1.50699,1.539078,1.529528,1.56047,1.64069,1.638016,1.716326,1.557796,1.492856,1.561998,1.477958,1.476812,1.48025,1.52036
18117,1.375964,1.429444,1.628084,1.593322,1.561998,1.561616,1.58148,1.6235,1.568492,1.52991,1.64451,1.50699,1.539078,1.529528,1.56047,1.64069,1.638016,1.716326,1.557796,1.492856,1.561998,1.477958,1.476812,1.48025,1.52036
18119,1.375964,1.429444,1.628084,1.593322,1.561998,1.561616,1.58148,1.6235,1.568492,1.52991,1.64451,1.50699,1.539078,1.529528,1.56047,1.64069,1.638016,1.716326,1.557796,1.492856,1.561998,1.477958,1.476812,1.48025,1.52036
18121,1.375964,1.429444,1.628084,1.593322,1.561998,1.561616,1.58148,1.6235,1.568492,1.52991,1.64451,1.50699,1.539078,1.529528,1.56047,1.64069,1.638016,1.716326,1.557796,1.492856,1.561998,1.477958,1.476812,1.48025,1.52036
18123,1.375964,1.429444,1.628084,1.593322,1.561998,1.561616,1.58148,1.6235,1.568492,1.52991,1.64451,1.50699,1.539078,1.529528,1.56047,1.64069,1.638016,1.716326,1.557796,1.492856,1.561998,1.477958,1.476812,1.48025,1.52036
18125,1.375964,1.429444,1.628084,1.593322,1.561998,1.561616,1.58148,1.6235,1.568492,1.52991,1.64451,1.50699,1.539078,1.529528,1.56047,1.64069,1.638016,1.716326,1.557796,1.492856,1.561998,1.477958,1.476812,1.48025,1.52036
18127,1.375964,1.429444,1.628084,1.593322,1.561998,1.561616,1.58148,1.6235,1.568492,1.52991,1.64451,1.50699,1.539078,1.529528,1.56047,1.64069,1.638016,1.716326,1.557796,1.492856,1.561998,1.477958,1.476812,1.48025,1.52036
18129,1.375964,1.429444,1.628084,1.593322,1.561998,1.561616,1.58148,1.6235,1.568492,1.52991,1.64451,1.50699,1.539078,1.529528,1.56047,1.64069,1.638016,1.716326,1.557796,1.492856,1.561998,1.477958,1.476812,1.48025,1.52036
18131,1.375964,1.429444,1.628084,1.593322,1.561998,1.561616,1.58148,1.6235,1.568492,1.52991,1.64451,1.50699,1.539078,1.529528,1.56047,1.64069,1.638016,1.716326,1.557796,1.492856,1.561998,1.477958,1.476812,1.48025,1.52036
18133,1.375964,1.429444,1.628084,1.593322,1.561998,1.561616,1.58148,1.6235,1.568492,1.52991,1.64451,1.50699,1.539078,1.529528,1.56047,1.64069,1.638016,1.716326,1.557796,1.492856,1.561998,1.477958,1.476812,1.48025,1.52036
18135,1.375964,1.429444,1.628084,1.593322,1.561998,1.561616,1.58148,1.6235,1.568492,1.52991,1.64451,1.50699,1.539078,1.529528,1.56047,1.64069,1.638016,1.716326,1.557796,1.492856,1.561998,1.477958,1.476812,1.48025,1.52036
18137,1.375964,1.429444,1.628084,1.593322,1.561998,1.561616,1.58148,1.6235,1.568492,1.52991,1.64451,1.50699,1.539078,1.529528,1.56047,1.64069,1.638016,1.716326,1.557796,1.492856,1.561998,1.477958,1.476812,1.48025,1.52036
18139,1.375964,1.429444,1.628084,1.593322,1.561998,1.561616,1.58148,1.6235,1.568492,1.52991,1.64451,1.50699,1.539078,1.529528,1.56047,1.64069,1.638016,1.716326,1.557796,1.492856,1.561998,1.477958,1.476812,1.48025,1.52036
18141,1.375964,1.429444,1.628084,1.593322,1.561998,1.561616,1.58148,1.6235,1.568492,1.52991,1.64451,1.50699,1.539078,1.529528,1.56047,1.64069,1.638016,1.716326,1.557796,1.492856,1.561998,1.477958,1.476812,1.48025,1.52036
18143,1.375964,1.429444,1.628084,1.593322,1.561998,1.561616,1.58148,1.6235,1.568492,1.52991,1.64451,1.50699,1.539078,1.529528,1.56047,1.64069,1.638016,1.716326,1.557796,1.492856,1.561998,1.477958,1.476812,1.48025,1.52036
18145,1.375964,1.429444,1.628084,1.593322,1.561998,1.561616,1.58148,1.6235,1.568492,1.52991,1.64451,1.50699,1.539078,1.529528,1.56047,1.64069,1.638016,1.716326,1.557796,1.492856,1.561998,1.477958,1.476812,1.48025,1.52036
18147,1.375964,1.429444,1.628084,1.593322,1.561998,1.561616,1.58148,1.6235,1.568492,1.52991,1.64451,1.50699,1.539078,1.529528,1.56047,1.64069,1.638016,1.716326,1.557796,1.492856,1.561998,1.477958,1.476812,1.48025,1.52036
18149,1.375964,1.429444,1.628084,1.593322,1.561998,1.561616,1.58148,1.6235,1.568492,1.52991,1.64451,1.50699,1.539078,1.529528,1.56047,1.64069,1.638016,1.716326,1.557796,1.492856,1.561998,1.477958,1.476812,1.48025,1.52036
18151,1.375964,1.429444,1.628084,1.593322,1.561998,1.561616,1.58148,1.6235,1.568492,1.52991,1.64451,1.50699,1.539078,1.529528,1.56047,1.64069,1.638016,1.716326,1.557796,1.492856,1.561998,1.477958,1.476812,1.48025,1.52036
18153,1.375964,1.429444,1.628084,1.593322,1.561998,1.561616,1.58148,1.6235,1.568492,1.52991,1.64451,1.50699,1.539078,1.529528,1.56047,1.64069,1.638016,1.716326,1.557796,1.492856,1.561998,1.477958,1.476812,1.48025,1.52036
18155,1.375964,1.429444,1.628084,1.593322,1.561998,1.561616,1.58148,1.6235,1.568492,1.52991,1.64451,1.50699,1.539078,1.529528,1.56047,1.64069,1.638016,1.716326,1.557796,1.492856,1.561998,1.477958,1.476812,1.48025,1.52036
18157,1.375964,1.429444,1.628084,1.593322,1.561998,1.561616,1.58148,1.6235,1.568492,1.52991,1.64451,1.50699,1.539078,1.529528,1.56047,1.64069,1.638016,1.716326,1.557796,1.492856,1.561998,1.477958,1.476812,1.48025,1.52036
18159,1.375964,1.429444,1.628084,1.593322,1.561998,1.561616,1.58148,1.6235,1.568492,1.52991,1.64451,1.50699,1.539078,1.529528,1.56047,1.64069,1.638016,1.716326,1.557796,1.492856,1.561998,1.477958,1.476812,1.48025,1.52036
18161,1.375964,1.429444,1.628084,1.593322,1.561998,1.561616,1.58148,1.6235,1.568492,1.52991,1.64451,1.50699,1.539078,1.529528,1.56047,1.64069,1.638016,1.716326,1.557796,1.492856,1.561998,1.477958,1.476812,1.48025,1.52036
18163,1.375964,1.429444,1.628084,1.593322,1.561998,1.561616,1.58148,1.6235,1.568492,1.52991,1.64451,1.50699,1.539078,1.529528,1.56047,1.64069,1.638016,1.716326,1.557796,1.492856,1.561998,1.477958,1.476812,1.48025,1.52036
18165,1.375964,1.429444,1.628084,1.593322,1.561998,1.561616,1.58148,1.6235,1.568492,1.52991,1.64451,1.50699,1.539078,1.529528,1.56047,1.64069,1.638016,1.716326,1.557796,1.492856,1.561998,1.477958,1.476812,1.48025,1.52036
18167,1.375964,1.429444,1.628084,1.593322,1.561998,1.561616,1.58148,1.6235,1.568492,1.52991,1.64451,1.50699,1.539078,1.529528,1.56047,1.64069,1.638016,1.716326,1.557796,1.492856,1.561998,1.477958,1.476812,1.48025,1.52036
18169,1.375964,1.429444,1.628084,1.593322,1.561998,1.561616,1.58148,1.6235,1.568492,1.52991,1.64451,1.50699,1.539078,1.529528,1.56047,1.64069,1.638016,1.716326,1.557796,1.492856,1.561998,1.477958,1.476812,1.48025,1.52036
18171,1.375964,1.429444,1.628084,1.593322,1.561998,1.561616,1.58148,1.6235,1.568492,1.52991,1.64451,1.50699,1.539078,1.529528,1.56047,1.64069,1.638016,1.716326,1.557796,1.492856,1.561998,1.477958,1.476812,1.48025,1.52036
18173,1.375964,1.429444,1.628084,1.593322,1.561998,1.561616,1.58148,1.6235,1.568492,1.52991,1.64451,1.50699,1.539078,1.529528,1.56047,1.64069,1.638016,1.716326,1.557796,1.492856,1.561998,1.477958,1.476812,1.48025,1.52036
18175,1.375964,1.429444,1.628084,1.593322,1.561998,1.561616,1.58148,1.6235,1.568492,1.52991,1.64451,1.50699,1.539078,1.529528,1.56047,1.64069,1.638016,1.716326,1.557796,1.492856,1.561998,1.477958,1.476812,1.48025,1.52036
18177,1.375964,1.429444,1.628084,1.593322,1.561998,1.561616,1.58148,1.6235,1.568492,1.52991,1.64451,1.50699,1.539078,1.529528,1.56047,1.64069,1.638016,1.716326,1.557796,1.492856,1.561998,1.477958,1.476812,1.48025,1.52036
18179,1.375964,1.429444,1.628084,1.593322,1.561998,1.561616,1.58148,1.6235,1.568492,1.52991,1.64451,1.50699,1.539078,1.529528,1.56047,1.64069,1.638016,1.716326,1.557796,1.492856,1.561998,1.477958,1.476812,1.48025,1.52036
18181,1.375964,1.429444,1.628084,1.593322,1.561998,1.561616,1.58148,1.6235,1.568492,1.52991,1.64451,1.50699,1.539078,1.529528,1.56047,1.64069,1.638016,1.716326,1.557796,1.492856,1.561998,1.477958,1.476812,1.48025,1.52036
18183,1.375964,1.429444,1.628084,1.593322,1.561998,1.561616,1.58148,1.6235,1.568492,1.52991,1.64451,1.50699,1.539078,1.529528,1.56047,1.64069,1.638016,1.716326,1.557796,1.492856,1.561998,1.477958,1.476812,1.48025,1.52036
19001,1.375964,1.429444,1.628084,1.593322,1.561998,1.561616,1.58148,1.6235,1.568492,1.52991,1.64451,1.50699,1.539078,1.529528,1.56047,1.64069,1.638016,1.716326,1.557796,1.492856,1.561998,1.477958,1.476812,1.48025,1.52036
19003,1.375964,1.429444,1.628084,1.593322,1.561998,1.561616,1.58148,1.6235,1.568492,1.52991,1.64451,1.50699,1.539078,1.529528,1.56047,1.64069,1.638016,1.716326,1.557796,1.492856,1.561998,1.477958,1.476812,1.48025,1.52036
19005,1.375964,1.429444,1.628084,1.593322,1.561998,1.561616,1.58148,1.6235,1.568492,1.52991,1.64451,1.50699,1.539078,1.529528,1.56047,1.64069,1.638016,1.716326,1.557796,1.492856,1.561998,1.477958,1.476812,1.48025,1.52036
19007,1.375964,1.429444,1.628084,1.593322,1.561998,1.561616,1.58148,1.6235,1.568492,1.52991,1.64451,1.50699,1.539078,1.529528,1.56047,1.64069,1.638016,1.716326,1.557796,1.492856,1.561998,1.477958,1.476812,1.48025,1.52036
19009,1.375964,1.429444,1.628084,1.593322,1.561998,1.561616,1.58148,1.6235,1.568492,1.52991,1.64451,1.50699,1.539078,1.529528,1.56047,1.64069,1.638016,1.716326,1.557796,1.492856,1.561998,1.477958,1.476812,1.48025,1.52036
19011,1.375964,1.429444,1.628084,1.593322,1.561998,1.561616,1.58148,1.6235,1.568492,1.52991,1.64451,1.50699,1.539078,1.529528,1.56047,1.64069,1.638016,1.716326,1.557796,1.492856,1.561998,1.477958,1.476812,1.48025,1.52036
19013,1.375964,1.429444,1.628084,1.593322,1.561998,1.561616,1.58148,1.6235,1.568492,1.52991,1.64451,1.50699,1.539078,1.529528,1.56047,1.64069,1.638016,1.716326,1.557796,1.492856,1.561998,1.477958,1.476812,1.48025,1.52036
19015,1.375964,1.429444,1.628084,1.593322,1.561998,1.561616,1.58148,1.6235,1.568492,1.52991,1.64451,1.50699,1.539078,1.529528,1.56047,1.64069,1.638016,1.716326,1.557796,1.492856,1.561998,1.477958,1.476812,1.48025,1.52036
19017,1.375964,1.429444,1.628084,1.593322,1.561998,1.561616,1.58148,1.6235,1.568492,1.52991,1.64451,1.50699,1.539078,1.529528,1.56047,1.64069,1.638016,1.716326,1.557796,1.492856,1.561998,1.477958,1.476812,1.48025,1.52036
19019,1.375964,1.429444,1.628084,1.593322,1.561998,1.561616,1.58148,1.6235,1.568492,1.52991,1.64451,1.50699,1.539078,1.529528,1.56047,1.64069,1.638016,1.716326,1.557796,1.492856,1.561998,1.477958,1.476812,1.48025,1.52036
19021,1.375964,1.429444,1.628084,1.593322,1.561998,1.561616,1.58148,1.6235,1.568492,1.52991,1.64451,1.50699,1.539078,1.529528,1.56047,1.64069,1.638016,1.716326,1.557796,1.492856,1.561998,1.477958,1.476812,1.48025,1.52036
19023,1.375964,1.429444,1.628084,1.593322,1.561998,1.561616,1.58148,1.6235,1.568492,1.52991,1.64451,1.50699,1.539078,1.529528,1.56047,1.64069,1.638016,1.716326,1.557796,1.492856,1.561998,1.477958,1.476812,1.48025,1.52036
19025,1.375964,1.429444,1.628084,1.593322,1.561998,1.561616,1.58148,1.6235,1.568492,1.52991,1.64451,1.50699,1.539078,1.529528,1.56047,1.64069,1.638016,1.716326,1.557796,1.492856,1.561998,1.477958,1.476812,1.48025,1.52036
19027,1.375964,1.429444,1.628084,1.593322,1.561998,1.561616,1.58148,1.6235,1.568492,1.52991,1.64451,1.50699,1.539078,1.529528,1.56047,1.64069,1.638016,1.716326,1.557796,1.492856,1.561998,1.477958,1.476812,1.48025,1.52036
19029,1.375964,1.429444,1.628084,1.593322,1.561998,1.561616,1.58148,1.6235,1.568492,1.52991,1.64451,1.50699,1.539078,1.529528,1.56047,1.64069,1.638016,1.716326,1.557796,1.492856,1.561998,1.477958,1.476812,1.48025,1.52036
19031,1.375964,1.429444,1.628084,1.593322,1.561998,1.561616,1.58148,1.6235,1.568492,1.52991,1.64451,1.50699,1.539078,1.529528,1.56047,1.64069,1.638016,1.716326,1.557796,1.492856,1.561998,1.477958,1.476812,1.48025,1.52036
19033,1.375964,1.429444,1.628084,1.593322,1.561998,1.561616,1.58148,1.6235,1.568492,1.52991,1.64451,1.50699,1.539078,1.529528,1.56047,1.64069,1.638016,1.716326,1.557796,1.492856,1.561998,1.477958,1.476812,1.48025,1.52036
19035,1.375964,1.429444,1.628084,1.593322,1.561998,1.561616,1.58148,1.6235,1.568492,1.52991,1.64451,1.50699,1.539078,1.529528,1.56047,1.64069,1.638016,1.716326,1.557796,1.492856,1.561998,1.477958,1.476812,1.48025,1.52036
19037,1.375964,1.429444,1.628084,1.593322,1.561998,1.561616,1.58148,1.6235,1.568492,1.52991,1.64451,1.50699,1.539078,1.529528,1.56047,1.64069,1.638016,1.716326,1.557796,1.492856,1.561998,1.477958,1.476812,1.48025,1.52036
19039,1.375964,1.429444,1.628084,1.593322,1.561998,1.561616,1.58148,1.6235,1.568492,1.52991,1.64451,1.50699,1.539078,1.529528,1.56047,1.64069,1.638016,1.716326,1.557796,1.492856,1.561998,1.477958,1.476812,1.48025,1.52036
19041,1.375964,1.429444,1.628084,1.593322,1.561998,1.561616,1.58148,1.6235,1.568492,1.52991,1.64451,1.50699,1.539078,1.529528,1.56047,1.64069,1.638016,1.716326,1.557796,1.492856,1.561998,1.477958,1.476812,1.48025,1.52036
19043,1.375964,1.429444,1.628084,1.593322,1.561998,1.561616,1.58148,1.6235,1.568492,1.52991,1.64451,1.50699,1.539078,1.529528,1.56047,1.64069,1.638016,1.716326,1.557796,1.492856,1.561998,1.477958,1.476812,1.48025,1.52036
19045,1.375964,1.429444,1.628084,1.593322,1.561998,1.561616,1.58148,1.6235,1.568492,1.52991,1.64451,1.50699,1.539078,1.529528,1.56047,1.64069,1.638016,1.716326,1.557796,1.492856,1.561998,1.477958,1.476812,1.48025,1.52036
19047,1.375964,1.429444,1.628084,1.593322,1.561998,1.561616,1.58148,1.6235,1.568492,1.52991,1.64451,1.50699,1.539078,1.529528,1.56047,1.64069,1.638016,1.716326,1.557796,1.492856,1.561998,1.477958,1.476812,1.48025,1.52036
19049,1.375964,1.429444,1.628084,1.593322,1.561998,1.561616,1.58148,1.6235,1.568492,1.52991,1.64451,1.50699,1.539078,1.529528,1.56047,1.64069,1.638016,1.716326,1.557796,1.492856,1.561998,1.477958,1.476812,1.48025,1.52036
19051,1.375964,1.429444,1.628084,1.593322,1.561998,1.561616,1.58148,1.6235,1.568492,1.52991,1.64451,1.50699,1.539078,1.529528,1.56047,1.64069,1.638016,1.716326,1.557796,1.492856,1.561998,1.477958,1.476812,1.48025,1.52036
19053,1.375964,1.429444,1.628084,1.593322,1.561998,1.561616,1.58148,1.6235,1.568492,1.52991,1.64451,1.50699,1.539078,1.529528,1.56047,1.64069,1.638016,1.716326,1.557796,1.492856,1.561998,1.477958,1.476812,1.48025,1.52036
19055,1.375964,1.429444,1.628084,1.593322,1.561998,1.561616,1.58148,1.6235,1.568492,1.52991,1.64451,1.50699,1.539078,1.529528,1.56047,1.64069,1.638016,1.716326,1.557796,1.492856,1.561998,1.477958,1.476812,1.48025,1.52036
19057,1.375964,1.429444,1.628084,1.593322,1.561998,1.561616,1.58148,1.6235,1.568492,1.52991,1.64451,1.50699,1.539078,1.529528,1.56047,1.64069,1.638016,1.716326,1.557796,1.492856,1.561998,1.477958,1.476812,1.48025,1.52036
19059,1.375964,1.429444,1.628084,1.593322,1.561998,1.561616,1.58148,1.6235,1.568492,1.52991,1.64451,1.50699,1.539078,1.529528,1.56047,1.64069,1.638016,1.716326,1.557796,1.492856,1.561998,1.477958,1.476812,1.48025,1.52036
19061,1.375964,1.429444,1.628084,1.593322,1.561998,1.561616,1.58148,1.6235,1.568492,1.52991,1.64451,1.50699,1.539078,1.529528,1.56047,1.64069,1.638016,1.716326,1.557796,1.492856,1.561998,1.477958,1.476812,1.48025,1.52036
19063,1.375964,1.429444,1.628084,1.593322,1.561998,1.561616,1.58148,1.6235,1.568492,1.52991,1.64451,1.50699,1.539078,1.529528,1.56047,1.64069,1.638016,1.716326,1.557796,1.492856,1.561998,1.477958,1.476812,1.48025,1.52036
19065,1.375964,1.429444,1.628084,1.593322,1.561998,1.561616,1.58148,1.6235,1.568492,1.52991,1.64451,1.50699,1.539078,1.529528,1.56047,1.64069,1.638016,1.716326,1.557796,1.492856,1.561998,1.477958,1.476812,1.48025,1.52036
19067,1.375964,1.429444,1.628084,1.593322,1.561998,1.561616,1.58148,1.6235,1.568492,1.52991,1.64451,1.50699,1.539078,1.529528,1.56047,1.64069,1.638016,1.716326,1.557796,1.492856,1.561998,1.477958,1.476812,1.48025,1.52036
19069,1.375964,1.429444,1.628084,1.593322,1.561998,1.561616,1.58148,1.6235,1.568492,1.52991,1.64451,1.50699,1.539078,1.529528,1.56047,1.64069,1.638016,1.716326,1.557796,1.492856,1.561998,1.477958,1.476812,1.48025,1.52036
19071,1.375964,1.429444,1.628084,1.593322,1.561998,1.561616,1.58148,1.6235,1.568492,1.52991,1.64451,1.50699,1.539078,1.529528,1.56047,1.64069,1.638016,1.716326,1.557796,1.492856,1.561998,1.477958,1.476812,1.48025,1.52036
19073,1.375964,1.429444,1.628084,1.593322,1.561998,1.561616,1.58148,1.6235,1.568492,1.52991,1.64451,1.50699,1.539078,1.529528,1.56047,1.64069,1.638016,1.716326,1.557796,1.492856,1.561998,1.477958,1.476812,1.48025,1.52036
19075,1.375964,1.429444,1.628084,1.593322,1.561998,1.561616,1.58148,1.6235,1.568492,1.52991,1.64451,1.50699,1.539078,1.529528,1.56047,1.64069,1.638016,1.716326,1.557796,1.492856,1.561998,1.477958,1.476812,1.48025,1.52036
19077,1.375964,1.429444,1.628084,1.593322,1.561998,1.561616,1.58148,1.6235,1.568492,1.52991,1.64451,1.50699,1.539078,1.529528,1.56047,1.64069,1.638016,1.716326,1.557796,1.492856,1.561998,1.477958,1.476812,1.48025,1.52036
19079,1.375964,1.429444,1.628084,1.593322,1.561998,1.561616,1.58148,1.6235,1.568492,1.52991,1.64451,1.50699,1.539078,1.529528,1.56047,1.64069,1.638016,1.716326,1.557796,1.492856,1.561998,1.477958,1.476812,1.48025,1.52036
19081,1.375964,1.429444,1.628084,1.593322,1.561998,1.561616,1.58148,1.6235,1.568492,1.52991,1.64451,1.50699,1.539078,1.529528,1.56047,1.64069,1.638016,1.716326,1.557796,1.492856,1.561998,1.477958,1.476812,1.48025,1.52036
19083,1.375964,1.429444,1.628084,1.593322,1.561998,1.561616,1.58148,1.6235,1.568492,1.52991,1.64451,1.50699,1.539078,1.529528,1.56047,1.64069,1.638016,1.716326,1.557796,1.492856,1.561998,1.477958,1.476812,1.48025,1.52036
19085,1.375964,1.429444,1.628084,1.593322,1.561998,1.561616,1.58148,1.6235,1.568492,1.52991,1.64451,1.50699,1.539078,1.529528,1.56047,1.64069,1.638016,1.716326,1.557796,1.492856,1.561998,1.477958,1.476812,1.48025,1.52036
19087,1.375964,1.429444,1.628084,1.593322,1.561998,1.561616,1.58148,1.6235,1.568492,1.52991,1.64451,1.50699,1.539078,1.529528,1.56047,1.64069,1.638016,1.716326,1.557796,1.492856,1.561998,1.477958,1.476812,1.48025,1.52036
19089,1.375964,1.429444,1.628084,1.593322,1.561998,1.561616,1.58148,1.6235,1.568492,1.52991,1.64451,1.50699,1.539078,1.529528,1.56047,1.64069,1.638016,1.716326,1.557796,1.492856,1.561998,1.477958,1.476812,1.48025,1.52036
19091,1.375964,1.429444,1.628084,1.593322,1.561998,1.561616,1.58148,1.6235,1.568492,1.52991,1.64451,1.50699,1.539078,1.529528,1.56047,1.64069,1.638016,1.716326,1.557796,1.492856,1.561998,1.477958,1.476812,1.48025,1.52036
19093,1.375964,1.429444,1.628084,1.593322,1.561998,1.561616,1.58148,1.6235,1.568492,1.52991,1.64451,1.50699,1.539078,1.529528,1.56047,1.64069,1.638016,1.716326,1.557796,1.492856,1.561998,1.477958,1.476812,1.48025,1.52036
19095,1.375964,1.429444,1.628084,1.593322,1.561998,1.561616,1.58148,1.6235,1.568492,1.52991,1.64451,1.50699,1.539078,1.529528,1.56047,1.64069,1.638016,1.716326,1.557796,1.492856,1.561998,1.477958,1.476812,1.48025,1.52036
19097,1.375964,1.429444,1.628084,1.593322,1.561998,1.561616,1.58148,1.6235,1.568492,1.52991,1.64451,1.50699,1.539078,1.529528,1.56047,1.64069,1.638016,1.716326,1.557796,1.492856,1.561998,1.477958,1.476812,1.48025,1.52036
19099,1.375964,1.429444,1.628084,1.593322,1.561998,1.561616,1.58148,1.6235,1.568492,1.52991,1.64451,1.50699,1.539078,1.529528,1.56047,1.64069,1.638016,1.716326,1.557796,1.492856,1.561998,1.477958,1.476812,1.48025,1.52036
19101,1.375964,1.429444,1.628084,1.593322,1.561998,1.561616,1.58148,1.6235,1.568492,1.52991,1.64451,1.50699,1.539078,1.529528,1.56047,1.64069,1.638016,1.716326,1.557796,1.492856,1.561998,1.477958,1.476812,1.48025,1.52036
19103,1.375964,1.429444,1.628084,1.593322,1.561998,1.561616,1.58148,1.6235,1.568492,1.52991,1.64451,1.50699,1.539078,1.529528,1.56047,1.64069,1.638016,1.716326,1.557796,1.492856,1.561998,1.477958,1.476812,1.48025,1.52036
19105,1.375964,1.429444,1.628084,1.593322,1.561998,1.561616,1.58148,1.6235,1.568492,1.52991,1.64451,1.50699,1.539078,1.529528,1.56047,1.64069,1.638016,1.716326,1.557796,1.492856,1.561998,1.477958,1.476812,1.48025,1.52036
19107,1.375964,1.429444,1.628084,1.593322,1.561998,1.561616,1.58148,1.6235,1.568492,1.52991,1.64451,1.50699,1.539078,1.529528,1.56047,1.64069,1.638016,1.716326,1.557796,1.492856,1.561998,1.477958,1.476812,1.48025,1.52036
19109,1.375964,1.429444,1.628084,1.593322,1.561998,1.561616,1.58148,1.6235,1.568492,1.52991,1.64451,1.50699,1.539078,1.529528,1.56047,1.64069,1.638016,1.716326,1.557796,1.492856,1.561998,1.477958,1.476812,1.48025,1.52036
19111,1.375964,1.429444,1.628084,1.593322,1.561998,1.561616,1.58148,1.6235,1.568492,1.52991,1.64451,1.50699,1.539078,1.529528,1.56047,1.64069,1.638016,1.716326,1.557796,1.492856,1.561998,1.477958,1.476812,1.48025,1.52036
19113,1.375964,1.429444,1.628084,1.593322,1.561998,1.561616,1.58148,1.6235,1.568492,1.52991,1.64451,1.50699,1.539078,1.529528,1.56047,1.64069,1.638016,1.716326,1.557796,1.492856,1.561998,1.477958,1.476812,1.48025,1.52036
19115,1.375964,1.429444,1.628084,1.593322,1.561998,1.561616,1.58148,1.6235,1.568492,1.52991,1.64451,1.50699,1.539078,1.529528,1.56047,1.64069,1.638016,1.716326,1.557796,1.492856,1.561998,1.477958,1.476812,1.48025,1.52036
19117,1.375964,1.429444,1.628084,1.593322,1.561998,1.561616,1.58148,1.6235,1.568492,1.52991,1.64451,1.50699,1.539078,1.529528,1.56047,1.64069,1.638016,1.716326,1.557796,1.492856,1.561998,1.477958,1.476812,1.48025,1.52036
19119,1.375964,1.429444,1.628084,1.593322,1.561998,1.561616,1.58148,1.6235,1.568492,1.52991,1.64451,1.50699,1.539078,1.529528,1.56047,1.64069,1.638016,1.716326,1.557796,1.492856,1.561998,1.477958,1.476812,1.48025,1.52036
19121,1.375964,1.429444,1.628084,1.593322,1.561998,1.561616,1.58148,1.6235,1.568492,1.52991,1.64451,1.50699,1.539078,1.529528,1.56047,1.64069,1.638016,1.716326,1.557796,1.492856,1.561998,1.477958,1.476812,1.48025,1.52036
19123,1.375964,1.429444,1.628084,1.593322,1.561998,1.561616,1.58148,1.6235,1.568492,1.52991,1.64451,1.50699,1.539078,1.529528,1.56047,1.64069,1.638016,1.716326,1.557796,1.492856,1.561998,1.477958,1.476812,1.48025,1.52036
19125,1.375964,1.429444,1.628084,1.593322,1.561998,1.561616,1.58148,1.6235,1.568492,1.52991,1.64451,1.50699,1.539078,1.529528,1.56047,1.64069,1.638016,1.716326,1.557796,1.492856,1.561998,1.477958,1.476812,1.48025,1.52036
19127,1.375964,1.429444,1.628084,1.593322,1.561998,1.561616,1.58148,1.6235,1.568492,1.52991,1.64451,1.50699,1.539078,1.529528,1.56047,1.64069,1.638016,1.716326,1.557796,1.492856,1.561998,1.477958,1.476812,1.48025,1.52036
19129,1.375964,1.429444,1.628084,1.593322,1.561998,1.561616,1.58148,1.6235,1.568492,1.52991,1.64451,1.50699,1.539078,1.529528,1.56047,1.64069,1.638016,1.716326,1.557796,1.492856,1.561998,1.477958,1.476812,1.48025,1.52036
19131,1.375964,1.429444,1.628084,1.593322,1.561998,1.561616,1.58148,1.6235,1.568492,1.52991,1.64451,1.50699,1.539078,1.529528,1.56047,1.64069,1.638016,1.716326,1.557796,1.492856,1.561998,1.477958,1.476812,1.48025,1.52036
19133,1.375964,1.429444,1.628084,1.593322,1.561998,1.561616,1.58148,1.6235,1.568492,1.52991,1.64451,1.50699,1.539078,1.529528,1.56047,1.64069,1.638016,1.716326,1.557796,1.492856,1.561998,1.477958,1.476812,1.48025,1.52036
19135,1.375964,1.429444,1.628084,1.593322,1.561998,1.561616,1.58148,1.6235,1.568492,1.52991,1.64451,1.50699,1.539078,1.529528,1.56047,1.64069,1.638016,1.716326,1.557796,1.492856,1.561998,1.477958,1.476812,1.48025,1.52036
19137,1.375964,1.429444,1.628084,1.593322,1.561998,1.561616,1.58148,1.6235,1.568492,1.52991,1.64451,1.50699,1.539078,1.529528,1.56047,1.64069,1.638016,1.716326,1.557796,1.492856,1.561998,1.477958,1.476812,1.48025,1.52036
19139,1.375964,1.429444,1.628084,1.593322,1.561998,1.561616,1.58148,1.6235,1.568492,1.52991,1.64451,1.50699,1.539078,1.529528,1.56047,1.64069,1.638016,1.716326,1.557796,1.492856,1.561998,1.477958,1.476812,1.48025,1.52036
19141,1.375964,1.429444,1.628084,1.593322,1.561998,1.561616,1.58148,1.6235,1.568492,1.52991,1.64451,1.50699,1.539078,1.529528,1.56047,1.64069,1.638016,1.716326,1.557796,1.492856,1.561998,1.477958,1.476812,1.48025,1.52036
19143,1.375964,1.429444,1.628084,1.593322,1.561998,1.561616,1.58148,1.6235,1.568492,1.52991,1.64451,1.50699,1.539078,1.529528,1.56047,1.64069,1.638016,1.716326,1.557796,1.492856,1.561998,1.477958,1.476812,1.48025,1.52036
19145,1.375964,1.429444,1.628084,1.593322,1.561998,1.561616,1.58148,1.6235,1.568492,1.52991,1.64451,1.50699,1.539078,1.529528,1.56047,1.64069,1.638016,1.716326,1.557796,1.492856,1.561998,1.477958,1.476812,1.48025,1.52036
19147,1.375964,1.429444,1.628084,1.593322,1.561998,1.561616,1.58148,1.6235,1.568492,1.52991,1.64451,1.50699,1.539078,1.529528,1.56047,1.64069,1.638016,1.716326,1.557796,1.492856,1.561998,1.477958,1.476812,1.48025,1.52036
19149,1.375964,1.429444,1.628084,1.593322,1.561998,1.561616,1.58148,1.6235,1.568492,1.52991,1.64451,1.50699,1.539078,1.529528,1.56047,1.64069,1.638016,1.716326,1.557796,1.492856,1.561998,1.477958,1.476812,1.48025,1.52036
19151,1.375964,1.429444,1.628084,1.593322,1.561998,1.561616,1.58148,1.6235,1.568492,1.52991,1.64451,1.50699,1.539078,1.529528,1.56047,1.64069,1.638016,1.716326,1.557796,1.492856,1.561998,1.477958,1.476812,1.48025,1.52036
19153,1.375964,1.429444,1.628084,1.593322,1.561998,1.561616,1.58148,1.6235,1.568492,1.52991,1.64451,1.50699,1.539078,1.529528,1.56047,1.64069,1.638016,1.716326,1.557796,1.492856,1.561998,1.477958,1.476812,1.48025,1.52036
19155,1.375964,1.429444,1.628084,1.593322,1.561998,1.561616,1.58148,1.6235,1.568492,1.52991,1.64451,1.50699,1.539078,1.529528,1.56047,1.64069,1.638016,1.716326,1.557796,1.492856,1.561998,1.477958,1.476812,1.48025,1.52036
19157,1.375964,1.429444,1.628084,1.593322,1.561998,1.561616,1.58148,1.6235,1.568492,1.52991,1.64451,1.50699,1.539078,1.529528,1.56047,1.64069,1.638016,1.716326,1.557796,1.492856,1.561998,1.477958,1.476812,1.48025,1.52036
19159,1.375964,1.429444,1.628084,1.593322,1.561998,1.561616,1.58148,1.6235,1.568492,1.52991,1.64451,1.50699,1.539078,1.529528,1.56047,1.64069,1.638016,1.716326,1.557796,1.492856,1.561998,1.477958,1.476812,1.48025,1.52036
19161,1.375964,1.429444,1.628084,1.593322,1.561998,1.561616,1.58148,1.6235,1.568492,1.52991,1.64451,1.50699,1.539078,1.529528,1.56047,1.64069,1.638016,1.716326,1.557796,1.492856,1.561998,1.477958,1.476812,1.48025,1.52036
19163,1.375964,1.429444,1.628084,1.593322,1.561998,1.561616,1.58148,1.6235,1.568492,1.52991,1.64451,1.50699,1.539078,1.529528,1.56047,1.64069,1.638016,1.716326,1.557796,1.492856,1.561998,1.477958,1.476812,1.48025,1.52036
19165,1.375964,1.429444,1.628084,1.593322,1.561998,1.561616,1.58148,1.6235,1.568492,1.52991,1.64451,1.50699,1.539078,1.529528,1.56047,1.64069,1.638016,1.716326,1.557796,1.492856,1.561998,1.477958,1.476812,1.48025,1.52036
19167,1.375964,1.429444,1.628084,1.593322,1.561998,1.561616,1.58148,1.6235,1.568492,1.52991,1.64451,1.50699,1.539078,1.529528,1.56047,1.64069,1.638016,1.716326,1.557796,1.492856,1.561998,1.477958,1.476812,1.48025,1.52036
19169,1.375964,1.429444,1.628084,1.593322,1.561998,1.561616,1.58148,1.6235,1.568492,1.52991,1.64451,1.50699,1.539078,1.529528,1.56047,1.64069,1.638016,1.716326,1.557796,1.492856,1.561998,1.477958,1.476812,1.48025,1.52036
19171,1.375964,1.429444,1.628084,1.593322,1.561998,1.561616,1.58148,1.6235,1.568492,1.52991,1.64451,1.50699,1.539078,1.529528,1.56047,1.64069,1.638016,1.716326,1.557796,1.492856,1.561998,1.477958,1.476812,1.48025,1.52036
19173,1.375964,1.429444,1.628084,1.593322,1.561998,1.561616,1.58148,1.6235,1.568492,1.52991,1.64451,1.50699,1.539078,1.529528,1.56047,1.64069,1.638016,1.716326,1.557796,1.492856,1.561998,1.477958,1.476812,1.48025,1.52036
19175,1.375964,1.429444,1.628084,1.593322,1.561998,1.561616,1.58148,1.6235,1.568492,1.52991,1.64451,1.50699,1.539078,1.529528,1.56047,1.64069,1.638016,1.716326,1.557796,1.492856,1.561998,1.477958,1.476812,1.48025,1.52036
19177,1.375964,1.429444,1.628084,1.593322,1.561998,1.561616,1.58148,1.6235,1.568492,1.52991,1.64451,1.50699,1.539078,1.529528,1.56047,1.64069,1.638016,1.716326,1.557796,1.492856,1.561998,1.477958,1.476812,1.48025,1.52036
19179,1.375964,1.429444,1.628084,1.593322,1.561998,1.561616,1.58148,1.6235,1.568492,1.52991,1.64451,1.50699,1.539078,1.529528,1.56047,1.64069,1.638016,1.716326,1.557796,1.492856,1.561998,1.477958,1.476812,1.48025,1.52036
19181,1.375964,1.429444,1.628084,1.593322,1.561998,1.561616,1.58148,1.6235,1.568492,1.52991,1.64451,1.50699,1.539078,1.529528,1.56047,1.64069,1.638016,1.716326,1.557796,1.492856,1.561998,1.477958,1.476812,1.48025,1.52036
19183,1.375964,1.429444,1.628084,1.593322,1.561998,1.561616,1.58148,1.6235,1.568492,1.52991,1.64451,1.50699,1.539078,1.529528,1.56047,1.64069,1.638016,1.716326,1.557796,1.492856,1.561998,1.477958,1.476812,1.48025,1.52036
19185,1.375964,1.429444,1.628084,1.593322,1.561998,1.561616,1.58148,1.6235,1.568492,1.52991,1.64451,1.50699,1.539078,1.529528,1.56047,1.64069,1.638016,1.716326,1.557796,1.492856,1.561998,1.477958,1.476812,1.48025,1.52036
19187,1.375964,1.429444,1.628084,1.593322,1.561998,1.561616,1.58148,1.6235,1.568492,1.52991,1.64451,1.50699,1.539078,1.529528,1.56047,1.64069,1.638016,1.716326,1.557796,1.492856,1.561998,1.477958,1.476812,1.48025,1.52036
19189,1.375964,1.429444,1.628084,1.593322,1.561998,1.561616,1.58148,1.6235,1.568492,1.52991,1.64451,1.50699,1.539078,1.529528,1.56047,1.64069,1.638016,1.716326,1.557796,1.492856,1.561998,1.477958,1.476812,1.48025,1.52036
19191,1.375964,1.429444,1.628084,1.593322,1.561998,1.561616,1.58148,1.6235,1.568492,1.52991,1.64451,1.50699,1.539078,1.529528,1.56047,1.64069,1.638016,1.716326,1.557796,1.492856,1.561998,1.477958,1.476812,1.48025,1.52036
19193,1.375964,1.429444,1.628084,1.593322,1.561998,1.561616,1.58148,1.6235,1.568492,1.52991,1.64451,1.50699,1.539078,1.529528,1.56047,1.64069,1.638016,1.716326,1.557796,1.492856,1.561998,1.477958,1.476812,1.48025,1.52036
19195,1.375964,1.429444,1.628084,1.593322,1.561998,1.561616,1.58148,1.6235,1.568492,1.52991,1.64451,1.50699,1.539078,1.529528,1.56047,1.64069,1.638016,1.716326,1.557796,1.492856,1.561998,1.477958,1.476812,1.48025,1.52036
19197,1.375964,1.429444,1.628084,1.593322,1.561998,1.561616,1.58148,1.6235,1.568492,1.52991,1.64451,1.50699,1.539078,1.529528,1.56047,1.64069,1.638016,1.716326,1.557796,1.492856,1.561998,1.477958,1.476812,1.48025,1.52036
20001,1.375964,1.429444,1.628084,1.593322,1.561998,1.561616,1.58148,1.6235,1.568492,1.52991,1.64451,1.50699,1.539078,1.529528,1.56047,1.64069,1.638016,1.716326,1.557796,1.492856,1.561998,1.477958,1.476812,1.48025,1.52036
20003,1.375964,1.429444,1.628084,1.593322,1.561998,1.561616,1.58148,1.6235,1.568492,1.52991,1.64451,1.50699,1.539078,1.529528,1.56047,1.64069,1.638016,1.716326,1.557796,1.492856,1.561998,1.477958,1.476812,1.48025,1.52036
20005,1.375964,1.429444,1.628084,1.593322,1.561998,1.561616,1.58148,1.6235,1.568492,1.52991,1.64451,1.50699,1.539078,1.529528,1.56047,1.64069,1.638016,1.716326,1.557796,1.492856,1.561998,1.477958,1.476812,1.48025,1.52036
20007,1.375964,1.429444,1.628084,1.593322,1.561998,1.561616,1.58148,1.6235,1.568492,1.52991,1.64451,1.50699,1.539078,1.529528,1.56047,1.64069,1.638016,1.716326,1.557796,1.492856,1.561998,1.477958,1.476812,1.48025,1.52036
20009,1.375964,1.429444,1.628084,1.593322,1.561998,1.561616,1.58148,1.6235,1.568492,1.52991,1.64451,1.50699,1.539078,1.529528,1.56047,1.64069,1.638016,1.716326,1.557796,1.492856,1.561998,1.477958,1.476812,1.48025,1.52036
20011,1.375964,1.429444,1.628084,1.593322,1.561998,1.561616,1.58148,1.6235,1.568492,1.52991,1.64451,1.50699,1.539078,1.529528,1.56047,1.64069,1.638016,1.716326,1.557796,1.492856,1.561998,1.477958,1.476812,1.48025,1.52036
20013,1.375964,1.429444,1.628084,1.593322,1.561998,1.561616,1.58148,1.6235,1.568492,1.52991,1.64451,1.50699,1.539078,1.529528,1.56047,1.64069,1.638016,1.716326,1.557796,1.492856,1.561998,1.477958,1.476812,1.48025,1.52036
20015,1.375964,1.429444,1.628084,1.593322,1.561998,1.561616,1.58148,1.6235,1.568492,1.52991,1.64451,1.50699,1.539078,1.529528,1.56047,1.64069,1.638016,1.716326,1.557796,1.492856,1.561998,1.477958,1.476812,1.48025,1.52036
20017,1.375964,1.429444,1.628084,1.593322,1.561998,1.561616,1.58148,1.6235,1.568492,1.52991,1.64451,1.50699,1.539078,1.529528,1.56047,1.64069,1.638016,1.716326,1.557796,1.492856,1.561998,1.477958,1.476812,1.48025,1.52036
20019,1.375964,1.429444,1.628084,1.593322,1.561998,1.561616,1.58148,1.6235,1.568492,1.52991,1.64451,1.50699,1.539078,1.529528,1.56047,1.64069,1.638016,1.716326,1.557796,1.492856,1.561998,1.477958,1.476812,1.48025,1.52036
20021,1.375964,1.429444,1.628084,1.593322,1.561998,1.561616,1.58148,1.6235,1.568492,1.52991,1.64451,1.50699,1.539078,1.529528,1.56047,1.64069,1.638016,1.716326,1.557796,1.492856,1.561998,1.477958,1.476812,1.48025,1.52036
20023,1.375964,1.429444,1.628084,1.593322,1.561998,1.561616,1.58148,1.6235,1.568492,1.52991,1.64451,1.50699,1.539078,1.529528,1.56047,1.64069,1.638016,1.716326,1.557796,1.492856,1.561998,1.477958,1.476812,1.48025,1.52036
20025,1.375964,1.429444,1.628084,1.593322,1.561998,1.561616,1.58148,1.6235,1.568492,1.52991,1.64451,1.50699,1.539078,1.529528,1.56047,1.64069,1.638016,1.716326,1.557796,1.492856,1.561998,1.477958,1.476812,1.48025,1.52036
20027,1.375964,1.429444,1.628084,1.593322,1.561998,1.561616,1.58148,1.6235,1.568492,1.52991,1.64451,1.50699,1.539078,1.529528,1.56047,1.64069,1.638016,1.716326,1.557796,1.492856,1.561998,1.477958,1.476812,1.48025,1.52036
20029,1.375964,1.429444,1.628084,1.593322,1.561998,1.561616,1.58148,1.6235,1.568492,1.52991,1.64451,1.50699,1.539078,1.529528,1.56047,1.64069,1.638016,1.716326,1.557796,1.492856,1.561998,1.477958,1.476812,1.48025,1.52036
20031,1.375964,1.429444,1.628084,1.593322,1.561998,1.561616,1.58148,1.6235,1.568492,1.52991,1.64451,1.50699,1.539078,1.529528,1.56047,1.64069,1.638016,1.716326,1.557796,1.492856,1.561998,1.477958,1.476812,1.48025,1.52036
20033,1.375964,1.429444,1.628084,1.593322,1.561998,1.561616,1.58148,1.6235,1.568492,1.52991,1.64451,1.50699,1.539078,1.529528,1.56047,1.64069,1.638016,1.716326,1.557796,1.492856,1.561998,1.477958,1.476812,1.48025,1.52036
20035,1.375964,1.429444,1.628084,1.593322,1.561998,1.561616,1.58148,1.6235,1.568492,1.52991,1.64451,1.50699,1.539078,1.529528,1.56047,1.64069,1.638016,1.716326,1.557796,1.492856,1.561998,1.477958,1.476812,1.48025,1.52036
20037,1.375964,1.429444,1.628084,1.593322,1.561998,1.561616,1.58148,1.6235,1.568492,1.52991,1.64451,1.50699,1.539078,1.529528,1.56047,1.64069,1.638016,1.716326,1.557796,1.492856,1.561998,1.477958,1.476812,1.48025,1.52036
20039,1.375964,1.429444,1.628084,1.593322,1.561998,1.561616,1.58148,1.6235,1.568492,1.52991,1.64451,1.50699,1.539078,1.529528,1.56047,1.64069,1.638016,1.716326,1.557796,1.492856,1.561998,1.477958,1.476812,1.48025,1.52036
20041,1.375964,1.429444,1.628084,1.593322,1.561998,1.561616,1.58148,1.6235,1.568492,1.52991,1.64451,1.50699,1.539078,1.529528,1.56047,1.64069,1.638016,1.716326,1.557796,1.492856,1.561998,1.477958,1.476812,1.48025,1.52036
20043,1.375964,1.429444,1.628084,1.593322,1.561998,1.561616,1.58148,1.6235,1.568492,1.52991,1.64451,1.50699,1.539078,1.529528,1.56047,1.64069,1.638016,1.716326,1.557796,1.492856,1.561998,1.477958,1.476812,1.48025,1.52036
20045,1.375964,1.429444,1.628084,1.593322,1.561998,1.561616,1.58148,1.6235,1.568492,1.52991,1.64451,1.50699,1.539078,1.529528,1.56047,1.64069,1.638016,1.716326,1.557796,1.492856,1.561998,1.477958,1.476812,1.48025,1.52036
20047,1.375964,1.429444,1.628084,1.593322,1.561998,1.561616,1.58148,1.6235,1.568492,1.52991,1.64451,1.50699,1.539078,1.529528,1.56047,1.64069,1.638016,1.716326,1.557796,1.492856,1.561998,1.477958,1.476812,1.48025,1.52036
20049,1.375964,1.429444,1.628084,1.593322,1.561998,1.561616,1.58148,1.6235,1.568492,1.52991,1.64451,1.50699,1.539078,1.529528,1.56047,1.64069,1.638016,1.716326,1.557796,1.492856,1.561998,1.477958,1.476812,1.48025,1.52036
20051,1.375964,1.429444,1.628084,1.593322,1.561998,1.561616,1.58148,1.6235,1.568492,1.52991,1.64451,1.50699,1.539078,1.529528,1.56047,1.64069,1.638016,1.716326,1.557796,1.492856,1.561998,1.477958,1.476812,1.48025,1.52036
20053,1.375964,1.429444,1.628084,1.593322,1.561998,1.561616,1.58148,1.6235,1.568492,1.52991,1.64451,1.50699,1.539078,1.529528,1.56047,1.64069,1.638016,1.716326,1.557796,1.492856,1.561998,1.477958,1.476812,1.48025,1.52036
20055,1.375964,1.429444,1.628084,1.593322,1.561998,1.561616,1.58148,1.6235,1.568492,1.52991,1.64451,1.50699,1.539078,1.529528,1.56047,1.64069,1.638016,1.716326,1.557796,1.492856,1.561998,1.477958,1.476812,1.48025,1.52036
20057,1.375964,1.429444,1.628084,1.593322,1.561998,1.561616,1.58148,1.6235,1.568492,1.52991,1.64451,1.50699,1.539078,1.529528,1.56047,1.64069,1.638016,1.716326,1.557796,1.492856,1.561998,1.477958,1.476812,1.48025,1.52036
20059,1.375964,1.429444,1.628084,1.593322,1.561998,1.561616,1.58148,1.6235,1.568492,1.52991,1.64451,1.50699,1.539078,1.529528,1.56047,1.64069,1.638016,1.716326,1.557796,1.492856,1.561998,1.477958,1.476812,1.48025,1.52036
20061,1.375964,1.429444,1.628084,1.593322,1.561998,1.561616,1.58148,1.6235,1.568492,1.52991,1.64451,1.50699,1.539078,1.529528,1.56047,1.64069,1.638016,1.716326,1.557796,1.492856,1.561998,1.477958,1.476812,1.48025,1.52036
20063,1.375964,1.429444,1.628084,1.593322,1.561998,1.561616,1.58148,1.6235,1.568492,1.52991,1.64451,1.50699,1.539078,1.529528,1.56047,1.64069,1.638016,1.716326,1.557796,1.492856,1.561998,1.477958,1.476812,1.48025,1.52036
20065,1.375964,1.429444,1.628084,1.593322,1.561998,1.561616,1.58148,1.6235,1.568492,1.52991,1.64451,1.50699,1.539078,1.529528,1.56047,1.64069,1.638016,1.716326,1.557796,1.492856,1.561998,1.477958,1.476812,1.48025,1.52036
20067,1.375964,1.429444,1.628084,1.593322,1.561998,1.561616,1.58148,1.6235,1.568492,1.52991,1.64451,1.50699,1.539078,1.529528,1.56047,1.64069,1.638016,1.716326,1.557796,1.492856,1.561998,1.477958,1.476812,1.48025,1.52036
20069,1.375964,1.429444,1.628084,1.593322,1.561998,1.561616,1.58148,1.6235,1.568492,1.52991,1.64451,1.50699,1.539078,1.529528,1.56047,1.64069,1.638016,1.716326,1.557796,1.492856,1.561998,1.477958,1.476812,1.48025,1.52036
20071,1.375964,1.429444,1.628084,1.593322,1.561998,1.561616,1.58148,1.6235,1.568492,1.52991,1.64451,1.50699,1.539078,1.529528,1.56047,1.64069,1.638016,1.716326,1.557796,1.492856,1.561998,1.477958,1.476812,1.48025,1.52036
20073,1.375964,1.429444,1.628084,1.593322,1.561998,1.561616,1.58148,1.6235,1.568492,1.52991,1.64451,1.50699,1.539078,1.529528,1.56047,1.64069,1.638016,1.716326,1.557796,1.492856,1.561998,1.477958,1.476812,1.48025,1.52036
20075,1.375964,1.429444,1.628084,1.593322,1.561998,1.561616,1.58148,1.6235,1.568492,1.52991,1.64451,1.50699,1.539078,1.529528,1.56047,1.64069,1.638016,1.716326,1.557796,1.492856,1.561998,1.477958,1.476812,1.48025,1.52036
20077,1.375964,1.429444,1.628084,1.593322,1.561998,1.561616,1.58148,1.6235,1.568492,1.52991,1.64451,1.50699,1.539078,1.529528,1.56047,1.64069,1.638016,1.716326,1.557796,1.492856,1.561998,1.477958,1.476812,1.48025,1.52036
20079,1.375964,1.429444,1.628084,1.593322,1.561998,1.561616,1.58148,1.6235,1.568492,1.52991,1.64451,1.50699,1.539078,1.529528,1.56047,1.64069,1.638016,1.716326,1.557796,1.492856,1.561998,1.477958,1.476812,1.48025,1.52036
20081,1.375964,1.429444,1.628084,1.593322,1.561998,1.561616,1.58148,1.6235,1.568492,1.52991,1.64451,1.50699,1.539078,1.529528,1.56047,1.64069,1.638016,1.716326,1.557796,1.492856,1.561998,1.477958,1.476812,1.48025,1.52036
20083,1.375964,1.429444,1.628084,1.593322,1.561998,1.561616,1.58148,1.6235,1.568492,1.52991,1.64451,1.50699,1.539078,1.529528,1.56047,1.64069,1.638016,1.716326,1.557796,1.492856,1.561998,1.477958,1.476812,1.48025,1.52036
20085,1.375964,1.429444,1.628084,1.593322,1.561998,1.561616,1.58148,1.6235,1.568492,1.52991,1.64451,1.50699,1.539078,1.529528,1.56047,1.64069,1.638016,1.716326,1.557796,1.492856,1.561998,1.477958,1.476812,1.48025,1.52036
20087,1.375964,1.429444,1.628084,1.593322,1.561998,1.561616,1.58148,1.6235,1.568492,1.52991,1.64451,1.50699,1.539078,1.529528,1.56047,1.64069,1.638016,1.716326,1.557796,1.492856,1.561998,1.477958,1.476812,1.48025,1.52036
20089,1.375964,1.429444,1.628084,1.593322,1.561998,1.561616,1.58148,1.6235,1.568492,1.52991,1.64451,1.50699,1.539078,1.529528,1.56047,1.64069,1.638016,1.716326,1.557796,1.492856,1.561998,1.477958,1.476812,1.48025,1.52036
20091,1.375964,1.429444,1.628084,1.593322,1.561998,1.561616,1.58148,1.6235,1.568492,1.52991,1.64451,1.50699,1.539078,1.529528,1.56047,1.64069,1.638016,1.716326,1.557796,1.492856,1.561998,1.477958,1.476812,1.48025,1.52036
20093,1.375964,1.429444,1.628084,1.593322,1.561998,1.561616,1.58148,1.6235,1.568492,1.52991,1.64451,1.50699,1.539078,1.529528,1.56047,1.64069,1.638016,1.716326,1.557796,1.492856,1.561998,1.477958,1.476812,1.48025,1.52036
20095,1.375964,1.429444,1.628084,1.593322,1.561998,1.561616,1.58148,1.6235,1.568492,1.52991,1.64451,1.50699,1.539078,1.529528,1.56047,1.64069,1.638016,1.716326,1.557796,1.492856,1.561998,1.477958,1.476812,1.48025,1.52036
20097,1.375964,1.429444,1.628084,1.593322,1.561998,1.561616,1.58148,1.6235,1.568492,1.52991,1.64451,1.50699,1.539078,1.529528,1.56047,1.64069,1.638016,1.716326,1.557796,1.492856,1.561998,1.477958,1.476812,1.48025,1.52036
20099,1.375964,1.429444,1.628084,1.593322,1.561998,1.561616,1.58148,1.6235,1.568492,1.52991,1.64451,1.50699,1.539078,1.529528,1.56047,1.64069,1.638016,1.716326,1.557796,1.492856,1.561998,1.477958,1.476812,1.48025,1.52036
20101,1.375964,1.429444,1.628084,1.593322,1.561998,1.561616,1.58148,1.6235,1.568492,1.52991,1.64451,1.50699,1.539078,1.529528,1.56047,1.64069,1.638016,1.716326,1.557796,1.492856,1.561998,1.477958,1.476812,1.48025,1.52036
20103,1.375964,1.429444,1.628084,1.593322,1.561998,1.561616,1.58148,1.6235,1.568492,1.52991,1.64451,1.50699,1.539078,1.529528,1.56047,1.64069,1.638016,1.716326,1.557796,1.492856,1.561998,1.477958,1.476812,1.48025,1.52036
20105,1.375964,1.429444,1.628084,1.593322,1.561998,1.561616,1.58148,1.6235,1.568492,1.52991,1.64451,1.50699,1.539078,1.529528,1.56047,1.64069,1.638016,1.716326,1.557796,1.492856,1.561998,1.477958,1.476812,1.48025,1.52036
20107,1.375964,1.429444,1.628084,1.593322,1.561998,1.561616,1.58148,1.6235,1.568492,1.52991,1.64451,1.50699,1.539078,1.529528,1.56047,1.64069,1.638016,1.716326,1.557796,1.492856,1.561998,1.477958,1.476812,1.48025,1.52036
20109,1.375964,1.429444,1.628084,1.593322,1.561998,1.561616,1.58148,1.6235,1.568492,1.52991,1.64451,1.50699,1.539078,1.529528,1.56047,1.64069,1.638016,1.716326,1.557796,1.492856,1.561998,1.477958,1.476812,1.48025,1.52036
20111,1.375964,1.429444,1.628084,1.593322,1.561998,1.561616,1.58148,1.6235,1.568492,1.52991,1.64451,1.50699,1.539078,1.529528,1.56047,1.64069,1.638016,1.716326,1.557796,1.492856,1.561998,1.477958,1.476812,1.48025,1.52036
20113,1.375964,1.429444,1.628084,1.593322,1.561998,1.561616,1.58148,1.6235,1.568492,1.52991,1.64451,1.50699,1.539078,1.529528,1.56047,1.64069,1.638016,1.716326,1.557796,1.492856,1.561998,1.477958,1.476812,1.48025,1.52036
20115,1.375964,1.429444,1.628084,1.593322,1.561998,1.561616,1.58148,1.6235,1.568492,1.52991,1.64451,1.50699,1.539078,1.529528,1.56047,1.64069,1.638016,1.716326,1.557796,1.492856,1.561998,1.477958,1.476812,1.48025,1.52036
20117,1.375964,1.429444,1.628084,1.593322,1.561998,1.561616,1.58148,1.6235,1.568492,1.52991,1.64451,1.50699,1.539078,1.529528,1.56047,1.64069,1.638016,1.716326,1.557796,1.492856,1.561998,1.477958,1.476812,1.48025,1.52036
20119,1.375964,1.429444,1.628084,1.593322,1.561998,1.561616,1.58148,1.6235,1.568492,1.52991,1.64451,1.50699,1.539078,1.529528,1.56047,1.64069,1.638016,1.716326,1.557796,1.492856,1.561998,1.477958,1.476812,1.48025,1.52036
20121,1.375964,1.429444,1.628084,1.593322,1.561998,1.561616,1.58148,1.6235,1.568492,1.52991,1.64451,1.50699,1.539078,1.529528,1.56047,1.64069,1.638016,1.716326,1.557796,1.492856,1.561998,1.477958,1.476812,1.48025,1.52036
20123,1.375964,1.429444,1.628084,1.593322,1.561998,1.561616,1.58148,1.6235,1.568492,1.52991,1.64451,1.50699,1.539078,1.529528,1.56047,1.64069,1.638016,1.716326,1.557796,1.492856,1.561998,1.477958,1.476812,1.48025,1.52036
20125,1.375964,1.429444,1.628084,1.593322,1.561998,1.561616,1.58148,1.6235,1.568492,1.52991,1.64451,1.50699,1.539078,1.529528,1.56047,1.64069,1.638016,1.716326,1.557796,1.492856,1.561998,1.477958,1.476812,1.48025,1.52036
20127,1.375964,1.429444,1.628084,1.593322,1.561998,1.561616,1.58148,1.6235,1.568492,1.52991,1.64451,1.50699,1.539078,1.529528,1.56047,1.64069,1.638016,1.716326,1.557796,1.492856,1.561998,1.477958,1.476812,1.48025,1.52036
20129,1.375964,1.429444,1.628084,1.593322,1.561998,1.561616,1.58148,1.6235,1.568492,1.52991,1.64451,1.50699,1.539078,1.529528,1.56047,1.64069,1.638016,1.716326,1.557796,1.492856,1.561998,1.477958,1.476812,1.48025,1.52036
20131,1.375964,1.429444,1.628084,1.593322,1.561998,1.561616,1.58148,1.6235,1.568492,1.52991,1.64451,1.50699,1.539078,1.529528,1.56047,1.64069,1.638016,1.716326,1.557796,1.492856,1.561998,1.477958,1.476812,1.48025,1.52036
20133,1.375964,1.429444,1.628084,1.593322,1.561998,1.561616,1.58148,1.6235,1.568492,1.52991,1.64451,1.50699,1.539078,1.529528,1.56047,1.64069,1.638016,1.716326,1.557796,1.492856,1.561998,1.477958,1.476812,1.48025,1.52036
20135,1.375964,1.429444,1.628084,1.593322,1.561998,1.561616,1.58148,1.6235,1.568492,1.52991,1.64451,1.50699,1.539078,1.529528,1.56047,1.64069,1.638016,1.716326,1.557796,1.492856,1.561998,1.477958,1.476812,1.48025,1.52036
20137,1.375964,1.429444,1.628084,1.593322,1.561998,1.561616,1.58148,1.6235,1.568492,1.52991,1.64451,1.50699,1.539078,1.529528,1.56047,1.64069,1.638016,1.716326,1.557796,1.492856,1.561998,1.477958,1.476812,1.48025,1.52036
20139,1.375964,1.429444,1.628084,1.593322,1.561998,1.561616,1.58148,1.6235,1.568492,1.52991,1.64451,1.50699,1.539078,1.529528,1.56047,1.64069,1.638016,1.716326,1.557796,1.492856,1.561998,1.477958,1.476812,1.48025,1.52036
20141,1.375964,1.429444,1.628084,1.593322,1.561998,1.561616,1.58148,1.6235,1.568492,1.52991,1.64451,1.50699,1.539078,1.529528,1.56047,1.64069,1.638016,1.716326,1.557796,1.492856,1.561998,1.477958,1.476812,1.48025,1.52036
20143,1.375964,1.429444,1.628084,1.593322,1.561998,1.561616,1.58148,1.6235,1.568492,1.52991,1.64451,1.50699,1.539078,1.529528,1.56047,1.64069,1.638016,1.716326,1.557796,1.492856,1.561998,1.477958,1.476812,1.48025,1.52036
20145,1.375964,1.429444,1.628084,1.593322,1.561998,1.561616,1.58148,1.6235,1.568492,1.52991,1.64451,1.50699,1.539078,1.529528,1.56047,1.64069,1.638016,1.716326,1.557796,1.492856,1.561998,1.477958,1.476812,1.48025,1.52036
20147,1.375964,1.429444,1.628084,1.593322,1.561998,1.561616,1.58148,1.6235,1.568492,1.52991,1.64451,1.50699,1.539078,1.529528,1.56047,1.64069,1.638016,1.716326,1.557796,1.492856,1.561998,1.477958,1.476812,1.48025,1.52036
20149,1.375964,1.429444,1.628084,1.593322,1.561998,1.561616,1.58148,1.6235,1.568492,1.52991,1.64451,1.50699,1.539078,1.529528,1.56047,1.64069,1.638016,1.716326,1.557796,1.492856,1.561998,1.477958,1.476812,1.48025,1.52036
20151,1.375964,1.429444,1.628084,1.593322,1.561998,1.561616,1.58148,1.6235,1.568492,1.52991,1.64451,1.50699,1.539078,1.529528,1.56047,1.64069,1.638016,1.716326,1.557796,1.492856,1.561998,1.477958,1.476812,1.48025,1.52036
20153,1.375964,1.429444,1.628084,1.593322,1.561998,1.561616,1.58148,1.6235,1.568492,1.52991,1.64451,1.50699,1.539078,1.529528,1.56047,1.64069,1.638016,1.716326,1.557796,1.492856,1.561998,1.477958,1.476812,1.48025,1.52036
20155,1.375964,1.429444,1.628084,1.593322,1.561998,1.561616,1.58148,1.6235,1.568492,1.52991,1.64451,1.50699,1.539078,1.529528,1.56047,1.64069,1.638016,1.716326,1.557796,1.492856,1.561998,1.477958,1.476812,1.48025,1.52036
20157,1.375964,1.429444,1.628084,1.593322,1.561998,1.561616,1.58148,1.6235,1.568492,1.52991,1.64451,1.50699,1.539078,1.529528,1.56047,1.64069,1.638016,1.716326,1.557796,1.492856,1.561998,1.477958,1.476812,1.48025,1.52036
20159,1.375964,1.429444,1.628084,1.593322,1.561998,1.561616,1.58148,1.6235,1.568492,1.52991,1.64451,1.50699,1.539078,1.529528,1.56047,1.64069,1.638016,1.716326,1.557796,1.492856,1.561998,1.477958,1.476812,1.48025,1.52036
20161,1.375964,1.429444,1.628084,1.593322,1.561998,1.561616,1.58148,1.6235,1.568492,1.52991,1.64451,1.50699,1.539078,1.529528,1.56047,1.64069,1.638016,1.716326,1.557796,1.492856,1.561998,1.477958,1.476812,1.48025,1.52036
20163,1.375964,1.429444,1.628084,1.593322,1.561998,1.561616,1.58148,1.6235,1.568492,1.52991,1.64451,1.50699,1.539078,1.529528,1.56047,1.64069,1.638016,1.716326,1.557796,1.492856,1.561998,1.477958,1.476812,1.48025,1.52036
20165,1.375964,1.429444,1.628084,1.593322,1.561998,1.561616,1.58148,1.6235,1.568492,1.52991,1.64451,1.50699,1.539078,1.529528,1.56047,1.64069,1.638016,1.716326,1.557796,1.492856,1.561998,1.477958,1.476812,1.48025,1.52036
20167,1.375964,1.429444,1.628084,1.593322,1.561998,1.561616,1.58148,1.6235,1.568492,1.52991,1.64451,1.50699,1.539078,1.529528,1.56047,1.64069,1.638016,1.716326,1.557796,1.492856,1.561998,1.477958,1.476812,1.48025,1.52036
20169,1.375964,1.429444,1.628084,1.593322,1.561998,1.561616,1.58148,1.6235,1.568492,1.52991,1.64451,1.50699,1.539078,1.529528,1.56047,1.64069,1.638016,1.716326,1.557796,1.492856,1.561998,1.477958,1.476812,1.48025,1.52036
20171,1.375964,1.429444,1.628084,1.593322,1.561998,1.561616,1.58148,1.6235,1.568492,1.52991,1.64451,1.50699,1.539078,1.529528,1.56047,1.64069,1.638016,1.716326,1.557796,1.492856,1.561998,1.477958,1.476812,1.48025,1.52036
20173,1.375964,1.429444,1.628084,1.593322,1.561998,1.561616,1.58148,1.6235,1.568492,1.52991,1.64451,1.50699,1.539078,1.529528,1.56047,1.64069,1.638016,1.716326,1.557796,1.492856,1.561998,1.477958,1.476812,1.48025,1.52036
20175,1.375964,1.429444,1.628084,1.593322,1.561998,1.561616,1.58148,1.6235,1.568492,1.52991,1.64451,1.50699,1.539078,1.529528,1.56047,1.64069,1.638016,1.716326,1.557796,1.492856,1.561998,1.477958,1.476812,1.48025,1.52036
20177,1.375964,1.429444,1.628084,1.593322,1.561998,1.561616,1.58148,1.6235,1.568492,1.52991,1.64451,1.50699,1.539078,1.529528,1.56047,1.64069,1.638016,1.716326,1.557796,1.492856,1.561998,1.477958,1.476812,1.48025,1.52036
20179,1.375964,1.429444,1.628084,1.593322,1.561998,1.561616,1.58148,1.6235,1.568492,1.52991,1.64451,1.50699,1.539078,1.529528,1.56047,1.64069,1.638016,1.716326,1.557796,1.492856,1.561998,1.477958,1.476812,1.48025,1.52036
20181,1.375964,1.429444,1.628084,1.593322,1.561998,1.561616,1.58148,1.6235,1.568492,1.52991,1.64451,1.50699,1.539078,1.529528,1.56047,1.64069,1.638016,1.716326,1.557796,1.492856,1.561998,1.477958,1.476812,1.48025,1.52036
20183,1.375964,1.429444,1.628084,1.593322,1.561998,1.561616,1.58148,1.6235,1.568492,1.52991,1.64451,1.50699,1.539078,1.529528,1.56047,1.64069,1.638016,1.716326,1.557796,1.492856,1.561998,1.477958,1.476812,1.48025,1.52036
20185,1.375964,1.429444,1.628084,1.593322,1.561998,1.561616,1.58148,1.6235,1.568492,1.52991,1.64451,1.50699,1.539078,1.529528,1.56047,1.64069,1.638016,1.716326,1.557796,1.492856,1.561998,1.477958,1.476812,1.48025,1.52036
20187,1.375964,1.429444,1.628084,1.593322,1.561998,1.561616,1.58148,1.6235,1.568492,1.52991,1.64451,1.50699,1.539078,1.529528,1.56047,1.64069,1.638016,1.716326,1.557796,1.492856,1.561998,1.477958,1.476812,1.48025,1.52036
20189,1.375964,1.429444,1.628084,1.593322,1.561998,1.561616,1.58148,1.6235,1.568492,1.52991,1.64451,1.50699,1.539078,1.529528,1.56047,1.64069,1.638016,1.716326,1.557796,1.492856,1.561998,1.477958,1.476812,1.48025,1.52036
20191,1.375964,1.429444,1.628084,1.593322,1.561998,1.561616,1.58148,1.6235,1.568492,1.52991,1.64451,1.50699,1.539078,1.529528,1.56047,1.64069,1.638016,1.716326,1.557796,1.492856,1.561998,1.477958,1.476812,1.48025,1.52036
20193,1.375964,1.429444,1.628084,1.593322,1.561998,1.561616,1.58148,1.6235,1.568492,1.52991,1.64451,1.50699,1.539078,1.529528,1.56047,1.64069,1.638016,1.716326,1.557796,1.492856,1.561998,1.477958,1.476812,1.48025,1.52036
20195,1.375964,1.429444,1.628084,1.593322,1.561998,1.561616,1.58148,1.6235,1.568492,1.52991,1.64451,1.50699,1.539078,1.529528,1.56047,1.64069,1.638016,1.716326,1.557796,1.492856,1.561998,1.477958,1.476812,1.48025,1.52036
20197,1.375964,1.429444,1.628084,1.593322,1.561998,1.561616,1.58148,1.6235,1.568492,1.52991,1.64451,1.50699,1.539078,1.529528,1.56047,1.64069,1.638016,1.716326,1.557796,1.492856,1.561998,1.477958,1.476812,1.48025,1.52036
20199,1.375964,1.429444,1.628084,1.593322,1.561998,1.561616,1.58148,1.6235,1.568492,1.52991,1.64451,1.50699,1.539078,1.529528,1.56047,1.64069,1.638016,1.716326,1.557796,1.492856,1.561998,1.477958,1.476812,1.48025,1.52036
20201,1.375964,1.429444,1.628084,1.593322,1.561998,1.561616,1.58148,1.6235,1.568492,1.52991,1.64451,1.50699,1.539078,1.529528,1.56047,1.64069,1.638016,1.716326,1.557796,1.492856,1.561998,1.477958,1.476812,1.48025,1.52036
20203,1.375964,1.429444,1.628084,1.593322,1.561998,1.561616,1.58148,1.6235,1.568492,1.52991,1.64451,1.50699,1.539078,1.529528,1.56047,1.64069,1.638016,1.716326,1.557796,1.492856,1.561998,1.477958,1.476812,1.48025,1.52036
20205,1.375964,1.429444,1.628084,1.593322,1.561998,1.561616,1.58148,1.6235,1.568492,1.52991,1.64451,1.50699,1.539078,1.529528,1.56047,1.64069,1.638016,1.716326,1.557796,1.492856,1.561998,1.477958,1.476812,1.48025,1.52036
20207,1.375964,1.429444,1.628084,1.593322,1.561998,1.561616,1.58148,1.6235,1.568492,1.52991,1.64451,1.50699,1.539078,1.529528,1.56047,1.64069,1.638016,1.716326,1.557796,1.492856,1.561998,1.477958,1.476812,1.48025,1.52036
20209,1.375964,1.429444,1.628084,1.593322,1.561998,1.561616,1.58148,1.6235,1.568492,1.52991,1.64451,1.50699,1.539078,1.529528,1.56047,1.64069,1.638016,1.716326,1.557796,1.492856,1.561998,1.477958,1.476812,1.48025,1.52036
21001,1.375964,1.429444,1.628084,1.593322,1.561998,1.561616,1.58148,1.6235,1.568492,1.52991,1.64451,1.50699,1.539078,1.529528,1.56047,1.64069,1.638016,1.716326,1.557796,1.492856,1.561998,1.477958,1.476812,1.48025,1.52036
21003,1.375964,1.429444,1.628084,1.593322,1.561998,1.561616,1.58148,1.6235,1.568492,1.52991,1.64451,1.50699,1.539078,1.529528,1.56047,1.64069,1.638016,1.716326,1.557796,1.492856,1.561998,1.477958,1.476812,1.48025,1.52036
21005,1.375964,1.429444,1.628084,1.593322,1.561998,1.561616,1.58148,1.6235,1.568492,1.52991,1.64451,1.50699,1.539078,1.529528,1.56047,1.64069,1.638016,1.716326,1.557796,1.492856,1.561998,1.477958,1.476812,1.48025,1.52036
21007,1.375964,1.429444,1.628084,1.593322,1.561998,1.561616,1.58148,1.6235,1.568492,1.52991,1.64451,1.50699,1.539078,1.529528,1.56047,1.64069,1.638016,1.716326,1.557796,1.492856,1.561998,1.477958,1.476812,1.48025,1.52036
21009,1.375964,1.429444,1.628084,1.593322,1.561998,1.561616,1.58148,1.6235,1.568492,1.52991,1.64451,1.50699,1.539078,1.529528,1.56047,1.64069,1.638016,1.716326,1.557796,1.492856,1.561998,1.477958,1.476812,1.48025,1.52036
21011,1.375964,1.429444,1.628084,1.593322,1.561998,1.561616,1.58148,1.6235,1.568492,1.52991,1.64451,1.50699,1.539078,1.529528,1.56047,1.64069,1.638016,1.716326,1.557796,1.492856,1.561998,1.477958,1.476812,1.48025,1.52036
21013,1.375964,1.429444,1.628084,1.593322,1.561998,1.561616,1.58148,1.6235,1.568492,1.52991,1.64451,1.50699,1.539078,1.529528,1.56047,1.64069,1.638016,1.716326,1.557796,1.492856,1.561998,1.477958,1.476812,1.48025,1.52036
21015,1.375964,1.429444,1.628084,1.593322,1.561998,1.561616,1.58148,1.6235,1.568492,1.52991,1.64451,1.50699,1.539078,1.529528,1.56047,1.64069,1.638016,1.716326,1.557796,1.492856,1.561998,1.477958,1.476812,1.48025,1.52036
21017,1.375964,1.429444,1.628084,1.593322,1.561998,1.561616,1.58148,1.6235,1.568492,1.52991,1.64451,1.50699,1.539078,1.529528,1.56047,1.64069,1.638016,1.716326,1.557796,1.492856,1.561998,1.477958,1.476812,1.48025,1.52036
21019,1.375964,1.429444,1.628084,1.593322,1.561998,1.561616,1.58148,1.6235,1.568492,1.52991,1.64451,1.50699,1.539078,1.529528,1.56047,1.64069,1.638016,1.716326,1.557796,1.492856,1.561998,1.477958,1.476812,1.48025,1.52036
21021,1.375964,1.429444,1.628084,1.593322,1.561998,1.561616,1.58148,1.6235,1.568492,1.52991,1.64451,1.50699,1.539078,1.529528,1.56047,1.64069,1.638016,1.716326,1.557796,1.492856,1.561998,1.477958,1.476812,1.48025,1.52036
21023,1.375964,1.429444,1.628084,1.593322,1.561998,1.561616,1.58148,1.6235,1.568492,1.52991,1.64451,1.50699,1.539078,1.529528,1.56047,1.64069,1.638016,1.716326,1.557796,1.492856,1.561998,1.477958,1.476812,1.48025,1.52036
21025,1.375964,1.429444,1.628084,1.593322,1.561998,1.561616,1.58148,1.6235,1.568492,1.52991,1.64451,1.50699,1.539078,1.529528,1.56047,1.64069,1.638016,1.716326,1.557796,1.492856,1.561998,1.477958,1.476812,1.48025,1.52036
21027,1.375964,1.429444,1.628084,1.593322,1.561998,1.561616,1.58148,1.6235,1.568492,1.52991,1.64451,1.50699,1.539078,1.529528,1.56047,1.64069,1.638016,1.716326,1.557796,1.492856,1.561998,1.477958,1.476812,1.48025,1.52036
21029,1.375964,1.429444,1.628084,1.593322,1.561998,1.561616,1.58148,1.6235,1.568492,1.52991,1.64451,1.50699,1.539078,1.529528,1.56047,1.64069,1.638016,1.716326,1.557796,1.492856,1.561998,1.477958,1.476812,1.48025,1.52036
21031,1.375964,1.429444,1.628084,1.593322,1.561998,1.561616,1.58148,1.6235,1.568492,1.52991,1.64451,1.50699,1.539078,1.529528,1.56047,1.64069,1.638016,1.716326,1.557796,1.492856,1.561998,1.477958,1.476812,1.48025,1.52036
21033,1.375964,1.429444,1.628084,1.593322,1.561998,1.561616,1.58148,1.6235,1.568492,1.52991,1.64451,1.50699,1.539078,1.529528,1.56047,1.64069,1.638016,1.716326,1.557796,1.492856,1.561998,1.477958,1.476812,1.48025,1.52036
21035,1.375964,1.429444,1.628084,1.593322,1.561998,1.561616,1.58148,1.6235,1.568492,1.52991,1.64451,1.50699,1.539078,1.529528,1.56047,1.64069,1.638016,1.716326,1.557796,1.492856,1.561998,1.477958,1.476812,1.48025,1.52036
21037,1.375964,1.429444,1.628084,1.593322,1.561998,1.561616,1.58148,1.6235,1.568492,1.52991,1.64451,1.50699,1.539078,1.529528,1.56047,1.64069,1.638016,1.716326,1.557796,1.492856,1.561998,1.477958,1.476812,1.48025,1.52036
21039,1.375964,1.429444,1.628084,1.593322,1.561998,1.561616,1.58148,1.6235,1.568492,1.52991,1.64451,1.50699,1.539078,1.529528,1.56047,1.64069,1.638016,1.716326,1.557796,1.492856,1.561998,1.477958,1.476812,1.48025,1.52036
21041,1.375964,1.429444,1.628084,1.593322,1.561998,1.561616,1.58148,1.6235,1.568492,1.52991,1.64451,1.50699,1.539078,1.529528,1.56047,1.64069,1.638016,1.716326,1.557796,1.492856,1.561998,1.477958,1.476812,1.48025,1.52036
21043,1.375964,1.429444,1.628084,1.593322,1.561998,1.561616,1.58148,1.6235,1.568492,1.52991,1.64451,1.50699,1.539078,1.529528,1.56047,1.64069,1.638016,1.716326,1.557796,1.492856,1.561998,1.477958,1.476812,1.48025,1.52036
21045,1.375964,1.429444,1.628084,1.593322,1.561998,1.561616,1.58148,1.6235,1.568492,1.52991,1.64451,1.50699,1.539078,1.529528,1.56047,1.64069,1.638016,1.716326,1.557796,1.492856,1.561998,1.477958,1.476812,1.48025,1.52036
21047,1.375964,1.429444,1.628084,1.593322,1.561998,1.561616,1.58148,1.6235,1.568492,1.52991,1.64451,1.50699,1.539078,1.529528,1.56047,1.64069,1.638016,1.716326,1.557796,1.492856,1.561998,1.477958,1.476812,1.48025,1.52036
21049,1.375964,1.429444,1.628084,1.593322,1.561998,1.561616,1.58148,1.6235,1.568492,1.52991,1.64451,1.50699,1.539078,1.529528,1.56047,1.64069,1.638016,1.716326,1.557796,1.492856,1.561998,1.477958,1.476812,1.48025,1.52036
21051,1.375964,1.429444,1.628084,1.593322,1.561998,1.561616,1.58148,1.6235,1.568492,1.52991,1.64451,1.50699,1.539078,1.529528,1.56047,1.64069,1.638016,1.716326,1.557796,1.492856,1.561998,1.477958,1.476812,1.48025,1.52036
21053,1.375964,1.429444,1.628084,1.593322,1.561998,1.561616,1.58148,1.6235,1.568492,1.52991,1.64451,1.50699,1.539078,1.529528,1.56047,1.64069,1.638016,1.716326,1.557796,1.492856,1.561998,1.477958,1.476812,1.48025,1.52036
21055,1.375964,1.429444,1.628084,1.593322,1.561998,1.561616,1.58148,1.6235,1.568492,1.52991,1.64451,1.50699,1.539078,1.529528,1.56047,1.64069,1.638016,1.716326,1.557796,1.492856,1.561998,1.477958,1.476812,1.48025,1.52036
21057,1.375964,1.429444,1.628084,1.593322,1.561998,1.561616,1.58148,1.6235,1.568492,1.52991,1.64451,1.50699,1.539078,1.529528,1.56047,1.64069,1.638016,1.716326,1.557796,1.492856,1.561998,1.477958,1.476812,1.48025,1.52036
21059,1.375964,1.429444,1.628084,1.593322,1.561998,1.561616,1.58148,1.6235,1.568492,1.52991,1.64451,1.50699,1.539078,1.529528,1.56047,1.64069,1.638016,1.716326,1.557796,1.492856,1.561998,1.477958,1.476812,1.48025,1.52036
21061,1.375964,1.429444,1.628084,1.593322,1.561998,1.561616,1.58148,1.6235,1.568492,1.52991,1.64451,1.50699,1.539078,1.529528,1.56047,1.64069,1.638016,1.716326,1.557796,1.492856,1.561998,1.477958,1.476812,1.48025,1.52036
21063,1.375964,1.429444,1.628084,1.593322,1.561998,1.561616,1.58148,1.6235,1.568492,1.52991,1.64451,1.50699,1.539078,1.529528,1.56047,1.64069,1.638016,1.716326,1.557796,1.492856,1.561998,1.477958,1.476812,1.48025,1.52036
21065,1.375964,1.429444,1.628084,1.593322,1.561998,1.561616,1.58148,1.6235,1.568492,1.52991,1.64451,1.50699,1.539078,1.529528,1.56047,1.64069,1.638016,1.716326,1.557796,1.492856,1.561998,1.477958,1.476812,1.48025,1.52036
21067,1.375964,1.429444,1.628084,1.593322,1.561998,1.561616,1.58148,1.6235,1.568492,1.52991,1.64451,1.50699,1.539078,1.529528,1.56047,1.64069,1.638016,1.716326,1.557796,1.492856,1.561998,1.477958,1.476812,1.48025,1.52036
21069,1.375964,1.429444,1.628084,1.593322,1.561998,1.561616,1.58148,1.6235,1.568492,1.52991,1.64451,1.50699,1.539078,1.529528,1.56047,1.64069,1.638016,1.716326,1.557796,1.492856,1.561998,1.477958,1.476812,1.48025,1.52036
21071,1.375964,1.429444,1.628084,1.593322,1.561998,1.561616,1.58148,1.6235,1.568492,1.52991,1.64451,1.50699,1.539078,1.529528,1.56047,1.64069,1.638016,1.716326,1.557796,1.492856,1.561998,1.477958,1.476812,1.48025,1.52036
21073,1.375964,1.429444,1.628084,1.593322,1.561998,1.561616,1.58148,1.6235,1.568492,1.52991,1.64451,1.50699,1.539078,1.529528,1.56047,1.64069,1.638016,1.716326,1.557796,1.492856,1.561998,1.477958,1.476812,1.48025,1.52036
21075,1.375964,1.429444,1.628084,1.593322,1.561998,1.561616,1.58148,1.6235,1.568492,1.52991,1.64451,1.50699,1.539078,1.529528,1.56047,1.64069,1.638016,1.716326,1.557796,1.492856,1.561998,1.477958,1.476812,1.48025,1.52036
21077,1.375964,1.429444,1.628084,1.593322,1.561998,1.561616,1.58148,1.6235,1.568492,1.52991,1.64451,1.50699,1.539078,1.529528,1.56047,1.64069,1.638016,1.716326,1.557796,1.492856,1.561998,1.477958,1.476812,1.48025,1.52036
21079,1.375964,1.429444,1.628084,1.593322,1.561998,1.561616,1.58148,1.6235,1.568492,1.52991,1.64451,1.50699,1.539078,1.529528,1.56047,1.64069,1.638016,1.716326,1.557796,1.492856,1.561998,1.477958,1.476812,1.48025,1.52036
21081,1.375964,1.429444,1.628084,1.593322,1.561998,1.561616,1.58148,1.6235,1.568492,1.52991,1.64451,1.50699,1.539078,1.529528,1.56047,1.64069,1.638016,1.716326,1.557796,1.492856,1.561998,1.477958,1.476812,1.48025,1.52036
21083,1.375964,1.429444,1.628084,1.593322,1.561998,1.561616,1.58148,1.6235,1.568492,1.52991,1.64451,1.50699,1.539078,1.529528,1.56047,1.64069,1.638016,1.716326,1.557796,1.492856,1.561998,1.477958,1.476812,1.48025,1.52036
21085,1.375964,1.429444,1.628084,1.593322,1.561998,1.561616,1.58148,1.6235,1.568492,1.52991,1.64451,1.50699,1.539078,1.529528,1.56047,1.64069,1.638016,1.716326,1.557796,1.492856,1.561998,1.477958,1.476812,1.48025,1.52036
21087,1.375964,1.429444,1.628084,1.593322,1.561998,1.561616,1.58148,1.6235,1.568492,1.52991,1.64451,1.50699,1.539078,1.529528,1.56047,1.64069,1.638016,1.716326,1.557796,1.492856,1.561998,1.477958,1.476812,1.48025,1.52036
21089,1.375964,1.429444,1.628084,1.593322,1.561998,1.561616,1.58148,1.6235,1.568492,1.52991,1.64451,1.50699,1.539078,1.529528,1.56047,1.64069,1.638016,1.716326,1.557796,1.492856,1.561998,1.477958,1.476812,1.48025,1.52036
21091,1.375964,1.429444,1.628084,1.593322,1.561998,1.561616,1.58148,1.6235,1.568492,1.52991,1.64451,1.50699,1.539078,1.529528,1.56047,1.64069,1.638016,1.716326,1.557796,1.492856,1.561998,1.477958,1.476812,1.48025,1.52036
21093,1.375964,1.429444,1.628084,1.593322,1.561998,1.561616,1.58148,1.6235,1.568492,1.52991,1.64451,1.50699,1.539078,1.529528,1.56047,1.64069,1.638016,1.716326,1.557796,1.492856,1.561998,1.477958,1.476812,1.48025,1.52036
21095,1.375964,1.429444,1.628084,1.593322,1.561998,1.561616,1.58148,1.6235,1.568492,1.52991,1.64451,1.50699,1.539078,1.529528,1.56047,1.64069,1.638016,1.716326,1.557796,1.492856,1.561998,1.477958,1.476812,1.48025,1.52036
21097,1.375964,1.429444,1.628084,1.593322,1.561998,1.561616,1.58148,1.6235,1.568492,1.52991,1.64451,1.50699,1.539078,1.529528,1.56047,1.64069,1.638016,1.716326,1.557796,1.492856,1.561998,1.477958,1.476812,1.48025,1.52036
21099,1.375964,1.429444,1.628084,1.593322,1.561998,1.561616,1.58148,1.6235,1.568492,1.52991,1.64451,1.50699,1.539078,1.529528,1.56047,1.64069,1.638016,1.716326,1.557796,1.492856,1.561998,1.477958,1.476812,1.48025,1.52036
21101,1.375964,1.429444,1.628084,1.593322,1.561998,1.561616,1.58148,1.6235,1.568492,1.52991,1.64451,1.50699,1.539078,1.529528,1.56047,1.64069,1.638016,1.716326,1.557796,1.492856,1.561998,1.477958,1.476812,1.48025,1.52036
21103,1.375964,1.429444,1.628084,1.593322,1.561998,1.561616,1.58148,1.6235,1.568492,1.52991,1.64451,1.50699,1.539078,1.529528,1.56047,1.64069,1.638016,1.716326,1.557796,1.492856,1.561998,1.477958,1.476812,1.48025,1.52036
21105,1.375964,1.429444,1.628084,1.593322,1.561998,1.561616,1.58148,1.6235,1.568492,1.52991,1.64451,1.50699,1.539078,1.529528,1.56047,1.64069,1.638016,1.716326,1.557796,1.492856,1.561998,1.477958,1.476812,1.48025,1.52036
21107,1.375964,1.429444,1.628084,1.593322,1.561998,1.561616,1.58148,1.6235,1.568492,1.52991,1.64451,1.50699,1.539078,1.529528,1.56047,1.64069,1.638016,1.716326,1.557796,1.492856,1.561998,1.477958,1.476812,1.48025,1.52036
21109,1.375964,1.429444,1.628084,1.593322,1.561998,1.561616,1.58148,1.6235,1.568492,1.52991,1.64451,1.50699,1.539078,1.529528,1.56047,1.64069,1.638016,1.716326,1.557796,1.492856,1.561998,1.477958,1.476812,1.48025,1.52036
21111,1.375964,1.429444,1.628084,1.593322,1.561998,1.561616,1.58148,1.6235,1.568492,1.52991,1.64451,1.50699,1.539078,1.529528,1.56047,1.64069,1.638016,1.716326,1.557796,1.492856,1.561998,1.477958,1.476812,1.48025,1.52036
21113,1.375964,1.429444,1.628084,1.593322,1.561998,1.561616,1.58148,1.6235,1.568492,1.52991,1.64451,1.50699,1.539078,1.529528,1.56047,1.64069,1.638016,1.716326,1.557796,1.492856,1.561998,1.477958,1.476812,1.48025,1.52036
21115,1.375964,1.429444,1.628084,1.593322,1.561998,1.561616,1.58148,1.6235,1.568492,1.52991,1.64451,1.50699,1.539078,1.529528,1.56047,1.64069,1.638016,1.716326,1.557796,1.492856,1.561998,1.477958,1.476812,1.48025,1.52036
21117,1.375964,1.429444,1.628084,1.593322,1.561998,1.561616,1.58148,1.6235,1.568492,1.52991,1.64451,1.50699,1.539078,1.529528,1.56047,1.64069,1.638016,1.716326,1.557796,1.492856,1.561998,1.477958,1.476812,1.48025,1.52036
21119,1.375964,1.429444,1.628084,1.593322,1.561998,1.561616,1.58148,1.6235,1.568492,1.52991,1.64451,1.50699,1.539078,1.529528,1.56047,1.64069,1.638016,1.716326,1.557796,1.492856,1.561998,1.477958,1.476812,1.48025,1.52036
21121,1.375964,1.429444,1.628084,1.593322,1.561998,1.561616,1.58148,1.6235,1.568492,1.52991,1.64451,1.50699,1.539078,1.529528,1.56047,1.64069,1.638016,1.716326,1.557796,1.492856,1.561998,1.477958,1.476812,1.48025,1.52036
21123,1.375964,1.429444,1.628084,1.593322,1.561998,1.561616,1.58148,1.6235,1.568492,1.52991,1.64451,1.50699,1.539078,1.529528,1.56047,1.64069,1.638016,1.716326,1.557796,1.492856,1.561998,1.477958,1.476812,1.48025,1.52036
21125,1.375964,1.429444,1.628084,1.593322,1.561998,1.561616,1.58148,1.6235,1.568492,1.52991,1.64451,1.50699,1.539078,1.529528,1.56047,1.64069,1.638016,1.716326,1.557796,1.492856,1.561998,1.477958,1.476812,1.48025,1.52036
21127,1.375964,1.429444,1.628084,1.593322,1.561998,1.561616,1.58148,1.6235,1.568492,1.52991,1.64451,1.50699,1.539078,1.529528,1.56047,1.64069,1.638016,1.716326,1.557796,1.492856,1.561998,1.477958,1.476812,1.48025,1.52036
21129,1.375964,1.429444,1.628084,1.593322,1.561998,1.561616,1.58148,1.6235,1.568492,1.52991,1.64451,1.50699,1.539078,1.529528,1.56047,1.64069,1.638016,1.716326,1.557796,1.492856,1.561998,1.477958,1.476812,1.48025,1.52036
21131,1.375964,1.429444,1.628084,1.593322,1.561998,1.561616,1.58148,1.6235,1.568492,1.52991,1.64451,1.50699,1.539078,1.529528,1.56047,1.64069,1.638016,1.716326,1.557796,1.492856,1.561998,1.477958,1.476812,1.48025,1.52036
21133,1.375964,1.429444,1.628084,1.593322,1.561998,1.561616,1.58148,1.6235,1.568492,1.52991,1.64451,1.50699,1.539078,1.529528,1.56047,1.64069,1.638016,1.716326,1.557796,1.492856,1.561998,1.477958,1.476812,1.48025,1.52036
21135,1.375964,1.429444,1.628084,1.593322,1.561998,1.561616,1.58148,1.6235,1.568492,1.52991,1.64451,1.50699,1.539078,1.529528,1.56047,1.64069,1.638016,1.716326,1.557796,1.492856,1.561998,1.477958,1.476812,1.48025,1.52036
21137,1.375964,1.429444,1.628084,1.593322,1.561998,1.561616,1.58148,1.6235,1.568492,1.52991,1.64451,1.50699,1.539078,1.529528,1.56047,1.64069,1.638016,1.716326,1.557796,1.492856,1.561998,1.477958,1.476812,1.48025,1.52036
21139,1.375964,1.429444,1.628084,1.593322,1.561998,1.561616,1.58148,1.6235,1.568492,1.52991,1.64451,1.50699,1.539078,1.529528,1.56047,1.64069,1.638016,1.716326,1.557796,1.492856,1.561998,1.477958,1.476812,1.48025,1.52036
21141,1.375964,1.429444,1.628084,1.593322,1.561998,1.561616,1.58148,1.6235,1.568492,1.52991,1.64451,1.50699,1.539078,1.529528,1.56047,1.64069,1.638016,1.716326,1.557796,1.492856,1.561998,1.477958,1.476812,1.48025,1.52036
21143,1.375964,1.429444,1.628084,1.593322,1.561998,1.561616,1.58148,1.6235,1.568492,1.52991,1.64451,1.50699,1.539078,1.529528,1.56047,1.64069,1.638016,1.716326,1.557796,1.492856,1.561998,1.477958,1.476812,1.48025,1.52036
21145,1.375964,1.429444,1.628084,1.593322,1.561998,1.561616,1.58148,1.6235,1.568492,1.52991,1.64451,1.50699,1.539078,1.529528,1.56047,1.64069,1.638016,1.716326,1.557796,1.492856,1.561998,1.477958,1.476812,1.48025,1.52036
21147,1.375964,1.429444,1.628084,1.593322,1.561998,1.561616,1.58148,1.6235,1.568492,1.52991,1.64451,1.50699,1.539078,1.529528,1.56047,1.64069,1.638016,1.716326,1.557796,1.492856,1.561998,1.477958,1.476812,1.48025,1.52036
21149,1.375964,1.429444,1.628084,1.593322,1.561998,1.561616,1.58148,1.6235,1.568492,1.52991,1.64451,1.50699,1.539078,1.529528,1.56047,1.64069,1.638016,1.716326,1.557796,1.492856,1.561998,1.477958,1.476812,1.48025,1.52036
21151,1.375964,1.429444,1.628084,1.593322,1.561998,1.561616,1.58148,1.6235,1.568492,1.52991,1.64451,1.50699,1.539078,1.529528,1.56047,1.64069,1.638016,1.716326,1.557796,1.492856,1.561998,1.477958,1.476812,1.48025,1.52036
21153,1.375964,1.429444,1.628084,1.593322,1.561998,1.561616,1.58148,1.6235,1.568492,1.52991,1.64451,1.50699,1.539078,1.529528,1.56047,1.64069,1.638016,1.716326,1.557796,1.492856,1.561998,1.477958,1.476812,1.48025,1.52036
21155,1.375964,1.429444,1.628084,1.593322,1.561998,1.561616,1.58148,1.6235,1.568492,1.52991,1.64451,1.50699,1.539078,1.529528,1.56047,1.64069,1.638016,1.716326,1.557796,1.492856,1.561998,1.477958,1.476812,1.48025,1.52036
21157,1.375964,1.429444,1.628084,1.593322,1.561998,1.561616,1.58148,1.6235,1.568492,1.52991,1.64451,1.50699,1.539078,1.529528,1.56047,1.64069,1.638016,1.716326,1.557796,1.492856,1.561998,1.477958,1.476812,1.48025,1.52036
21159,1.375964,1.429444,1.628084,1.593322,1.561998,1.561616,1.58148,1.6235,1.568492,1.52991,1.64451,1.50699,1.539078,1.529528,1.56047,1.64069,1.638016,1.716326,1.557796,1.492856,1.561998,1.477958,1.476812,1.48025,1.52036
21161,1.375964,1.429444,1.628084,1.593322,1.561998,1.561616,1.58148,1.6235,1.568492,1.52991,1.64451,1.50699,1.539078,1.529528,1.56047,1.64069,1.638016,1.716326,1.557796,1.492856,1.561998,1.477958,1.476812,1.48025,1.52036
21163,1.375964,1.429444,1.628084,1.593322,1.561998,1.561616,1.58148,1.6235,1.568492,1.52991,1.64451,1.50699,1.539078,1.529528,1.56047,1.64069,1.638016,1.716326,1.557796,1.492856,1.561998,1.477958,1.476812,1.48025,1.52036
21165,1.375964,1.429444,1.628084,1.593322,1.561998,1.561616,1.58148,1.6235,1.568492,1.52991,1.64451,1.50699,1.539078,1.529528,1.56047,1.64069,1.638016,1.716326,1.557796,1.492856,1.561998,1.477958,1.476812,1.48025,1.52036
21167,1.375964,1.429444,1.628084,1.593322,1.561998,1.561616,1.58148,1.6235,1.568492,1.52991,1.64451,1.50699,1.539078,1.529528,1.56047,1.64069,1.638016,1.716326,1.557796,1.492856,1.561998,1.477958,1.476812,1.48025,1.52036
21169,1.375964,1.429444,1.628084,1.593322,1.561998,1.561616,1.58148,1.6235,1.568492,1.52991,1.64451,1.50699,1.539078,1.529528,1.56047,1.64069,1.638016,1.716326,1.557796,1.492856,1.561998,1.477958,1.476812,1.48025,1.52036
21171,1.375964,1.429444,1.628084,1.593322,1.561998,1.561616,1.58148,1.6235,1.568492,1.52991,1.64451,1.50699,1.539078,1.529528,1.56047,1.64069,1.638016,1.716326,1.557796,1.492856,1.561998,1.477958,1.476812,1.48025,1.52036
21173,1.375964,1.429444,1.628084,1.593322,1.561998,1.561616,1.58148,1.6235,1.568492,1.52991,1.64451,1.50699,1.539078,1.529528,1.56047,1.64069,1.638016,1.716326,1.557796,1.492856,1.561998,1.477958,1.476812,1.48025,1.52036
21175,1.375964,1.429444,1.628084,1.593322,1.561998,1.561616,1.58148,1.6235,1.568492,1.52991,1.64451,1.50699,1.539078,1.529528,1.56047,1.64069,1.638016,1.716326,1.557796,1.492856,1.561998,1.477958,1.476812,1.48025,1.52036
21177,1.375964,1.429444,1.628084,1.593322,1.561998,1.561616,1.58148,1.6235,1.568492,1.52991,1.64451,1.50699,1.539078,1.529528,1.56047,1.64069,1.638016,1.716326,1.557796,1.492856,1.561998,1.477958,1.476812,1.48025,1.52036
21179,1.375964,1.429444,1.628084,1.593322,1.561998,1.561616,1.58148,1.6235,1.568492,1.52991,1.64451,1.50699,1.539078,1.529528,1.56047,1.64069,1.638016,1.716326,1.557796,1.492856,1.561998,1.477958,1.476812,1.48025,1.52036
21181,1.375964,1.429444,1.628084,1.593322,1.561998,1.561616,1.58148,1.6235,1.568492,1.52991,1.64451,1.50699,1.539078,1.529528,1.56047,1.64069,1.638016,1.716326,1.557796,1.492856,1.561998,1.477958,1.476812,1.48025,1.52036
21183,1.375964,1.429444,1.628084,1.593322,1.561998,1.561616,1.58148,1.6235,1.568492,1.52991,1.64451,1.50699,1.539078,1.529528,1.56047,1.64069,1.638016,1.716326,1.557796,1.492856,1.561998,1.477958,1.476812,1.48025,1.52036
21185,1.375964,1.429444,1.628084,1.593322,1.561998,1.561616,1.58148,1.6235,1.568492,1.52991,1.64451,1.50699,1.539078,1.529528,1.56047,1.64069,1.638016,1.716326,1.557796,1.492856,1.561998,1.477958,1.476812,1.48025,1.52036
21187,1.375964,1.429444,1.628084,1.593322,1.561998,1.561616,1.58148,1.6235,1.568492,1.52991,1.64451,1.50699,1.539078,1.529528,1.56047,1.64069,1.638016,1.716326,1.557796,1.492856,1.561998,1.477958,1.476812,1.48025,1.52036
21189,1.375964,1.429444,1.628084,1.593322,1.561998,1.561616,1.58148,1.6235,1.568492,1.52991,1.64451,1.50699,1.539078,1.529528,1.56047,1.64069,1.638016,1.716326,1.557796,1.492856,1.561998,1.477958,1.476812,1.48025,1.52036
21191,1.375964,1.429444,1.628084,1.593322,1.561998,1.561616,1.58148,1.6235,1.568492,1.52991,1.64451,1.50699,1.539078,1.529528,1.56047,1.64069,1.638016,1.716326,1.557796,1.492856,1.561998,1.477958,1.476812,1.48025,1.52036
21193,1.375964,1.429444,1.628084,1.593322,1.561998,1.561616,1.58148,1.6235,1.568492,1.52991,1.64451,1.50699,1.539078,1.529528,1.56047,1.64069,1.638016,1.716326,1.557796,1.492856,1.561998,1.477958,1.476812,1.48025,1.52036
21195,1.375964,1.429444,1.628084,1.593322,1.561998,1.561616,1.58148,1.6235,1.568492,1.52991,1.64451,1.50699,1.539078,1.529528,1.56047,1.64069,1.638016,1.716326,1.557796,1.492856,1.561998,1.477958,1.476812,1.48025,1.52036
21197,1.375964,1.429444,1.628084,1.593322,1.561998,1.561616,1.58148,1.6235,1.568492,1.52991,1.64451,1.50699,1.539078,1.529528,1.56047,1.64069,1.638016,1.716326,1.557796,1.492856,1.561998,1.477958,1.476812,1.48025,1.52036
21199,1.375964,1.429444,1.628084,1.593322,1.561998,1.561616,1.58148,1.6235,1.568492,1.52991,1.64451,1.50699,1.539078,1.529528,1.56047,1.64069,1.638016,1.716326,1.557796,1.492856,1.561998,1.477958,1.476812,1.48025,1.52036
21201,1.375964,1.429444,1.628084,1.593322,1.561998,1.561616,1.58148,1.6235,1.568492,1.52991,1.64451,1.50699,1.539078,1.529528,1.56047,1.64069,1.638016,1.716326,1.557796,1.492856,1.561998,1.477958,1.476812,1.48025,1.52036
21203,1.375964,1.429444,1.628084,1.593322,1.561998,1.561616,1.58148,1.6235,1.568492,1.52991,1.64451,1.50699,1.539078,1.529528,1.56047,1.64069,1.638016,1.716326,1.557796,1.492856,1.561998,1.477958,1.476812,1.48025,1.52036
21205,1.375964,1.429444,1.628084,1.593322,1.561998,1.561616,1.58148,1.6235,1.568492,1.52991,1.64451,1.50699,1.539078,1.529528,1.56047,1.64069,1.638016,1.716326,1.557796,1.492856,1.561998,1.477958,1.476812,1.48025,1.52036
21207,1.375964,1.429444,1.628084,1.593322,1.561998,1.561616,1.58148,1.6235,1.568492,1.52991,1.64451,1.50699,1.539078,1.529528,1.56047,1.64069,1.638016,1.716326,1.557796,1.492856,1.561998,1.477958,1.476812,1.48025,1.52036
21209,1.375964,1.429444,1.628084,1.593322,1.561998,1.561616,1.58148,1.6235,1.568492,1.52991,1.64451,1.50699,1.539078,1.529528,1.56047,1.64069,1.638016,1.716326,1.557796,1.492856,1.561998,1.477958,1.476812,1.48025,1.52036
21211,1.375964,1.429444,1.628084,1.593322,1.561998,1.561616,1.58148,1.6235,1.568492,1.52991,1.64451,1.50699,1.539078,1.529528,1.56047,1.64069,1.638016,1.716326,1.557796,1.492856,1.561998,1.477958,1.476812,1.48025,1.52036
21213,1.375964,1.429444,1.628084,1.593322,1.561998,1.561616,1.58148,1.6235,1.568492,1.52991,1.64451,1.50699,1.539078,1.529528,1.56047,1.64069,1.638016,1.716326,1.557796,1.492856,1.561998,1.477958,1.476812,1.48025,1.52036
21215,1.375964,1.429444,1.628084,1.593322,1.561998,1.561616,1.58148,1.6235,1.568492,1.52991,1.64451,1.50699,1.539078,1.529528,1.56047,1.64069,1.638016,1.716326,1.557796,1.492856,1.561998,1.477958,1.476812,1.48025,1.52036
21217,1.375964,1.429444,1.628084,1.593322,1.561998,1.561616,1.58148,1.6235,1.568492,1.52991,1.64451,1.50699,1.539078,1.529528,1.56047,1.64069,1.638016,1.716326,1.557796,1.492856,1.561998,1.477958,1.476812,1.48025,1.52036
21219,1.375964,1.429444,1.628084,1.593322,1.561998,1.561616,1.58148,1.6235,1.568492,1.52991,1.64451,1.50699,1.539078,1.529528,1.56047,1.64069,1.638016,1.716326,1.557796,1.492856,1.561998,1.477958,1.476812,1.48025,1.52036
21221,1.375964,1.429444,1.628084,1.593322,1.561998,1.561616,1.58148,1.6235,1.568492,1.52991,1.64451,1.50699,1.539078,1.529528,1.56047,1.64069,1.638016,1.716326,1.557796,1.492856,1.561998,1.477958,1.476812,1.48025,1.52036
21223,1.375964,1.429444,1.628084,1.593322,1.561998,1.561616,1.58148,1.6235,1.568492,1.52991,1.64451,1.50699,1.539078,1.529528,1.56047,1.64069,1.638016,1.716326,1.557796,1.492856,1.561998,1.477958,1.476812,1.48025,1.52036
21225,1.375964,1.429444,1.628084,1.593322,1.561998,1.561616,1.58148,1.6235,1.568492,1.52991,1.64451,1.50699,1.539078,1.529528,1.56047,1.64069,1.638016,1.716326,1.557796,1.492856,1.561998,1.477958,1.476812,1.48025,1.52036
21227,1.375964,1.429444,1.628084,1.593322,1.561998,1.561616,1.58148,1.6235,1.568492,1.52991,1.64451,1.50699,1.539078,1.529528,1.56047,1.64069,1.638016,1.716326,1.557796,1.492856,1.561998,1.477958,1.476812,1.48025,1.52036
21229,1.375964,1.429444,1.628084,1.593322,1.561998,1.561616,1.58148,1.6235,1.568492,1.52991,1.64451,1.50699,1.539078,1.529528,1.56047,1.64069,1.638016,1.716326,1.557796,1.492856,1.561998,1.477958,1.476812,1.48025,1.52036
21231,1.375964,1.429444,1.628084,1.593322,1.561998,1.561616,1.58148,1.6235,1.568492,1.52991,1.64451,1.50699,1.539078,1.529528,1.56047,1.64069,1.638016,1.716326,1.557796,1.492856,1.561998,1.477958,1.476812,1.48025,1.52036
21233,1.375964,1.429444,1.628084,1.593322,1.561998,1.561616,1.58148,1.6235,1.568492,1.52991,1.64451,1.50699,1.539078,1.529528,1.56047,1.64069,1.638016,1.716326,1.557796,1.492856,1.561998,1.477958,1.476812,1.48025,1.52036
21235,1.375964,1.429444,1.628084,1.593322,1.561998,1.561616,1.58148,1.6235,1.568492,1.52991,1.64451,1.50699,1.539078,1.529528,1.56047,1.64069,1.638016,1.716326,1.557796,1.492856,1.561998,1.477958,1.476812,1.48025,1.52036
21237,1.375964,1.429444,1.628084,1.593322,1.561998,1.561616,1.58148,1.6235,1.568492,1.52991,1.64451,1.50699,1.539078,1.529528,1.56047,1.64069,1.638016,1.716326,1.557796,1.492856,1.561998,1.477958,1.476812,1.48025,1.52036
21239,1.375964,1.429444,1.628084,1.593322,1.561998,1.561616,1.58148,1.6235,1.568492,1.52991,1.64451,1.50699,1.539078,1.529528,1.56047,1.64069,1.638016,1.716326,1.557796,1.492856,1.561998,1.477958,1.476812,1.48025,1.52036
22001,1.375964,1.429444,1.628084,1.593322,1.561998,1.561616,1.58148,1.6235,1.568492,1.52991,1.64451,1.50699,1.539078,1.529528,1.56047,1.64069,1.638016,1.716326,1.557796,1.492856,1.561998,1.477958,1.476812,1.48025,1.52036
22003,1.375964,1.429444,1.628084,1.593322,1.561998,1.561616,1.58148,1.6235,1.568492,1.52991,1.64451,1.50699,1.539078,1.529528,1.56047,1.64069,1.638016,1.716326,1.557796,1.492856,1.561998,1.477958,1.476812,1.48025,1.52036
22005,1.375964,1.429444,1.628084,1.593322,1.561998,1.561616,1.58148,1.6235,1.568492,1.52991,1.64451,1.50699,1.539078,1.529528,1.56047,1.64069,1.638016,1.716326,1.557796,1.492856,1.561998,1.477958,1.476812,1.48025,1.52036
22007,1.375964,1.429444,1.628084,1.593322,1.561998,1.561616,1.58148,1.6235,1.568492,1.52991,1.64451,1.50699,1.539078,1.529528,1.56047,1.64069,1.638016,1.716326,1.557796,1.492856,1.561998,1.477958,1.476812,1.48025,1.52036
22009,1.375964,1.429444,1.628084,1.593322,1.561998,1.561616,1.58148,1.6235,1.568492,1.52991,1.64451,1.50699,1.539078,1.529528,1.56047,1.64069,1.638016,1.716326,1.557796,1.492856,1.561998,1.477958,1.476812,1.48025,1.52036
22011,1.375964,1.429444,1.628084,1.593322,1.561998,1.561616,1.58148,1.6235,1.568492,1.52991,1.64451,1.50699,1.539078,1.529528,1.56047,1.64069,1.638016,1.716326,1.557796,1.492856,1.561998,1.477958,1.476812,1.48025,1.52036
22013,1.375964,1.429444,1.628084,1.593322,1.561998,1.561616,1.58148,1.6235,1.568492,1.52991,1.64451,1.50699,1.539078,1.529528,1.56047,1.64069,1.638016,1.716326,1.557796,1.492856,1.561998,1.477958,1.476812,1.48025,1.52036
22015,1.375964,1.429444,1.628084,1.593322,1.561998,1.561616,1.58148,1.6235,1.568492,1.52991,1.64451,1.50699,1.539078,1.529528,1.56047,1.64069,1.638016,1.716326,1.557796,1.492856,1.561998,1.477958,1.476812,1.48025,1.52036
22017,1.375964,1.429444,1.628084,1.593322,1.561998,1.561616,1.58148,1.6235,1.568492,1.52991,1.64451,1.50699,1.539078,1.529528,1.56047,1.64069,1.638016,1.716326,1.557796,1.492856,1.561998,1.477958,1.476812,1.48025,1.52036
22019,1.375964,1.429444,1.628084,1.593322,1.561998,1.561616,1.58148,1.6235,1.568492,1.52991,1.64451,1.50699,1.539078,1.529528,1.56047,1.64069,1.638016,1.716326,1.557796,1.492856,1.561998,1.477958,1.476812,1.48025,1.52036
22021,1.375964,1.429444,1.628084,1.593322,1.561998,1.561616,1.58148,1.6235,1.568492,1.52991,1.64451,1.50699,1.539078,1.529528,1.56047,1.64069,1.638016,1.716326,1.557796,1.492856,1.561998,1.477958,1.476812,1.48025,1.52036
22023,1.375964,1.429444,1.628084,1.593322,1.561998,1.561616,1.58148,1.6235,1.568492,1.52991,1.64451,1.50699,1.539078,1.529528,1.56047,1.64069,1.638016,1.716326,1.557796,1.492856,1.561998,1.477958,1.476812,1.48025,1.52036
22025,1.375964,1.429444,1.628084,1.593322,1.561998,1.561616,1.58148,1.6235,1.568492,1.52991,1.64451,1.50699,1.539078,1.529528,1.56047,1.64069,1.638016,1.716326,1.557796,1.492856,1.561998,1.477958,1.476812,1.48025,1.52036
22027,1.375964,1.429444,1.628084,1.593322,1.561998,1.561616,1.58148,1.6235,1.568492,1.52991,1.64451,1.50699,1.539078,1.529528,1.56047,1.64069,1.638016,1.716326,1.557796,1.492856,1.561998,1.477958,1.476812,1.48025,1.52036
22029,1.375964,1.429444,1.628084,1.593322,1.561998,1.561616,1.58148,1.6235,1.568492,1.52991,1.64451,1.50699,1.539078,1.529528,1.56047,1.64069,1.638016,1.716326,1.557796,1.492856,1.561998,1.477958,1.476812,1.48025,1.52036
22031,1.375964,1.429444,1.628084,1.593322,1.561998,1.561616,1.58148,1.6235,1.568492,1.52991,1.64451,1.50699,1.539078,1.529528,1.56047,1.64069,1.638016,1.716326,1.557796,1.492856,1.561998,1.477958,1.476812,1.48025,1.52036
22033,1.375964,1.429444,1.628084,1.593322,1.561998,1.561616,1.58148,1.6235,1.568492,1.52991,1.64451,1.50699,1.539078,1.529528,1.56047,1.64069,1.638016,1.716326,1.557796,1.492856,1.561998,1.477958,1.476812,1.48025,1.52036
22035,1.375964,1.429444,1.628084,1.593322,1.561998,1.561616,1.58148,1.6235,1.568492,1.52991,1.64451,1.50699,1.539078,1.529528,1.56047,1.64069,1.638016,1.716326,1.557796,1.492856,1.561998,1.477958,1.476812,1.48025,1.52036
22037,1.375964,1.429444,1.628084,1.593322,1.561998,1.561616,1.58148,1.6235,1.568492,1.52991,1.64451,1.50699,1.539078,1.529528,1.56047,1.64069,1.638016,1.716326,1.557796,1.492856,1.561998,1.477958,1.476812,1.48025,1.52036
22039,1.375964,1.429444,1.628084,1.593322,1.561998,1.561616,1.58148,1.6235,1.568492,1.52991,1.64451,1.50699,1.539078,1.529528,1.56047,1.64069,1.638016,1.716326,1.557796,1.492856,1.561998,1.477958,1.476812,1.48025,1.52036
22041,1.375964,1.429444,1.628084,1.593322,1.561998,1.561616,1.58148,1.6235,1.568492,1.52991,1.64451,1.50699,1.539078,1.529528,1.56047,1.64069,1.638016,1.716326,1.557796,1.492856,1.561998,1.477958,1.476812,1.48025,1.52036
22043,1.375964,1.429444,1.628084,1.593322,1.561998,1.561616,1.58148,1.6235,1.568492,1.52991,1.64451,1.50699,1.539078,1.529528,1.56047,1.64069,1.638016,1.716326,1.557796,1.492856,1.561998,1.477958,1.476812,1.48025,1.52036
22045,1.375964,1.429444,1.628084,1.593322,1.561998,1.561616,1.58148,1.6235,1.568492,1.52991,1.64451,1.50699,1.539078,1.529528,1.56047,1.64069,1.638016,1.716326,1.557796,1.492856,1.561998,1.477958,1.476812,1.48025,1.52036
22047,1.375964,1.429444,1.628084,1.593322,1.561998,1.561616,1.58148,1.6235,1.568492,1.52991,1.64451,1.50699,1.539078,1.529528,1.56047,1.64069,1.638016,1.716326,1.557796,1.492856,1.561998,1.477958,1.476812,1.48025,1.52036
22049,1.375964,1.429444,1.628084,1.593322,1.561998,1.561616,1.58148,1.6235,1.568492,1.52991,1.64451,1.50699,1.539078,1.529528,1.56047,1.64069,1.638016,1.716326,1.557796,1.492856,1.561998,1.477958,1.476812,1.48025,1.52036
22051,1.375964,1.429444,1.628084,1.593322,1.561998,1.561616,1.58148,1.6235,1.568492,1.52991,1.64451,1.50699,1.539078,1.529528,1.56047,1.64069,1.638016,1.716326,1.557796,1.492856,1.561998,1.477958,1.476812,1.48025,1.52036
22053,1.375964,1.429444,1.628084,1.593322,1.561998,1.561616,1.58148,1.6235,1.568492,1.52991,1.64451,1.50699,1.539078,1.529528,1.56047,1.64069,1.638016,1.716326,1.557796,1.492856,1.561998,1.477958,1.476812,1.48025,1.52036
22055,1.375964,1.429444,1.628084,1.593322,1.561998,1.561616,1.58148,1.6235,1.568492,1.52991,1.64451,1.50699,1.539078,1.529528,1.56047,1.64069,1.638016,1.716326,1.557796,1.492856,1.561998,1.477958,1.476812,1.48025,1.52036
22057,1.375964,1.429444,1.628084,1.593322,1.561998,1.561616,1.58148,1.6235,1.568492,1.52991,1.64451,1.50699,1.539078,1.529528,1.56047,1.64069,1.638016,1.716326,1.557796,1.492856,1.561998,1.477958,1.476812,1.48025,1.52036
22059,1.375964,1.429444,1.628084,1.593322,1.561998,1.561616,1.58148,1.6235,1.568492,1.52991,1.64451,1.50699,1.539078,1.529528,1.56047,1.64069,1.638016,1.716326,1.557796,1.492856,1.561998,1.477958,1.476812,1.48025,1.52036
22061,1.375964,1.429444,1.628084,1.593322,1.561998,1.561616,1.58148,1.6235,1.568492,1.52991,1.64451,1.50699,1.539078,1.529528,1.56047,1.64069,1.638016,1.716326,1.557796,1.492856,1.561998,1.477958,1.476812,1.48025,1.52036
22063,1.375964,1.429444,1.628084,1.593322,1.561998,1.561616,1.58148,1.6235,1.568492,1.52991,1.64451,1.50699,1.539078,1.529528,1.56047,1.64069,1.638016,1.716326,1.557796,1.492856,1.561998,1.477958,1.476812,1.48025,1.52036
22065,1.375964,1.429444,1.628084,1.593322,1.561998,1.561616,1.58148,1.6235,1.568492,1.52991,1.64451,1.50699,1.539078,1.529528,1.56047,1.64069,1.638016,1.716326,1.557796,1.492856,1.561998,1.477958,1.476812,1.48025,1.52036
22067,1.375964,1.429444,1.628084,1.593322,1.561998,1.561616,1.58148,1.6235,1.568492,1.52991,1.64451,1.50699,1.539078,1.529528,1.56047,1.64069,1.638016,1.716326,1.557796,1.492856,1.561998,1.477958,1.476812,1.48025,1.52036
22069,1.375964,1.429444,1.628084,1.593322,1.561998,1.561616,1.58148,1.6235,1.568492,1.52991,1.64451,1.50699,1.539078,1.529528,1.56047,1.64069,1.638016,1.716326,1.557796,1.492856,1.561998,1.477958,1.476812,1.48025,1.52036
22071,1.375964,1.429444,1.628084,1.593322,1.561998,1.561616,1.58148,1.6235,1.568492,1.52991,1.64451,1.50699,1.539078,1.529528,1.56047,1.64069,1.638016,1.716326,1.557796,1.492856,1.561998,1.477958,1.476812,1.48025,1.52036
22073,1.375964,1.429444,1.628084,1.593322,1.561998,1.561616,1.58148,1.6235,1.568492,1.52991,1.64451,1.50699,1.539078,1.529528,1.56047,1.64069,1.638016,1.716326,1.557796,1.492856,1.561998,1.477958,1.476812,1.48025,1.52036
22075,1.375964,1.429444,1.628084,1.593322,1.561998,1.561616,1.58148,1.6235,1.568492,1.52991,1.64451,1.50699,1.539078,1.529528,1.56047,1.64069,1.638016,1.716326,1.557796,1.492856,1.561998,1.477958,1.476812,1.48025,1.52036
22077,1.375964,1.429444,1.628084,1.593322,1.561998,1.561616,1.58148,1.6235,1.568492,1.52991,1.64451,1.50699,1.539078,1.529528,1.56047,1.64069,1.638016,1.716326,1.557796,1.492856,1.561998,1.477958,1.476812,1.48025,1.52036
22079,1.375964,1.429444,1.628084,1.593322,1.561998,1.561616,1.58148,1.6235,1.568492,1.52991,1.64451,1.50699,1.539078,1.529528,1.56047,1.64069,1.638016,1.716326,1.557796,1.492856,1.561998,1.477958,1.476812,1.48025,1.52036
22081,1.375964,1.429444,1.628084,1.593322,1.561998,1.561616,1.58148,1.6235,1.568492,1.52991,1.64451,1.50699,1.539078,1.529528,1.56047,1.64069,1.638016,1.716326,1.557796,1.492856,1.561998,1.477958,1.476812,1.48025,1.52036
22083,1.375964,1.429444,1.628084,1.593322,1.561998,1.561616,1.58148,1.6235,1.568492,1.52991,1.64451,1.50699,1.539078,1.529528,1.56047,1.64069,1.638016,1.716326,1.557796,1.492856,1.561998,1.477958,1.476812,1.48025,1.52036
22085,1.375964,1.429444,1.628084,1.593322,1.561998,1.561616,1.58148,1.6235,1.568492,1.52991,1.64451,1.50699,1.539078,1.529528,1.56047,1.64069,1.638016,1.716326,1.557796,1.492856,1.561998,1.477958,1.476812,1.48025,1.52036
22087,1.375964,1.429444,1.628084,1.593322,1.561998,1.561616,1.58148,1.6235,1.568492,1.52991,1.64451,1.50699,1.539078,1.529528,1.56047,1.64069,1.638016,1.716326,1.557796,1.492856,1.561998,1.477958,1.476812,1.48025,1.52036
22089,1.375964,1.429444,1.628084,1.593322,1.561998,1.561616,1.58148,1.6235,1.568492,1.52991,1.64451,1.50699,1.539078,1.529528,1.56047,1.64069,1.638016,1.716326,1.557796,1.492856,1.561998,1.477958,1.476812,1.48025,1.52036
22091,1.375964,1.429444,1.628084,1.593322,1.561998,1.561616,1.58148,1.6235,1.568492,1.52991,1.64451,1.50699,1.539078,1.529528,1.56047,1.64069,1.638016,1.716326,1.557796,1.492856,1.561998,1.477958,1.476812,1.48025,1.52036
22093,1.375964,1.429444,1.628084,1.593322,1.561998,1.561616,1.58148,1.6235,1.568492,1.52991,1.64451,1.50699,1.539078,1.529528,1.56047,1.64069,1.638016,1.716326,1.557796,1.492856,1.561998,1.477958,1.476812,1.48025,1.52036
22095,1.375964,1.429444,1.628084,1.593322,1.561998,1.561616,1.58148,1.6235,1.568492,1.52991,1.64451,1.50699,1.539078,1.529528,1.56047,1.64069,1.638016,1.716326,1.557796,1.492856,1.561998,1.477958,1.476812,1.48025,1.52036
22097,1.375964,1.429444,1.628084,1.593322,1.561998,1.561616,1.58148,1.6235,1.568492,1.52991,1.64451,1.50699,1.539078,1.529528,1.56047,1.64069,1.638016,1.716326,1.557796,1.492856,1.561998,1.477958,1.476812,1.48025,1.52036
22099,1.375964,1.429444,1.628084,1.593322,1.561998,1.561616,1.58148,1.6235,1.568492,1.52991,1.64451,1.50699,1.539078,1.529528,1.56047,1.64069,1.638016,1.716326,1.557796,1.492856,1.561998,1.477958,1.476812,1.48025,1.52036
22101,1.375964,1.429444,1.628084,1.593322,1.561998,1.561616,1.58148,1.6235,1.568492,1.52991,1.64451,1.50699,1.539078,1.529528,1.56047,1.64069,1.638016,1.716326,1.557796,1.492856,1.561998,1.477958,1.476812,1.48025,1.52036
22103,1.375964,1.429444,1.628084,1.593322,1.561998,1.561616,1.58148,1.6235,1.568492,1.52991,1.64451,1.50699,1.539078,1.529528,1.56047,1.64069,1.638016,1.716326,1.557796,1.492856,1.561998,1.477958,1.476812,1.48025,1.52036
22105,1.375964,1.429444,1.628084,1.593322,1.561998,1.561616,1.58148,1.6235,1.568492,1.52991,1.64451,1.50699,1.539078,1.529528,1.56047,1.64069,1.638016,1.716326,1.557796,1.492856,1.561998,1.477958,1.476812,1.48025,1.52036
22107,1.375964,1.429444,1.628084,1.593322,1.561998,1.561616,1.58148,1.6235,1.568492,1.52991,1.64451,1.50699,1.539078,1.529528,1.56047,1.64069,1.638016,1.716326,1.557796,1.492856,1.561998,1.477958,1.476812,1.48025,1.52036
22109,1.375964,1.429444,1.628084,1.593322,1.561998,1.561616,1.58148,1.6235,1.568492,1.52991,1.64451,1.50699,1.539078,1.529528,1.56047,1.64069,1.638016,1.716326,1.557796,1.492856,1.561998,1.477958,1.476812,1.48025,1.52036
22111,1.375964,1.429444,1.628084,1.593322,1.561998,1.561616,1.58148,1.6235,1.568492,1.52991,1.64451,1.50699,1.539078,1.529528,1.56047,1.64069,1.638016,1.716326,1.557796,1.492856,1.561998,1.477958,1.476812,1.48025,1.52036
22113,1.375964,1.429444,1.628084,1.593322,1.561998,1.561616,1.58148,1.6235,1.568492,1.52991,1.64451,1.50699,1.539078,1.529528,1.56047,1.64069,1.638016,1.716326,1.557796,1.492856,1.561998,1.477958,1.476812,1.48025,1.52036
22115,1.375964,1.429444,1.628084,1.593322,1.561998,1.561616,1.58148,1.6235,1.568492,1.52991,1.64451,1.50699,1.539078,1.529528,1.56047,1.64069,1.638016,1.716326,1.557796,1.492856,1.561998,1.477958,1.476812,1.48025,1.52036
22117,1.375964,1.429444,1.628084,1.593322,1.561998,1.561616,1.58148,1.6235,1.568492,1.52991,1.64451,1.50699,1.539078,1.529528,1.56047,1.64069,1.638016,1.716326,1.557796,1.492856,1.561998,1.477958,1.476812,1.48025,1.52036
22119,1.375964,1.429444,1.628084,1.593322,1.561998,1.561616,1.58148,1.6235,1.568492,1.52991,1.64451,1.50699,1.539078,1.529528,1.56047,1.64069,1.638016,1.716326,1.557796,1.492856,1.561998,1.477958,1.476812,1.48025,1.52036
22121,1.375964,1.429444,1.628084,1.593322,1.561998,1.561616,1.58148,1.6235,1.568492,1.52991,1.64451,1.50699,1.539078,1.529528,1.56047,1.64069,1.638016,1.716326,1.557796,1.492856,1.561998,1.477958,1.476812,1.48025,1.52036
22123,1.375964,1.429444,1.628084,1.593322,1.561998,1.561616,1.58148,1.6235,1.568492,1.52991,1.64451,1.50699,1.539078,1.529528,1.56047,1.64069,1.638016,1.716326,1.557796,1.492856,1.561998,1.477958,1.476812,1.48025,1.52036
22125,1.375964,1.429444,1.628084,1.593322,1.561998,1.561616,1.58148,1.6235,1.568492,1.52991,1.64451,1.50699,1.539078,1.529528,1.56047,1.64069,1.638016,1.716326,1.557796,1.492856,1.561998,1.477958,1.476812,1.48025,1.52036
22127,1.375964,1.429444,1.628084,1.593322,1.561998,1.561616,1.58148,1.6235,1.568492,1.52991,1.64451,1.50699,1.539078,1.529528,1.56047,1.64069,1.638016,1.716326,1.557796,1.492856,1.561998,1.477958,1.476812,1.48025,1.52036
23001,1.375964,1.429444,1.628084,1.593322,1.561998,1.561616,1.58148,1.6235,1.568492,1.52991,1.64451,1.50699,1.539078,1.529528,1.56047,1.64069,1.638016,1.716326,1.557796,1.492856,1.561998,1.477958,1.476812,1.48025,1.52036
23003,1.375964,1.429444,1.628084,1.593322,1.561998,1.561616,1.58148,1.6235,1.568492,1.52991,1.64451,1.50699,1.539078,1.529528,1.56047,1.64069,1.638016,1.716326,1.557796,1.492856,1.561998,1.477958,1.476812,1.48025,1.52036
23005,1.375964,1.429444,1.628084,1.593322,1.561998,1.561616,1.58148,1.6235,1.568492,1.52991,1.64451,1.50699,1.539078,1.529528,1.56047,1.64069,1.638016,1.716326,1.557796,1.492856,1.561998,1.477958,1.476812,1.48025,1.52036
23007,1.375964,1.429444,1.628084,1.593322,1.561998,1.561616,1.58148,1.6235,1.568492,1.52991,1.64451,1.50699,1.539078,1.529528,1.56047,1.64069,1.638016,1.716326,1.557796,1.492856,1.561998,1.477958,1.476812,1.48025,1.52036
23009,1.375964,1.429444,1.628084,1.593322,1.561998,1.561616,1.58148,1.6235,1.568492,1.52991,1.64451,1.50699,1.539078,1.529528,1.56047,1.64069,1.638016,1.716326,1.557796,1.492856,1.561998,1.477958,1.476812,1.48025,1.52036
23011,1.375964,1.429444,1.628084,1.593322,1.561998,1.561616,1.58148,1.6235,1.568492,1.52991,1.64451,1.50699,1.539078,1.529528,1.56047,1.64069,1.638016,1.716326,1.557796,1.492856,1.561998,1.477958,1.476812,1.48025,1.52036
23013,1.375964,1.429444,1.628084,1.593322,1.561998,1.561616,1.58148,1.6235,1.568492,1.52991,1.64451,1.50699,1.539078,1.529528,1.56047,1.64069,1.638016,1.716326,1.557796,1.492856,1.561998,1.477958,1.476812,1.48025,1.52036
23015,1.375964,1.429444,1.628084,1.593322,1.561998,1.561616,1.58148,1.6235,1.568492,1.52991,1.64451,1.50699,1.539078,1.529528,1.56047,1.64069,1.638016,1.716326,1.557796,1.492856,1.561998,1.477958,1.476812,1.48025,1.52036
23017,1.375964,1.429444,1.628084,1.593322,1.561998,1.561616,1.58148,1.6235,1.568492,1.52991,1.64451,1.50699,1.539078,1.529528,1.56047,1.64069,1.638016,1.716326,1.557796,1.492856,1.561998,1.477958,1.476812,1.48025,1.52036
23019,1.375964,1.429444,1.628084,1.593322,1.561998,1.561616,1.58148,1.6235,1.568492,1.52991,1.64451,1.50699,1.539078,1.529528,1.56047,1.64069,1.638016,1.716326,1.557796,1.492856,1.561998,1.477958,1.476812,1.48025,1.52036
23021,1.375964,1.429444,1.628084,1.593322,1.561998,1.561616,1.58148,1.6235,1.568492,1.52991,1.64451,1.50699,1.539078,1.529528,1.56047,1.64069,1.638016,1.716326,1.557796,1.492856,1.561998,1.477958,1.476812,1.48025,1.52036
23023,1.375964,1.429444,1.628084,1.593322,1.561998,1.561616,1.58148,1.6235,1.568492,1.52991,1.64451,1.50699,1.539078,1.529528,1.56047,1.64069,1.638016,1.716326,1.557796,1.492856,1.561998,1.477958,1.476812,1.48025,1.52036
23025,1.375964,1.429444,1.628084,1.593322,1.561998,1.561616,1.58148,1.6235,1.568492,1.52991,1.64451,1.50699,1.539078,1.529528,1.56047,1.64069,1.638016,1.716326,1.557796,1.492856,1.561998,1.477958,1.476812,1.48025,1.52036
23027,1.375964,1.429444,1.628084,1.593322,1.561998,1.561616,1.58148,1.6235,1.568492,1.52991,1.64451,1.50699,1.539078,1.529528,1.56047,1.64069,1.638016,1.716326,1.557796,1.492856,1.561998,1.477958,1.476812,1.48025,1.52036
23029,1.375964,1.429444,1.628084,1.593322,1.561998,1.561616,1.58148,1.6235,1.568492,1.52991,1.64451,1.50699,1.539078,1.529528,1.56047,1.64069,1.638016,1.716326,1.557796,1.492856,1.561998,1.477958,1.476812,1.48025,1.52036
23031,1.375964,1.429444,1.628084,1.593322,1.561998,1.561616,1.58148,1.6235,1.568492,1.52991,1.64451,1.50699,1.539078,1.529528,1.56047,1.64069,1.638016,1.716326,1.557796,1.492856,1.561998,1.477958,1.476812,1.48025,1.52036
24001,1.375964,1.429444,1.628084,1.593322,1.561998,1.561616,1.58148,1.6235,1.568492,1.52991,1.64451,1.50699,1.539078,1.529528,1.56047,1.64069,1.638016,1.716326,1.557796,1.492856,1.561998,1.477958,1.476812,1.48025,1.52036
24003,1.375964,1.429444,1.628084,1.593322,1.561998,1.561616,1.58148,1.6235,1.568492,1.52991,1.64451,1.50699,1.539078,1.529528,1.56047,1.64069,1.638016,1.716326,1.557796,1.492856,1.561998,1.477958,1.476812,1.48025,1.52036
24005,1.375964,1.429444,1.628084,1.593322,1.561998,1.561616,1.58148,1.6235,1.568492,1.52991,1.64451,1.50699,1.539078,1.529528,1.56047,1.64069,1.638016,1.716326,1.557796,1.492856,1.561998,1.477958,1.476812,1.48025,1.52036
24009,1.375964,1.429444,1.628084,1.593322,1.561998,1.561616,1.58148,1.6235,1.568492,1.52991,1.64451,1.50699,1.539078,1.529528,1.56047,1.64069,1.638016,1.716326,1.557796,1.492856,1.561998,1.477958,1.476812,1.48025,1.52036
24011,1.375964,1.429444,1.628084,1.593322,1.561998,1.561616,1.58148,1.6235,1.568492,1.52991,1.64451,1.50699,1.539078,1.529528,1.56047,1.64069,1.638016,1.716326,1.557796,1.492856,1.561998,1.477958,1.476812,1.48025,1.52036
24013,1.375964,1.429444,1.628084,1.593322,1.561998,1.561616,1.58148,1.6235,1.568492,1.52991,1.64451,1.50699,1.539078,1.529528,1.56047,1.64069,1.638016,1.716326,1.557796,1.492856,1.561998,1.477958,1.476812,1.48025,1.52036
24015,1.375964,1.429444,1.628084,1.593322,1.561998,1.561616,1.58148,1.6235,1.568492,1.52991,1.64451,1.50699,1.539078,1.529528,1.56047,1.64069,1.638016,1.716326,1.557796,1.492856,1.561998,1.477958,1.476812,1.48025,1.52036
24017,1.375964,1.429444,1.628084,1.593322,1.561998,1.561616,1.58148,1.6235,1.568492,1.52991,1.64451,1.50699,1.539078,1.529528,1.56047,1.64069,1.638016,1.716326,1.557796,1.492856,1.561998,1.477958,1.476812,1.48025,1.52036
24019,1.375964,1.429444,1.628084,1.593322,1.561998,1.561616,1.58148,1.6235,1.568492,1.52991,1.64451,1.50699,1.539078,1.529528,1.56047,1.64069,1.638016,1.716326,1.557796,1.492856,1.561998,1.477958,1.476812,1.48025,1.52036
24021,1.375964,1.429444,1.628084,1.593322,1.561998,1.561616,1.58148,1.6235,1.568492,1.52991,1.64451,1.50699,1.539078,1.529528,1.56047,1.64069,1.638016,1.716326,1.557796,1.492856,1.561998,1.477958,1.476812,1.48025,1.52036
24023,1.375964,1.429444,1.628084,1.593322,1.561998,1.561616,1.58148,1.6235,1.568492,1.52991,1.64451,1.50699,1.539078,1.529528,1.56047,1.64069,1.638016,1.716326,1.557796,1.492856,1.561998,1.477958,1.476812,1.48025,1.52036
24025,1.375964,1.429444,1.628084,1.593322,1.561998,1.561616,1.58148,1.6235,1.568492,1.52991,1.64451,1.50699,1.539078,1.529528,1.56047,1.64069,1.638016,1.716326,1.557796,1.492856,1.561998,1.477958,1.476812,1.48025,1.52036
24027,1.375964,1.429444,1.628084,1.593322,1.561998,1.561616,1.58148,1.6235,1.568492,1.52991,1.64451,1.50699,1.539078,1.529528,1.56047,1.64069,1.638016,1.716326,1.557796,1.492856,1.561998,1.477958,1.476812,1.48025,1.52036
24029,1.375964,1.429444,1.628084,1.593322,1.561998,1.561616,1.58148,1.6235,1.568492,1.52991,1.64451,1.50699,1.539078,1.529528,1.56047,1.64069,1.638016,1.716326,1.557796,1.492856,1.561998,1.477958,1.476812,1.48025,1.52036
24031,1.375964,1.429444,1.628084,1.593322,1.561998,1.561616,1.58148,1.6235,1.568492,1.52991,1.64451,1.50699,1.539078,1.529528,1.56047,1.64069,1.638016,1.716326,1.557796,1.492856,1.561998,1.477958,1.476812,1.48025,1.52036
24033,1.375964,1.429444,1.628084,1.593322,1.561998,1.561616,1.58148,1.6235,1.568492,1.52991,1.64451,1.50699,1.539078,1.529528,1.56047,1.64069,1.638016,1.716326,1.557796,1.492856,1.561998,1.477958,1.476812,1.48025,1.52036
24035,1.375964,1.429444,1.628084,1.593322,1.561998,1.561616,1.58148,1.6235,1.568492,1.52991,1.64451,1.50699,1.539078,1.529528,1.56047,1.64069,1.638016,1.716326,1.557796,1.492856,1.561998,1.477958,1.476812,1.48025,1.52036
24037,1.375964,1.429444,1.628084,1.593322,1.561998,1.561616,1.58148,1.6235,1.568492,1.52991,1.64451,1.50699,1.539078,1.529528,1.56047,1.64069,1.638016,1.716326,1.557796,1.492856,1.561998,1.477958,1.476812,1.48025,1.52036
24039,1.375964,1.429444,1.628084,1.593322,1.561998,1.561616,1.58148,1.6235,1.568492,1.52991,1.64451,1.50699,1.539078,1.529528,1.56047,1.64069,1.638016,1.716326,1.557796,1.492856,1.561998,1.477958,1.476812,1.48025,1.52036
24041,1.375964,1.429444,1.628084,1.593322,1.561998,1.561616,1.58148,1.6235,1.568492,1.52991,1.64451,1.50699,1.539078,1.529528,1.56047,1.64069,1.638016,1.716326,1.557796,1.492856,1.561998,1.477958,1.476812,1.48025,1.52036
24043,1.375964,1.429444,1.628084,1.593322,1.561998,1.561616,1.58148,1.6235,1.568492,1.52991,1.64451,1.50699,1.539078,1.529528,1.56047,1.64069,1.638016,1.716326,1.557796,1.492856,1.561998,1.477958,1.476812,1.48025,1.52036
24045,1.375964,1.429444,1.628084,1.593322,1.561998,1.561616,1.58148,1.6235,1.568492,1.52991,1.64451,1.50699,1.539078,1.529528,1.56047,1.64069,1.638016,1.716326,1.557796,1.492856,1.561998,1.477958,1.476812,1.48025,1.52036
24047,1.375964,1.429444,1.628084,1.593322,1.561998,1.561616,1.58148,1.6235,1.568492,1.52991,1.64451,1.50699,1.539078,1.529528,1.56047,1.64069,1.638016,1.716326,1.557796,1.492856,1.561998,1.477958,1.476812,1.48025,1.52036
24510,1.375964,1.429444,1.628084,1.593322,1.561998,1.561616,1.58148,1.6235,1.568492,1.52991,1.64451,1.50699,1.539078,1.529528,1.56047,1.64069,1.638016,1.716326,1.557796,1.492856,1.561998,1.477958,1.476812,1.48025,1.52036
25001,1.375964,1.429444,1.628084,1.593322,1.561998,1.561616,1.58148,1.6235,1.568492,1.52991,1.64451,1.50699,1.539078,1.529528,1.56047,1.64069,1.638016,1.716326,1.557796,1.492856,1.561998,1.477958,1.476812,1.48025,1.52036
25003,1.375964,1.429444,1.628084,1.593322,1.561998,1.561616,1.58148,1.6235,1.568492,1.52991,1.64451,1.50699,1.539078,1.529528,1.56047,1.64069,1.638016,1.716326,1.557796,1.492856,1.561998,1.477958,1.476812,1.48025,1.52036
25005,1.375964,1.429444,1.628084,1.593322,1.561998,1.561616,1.58148,1.6235,1.568492,1.52991,1.64451,1.50699,1.539078,1.529528,1.56047,1.64069,1.638016,1.716326,1.557796,1.492856,1.561998,1.477958,1.476812,1.48025,1.52036
25007,1.375964,1.429444,1.628084,1.593322,1.561998,1.561616,1.58148,1.6235,1.568492,1.52991,1.64451,1.50699,1.539078,1.529528,1.56047,1.64069,1.638016,1.716326,1.557796,1.492856,1.561998,1.477958,1.476812,1.48025,1.52036
25009,1.375964,1.429444,1.628084,1.593322,1.561998,1.561616,1.58148,1.6235,1.568492,1.52991,1.64451,1.50699,1.539078,1.529528,1.56047,1.64069,1.638016,1.716326,1.557796,1.492856,1.561998,1.477958,1.476812,1.48025,1.52036
25011,1.375964,1.429444,1.628084,1.593322,1.561998,1.561616,1.58148,1.6235,1.568492,1.52991,1.64451,1.50699,1.539078,1.529528,1.56047,1.64069,1.638016,1.716326,1.557796,1.492856,1.561998,1.477958,1.476812,1.48025,1.52036
25013,1.375964,1.429444,1.628084,1.593322,1.561998,1.561616,1.58148,1.6235,1.568492,1.52991,1.64451,1.50699,1.539078,1.529528,1.56047,1.64069,1.638016,1.716326,1.557796,1.492856,1.561998,1.477958,1.476812,1.48025,1.52036
25015,1.375964,1.429444,1.628084,1.593322,1.561998,1.561616,1.58148,1.6235,1.568492,1.52991,1.64451,1.50699,1.539078,1.529528,1.56047,1.64069,1.638016,1.716326,1.557796,1.492856,1.561998,1.477958,1.476812,1.48025,1.52036
25017,1.375964,1.429444,1.628084,1.593322,1.561998,1.561616,1.58148,1.6235,1.568492,1.52991,1.64451,1.50699,1.539078,1.529528,1.56047,1.64069,1.638016,1.716326,1.557796,1.492856,1.561998,1.477958,1.476812,1.48025,1.52036
25019,1.375964,1.429444,1.628084,1.593322,1.561998,1.561616,1.58148,1.6235,1.568492,1.52991,1.64451,1.50699,1.539078,1.529528,1.56047,1.64069,1.638016,1.716326,1.557796,1.492856,1.561998,1.477958,1.476812,1.48025,1.52036
25021,1.375964,1.429444,1.628084,1.593322,1.561998,1.561616,1.58148,1.6235,1.568492,1.52991,1.64451,1.50699,1.539078,1.529528,1.56047,1.64069,1.638016,1.716326,1.557796,1.492856,1.561998,1.477958,1.476812,1.48025,1.52036
25023,1.375964,1.429444,1.628084,1.593322,1.561998,1.561616,1.58148,1.6235,1.568492,1.52991,1.64451,1.50699,1.539078,1.529528,1.56047,1.64069,1.638016,1.716326,1.557796,1.492856,1.561998,1.477958,1.476812,1.48025,1.52036
25025,1.375964,1.429444,1.628084,1.593322,1.561998,1.561616,1.58148,1.6235,1.568492,1.52991,1.64451,1.50699,1.539078,1.529528,1.56047,1.64069,1.638016,1.716326,1.557796,1.492856,1.561998,1.477958,1.476812,1.48025,1.52036
25027,1.375964,1.429444,1.628084,1.593322,1.561998,1.561616,1.58148,1.6235,1.568492,1.52991,1.64451,1.50699,1.539078,1.529528,1.56047,1.64069,1.638016,1.716326,1.557796,1.492856,1.561998,1.477958,1.476812,1.48025,1.52036
26001,1.375964,1.429444,1.628084,1.593322,1.561998,1.561616,1.58148,1.6235,1.568492,1.52991,1.64451,1.50699,1.539078,1.529528,1.56047,1.64069,1.638016,1.716326,1.557796,1.492856,1.561998,1.477958,1.476812,1.48025,1.52036
26003,1.375964,1.429444,1.628084,1.593322,1.561998,1.561616,1.58148,1.6235,1.568492,1.52991,1.64451,1.50699,1.539078,1.529528,1.56047,1.64069,1.638016,1.716326,1.557796,1.492856,1.561998,1.477958,1.476812,1.48025,1.52036
26005,1.375964,1.429444,1.628084,1.593322,1.561998,1.561616,1.58148,1.6235,1.568492,1.52991,1.64451,1.50699,1.539078,1.529528,1.56047,1.64069,1.638016,1.716326,1.557796,1.492856,1.561998,1.477958,1.476812,1.48025,1.52036
26007,1.375964,1.429444,1.628084,1.593322,1.561998,1.561616,1.58148,1.6235,1.568492,1.52991,1.64451,1.50699,1.539078,1.529528,1.56047,1.64069,1.638016,1.716326,1.557796,1.492856,1.561998,1.477958,1.476812,1.48025,1.52036
26009,1.375964,1.429444,1.628084,1.593322,1.561998,1.561616,1.58148,1.6235,1.568492,1.52991,1.64451,1.50699,1.539078,1.529528,1.56047,1.64069,1.638016,1.716326,1.557796,1.492856,1.561998,1.477958,1.476812,1.48025,1.52036
26011,1.375964,1.429444,1.628084,1.593322,1.561998,1.561616,1.58148,1.6235,1.568492,1.52991,1.64451,1.50699,1.539078,1.529528,1.56047,1.64069,1.638016,1.716326,1.557796,1.492856,1.561998,1.477958,1.476812,1.48025,1.52036
26013,1.375964,1.429444,1.628084,1.593322,1.561998,1.561616,1.58148,1.6235,1.568492,1.52991,1.64451,1.50699,1.539078,1.529528,1.56047,1.64069,1.638016,1.716326,1.557796,1.492856,1.561998,1.477958,1.476812,1.48025,1.52036
26015,1.375964,1.429444,1.628084,1.593322,1.561998,1.561616,1.58148,1.6235,1.568492,1.52991,1.64451,1.50699,1.539078,1.529528,1.56047,1.64069,1.638016,1.716326,1.557796,1.492856,1.561998,1.477958,1.476812,1.48025,1.52036
26017,1.375964,1.429444,1.628084,1.593322,1.561998,1.561616,1.58148,1.6235,1.568492,1.52991,1.64451,1.50699,1.539078,1.529528,1.56047,1.64069,1.638016,1.716326,1.557796,1.492856,1.561998,1.477958,1.476812,1.48025,1.52036
26019,1.375964,1.429444,1.628084,1.593322,1.561998,1.561616,1.58148,1.6235,1.568492,1.52991,1.64451,1.50699,1.539078,1.529528,1.56047,1.64069,1.638016,1.716326,1.557796,1.492856,1.561998,1.477958,1.476812,1.48025,1.52036
26021,1.375964,1.429444,1.628084,1.593322,1.561998,1.561616,1.58148,1.6235,1.568492,1.52991,1.64451,1.50699,1.539078,1.529528,1.56047,1.64069,1.638016,1.716326,1.557796,1.492856,1.561998,1.477958,1.476812,1.48025,1.52036
26023,1.375964,1.429444,1.628084,1.593322,1.561998,1.561616,1.58148,1.6235,1.568492,1.52991,1.64451,1.50699,1.539078,1.529528,1.56047,1.64069,1.638016,1.716326,1.557796,1.492856,1.561998,1.477958,1.476812,1.48025,1.52036
26025,1.375964,1.429444,1.628084,1.593322,1.561998,1.561616,1.58148,1.6235,1.568492,1.52991,1.64451,1.50699,1.539078,1.529528,1.56047,1.64069,1.638016,1.716326,1.557796,1.492856,1.561998,1.477958,1.476812,1.48025,1.52036
26027,1.375964,1.429444,1.628084,1.593322,1.561998,1.561616,1.58148,1.6235,1.568492,1.52991,1.64451,1.50699,1.539078,1.529528,1.56047,1.64069,1.638016,1.716326,1.557796,1.492856,1.561998,1.477958,1.476812,1.48025,1.52036
26029,1.375964,1.429444,1.628084,1.593322,1.561998,1.561616,1.58148,1.6235,1.568492,1.52991,1.64451,1.50699,1.539078,1.529528,1.56047,1.64069,1.638016,1.716326,1.557796,1.492856,1.561998,1.477958,1.476812,1.48025,1.52036
26031,1.375964,1.429444,1.628084,1.593322,1.561998,1.561616,1.58148,1.6235,1.568492,1.52991,1.64451,1.50699,1.539078,1.529528,1.56047,1.64069,1.638016,1.716326,1.557796,1.492856,1.561998,1.477958,1.476812,1.48025,1.52036
26033,1.375964,1.429444,1.628084,1.593322,1.561998,1.561616,1.58148,1.6235,1.568492,1.52991,1.64451,1.50699,1.539078,1.529528,1.56047,1.64069,1.638016,1.716326,1.557796,1.492856,1.561998,1.477958,1.476812,1.48025,1.52036
26035,1.375964,1.429444,1.628084,1.593322,1.561998,1.561616,1.58148,1.6235,1.568492,1.52991,1.64451,1.50699,1.539078,1.529528,1.56047,1.64069,1.638016,1.716326,1.557796,1.492856,1.561998,1.477958,1.476812,1.48025,1.52036
26037,1.375964,1.429444,1.628084,1.593322,1.561998,1.561616,1.58148,1.6235,1.568492,1.52991,1.64451,1.50699,1.539078,1.529528,1.56047,1.64069,1.638016,1.716326,1.557796,1.492856,1.561998,1.477958,1.476812,1.48025,1.52036
26039,1.375964,1.429444,1.628084,1.593322,1.561998,1.561616,1.58148,1.6235,1.568492,1.52991,1.64451,1.50699,1.539078,1.529528,1.56047,1.64069,1.638016,1.716326,1.557796,1.492856,1.561998,1.477958,1.476812,1.48025,1.52036
26041,1.375964,1.429444,1.628084,1.593322,1.561998,1.561616,1.58148,1.6235,1.568492,1.52991,1.64451,1.50699,1.539078,1.529528,1.56047,1.64069,1.638016,1.716326,1.557796,1.492856,1.561998,1.477958,1.476812,1.48025,1.52036
26043,1.375964,1.429444,1.628084,1.593322,1.561998,1.561616,1.58148,1.6235,1.568492,1.52991,1.64451,1.50699,1.539078,1.529528,1.56047,1.64069,1.638016,1.716326,1.557796,1.492856,1.561998,1.477958,1.476812,1.48025,1.52036
26045,1.375964,1.429444,1.628084,1.593322,1.561998,1.561616,1.58148,1.6235,1.568492,1.52991,1.64451,1.50699,1.539078,1.529528,1.56047,1.64069,1.638016,1.716326,1.557796,1.492856,1.561998,1.477958,1.476812,1.48025,1.52036
26047,1.375964,1.429444,1.628084,1.593322,1.561998,1.561616,1.58148,1.6235,1.568492,1.52991,1.64451,1.50699,1.539078,1.529528,1.56047,1.64069,1.638016,1.716326,1.557796,1.492856,1.561998,1.477958,1.476812,1.48025,1.52036
26049,1.375964,1.429444,1.628084,1.593322,1.561998,1.561616,1.58148,1.6235,1.568492,1.52991,1.64451,1.50699,1.539078,1.529528,1.56047,1.64069,1.638016,1.716326,1.557796,1.492856,1.561998,1.477958,1.476812,1.48025,1.52036
26051,1.375964,1.429444,1.628084,1.593322,1.561998,1.561616,1.58148,1.6235,1.568492,1.52991,1.64451,1.50699,1.539078,1.529528,1.56047,1.64069,1.638016,1.716326,1.557796,1.492856,1.561998,1.477958,1.476812,1.48025,1.52036
26053,1.375964,1.429444,1.628084,1.593322,1.561998,1.561616,1.58148,1.6235,1.568492,1.52991,1.64451,1.50699,1.539078,1.529528,1.56047,1.64069,1.638016,1.716326,1.557796,1.492856,1.561998,1.477958,1.476812,1.48025,1.52036
26055,1.375964,1.429444,1.628084,1.593322,1.561998,1.561616,1.58148,1.6235,1.568492,1.52991,1.64451,1.50699,1.539078,1.529528,1.56047,1.64069,1.638016,1.716326,1.557796,1.492856,1.561998,1.477958,1.476812,1.48025,1.52036
26057,1.375964,1.429444,1.628084,1.593322,1.561998,1.561616,1.58148,1.6235,1.568492,1.52991,1.64451,1.50699,1.539078,1.529528,1.56047,1.64069,1.638016,1.716326,1.557796,1.492856,1.561998,1.477958,1.476812,1.48025,1.52036
26059,1.375964,1.429444,1.628084,1.593322,1.561998,1.561616,1.58148,1.6235,1.568492,1.52991,1.64451,1.50699,1.539078,1.529528,1.56047,1.64069,1.638016,1.716326,1.557796,1.492856,1.561998,1.477958,1.476812,1.48025,1.52036
26061,1.375964,1.429444,1.628084,1.593322,1.561998,1.561616,1.58148,1.6235,1.568492,1.52991,1.64451,1.50699,1.539078,1.529528,1.56047,1.64069,1.638016,1.716326,1.557796,1.492856,1.561998,1.477958,1.476812,1.48025,1.52036
26063,1.375964,1.429444,1.628084,1.593322,1.561998,1.561616,1.58148,1.6235,1.568492,1.52991,1.64451,1.50699,1.539078,1.529528,1.56047,1.64069,1.638016,1.716326,1.557796,1.492856,1.561998,1.477958,1.476812,1.48025,1.52036
26065,1.375964,1.429444,1.628084,1.593322,1.561998,1.561616,1.58148,1.6235,1.568492,1.52991,1.64451,1.50699,1.539078,1.529528,1.56047,1.64069,1.638016,1.716326,1.557796,1.492856,1.561998,1.477958,1.476812,1.48025,1.52036
26067,1.375964,1.429444,1.628084,1.593322,1.561998,1.561616,1.58148,1.6235,1.568492,1.52991,1.64451,1.50699,1.539078,1.529528,1.56047,1.64069,1.638016,1.716326,1.557796,1.492856,1.561998,1.477958,1.476812,1.48025,1.52036
26069,1.375964,1.429444,1.628084,1.593322,1.561998,1.561616,1.58148,1.6235,1.568492,1.52991,1.64451,1.50699,1.539078,1.529528,1.56047,1.64069,1.638016,1.716326,1.557796,1.492856,1.561998,1.477958,1.476812,1.48025,1.52036
26071,1.375964,1.429444,1.628084,1.593322,1.561998,1.561616,1.58148,1.6235,1.568492,1.52991,1.64451,1.50699,1.539078,1.529528,1.56047,1.64069,1.638016,1.716326,1.557796,1.492856,1.561998,1.477958,1.476812,1.48025,1.52036
26073,1.375964,1.429444,1.628084,1.593322,1.561998,1.561616,1.58148,1.6235,1.568492,1.52991,1.64451,1.50699,1.539078,1.529528,1.56047,1.64069,1.638016,1.716326,1.557796,1.492856,1.561998,1.477958,1.476812,1.48025,1.52036
26075,1.375964,1.429444,1.628084,1.593322,1.561998,1.561616,1.58148,1.6235,1.568492,1.52991,1.64451,1.50699,1.539078,1.529528,1.56047,1.64069,1.638016,1.716326,1.557796,1.492856,1.561998,1.477958,1.476812,1.48025,1.52036
26077,1.375964,1.429444,1.628084,1.593322,1.561998,1.561616,1.58148,1.6235,1.568492,1.52991,1.64451,1.50699,1.539078,1.529528,1.56047,1.64069,1.638016,1.716326,1.557796,1.492856,1.561998,1.477958,1.476812,1.48025,1.52036
26079,1.375964,1.429444,1.628084,1.593322,1.561998,1.561616,1.58148,1.6235,1.568492,1.52991,1.64451,1.50699,1.539078,1.529528,1.56047,1.64069,1.638016,1.716326,1.557796,1.492856,1.561998,1.477958,1.476812,1.48025,1.52036
26081,1.375964,1.429444,1.628084,1.593322,1.561998,1.561616,1.58148,1.6235,1.568492,1.52991,1.64451,1.50699,1.539078,1.529528,1.56047,1.64069,1.638016,1.716326,1.557796,1.492856,1.561998,1.477958,1.476812,1.48025,1.52036
26083,1.375964,1.429444,1.628084,1.593322,1.561998,1.561616,1.58148,1.6235,1.568492,1.52991,1.64451,1.50699,1.539078,1.529528,1.56047,1.64069,1.638016,1.716326,1.557796,1.492856,1.561998,1.477958,1.476812,1.48025,1.52036
26085,1.375964,1.429444,1.628084,1.593322,1.561998,1.561616,1.58148,1.6235,1.568492,1.52991,1.64451,1.50699,1.539078,1.529528,1.56047,1.64069,1.638016,1.716326,1.557796,1.492856,1.561998,1.477958,1.476812,1.48025,1.52036
26087,1.375964,1.429444,1.628084,1.593322,1.561998,1.561616,1.58148,1.6235,1.568492,1.52991,1.64451,1.50699,1.539078,1.529528,1.56047,1.64069,1.638016,1.716326,1.557796,1.492856,1.561998,1.477958,1.476812,1.48025,1.52036
26089,1.375964,1.429444,1.628084,1.593322,1.561998,1.561616,1.58148,1.6235,1.568492,1.52991,1.64451,1.50699,1.539078,1.529528,1.56047,1.64069,1.638016,1.716326,1.557796,1.492856,1.561998,1.477958,1.476812,1.48025,1.52036
26091,1.375964,1.429444,1.628084,1.593322,1.561998,1.561616,1.58148,1.6235,1.568492,1.52991,1.64451,1.50699,1.539078,1.529528,1.56047,1.64069,1.638016,1.716326,1.557796,1.492856,1.561998,1.477958,1.476812,1.48025,1.52036
26093,1.375964,1.429444,1.628084,1.593322,1.561998,1.561616,1.58148,1.6235,1.568492,1.52991,1.64451,1.50699,1.539078,1.529528,1.56047,1.64069,1.638016,1.716326,1.557796,1.492856,1.561998,1.477958,1.476812,1.48025,1.52036
26095,1.375964,1.429444,1.628084,1.593322,1.561998,1.561616,1.58148,1.6235,1.568492,1.52991,1.64451,1.50699,1.539078,1.529528,1.56047,1.64069,1.638016,1.716326,1.557796,1.492856,1.561998,1.477958,1.476812,1.48025,1.52036
26097,1.375964,1.429444,1.628084,1.593322,1.561998,1.561616,1.58148,1.6235,1.568492,1.52991,1.64451,1.50699,1.539078,1.529528,1.56047,1.64069,1.638016,1.716326,1.557796,1.492856,1.561998,1.477958,1.476812,1.48025,1.52036
26099,1.375964,1.429444,1.628084,1.593322,1.561998,1.561616,1.58148,1.6235,1.568492,1.52991,1.64451,1.50699,1.539078,1.529528,1.56047,1.64069,1.638016,1.716326,1.557796,1.492856,1.561998,1.477958,1.476812,1.48025,1.52036
26101,1.375964,1.429444,1.628084,1.593322,1.561998,1.561616,1.58148,1.6235,1.568492,1.52991,1.64451,1.50699,1.539078,1.529528,1.56047,1.64069,1.638016,1.716326,1.557796,1.492856,1.561998,1.477958,1.476812,1.48025,1.52036
26103,1.375964,1.429444,1.628084,1.593322,1.561998,1.561616,1.58148,1.6235,1.568492,1.52991,1.64451,1.50699,1.539078,1.529528,1.56047,1.64069,1.638016,1.716326,1.557796,1.492856,1.561998,1.477958,1.476812,1.48025,1.52036
26105,1.375964,1.429444,1.628084,1.593322,1.561998,1.561616,1.58148,1.6235,1.568492,1.52991,1.64451,1.50699,1.539078,1.529528,1.56047,1.64069,1.638016,1.716326,1.557796,1.492856,1.561998,1.477958,1.476812,1.48025,1.52036
26107,1.375964,1.429444,1.628084,1.593322,1.561998,1.561616,1.58148,1.6235,1.568492,1.52991,1.64451,1.50699,1.539078,1.529528,1.56047,1.64069,1.638016,1.716326,1.557796,1.492856,1.561998,1.477958,1.476812,1.48025,1.52036
26109,1.375964,1.429444,1.628084,1.593322,1.561998,1.561616,1.58148,1.6235,1.568492,1.52991,1.64451,1.50699,1.539078,1.529528,1.56047,1.64069,1.638016,1.716326,1.557796,1.492856,1.561998,1.477958,1.476812,1.48025,1.52036
26111,1.375964,1.429444,1.628084,1.593322,1.561998,1.561616,1.58148,1.6235,1.568492,1.52991,1.64451,1.50699,1.539078,1.529528,1.56047,1.64069,1.638016,1.716326,1.557796,1.492856,1.561998,1.477958,1.476812,1.48025,1.52036
26113,1.375964,1.429444,1.628084,1.593322,1.561998,1.561616,1.58148,1.6235,1.568492,1.52991,1.64451,1.50699,1.539078,1.529528,1.56047,1.64069,1.638016,1.716326,1.557796,1.492856,1.561998,1.477958,1.476812,1.48025,1.52036
26115,1.375964,1.429444,1.628084,1.593322,1.561998,1.561616,1.58148,1.6235,1.568492,1.52991,1.64451,1.50699,1.539078,1.529528,1.56047,1.64069,1.638016,1.716326,1.557796,1.492856,1.561998,1.477958,1.476812,1.48025,1.52036
26117,1.375964,1.429444,1.628084,1.593322,1.561998,1.561616,1.58148,1.6235,1.568492,1.52991,1.64451,1.50699,1.539078,1.529528,1.56047,1.64069,1.638016,1.716326,1.557796,1.492856,1.561998,1.477958,1.476812,1.48025,1.52036
26119,1.375964,1.429444,1.628084,1.593322,1.561998,1.561616,1.58148,1.6235,1.568492,1.52991,1.64451,1.50699,1.539078,1.529528,1.56047,1.64069,1.638016,1.716326,1.557796,1.492856,1.561998,1.477958,1.476812,1.48025,1.52036
26121,1.375964,1.429444,1.628084,1.593322,1.561998,1.561616,1.58148,1.6235,1.568492,1.52991,1.64451,1.50699,1.539078,1.529528,1.56047,1.64069,1.638016,1.716326,1.557796,1.492856,1.561998,1.477958,1.476812,1.48025,1.52036
26123,1.375964,1.429444,1.628084,1.593322,1.561998,1.561616,1.58148,1.6235,1.568492,1.52991,1.64451,1.50699,1.539078,1.529528,1.56047,1.64069,1.638016,1.716326,1.557796,1.492856,1.561998,1.477958,1.476812,1.48025,1.52036
26125,1.375964,1.429444,1.628084,1.593322,1.561998,1.561616,1.58148,1.6235,1.568492,1.52991,1.64451,1.50699,1.539078,1.529528,1.56047,1.64069,1.638016,1.716326,1.557796,1.492856,1.561998,1.477958,1.476812,1.48025,1.52036
26127,1.375964,1.429444,1.628084,1.593322,1.561998,1.561616,1.58148,1.6235,1.568492,1.52991,1.64451,1.50699,1.539078,1.529528,1.56047,1.64069,1.638016,1.716326,1.557796,1.492856,1.561998,1.477958,1.476812,1.48025,1.52036
26129,1.375964,1.429444,1.628084,1.593322,1.561998,1.561616,1.58148,1.6235,1.568492,1.52991,1.64451,1.50699,1.539078,1.529528,1.56047,1.64069,1.638016,1.716326,1.557796,1.492856,1.561998,1.477958,1.476812,1.48025,1.52036
26131,1.375964,1.429444,1.628084,1.593322,1.561998,1.561616,1.58148,1.6235,1.568492,1.52991,1.64451,1.50699,1.539078,1.529528,1.56047,1.64069,1.638016,1.716326,1.557796,1.492856,1.561998,1.477958,1.476812,1.48025,1.52036
26133,1.375964,1.429444,1.628084,1.593322,1.561998,1.561616,1.58148,1.6235,1.568492,1.52991,1.64451,1.50699,1.539078,1.529528,1.56047,1.64069,1.638016,1.716326,1.557796,1.492856,1.561998,1.477958,1.476812,1.48025,1.52036
26135,1.375964,1.429444,1.628084,1.593322,1.561998,1.561616,1.58148,1.6235,1.568492,1.52991,1.64451,1.50699,1.539078,1.529528,1.56047,1.64069,1.638016,1.716326,1.557796,1.492856,1.561998,1.477958,1.476812,1.48025,1.52036
26137,1.375964,1.429444,1.628084,1.593322,1.561998,1.561616,1.58148,1.6235,1.568492,1.52991,1.64451,1.50699,1.539078,1.529528,1.56047,1.64069,1.638016,1.716326,1.557796,1.492856,1.561998,1.477958,1.476812,1.48025,1.52036
26139,1.375964,1.429444,1.628084,1.593322,1.561998,1.561616,1.58148,1.6235,1.568492,1.52991,1.64451,1.50699,1.539078,1.529528,1.56047,1.64069,1.638016,1.716326,1.557796,1.492856,1.561998,1.477958,1.476812,1.48025,1.52036
26141,1.375964,1.429444,1.628084,1.593322,1.561998,1.561616,1.58148,1.6235,1.568492,1.52991,1.64451,1.50699,1.539078,1.529528,1.56047,1.64069,1.638016,1.716326,1.557796,1.492856,1.561998,1.477958,1.476812,1.48025,1.52036
26143,1.375964,1.429444,1.628084,1.593322,1.561998,1.561616,1.58148,1.6235,1.568492,1.52991,1.64451,1.50699,1.539078,1.529528,1.56047,1.64069,1.638016,1.716326,1.557796,1.492856,1.561998,1.477958,1.476812,1.48025,1.52036
26145,1.375964,1.429444,1.628084,1.593322,1.561998,1.561616,1.58148,1.6235,1.568492,1.52991,1.64451,1.50699,1.539078,1.529528,1.56047,1.64069,1.638016,1.716326,1.557796,1.492856,1.561998,1.477958,1.476812,1.48025,1.52036
26147,1.375964,1.429444,1.628084,1.593322,1.561998,1.561616,1.58148,1.6235,1.568492,1.52991,1.64451,1.50699,1.539078,1.529528,1.56047,1.64069,1.638016,1.716326,1.557796,1.492856,1.561998,1.477958,1.476812,1.48025,1.52036
26149,1.375964,1.429444,1.628084,1.593322,1.561998,1.561616,1.58148,1.6235,1.568492,1.52991,1.64451,1.50699,1.539078,1.529528,1.56047,1.64069,1.638016,1.716326,1.557796,1.492856,1.561998,1.477958,1.476812,1.48025,1.52036
26151,1.375964,1.429444,1.628084,1.593322,1.561998,1.561616,1.58148,1.6235,1.568492,1.52991,1.64451,1.50699,1.539078,1.529528,1.56047,1.64069,1.638016,1.716326,1.557796,1.492856,1.561998,1.477958,1.476812,1.48025,1.52036
26153,1.375964,1.429444,1.628084,1.593322,1.561998,1.561616,1.58148,1.6235,1.568492,1.52991,1.64451,1.50699,1.539078,1.529528,1.56047,1.64069,1.638016,1.716326,1.557796,1.492856,1.561998,1.477958,1.476812,1.48025,1.52036
26155,1.375964,1.429444,1.628084,1.593322,1.561998,1.561616,1.58148,1.6235,1.568492,1.52991,1.64451,1.50699,1.539078,1.529528,1.56047,1.64069,1.638016,1.716326,1.557796,1.492856,1.561998,1.477958,1.476812,1.48025,1.52036
26157,1.375964,1.429444,1.628084,1.593322,1.561998,1.561616,1.58148,1.6235,1.568492,1.52991,1.64451,1.50699,1.539078,1.529528,1.56047,1.64069,1.638016,1.716326,1.557796,1.492856,1.561998,1.477958,1.476812,1.48025,1.52036
26159,1.375964,1.429444,1.628084,1.593322,1.561998,1.561616,1.58148,1.6235,1.568492,1.52991,1.64451,1.50699,1.539078,1.529528,1.56047,1.64069,1.638016,1.716326,1.557796,1.492856,1.561998,1.477958,1.476812,1.48025,1.52036
26161,1.375964,1.429444,1.628084,1.593322,1.561998,1.561616,1.58148,1.6235,1.568492,1.52991,1.64451,1.50699,1.539078,1.529528,1.56047,1.64069,1.638016,1.716326,1.557796,1.492856,1.561998,1.477958,1.476812,1.48025,1.52036
26163,1.375964,1.429444,1.628084,1.593322,1.561998,1.561616,1.58148,1.6235,1.568492,1.52991,1.64451,1.50699,1.539078,1.529528,1.56047,1.64069,1.638016,1.716326,1.557796,1.492856,1.561998,1.477958,1.476812,1.48025,1.52036
26165,1.375964,1.429444,1.628084,1.593322,1.561998,1.561616,1.58148,1.6235,1.568492,1.52991,1.64451,1.50699,1.539078,1.529528,1.56047,1.64069,1.638016,1.716326,1.557796,1.492856,1.561998,1.477958,1.476812,1.48025,1.52036
27001,1.375964,1.429444,1.628084,1.593322,1.561998,1.561616,1.58148,1.6235,1.568492,1.52991,1.64451,1.50699,1.539078,1.529528,1.56047,1.64069,1.638016,1.716326,1.557796,1.492856,1.561998,1.477958,1.476812,1.48025,1.52036
27003,1.375964,1.429444,1.628084,1.593322,1.561998,1.561616,1.58148,1.6235,1.568492,1.52991,1.64451,1.50699,1.539078,1.529528,1.56047,1.64069,1.638016,1.716326,1.557796,1.492856,1.561998,1.477958,1.476812,1.48025,1.52036
27005,1.375964,1.429444,1.628084,1.593322,1.561998,1.561616,1.58148,1.6235,1.568492,1.52991,1.64451,1.50699,1.539078,1.529528,1.56047,1.64069,1.638016,1.716326,1.557796,1.492856,1.561998,1.477958,1.476812,1.48025,1.52036
27007,1.375964,1.429444,1.628084,1.593322,1.561998,1.561616,1.58148,1.6235,1.568492,1.52991,1.64451,1.50699,1.539078,1.529528,1.56047,1.64069,1.638016,1.716326,1.557796,1.492856,1.561998,1.477958,1.476812,1.48025,1.52036
27009,1.375964,1.429444,1.628084,1.593322,1.561998,1.561616,1.58148,1.6235,1.568492,1.52991,1.64451,1.50699,1.539078,1.529528,1.56047,1.64069,1.638016,1.716326,1.557796,1.492856,1.561998,1.477958,1.476812,1.48025,1.52036
27011,1.375964,1.429444,1.628084,1.593322,1.561998,1.561616,1.58148,1.6235,1.568492,1.52991,1.64451,1.50699,1.539078,1.529528,1.56047,1.64069,1.638016,1.716326,1.557796,1.492856,1.561998,1.477958,1.476812,1.48025,1.52036
27013,1.375964,1.429444,1.628084,1.593322,1.561998,1.561616,1.58148,1.6235,1.568492,1.52991,1.64451,1.50699,1.539078,1.529528,1.56047,1.64069,1.638016,1.716326,1.557796,1.492856,1.561998,1.477958,1.476812,1.48025,1.52036
27015,1.375964,1.429444,1.628084,1.593322,1.561998,1.561616,1.58148,1.6235,1.568492,1.52991,1.64451,1.50699,1.539078,1.529528,1.56047,1.64069,1.638016,1.716326,1.557796,1.492856,1.561998,1.477958,1.476812,1.48025,1.52036
27017,1.375964,1.429444,1.628084,1.593322,1.561998,1.561616,1.58148,1.6235,1.568492,1.52991,1.64451,1.50699,1.539078,1.529528,1.56047,1.64069,1.638016,1.716326,1.557796,1.492856,1.561998,1.477958,1.476812,1.48025,1.52036
27019,1.375964,1.429444,1.628084,1.593322,1.561998,1.561616,1.58148,1.6235,1.568492,1.52991,1.64451,1.50699,1.539078,1.529528,1.56047,1.64069,1.638016,1.716326,1.557796,1.492856,1.561998,1.477958,1.476812,1.48025,1.52036
27021,1.375964,1.429444,1.628084,1.593322,1.561998,1.561616,1.58148,1.6235,1.568492,1.52991,1.64451,1.50699,1.539078,1.529528,1.56047,1.64069,1.638016,1.716326,1.557796,1.492856,1.561998,1.477958,1.476812,1.48025,1.52036
27023,1.375964,1.429444,1.628084,1.593322,1.561998,1.561616,1.58148,1.6235,1.568492,1.52991,1.64451,1.50699,1.539078,1.529528,1.56047,1.64069,1.638016,1.716326,1.557796,1.492856,1.561998,1.477958,1.476812,1.48025,1.52036
27025,1.375964,1.429444,1.628084,1.593322,1.561998,1.561616,1.58148,1.6235,1.568492,1.52991,1.64451,1.50699,1.539078,1.529528,1.56047,1.64069,1.638016,1.716326,1.557796,1.492856,1.561998,1.477958,1.476812,1.48025,1.52036
27027,1.375964,1.429444,1.628084,1.593322,1.561998,1.561616,1.58148,1.6235,1.568492,1.52991,1.64451,1.50699,1.539078,1.529528,1.56047,1.64069,1.638016,1.716326,1.557796,1.492856,1.561998,1.477958,1.476812,1.48025,1.52036
27029,1.375964,1.429444,1.628084,1.593322,1.561998,1.561616,1.58148,1.6235,1.568492,1.52991,1.64451,1.50699,1.539078,1.529528,1.56047,1.64069,1.638016,1.716326,1.557796,1.492856,1.561998,1.477958,1.476812,1.48025,1.52036
27031,1.375964,1.429444,1.628084,1.593322,1.561998,1.561616,1.58148,1.6235,1.568492,1.52991,1.64451,1.50699,1.539078,1.529528,1.56047,1.64069,1.638016,1.716326,1.557796,1.492856,1.561998,1.477958,1.476812,1.48025,1.52036
27033,1.375964,1.429444,1.628084,1.593322,1.561998,1.561616,1.58148,1.6235,1.568492,1.52991,1.64451,1.50699,1.539078,1.529528,1.56047,1.64069,1.638016,1.716326,1.557796,1.492856,1.561998,1.477958,1.476812,1.48025,1.52036
27035,1.375964,1.429444,1.628084,1.593322,1.561998,1.561616,1.58148,1.6235,1.568492,1.52991,1.64451,1.50699,1.539078,1.529528,1.56047,1.64069,1.638016,1.716326,1.557796,1.492856,1.561998,1.477958,1.476812,1.48025,1.52036
27037,1.375964,1.429444,1.628084,1.593322,1.561998,1.561616,1.58148,1.6235,1.568492,1.52991,1.64451,1.50699,1.539078,1.529528,1.56047,1.64069,1.638016,1.716326,1.557796,1.492856,1.561998,1.477958,1.476812,1.48025,1.52036
27039,1.375964,1.429444,1.628084,1.593322,1.561998,1.561616,1.58148,1.6235,1.568492,1.52991,1.64451,1.50699,1.539078,1.529528,1.56047,1.64069,1.638016,1.716326,1.557796,1.492856,1.561998,1.477958,1.476812,1.48025,1.52036
27041,1.375964,1.429444,1.628084,1.593322,1.561998,1.561616,1.58148,1.6235,1.568492,1.52991,1.64451,1.50699,1.539078,1.529528,1.56047,1.64069,1.638016,1.716326,1.557796,1.492856,1.561998,1.477958,1.476812,1.48025,1.52036
27043,1.375964,1.429444,1.628084,1.593322,1.561998,1.561616,1.58148,1.6235,1.568492,1.52991,1.64451,1.50699,1.539078,1.529528,1.56047,1.64069,1.638016,1.716326,1.557796,1.492856,1.561998,1.477958,1.476812,1.48025,1.52036
27045,1.375964,1.429444,1.628084,1.593322,1.561998,1.561616,1.58148,1.6235,1.568492,1.52991,1.64451,1.50699,1.539078,1.529528,1.56047,1.64069,1.638016,1.716326,1.557796,1.492856,1.561998,1.477958,1.476812,1.48025,1.52036
27047,1.375964,1.429444,1.628084,1.593322,1.561998,1.561616,1.58148,1.6235,1.568492,1.52991,1.64451,1.50699,1.539078,1.529528,1.56047,1.64069,1.638016,1.716326,1.557796,1.492856,1.561998,1.477958,1.476812,1.48025,1.52036
27049,1.375964,1.429444,1.628084,1.593322,1.561998,1.561616,1.58148,1.6235,1.568492,1.52991,1.64451,1.50699,1.539078,1.529528,1.56047,1.64069,1.638016,1.716326,1.557796,1.492856,1.561998,1.477958,1.476812,1.48025,1.52036
27051,1.375964,1.429444,1.628084,1.593322,1.561998,1.561616,1.58148,1.6235,1.568492,1.52991,1.64451,1.50699,1.539078,1.529528,1.56047,1.64069,1.638016,1.716326,1.557796,1.492856,1.561998,1.477958,1.476812,1.48025,1.52036
27053,1.375964,1.429444,1.628084,1.593322,1.561998,1.561616,1.58148,1.6235,1.568492,1.52991,1.64451,1.50699,1.539078,1.529528,1.56047,1.64069,1.638016,1.716326,1.557796,1.492856,1.561998,1.477958,1.476812,1.48025,1.52036
27055,1.375964,1.429444,1.628084,1.593322,1.561998,1.561616,1.58148,1.6235,1.568492,1.52991,1.64451,1.50699,1.539078,1.529528,1.56047,1.64069,1.638016,1.716326,1.557796,1.492856,1.561998,1.477958,1.476812,1.48025,1.52036
27057,1.375964,1.429444,1.628084,1.593322,1.561998,1.561616,1.58148,1.6235,1.568492,1.52991,1.64451,1.50699,1.539078,1.529528,1.56047,1.64069,1.638016,1.716326,1.557796,1.492856,1.561998,1.477958,1.476812,1.48025,1.52036
27059,1.375964,1.429444,1.628084,1.593322,1.561998,1.561616,1.58148,1.6235,1.568492,1.52991,1.64451,1.50699,1.539078,1.529528,1.56047,1.64069,1.638016,1.716326,1.557796,1.492856,1.561998,1.477958,1.476812,1.48025,1.52036
27061,1.375964,1.429444,1.628084,1.593322,1.561998,1.561616,1.58148,1.6235,1.568492,1.52991,1.64451,1.50699,1.539078,1.529528,1.56047,1.64069,1.638016,1.716326,1.557796,1.492856,1.561998,1.477958,1.476812,1.48025,1.52036
27063,1.375964,1.429444,1.628084,1.593322,1.561998,1.561616,1.58148,1.6235,1.568492,1.52991,1.64451,1.50699,1.539078,1.529528,1.56047,1.64069,1.638016,1.716326,1.557796,1.492856,1.561998,1.477958,1.476812,1.48025,1.52036
27065,1.375964,1.429444,1.628084,1.593322,1.561998,1.561616,1.58148,1.6235,1.568492,1.52991,1.64451,1.50699,1.539078,1.529528,1.56047,1.64069,1.638016,1.716326,1.557796,1.492856,1.561998,1.477958,1.476812,1.48025,1.52036
27067,1.375964,1.429444,1.628084,1.593322,1.561998,1.561616,1.58148,1.6235,1.568492,1.52991,1.64451,1.50699,1.539078,1.529528,1.56047,1.64069,1.638016,1.716326,1.557796,1.492856,1.561998,1.477958,1.476812,1.48025,1.52036
27069,1.375964,1.429444,1.628084,1.593322,1.561998,1.561616,1.58148,1.6235,1.568492,1.52991,1.64451,1.50699,1.539078,1.529528,1.56047,1.64069,1.638016,1.716326,1.557796,1.492856,1.561998,1.477958,1.476812,1.48025,1.52036
27071,1.375964,1.429444,1.628084,1.593322,1.561998,1.561616,1.58148,1.6235,1.568492,1.52991,1.64451,1.50699,1.539078,1.529528,1.56047,1.64069,1.638016,1.716326,1.557796,1.492856,1.561998,1.477958,1.476812,1.48025,1.52036
27073,1.375964,1.429444,1.628084,1.593322,1.561998,1.561616,1.58148,1.6235,1.568492,1.52991,1.64451,1.50699,1.539078,1.529528,1.56047,1.64069,1.638016,1.716326,1.557796,1.492856,1.561998,1.477958,1.476812,1.48025,1.52036
27075,1.375964,1.429444,1.628084,1.593322,1.561998,1.561616,1.58148,1.6235,1.568492,1.52991,1.64451,1.50699,1.539078,1.529528,1.56047,1.64069,1.638016,1.716326,1.557796,1.492856,1.561998,1.477958,1.476812,1.48025,1.52036
27077,1.375964,1.429444,1.628084,1.593322,1.561998,1.561616,1.58148,1.6235,1.568492,1.52991,1.64451,1.50699,1.539078,1.529528,1.56047,1.64069,1.638016,1.716326,1.557796,1.492856,1.561998,1.477958,1.476812,1.48025,1.52036
27079,1.375964,1.429444,1.628084,1.593322,1.561998,1.561616,1.58148,1.6235,1.568492,1.52991,1.64451,1.50699,1.539078,1.529528,1.56047,1.64069,1.638016,1.716326,1.557796,1.492856,1.561998,1.477958,1.476812,1.48025,1.52036
27081,1.375964,1.429444,1.628084,1.593322,1.561998,1.561616,1.58148,1.6235,1.568492,1.52991,1.64451,1.50699,1.539078,1.529528,1.56047,1.64069,1.638016,1.716326,1.557796,1.492856,1.561998,1.477958,1.476812,1.48025,1.52036
27083,1.375964,1.429444,1.628084,1.593322,1.561998,1.561616,1.58148,1.6235,1.568492,1.52991,1.64451,1.50699,1.539078,1.529528,1.56047,1.64069,1.638016,1.716326,1.557796,1.492856,1.561998,1.477958,1.476812,1.48025,1.52036
27085,1.375964,1.429444,1.628084,1.593322,1.561998,1.561616,1.58148,1.6235,1.568492,1.52991,1.64451,1.50699,1.539078,1.529528,1.56047,1.64069,1.638016,1.716326,1.557796,1.492856,1.561998,1.477958,1.476812,1.48025,1.52036
27087,1.375964,1.429444,1.628084,1.593322,1.561998,1.561616,1.58148,1.6235,1.568492,1.52991,1.64451,1.50699,1.539078,1.529528,1.56047,1.64069,1.638016,1.716326,1.557796,1.492856,1.561998,1.477958,1.476812,1.48025,1.52036
27089,1.375964,1.429444,1.628084,1.593322,1.561998,1.561616,1.58148,1.6235,1.568492,1.52991,1.64451,1.50699,1.539078,1.529528,1.56047,1.64069,1.638016,1.716326,1.557796,1.492856,1.561998,1.477958,1.476812,1.48025,1.52036
27091,1.375964,1.429444,1.628084,1.593322,1.561998,1.561616,1.58148,1.6235,1.568492,1.52991,1.64451,1.50699,1.539078,1.529528,1.56047,1.64069,1.638016,1.716326,1.557796,1.492856,1.561998,1.477958,1.476812,1.48025,1.52036
27093,1.375964,1.429444,1.628084,1.593322,1.561998,1.561616,1.58148,1.6235,1.568492,1.52991,1.64451,1.50699,1.539078,1.529528,1.56047,1.64069,1.638016,1.716326,1.557796,1.492856,1.561998,1.477958,1.476812,1.48025,1.52036
27095,1.375964,1.429444,1.628084,1.593322,1.561998,1.561616,1.58148,1.6235,1.568492,1.52991,1.64451,1.50699,1.539078,1.529528,1.56047,1.64069,1.638016,1.716326,1.557796,1.492856,1.561998,1.477958,1.476812,1.48025,1.52036
27097,1.375964,1.429444,1.628084,1.593322,1.561998,1.561616,1.58148,1.6235,1.568492,1.52991,1.64451,1.50699,1.539078,1.529528,1.56047,1.64069,1.638016,1.716326,1.557796,1.492856,1.561998,1.477958,1.476812,1.48025,1.52036
27099,1.375964,1.429444,1.628084,1.593322,1.561998,1.561616,1.58148,1.6235,1.568492,1.52991,1.64451,1.50699,1.539078,1.529528,1.56047,1.64069,1.638016,1.716326,1.557796,1.492856,1.561998,1.477958,1.476812,1.48025,1.52036
27101,1.375964,1.429444,1.628084,1.593322,1.561998,1.561616,1.58148,1.6235,1.568492,1.52991,1.64451,1.50699,1.539078,1.529528,1.56047,1.64069,1.638016,1.716326,1.557796,1.492856,1.561998,1.477958,1.476812,1.48025,1.52036
27103,1.375964,1.429444,1.628084,1.593322,1.561998,1.561616,1.58148,1.6235,1.568492,1.52991,1.64451,1.50699,1.539078,1.529528,1.56047,1.64069,1.638016,1.716326,1.557796,1.492856,1.561998,1.477958,1.476812,1.48025,1.52036
27105,1.375964,1.429444,1.628084,1.593322,1.561998,1.561616,1.58148,1.6235,1.568492,1.52991,1.64451,1.50699,1.539078,1.529528,1.56047,1.64069,1.638016,1.716326,1.557796,1.492856,1.561998,1.477958,1.476812,1.48025,1.52036
27107,1.375964,1.429444,1.628084,1.593322,1.561998,1.561616,1.58148,1.6235,1.568492,1.52991,1.64451,1.50699,1.539078,1.529528,1.56047,1.64069,1.638016,1.716326,1.557796,1.492856,1.561998,1.477958,1.476812,1.48025,1.52036
27109,1.375964,1.429444,1.628084,1.593322,1.561998,1.561616,1.58148,1.6235,1.568492,1.52991,1.64451,1.50699,1.539078,1.529528,1.56047,1.64069,1.638016,1.716326,1.557796,1.492856,1.561998,1.477958,1.476812,1.48025,1.52036
27111,1.375964,1.429444,1.628084,1.593322,1.561998,1.561616,1.58148,1.6235,1.568492,1.52991,1.64451,1.50699,1.539078,1.529528,1.56047,1.64069,1.638016,1.716326,1.557796,1.492856,1.561998,1.477958,1.476812,1.48025,1.52036
27113,1.375964,1.429444,1.628084,1.593322,1.561998,1.561616,1.58148,1.6235,1.568492,1.52991,1.64451,1.50699,1.539078,1.529528,1.56047,1.64069,1.638016,1.716326,1.557796,1.492856,1.561998,1.477958,1.476812,1.48025,1.52036
27115,1.375964,1.429444,1.628084,1.593322,1.561998,1.561616,1.58148,1.6235,1.568492,1.52991,1.64451,1.50699,1.539078,1.529528,1.56047,1.64069,1.638016,1.716326,1.557796,1.492856,1.561998,1.477958,1.476812,1.48025,1.52036
27117,1.375964,1.429444,1.628084,1.593322,1.561998,1.561616,1.58148,1.6235,1.568492,1.52991,1.64451,1.50699,1.539078,1.529528,1.56047,1.64069,1.638016,1.716326,1.557796,1.492856,1.561998,1.477958,1.476812,1.48025,1.52036
27119,1.375964,1.429444,1.628084,1.593322,1.561998,1.561616,1.58148,1.6235,1.568492,1.52991,1.64451,1.50699,1.539078,1.529528,1.56047,1.64069,1.638016,1.716326,1.557796,1.492856,1.561998,1.477958,1.476812,1.48025,1.52036
27121,1.375964,1.429444,1.628084,1.593322,1.561998,1.561616,1.58148,1.6235,1.568492,1.52991,1.64451,1.50699,1.539078,1.529528,1.56047,1.64069,1.638016,1.716326,1.557796,1.492856,1.561998,1.477958,1.476812,1.48025,1.52036
27123,1.375964,1.429444,1.628084,1.593322,1.561998,1.561616,1.58148,1.6235,1.568492,1.52991,1.64451,1.50699,1.539078,1.529528,1.56047,1.64069,1.638016,1.716326,1.557796,1.492856,1.561998,1.477958,1.476812,1.48025,1.52036
27125,1.375964,1.429444,1.628084,1.593322,1.561998,1.561616,1.58148,1.6235,1.568492,1.52991,1.64451,1.50699,1.539078,1.529528,1.56047,1.64069,1.638016,1.716326,1.557796,1.492856,1.561998,1.477958,1.476812,1.48025,1.52036
27127,1.375964,1.429444,1.628084,1.593322,1.561998,1.561616,1.58148,1.6235,1.568492,1.52991,1.64451,1.50699,1.539078,1.529528,1.56047,1.64069,1.638016,1.716326,1.557796,1.492856,1.561998,1.477958,1.476812,1.48025,1.52036
27129,1.375964,1.429444,1.628084,1.593322,1.561998,1.561616,1.58148,1.6235,1.568492,1.52991,1.64451,1.50699,1.539078,1.529528,1.56047,1.64069,1.638016,1.716326,1.557796,1.492856,1.561998,1.477958,1.476812,1.48025,1.52036
27131,1.375964,1.429444,1.628084,1.593322,1.561998,1.561616,1.58148,1.6235,1.568492,1.52991,1.64451,1.50699,1.539078,1.529528,1.56047,1.64069,1.638016,1.716326,1.557796,1.492856,1.561998,1.477958,1.476812,1.48025,1.52036
27133,1.375964,1.429444,1.628084,1.593322,1.561998,1.561616,1.58148,1.6235,1.568492,1.52991,1.64451,1.50699,1.539078,1.529528,1.56047,1.64069,1.638016,1.716326,1.557796,1.492856,1.561998,1.477958,1.476812,1.48025,1.52036
27135,1.375964,1.429444,1.628084,1.593322,1.561998,1.561616,1.58148,1.6235,1.568492,1.52991,1.64451,1.50699,1.539078,1.529528,1.56047,1.64069,1.638016,1.716326,1.557796,1.492856,1.561998,1.477958,1.476812,1.48025,1.52036
27137,1.375964,1.429444,1.628084,1.593322,1.561998,1.561616,1.58148,1.6235,1.568492,1.52991,1.64451,1.50699,1.539078,1.529528,1.56047,1.64069,1.638016,1.716326,1.557796,1.492856,1.561998,1.477958,1.476812,1.48025,1.52036
27139,1.375964,1.429444,1.628084,1.593322,1.561998,1.561616,1.58148,1.6235,1.568492,1.52991,1.64451,1.50699,1.539078,1.529528,1.56047,1.64069,1.638016,1.716326,1.557796,1.492856,1.561998,1.477958,1.476812,1.48025,1.52036
27141,1.375964,1.429444,1.628084,1.593322,1.561998,1.561616,1.58148,1.6235,1.568492,1.52991,1.64451,1.50699,1.539078,1.529528,1.56047,1.64069,1.638016,1.716326,1.557796,1.492856,1.561998,1.477958,1.476812,1.48025,1.52036
27143,1.375964,1.429444,1.628084,1.593322,1.561998,1.561616,1.58148,1.6235,1.568492,1.52991,1.64451,1.50699,1.539078,1.529528,1.56047,1.64069,1.638016,1.716326,1.557796,1.492856,1.561998,1.477958,1.476812,1.48025,1.52036
27145,1.375964,1.429444,1.628084,1.593322,1.561998,1.561616,1.58148,1.6235,1.568492,1.52991,1.64451,1.50699,1.539078,1.529528,1.56047,1.64069,1.638016,1.716326,1.557796,1.492856,1.561998,1.477958,1.476812,1.48025,1.52036
27147,1.375964,1.429444,1.628084,1.593322,1.561998,1.561616,1.58148,1.6235,1.568492,1.52991,1.64451,1.50699,1.539078,1.529528,1.56047,1.64069,1.638016,1.716326,1.557796,1.492856,1.561998,1.477958,1.476812,1.48025,1.52036
27149,1.375964,1.429444,1.628084,1.593322,1.561998,1.561616,1.58148,1.6235,1.568492,1.52991,1.64451,1.50699,1.539078,1.529528,1.56047,1.64069,1.638016,1.716326,1.557796,1.492856,1.561998,1.477958,1.476812,1.48025,1.52036
27151,1.375964,1.429444,1.628084,1.593322,1.561998,1.561616,1.58148,1.6235,1.568492,1.52991,1.64451,1.50699,1.539078,1.529528,1.56047,1.64069,1.638016,1.716326,1.557796,1.492856,1.561998,1.477958,1.476812,1.48025,1.52036
27153,1.375964,1.429444,1.628084,1.593322,1.561998,1.561616,1.58148,1.6235,1.568492,1.52991,1.64451,1.50699,1.539078,1.529528,1.56047,1.64069,1.638016,1.716326,1.557796,1.492856,1.561998,1.477958,1.476812,1.48025,1.52036
27155,1.375964,1.429444,1.628084,1.593322,1.561998,1.561616,1.58148,1.6235,1.568492,1.52991,1.64451,1.50699,1.539078,1.529528,1.56047,1.64069,1.638016,1.716326,1.557796,1.492856,1.561998,1.477958,1.476812,1.48025,1.52036
27157,1.375964,1.429444,1.628084,1.593322,1.561998,1.561616,1.58148,1.6235,1.568492,1.52991,1.64451,1.50699,1.539078,1.529528,1.56047,1.64069,1.638016,1.716326,1.557796,1.492856,1.561998,1.477958,1.476812,1.48025,1.52036
27159,1.375964,1.429444,1.628084,1.593322,1.561998,1.561616,1.58148,1.6235,1.568492,1.52991,1.64451,1.50699,1.539078,1.529528,1.56047,1.64069,1.638016,1.716326,1.557796,1.492856,1.561998,1.477958,1.476812,1.48025,1.52036
27161,1.375964,1.429444,1.628084,1.593322,1.561998,1.561616,1.58148,1.6235,1.568492,1.52991,1.64451,1.50699,1.539078,1.529528,1.56047,1.64069,1.638016,1.716326,1.557796,1.492856,1.561998,1.477958,1.476812,1.48025,1.52036
27163,1.375964,1.429444,1.628084,1.593322,1.561998,1.561616,1.58148,1.6235,1.568492,1.52991,1.64451,1.50699,1.539078,1.529528,1.56047,1.64069,1.638016,1.716326,1.557796,1.492856,1.561998,1.477958,1.476812,1.48025,1.52036
27165,1.375964,1.429444,1.628084,1.593322,1.561998,1.561616,1.58148,1.6235,1.568492,1.52991,1.64451,1.50699,1.539078,1.529528,1.56047,1.64069,1.638016,1.716326,1.557796,1.492856,1.561998,1.477958,1.476812,1.48025,1.52036
27167,1.375964,1.429444,1.628084,1.593322,1.561998,1.561616,1.58148,1.6235,1.568492,1.52991,1.64451,1.50699,1.539078,1.529528,1.56047,1.64069,1.638016,1.716326,1.557796,1.492856,1.561998,1.477958,1.476812,1.48025,1.52036
27169,1.375964,1.429444,1.628084,1.593322,1.561998,1.561616,1.58148,1.6235,1.568492,1.52991,1.64451,1.50699,1.539078,1.529528,1.56047,1.64069,1.638016,1.716326,1.557796,1.492856,1.561998,1.477958,1.476812,1.48025,1.52036
27171,1.375964,1.429444,1.628084,1.593322,1.561998,1.561616,1.58148,1.6235,1.568492,1.52991,1.64451,1.50699,1.539078,1.529528,1.56047,1.64069,1.638016,1.716326,1.557796,1.492856,1.561998,1.477958,1.476812,1.48025,1.52036
27173,1.375964,1.429444,1.628084,1.593322,1.561998,1.561616,1.58148,1.6235,1.568492,1.52991,1.64451,1.50699,1.539078,1.529528,1.56047,1.64069,1.638016,1.716326,1.557796,1.492856,1.561998,1.477958,1.476812,1.48025,1.52036
28001,1.375964,1.429444,1.628084,1.593322,1.561998,1.561616,1.58148,1.6235,1.568492,1.52991,1.64451,1.50699,1.539078,1.529528,1.56047,1.64069,1.638016,1.716326,1.557796,1.492856,1.561998,1.477958,1.476812,1.48025,1.52036
28003,1.375964,1.429444,1.628084,1.593322,1.561998,1.561616,1.58148,1.6235,1.568492,1.52991,1.64451,1.50699,1.539078,1.529528,1.56047,1.64069,1.638016,1.716326,1.557796,1.492856,1.561998,1.477958,1.476812,1.48025,1.52036
28005,1.375964,1.429444,1.628084,1.593322,1.561998,1.561616,1.58148,1.6235,1.568492,1.52991,1.64451,1.50699,1.539078,1.529528,1.56047,1.64069,1.638016,1.716326,1.557796,1.492856,1.561998,1.477958,1.476812,1.48025,1.52036
28007,1.375964,1.429444,1.628084,1.593322,1.561998,1.561616,1.58148,1.6235,1.568492,1.52991,1.64451,1.50699,1.539078,1.529528,1.56047,1.64069,1.638016,1.716326,1.557796,1.492856,1.561998,1.477958,1.476812,1.48025,1.52036
28009,1.375964,1.429444,1.628084,1.593322,1.561998,1.561616,1.58148,1.6235,1.568492,1.52991,1.64451,1.50699,1.539078,1.529528,1.56047,1.64069,1.638016,1.716326,1.557796,1.492856,1.561998,1.477958,1.476812,1.48025,1.52036
28011,1.375964,1.429444,1.628084,1.593322,1.561998,1.561616,1.58148,1.6235,1.568492,1.52991,1.64451,1.50699,1.539078,1.529528,1.56047,1.64069,1.638016,1.716326,1.557796,1.492856,1.561998,1.477958,1.476812,1.48025,1.52036
28013,1.375964,1.429444,1.628084,1.593322,1.561998,1.561616,1.58148,1.6235,1.568492,1.52991,1.64451,1.50699,1.539078,1.529528,1.56047,1.64069,1.638016,1.716326,1.557796,1.492856,1.561998,1.477958,1.476812,1.48025,1.52036
28015,1.375964,1.429444,1.628084,1.593322,1.561998,1.561616,1.58148,1.6235,1.568492,1.52991,1.64451,1.50699,1.539078,1.529528,1.56047,1.64069,1.638016,1.716326,1.557796,1.492856,1.561998,1.477958,1.476812,1.48025,1.52036
28017,1.375964,1.429444,1.628084,1.593322,1.561998,1.561616,1.58148,1.6235,1.568492,1.52991,1.64451,1.50699,1.539078,1.529528,1.56047,1.64069,1.638016,1.716326,1.557796,1.492856,1.561998,1.477958,1.476812,1.48025,1.52036
28019,1.375964,1.429444,1.628084,1.593322,1.561998,1.561616,1.58148,1.6235,1.568492,1.52991,1.64451,1.50699,1.539078,1.529528,1.56047,1.64069,1.638016,1.716326,1.557796,1.492856,1.561998,1.477958,1.476812,1.48025,1.52036
28021,1.375964,1.429444,1.628084,1.593322,1.561998,1.561616,1.58148,1.6235,1.568492,1.52991,1.64451,1.50699,1.539078,1.529528,1.56047,1.64069,1.638016,1.716326,1.557796,1.492856,1.561998,1.477958,1.476812,1.48025,1.52036
28023,1.375964,1.429444,1.628084,1.593322,1.561998,1.561616,1.58148,1.6235,1.568492,1.52991,1.64451,1.50699,1.539078,1.529528,1.56047,1.64069,1.638016,1.716326,1.557796,1.492856,1.561998,1.477958,1.476812,1.48025,1.52036
28025,1.375964,1.429444,1.628084,1.593322,1.561998,1.561616,1.58148,1.6235,1.568492,1.52991,1.64451,1.50699,1.539078,1.529528,1.56047,1.64069,1.638016,1.716326,1.557796,1.492856,1.561998,1.477958,1.476812,1.48025,1.52036
28027,1.375964,1.429444,1.628084,1.593322,1.561998,1.561616,1.58148,1.6235,1.568492,1.52991,1.64451,1.50699,1.539078,1.529528,1.56047,1.64069,1.638016,1.716326,1.557796,1.492856,1.561998,1.477958,1.476812,1.48025,1.52036
28029,1.375964,1.429444,1.628084,1.593322,1.561998,1.561616,1.58148,1.6235,1.568492,1.52991,1.64451,1.50699,1.539078,1.529528,1.56047,1.64069,1.638016,1.716326,1.557796,1.492856,1.561998,1.477958,1.476812,1.48025,1.52036
28031,1.375964,1.429444,1.628084,1.593322,1.561998,1.561616,1.58148,1.6235,1.568492,1.52991,1.64451,1.50699,1.539078,1.529528,1.56047,1.64069,1.638016,1.716326,1.557796,1.492856,1.561998,1.477958,1.476812,1.48025,1.52036
28033,1.375964,1.429444,1.628084,1.593322,1.561998,1.561616,1.58148,1.6235,1.568492,1.52991,1.64451,1.50699,1.539078,1.529528,1.56047,1.64069,1.638016,1.716326,1.557796,1.492856,1.561998,1.477958,1.476812,1.48025,1.52036
28035,1.375964,1.429444,1.628084,1.593322,1.561998,1.561616,1.58148,1.6235,1.568492,1.52991,1.64451,1.50699,1.539078,1.529528,1.56047,1.64069,1.638016,1.716326,1.557796,1.492856,1.561998,1.477958,1.476812,1.48025,1.52036
28037,1.375964,1.429444,1.628084,1.593322,1.561998,1.561616,1.58148,1.6235,1.568492,1.52991,1.64451,1.50699,1.539078,1.529528,1.56047,1.64069,1.638016,1.716326,1.557796,1.492856,1.561998,1.477958,1.476812,1.48025,1.52036
28039,1.375964,1.429444,1.628084,1.593322,1.561998,1.561616,1.58148,1.6235,1.568492,1.52991,1.64451,1.50699,1.539078,1.529528,1.56047,1.64069,1.638016,1.716326,1.557796,1.492856,1.561998,1.477958,1.476812,1.48025,1.52036
28041,1.375964,1.429444,1.628084,1.593322,1.561998,1.561616,1.58148,1.6235,1.568492,1.52991,1.64451,1.50699,1.539078,1.529528,1.56047,1.64069,1.638016,1.716326,1.557796,1.492856,1.561998,1.477958,1.476812,1.48025,1.52036
28043,1.375964,1.429444,1.628084,1.593322,1.561998,1.561616,1.58148,1.6235,1.568492,1.52991,1.64451,1.50699,1.539078,1.529528,1.56047,1.64069,1.638016,1.716326,1.557796,1.492856,1.561998,1.477958,1.476812,1.48025,1.52036
28045,1.375964,1.429444,1.628084,1.593322,1.561998,1.561616,1.58148,1.6235,1.568492,1.52991,1.64451,1.50699,1.539078,1.529528,1.56047,1.64069,1.638016,1.716326,1.557796,1.492856,1.561998,1.477958,1.476812,1.48025,1.52036
28047,1.375964,1.429444,1.628084,1.593322,1.561998,1.561616,1.58148,1.6235,1.568492,1.52991,1.64451,1.50699,1.539078,1.529528,1.56047,1.64069,1.638016,1.716326,1.557796,1.492856,1.561998,1.477958,1.476812,1.48025,1.52036
28049,1.375964,1.429444,1.628084,1.593322,1.561998,1.561616,1.58148,1.6235,1.568492,1.52991,1.64451,1.50699,1.539078,1.529528,1.56047,1.64069,1.638016,1.716326,1.557796,1.492856,1.561998,1.477958,1.476812,1.48025,1.52036
28051,1.375964,1.429444,1.628084,1.593322,1.561998,1.561616,1.58148,1.6235,1.568492,1.52991,1.64451,1.50699,1.539078,1.529528,1.56047,1.64069,1.638016,1.716326,1.557796,1.492856,1.561998,1.477958,1.476812,1.48025,1.52036
28053,1.375964,1.429444,1.628084,1.593322,1.561998,1.561616,1.58148,1.6235,1.568492,1.52991,1.64451,1.50699,1.539078,1.529528,1.56047,1.64069,1.638016,1.716326,1.557796,1.492856,1.561998,1.477958,1.476812,1.48025,1.52036
28055,1.375964,1.429444,1.628084,1.593322,1.561998,1.561616,1.58148,1.6235,1.568492,1.52991,1.64451,1.50699,1.539078,1.529528,1.56047,1.64069,1.638016,1.716326,1.557796,1.492856,1.561998,1.477958,1.476812,1.48025,1.52036
28057,1.375964,1.429444,1.628084,1.593322,1.561998,1.561616,1.58148,1.6235,1.568492,1.52991,1.64451,1.50699,1.539078,1.529528,1.56047,1.64069,1.638016,1.716326,1.557796,1.492856,1.561998,1.477958,1.476812,1.48025,1.52036
28059,1.375964,1.429444,1.628084,1.593322,1.561998,1.561616,1.58148,1.6235,1.568492,1.52991,1.64451,1.50699,1.539078,1.529528,1.56047,1.64069,1.638016,1.716326,1.557796,1.492856,1.561998,1.477958,1.476812,1.48025,1.52036
28061,1.375964,1.429444,1.628084,1.593322,1.561998,1.561616,1.58148,1.6235,1.568492,1.52991,1.64451,1.50699,1.539078,1.529528,1.56047,1.64069,1.638016,1.716326,1.557796,1.492856,1.561998,1.477958,1.476812,1.48025,1.52036
28063,1.375964,1.429444,1.628084,1.593322,1.561998,1.561616,1.58148,1.6235,1.568492,1.52991,1.64451,1.50699,1.539078,1.529528,1.56047,1.64069,1.638016,1.716326,1.557796,1.492856,1.561998,1.477958,1.476812,1.48025,1.52036
28065,1.375964,1.429444,1.628084,1.593322,1.561998,1.561616,1.58148,1.6235,1.568492,1.52991,1.64451,1.50699,1.539078,1.529528,1.56047,1.64069,1.638016,1.716326,1.557796,1.492856,1.561998,1.477958,1.476812,1.48025,1.52036
28067,1.375964,1.429444,1.628084,1.593322,1.561998,1.561616,1.58148,1.6235,1.568492,1.52991,1.64451,1.50699,1.539078,1.529528,1.56047,1.64069,1.638016,1.716326,1.557796,1.492856,1.561998,1.477958,1.476812,1.48025,1.52036
28069,1.375964,1.429444,1.628084,1.593322,1.561998,1.561616,1.58148,1.6235,1.568492,1.52991,1.64451,1.50699,1.539078,1.529528,1.56047,1.64069,1.638016,1.716326,1.557796,1.492856,1.561998,1.477958,1.476812,1.48025,1.52036
28071,1.375964,1.429444,1.628084,1.593322,1.561998,1.561616,1.58148,1.6235,1.568492,1.52991,1.64451,1.50699,1.539078,1.529528,1.56047,1.64069,1.638016,1.716326,1.557796,1.492856,1.561998,1.477958,1.476812,1.48025,1.52036
28073,1.375964,1.429444,1.628084,1.593322,1.561998,1.561616,1.58148,1.6235,1.568492,1.52991,1.64451,1.50699,1.539078,1.529528,1.56047,1.64069,1.638016,1.716326,1.557796,1.492856,1.561998,1.477958,1.476812,1.48025,1.52036
28075,1.375964,1.429444,1.628084,1.593322,1.561998,1.561616,1.58148,1.6235,1.568492,1.52991,1.64451,1.50699,1.539078,1.529528,1.56047,1.64069,1.638016,1.716326,1.557796,1.492856,1.561998,1.477958,1.476812,1.48025,1.52036
28077,1.375964,1.429444,1.628084,1.593322,1.561998,1.561616,1.58148,1.6235,1.568492,1.52991,1.64451,1.50699,1.539078,1.529528,1.56047,1.64069,1.638016,1.716326,1.557796,1.492856,1.561998,1.477958,1.476812,1.48025,1.52036
28079,1.375964,1.429444,1.628084,1.593322,1.561998,1.561616,1.58148,1.6235,1.568492,1.52991,1.64451,1.50699,1.539078,1.529528,1.56047,1.64069,1.638016,1.716326,1.557796,1.492856,1.561998,1.477958,1.476812,1.48025,1.52036
28081,1.375964,1.429444,1.628084,1.593322,1.561998,1.561616,1.58148,1.6235,1.568492,1.52991,1.64451,1.50699,1.539078,1.529528,1.56047,1.64069,1.638016,1.716326,1.557796,1.492856,1.561998,1.477958,1.476812,1.48025,1.52036
28083,1.375964,1.429444,1.628084,1.593322,1.561998,1.561616,1.58148,1.6235,1.568492,1.52991,1.64451,1.50699,1.539078,1.529528,1.56047,1.64069,1.638016,1.716326,1.557796,1.492856,1.561998,1.477958,1.476812,1.48025,1.52036
28085,1.375964,1.429444,1.628084,1.593322,1.561998,1.561616,1.58148,1.6235,1.568492,1.52991,1.64451,1.50699,1.539078,1.529528,1.56047,1.64069,1.638016,1.716326,1.557796,1.492856,1.561998,1.477958,1.476812,1.48025,1.52036
28087,1.375964,1.429444,1.628084,1.593322,1.561998,1.561616,1.58148,1.6235,1.568492,1.52991,1.64451,1.50699,1.539078,1.529528,1.56047,1.64069,1.638016,1.716326,1.557796,1.492856,1.561998,1.477958,1.476812,1.48025,1.52036
28089,1.375964,1.429444,1.628084,1.593322,1.561998,1.561616,1.58148,1.6235,1.568492,1.52991,1.64451,1.50699,1.539078,1.529528,1.56047,1.64069,1.638016,1.716326,1.557796,1.492856,1.561998,1.477958,1.476812,1.48025,1.52036
28091,1.375964,1.429444,1.628084,1.593322,1.561998,1.561616,1.58148,1.6235,1.568492,1.52991,1.64451,1.50699,1.539078,1.529528,1.56047,1.64069,1.638016,1.716326,1.557796,1.492856,1.561998,1.477958,1.476812,1.48025,1.52036
28093,1.375964,1.429444,1.628084,1.593322,1.561998,1.561616,1.58148,1.6235,1.568492,1.52991,1.64451,1.50699,1.539078,1.529528,1.56047,1.64069,1.638016,1.716326,1.557796,1.492856,1.561998,1.477958,1.476812,1.48025,1.52036
28095,1.375964,1.429444,1.628084,1.593322,1.561998,1.561616,1.58148,1.6235,1.568492,1.52991,1.64451,1.50699,1.539078,1.529528,1.56047,1.64069,1.638016,1.716326,1.557796,1.492856,1.561998,1.477958,1.476812,1.48025,1.52036
28097,1.375964,1.429444,1.628084,1.593322,1.561998,1.561616,1.58148,1.6235,1.568492,1.52991,1.64451,1.50699,1.539078,1.529528,1.56047,1.64069,1.638016,1.716326,1.557796,1.492856,1.561998,1.477958,1.476812,1.48025,1.52036
28099,1.375964,1.429444,1.628084,1.593322,1.561998,1.561616,1.58148,1.6235,1.568492,1.52991,1.64451,1.50699,1.539078,1.529528,1.56047,1.64069,1.638016,1.716326,1.557796,1.492856,1.561998,1.477958,1.476812,1.48025,1.52036
28101,1.375964,1.429444,1.628084,1.593322,1.561998,1.561616,1.58148,1.6235,1.568492,1.52991,1.64451,1.50699,1.539078,1.529528,1.56047,1.64069,1.638016,1.716326,1.557796,1.492856,1.561998,1.477958,1.476812,1.48025,1.52036
28103,1.375964,1.429444,1.628084,1.593322,1.561998,1.561616,1.58148,1.6235,1.568492,1.52991,1.64451,1.50699,1.539078,1.529528,1.56047,1.64069,1.638016,1.716326,1.557796,1.492856,1.561998,1.477958,1.476812,1.48025,1.52036
28105,1.375964,1.429444,1.628084,1.593322,1.561998,1.561616,1.58148,1.6235,1.568492,1.52991,1.64451,1.50699,1.539078,1.529528,1.56047,1.64069,1.638016,1.716326,1.557796,1.492856,1.561998,1.477958,1.476812,1.48025,1.52036
28107,1.375964,1.429444,1.628084,1.593322,1.561998,1.561616,1.58148,1.6235,1.568492,1.52991,1.64451,1.50699,1.539078,1.529528,1.56047,1.64069,1.638016,1.716326,1.557796,1.492856,1.561998,1.477958,1.476812,1.48025,1.52036
28109,1.375964,1.429444,1.628084,1.593322,1.561998,1.561616,1.58148,1.6235,1.568492,1.52991,1.64451,1.50699,1.539078,1.529528,1.56047,1.64069,1.638016,1.716326,1.557796,1.492856,1.561998,1.477958,1.476812,1.48025,1.52036
28111,1.375964,1.429444,1.628084,1.593322,1.561998,1.561616,1.58148,1.6235,1.568492,1.52991,1.64451,1.50699,1.539078,1.529528,1.56047,1.64069,1.638016,1.716326,1.557796,1.492856,1.561998,1.477958,1.476812,1.48025,1.52036
28113,1.375964,1.429444,1.628084,1.593322,1.561998,1.561616,1.58148,1.6235,1.568492,1.52991,1.64451,1.50699,1.539078,1.529528,1.56047,1.64069,1.638016,1.716326,1.557796,1.492856,1.561998,1.477958,1.476812,1.48025,1.52036
28115,1.375964,1.429444,1.628084,1.593322,1.561998,1.561616,1.58148,1.6235,1.568492,1.52991,1.64451,1.50699,1.539078,1.529528,1.56047,1.64069,1.638016,1.716326,1.557796,1.492856,1.561998,1.477958,1.476812,1.48025,1.52036
28117,1.375964,1.429444,1.628084,1.593322,1.561998,1.561616,1.58148,1.6235,1.568492,1.52991,1.64451,1.50699,1.539078,1.529528,1.56047,1.64069,1.638016,1.716326,1.557796,1.492856,1.561998,1.477958,1.476812,1.48025,1.52036
28119,1.375964,1.429444,1.628084,1.593322,1.561998,1.561616,1.58148,1.6235,1.568492,1.52991,1.64451,1.50699,1.539078,1.529528,1.56047,1.64069,1.638016,1.716326,1.557796,1.492856,1.561998,1.477958,1.476812,1.48025,1.52036
28121,1.375964,1.429444,1.628084,1.593322,1.561998,1.561616,1.58148,1.6235,1.568492,1.52991,1.64451,1.50699,1.539078,1.529528,1.56047,1.64069,1.638016,1.716326,1.557796,1.492856,1.561998,1.477958,1.476812,1.48025,1.52036
28123,1.375964,1.429444,1.628084,1.593322,1.561998,1.561616,1.58148,1.6235,1.568492,1.52991,1.64451,1.50699,1.539078,1.529528,1.56047,1.64069,1.638016,1.716326,1.557796,1.492856,1.561998,1.477958,1.476812,1.48025,1.52036
28125,1.375964,1.429444,1.628084,1.593322,1.561998,1.561616,1.58148,1.6235,1.568492,1.52991,1.64451,1.50699,1.539078,1.529528,1.56047,1.64069,1.638016,1.716326,1.557796,1.492856,1.561998,1.477958,1.476812,1.48025,1.52036
28127,1.375964,1.429444,1.628084,1.593322,1.561998,1.561616,1.58148,1.6235,1.568492,1.52991,1.64451,1.50699,1.539078,1.529528,1.56047,1.64069,1.638016,1.716326,1.557796,1.492856,1.561998,1.477958,1.476812,1.48025,1.52036
28129,1.375964,1.429444,1.628084,1.593322,1.561998,1.561616,1.58148,1.6235,1.568492,1.52991,1.64451,1.50699,1.539078,1.529528,1.56047,1.64069,1.638016,1.716326,1.557796,1.492856,1.561998,1.477958,1.476812,1.48025,1.52036
28131,1.375964,1.429444,1.628084,1.593322,1.561998,1.561616,1.58148,1.6235,1.568492,1.52991,1.64451,1.50699,1.539078,1.529528,1.56047,1.64069,1.638016,1.716326,1.557796,1.492856,1.561998,1.477958,1.476812,1.48025,1.52036
28133,1.375964,1.429444,1.628084,1.593322,1.561998,1.561616,1.58148,1.6235,1.568492,1.52991,1.64451,1.50699,1.539078,1.529528,1.56047,1.64069,1.638016,1.716326,1.557796,1.492856,1.561998,1.477958,1.476812,1.48025,1.52036
28135,1.375964,1.429444,1.628084,1.593322,1.561998,1.561616,1.58148,1.6235,1.568492,1.52991,1.64451,1.50699,1.539078,1.529528,1.56047,1.64069,1.638016,1.716326,1.557796,1.492856,1.561998,1.477958,1.476812,1.48025,1.52036
28137,1.375964,1.429444,1.628084,1.593322,1.561998,1.561616,1.58148,1.6235,1.568492,1.52991,1.64451,1.50699,1.539078,1.529528,1.56047,1.64069,1.638016,1.716326,1.557796,1.492856,1.561998,1.477958,1.476812,1.48025,1.52036
28139,1.375964,1.429444,1.628084,1.593322,1.561998,1.561616,1.58148,1.6235,1.568492,1.52991,1.64451,1.50699,1.539078,1.529528,1.56047,1.64069,1.638016,1.716326,1.557796,1.492856,1.561998,1.477958,1.476812,1.48025,1.52036
28141,1.375964,1.429444,1.628084,1.593322,1.561998,1.561616,1.58148,1.6235,1.568492,1.52991,1.64451,1.50699,1.539078,1.529528,1.56047,1.64069,1.638016,1.716326,1.557796,1.492856,1.561998,1.477958,1.476812,1.48025,1.52036
28143,1.375964,1.429444,1.628084,1.593322,1.561998,1.561616,1.58148,1.6235,1.568492,1.52991,1.64451,1.50699,1.539078,1.529528,1.56047,1.64069,1.638016,1.716326,1.557796,1.492856,1.561998,1.477958,1.476812,1.48025,1.52036
28145,1.375964,1.429444,1.628084,1.593322,1.561998,1.561616,1.58148,1.6235,1.568492,1.52991,1.64451,1.50699,1.539078,1.529528,1.56047,1.64069,1.638016,1.716326,1.557796,1.492856,1.561998,1.477958,1.476812,1.48025,1.52036
28147,1.375964,1.429444,1.628084,1.593322,1.561998,1.561616,1.58148,1.6235,1.568492,1.52991,1.64451,1.50699,1.539078,1.529528,1.56047,1.64069,1.638016,1.716326,1.557796,1.492856,1.561998,1.477958,1.476812,1.48025,1.52036
28149,1.375964,1.429444,1.628084,1.593322,1.561998,1.561616,1.58148,1.6235,1.568492,1.52991,1.64451,1.50699,1.539078,1.529528,1.56047,1.64069,1.638016,1.716326,1.557796,1.492856,1.561998,1.477958,1.476812,1.48025,1.52036
28151,1.375964,1.429444,1.628084,1.593322,1.561998,1.561616,1.58148,1.6235,1.568492,1.52991,1.64451,1.50699,1.539078,1.529528,1.56047,1.64069,1.638016,1.716326,1.557796,1.492856,1.561998,1.477958,1.476812,1.48025,1.52036
28153,1.375964,1.429444,1.628084,1.593322,1.561998,1.561616,1.58148,1.6235,1.568492,1.52991,1.64451,1.50699,1.539078,1.529528,1.56047,1.64069,1.638016,1.716326,1.557796,1.492856,1.561998,1.477958,1.476812,1.48025,1.52036
28155,1.375964,1.429444,1.628084,1.593322,1.561998,1.561616,1.58148,1.6235,1.568492,1.52991,1.64451,1.50699,1.539078,1.529528,1.56047,1.64069,1.638016,1.716326,1.557796,1.492856,1.561998,1.477958,1.476812,1.48025,1.52036
28157,1.375964,1.429444,1.628084,1.593322,1.561998,1.561616,1.58148,1.6235,1.568492,1.52991,1.64451,1.50699,1.539078,1.529528,1.56047,1.64069,1.638016,1.716326,1.557796,1.492856,1.561998,1.477958,1.476812,1.48025,1.52036
28159,1.375964,1.429444,1.628084,1.593322,1.561998,1.561616,1.58148,1.6235,1.568492,1.52991,1.64451,1.50699,1.539078,1.529528,1.56047,1.64069,1.638016,1.716326,1.557796,1.492856,1.561998,1.477958,1.476812,1.48025,1.52036
28161,1.375964,1.429444,1.628084,1.593322,1.561998,1.561616,1.58148,1.6235,1.568492,1.52991,1.64451,1.50699,1.539078,1.529528,1.56047,1.64069,1.638016,1.716326,1.557796,1.492856,1.561998,1.477958,1.476812,1.48025,1.52036
28163,1.375964,1.429444,1.628084,1.593322,1.561998,1.561616,1.58148,1.6235,1.568492,1.52991,1.64451,1.50699,1.539078,1.529528,1.56047,1.64069,1.638016,1.716326,1.557796,1.492856,1.561998,1.477958,1.476812,1.48025,1.52036
29001,1.375964,1.429444,1.628084,1.593322,1.561998,1.561616,1.58148,1.6235,1.568492,1.52991,1.64451,1.50699,1.539078,1.529528,1.56047,1.64069,1.638016,1.716326,1.557796,1.492856,1.561998,1.477958,1.476812,1.48025,1.52036
29003,1.375964,1.429444,1.628084,1.593322,1.561998,1.561616,1.58148,1.6235,1.568492,1.52991,1.64451,1.50699,1.539078,1.529528,1.56047,1.64069,1.638016,1.716326,1.557796,1.492856,1.561998,1.477958,1.476812,1.48025,1.52036
29005,1.375964,1.429444,1.628084,1.593322,1.561998,1.561616,1.58148,1.6235,1.568492,1.52991,1.64451,1.50699,1.539078,1.529528,1.56047,1.64069,1.638016,1.716326,1.557796,1.492856,1.561998,1.477958,1.476812,1.48025,1.52036
29007,1.375964,1.429444,1.628084,1.593322,1.561998,1.561616,1.58148,1.6235,1.568492,1.52991,1.64451,1.50699,1.539078,1.529528,1.56047,1.64069,1.638016,1.716326,1.557796,1.492856,1.561998,1.477958,1.476812,1.48025,1.52036
29009,1.375964,1.429444,1.628084,1.593322,1.561998,1.561616,1.58148,1.6235,1.568492,1.52991,1.64451,1.50699,1.539078,1.529528,1.56047,1.64069,1.638016,1.716326,1.557796,1.492856,1.561998,1.477958,1.476812,1.48025,1.52036
29011,1.375964,1.429444,1.628084,1.593322,1.561998,1.561616,1.58148,1.6235,1.568492,1.52991,1.64451,1.50699,1.539078,1.529528,1.56047,1.64069,1.638016,1.716326,1.557796,1.492856,1.561998,1.477958,1.476812,1.48025,1.52036
29013,1.375964,1.429444,1.628084,1.593322,1.561998,1.561616,1.58148,1.6235,1.568492,1.52991,1.64451,1.50699,1.539078,1.529528,1.56047,1.64069,1.638016,1.716326,1.557796,1.492856,1.561998,1.477958,1.476812,1.48025,1.52036
29015,1.375964,1.429444,1.628084,1.593322,1.561998,1.561616,1.58148,1.6235,1.568492,1.52991,1.64451,1.50699,1.539078,1.529528,1.56047,1.64069,1.638016,1.716326,1.557796,1.492856,1.561998,1.477958,1.476812,1.48025,1.52036
29017,1.375964,1.429444,1.628084,1.593322,1.561998,1.561616,1.58148,1.6235,1.568492,1.52991,1.64451,1.50699,1.539078,1.529528,1.56047,1.64069,1.638016,1.716326,1.557796,1.492856,1.561998,1.477958,1.476812,1.48025,1.52036
29019,1.375964,1.429444,1.628084,1.593322,1.561998,1.561616,1.58148,1.6235,1.568492,1.52991,1.64451,1.50699,1.539078,1.529528,1.56047,1.64069,1.638016,1.716326,1.557796,1.492856,1.561998,1.477958,1.476812,1.48025,1.52036
29021,1.375964,1.429444,1.628084,1.593322,1.561998,1.561616,1.58148,1.6235,1.568492,1.52991,1.64451,1.50699,1.539078,1.529528,1.56047,1.64069,1.638016,1.716326,1.557796,1.492856,1.561998,1.477958,1.476812,1.48025,1.52036
29023,1.375964,1.429444,1.628084,1.593322,1.561998,1.561616,1.58148,1.6235,1.568492,1.52991,1.64451,1.50699,1.539078,1.529528,1.56047,1.64069,1.638016,1.716326,1.557796,1.492856,1.561998,1.477958,1.476812,1.48025,1.52036
29025,1.375964,1.429444,1.628084,1.593322,1.561998,1.561616,1.58148,1.6235,1.568492,1.52991,1.64451,1.50699,1.539078,1.529528,1.56047,1.64069,1.638016,1.716326,1.557796,1.492856,1.561998,1.477958,1.476812,1.48025,1.52036
29027,1.375964,1.429444,1.628084,1.593322,1.561998,1.561616,1.58148,1.6235,1.568492,1.52991,1.64451,1.50699,1.539078,1.529528,1.56047,1.64069,1.638016,1.716326,1.557796,1.492856,1.561998,1.477958,1.476812,1.48025,1.52036
29029,1.375964,1.429444,1.628084,1.593322,1.561998,1.561616,1.58148,1.6235,1.568492,1.52991,1.64451,1.50699,1.539078,1.529528,1.56047,1.64069,1.638016,1.716326,1.557796,1.492856,1.561998,1.477958,1.476812,1.48025,1.52036
29031,1.375964,1.429444,1.628084,1.593322,1.561998,1.561616,1.58148,1.6235,1.568492,1.52991,1.64451,1.50699,1.539078,1.529528,1.56047,1.64069,1.638016,1.716326,1.557796,1.492856,1.561998,1.477958,1.476812,1.48025,1.52036
29033,1.375964,1.429444,1.628084,1.593322,1.561998,1.561616,1.58148,1.6235,1.568492,1.52991,1.64451,1.50699,1.539078,1.529528,1.56047,1.64069,1.638016,1.716326,1.557796,1.492856,1.561998,1.477958,1.476812,1.48025,1.52036
29035,1.375964,1.429444,1.628084,1.593322,1.561998,1.561616,1.58148,1.6235,1.568492,1.52991,1.64451,1.50699,1.539078,1.529528,1.56047,1.64069,1.638016,1.716326,1.557796,1.492856,1.561998,1.477958,1.476812,1.48025,1.52036
29037,1.375964,1.429444,1.628084,1.593322,1.561998,1.561616,1.58148,1.6235,1.568492,1.52991,1.64451,1.50699,1.539078,1.529528,1.56047,1.64069,1.638016,1.716326,1.557796,1.492856,1.561998,1.477958,1.476812,1.48025,1.52036
29039,1.375964,1.429444,1.628084,1.593322,1.561998,1.561616,1.58148,1.6235,1.568492,1.52991,1.64451,1.50699,1.539078,1.529528,1.56047,1.64069,1.638016,1.716326,1.557796,1.492856,1.561998,1.477958,1.476812,1.48025,1.52036
29041,1.375964,1.429444,1.628084,1.593322,1.561998,1.561616,1.58148,1.6235,1.568492,1.52991,1.64451,1.50699,1.539078,1.529528,1.56047,1.64069,1.638016,1.716326,1.557796,1.492856,1.561998,1.477958,1.476812,1.48025,1.52036
29043,1.375964,1.429444,1.628084,1.593322,1.561998,1.561616,1.58148,1.6235,1.568492,1.52991,1.64451,1.50699,1.539078,1.529528,1.56047,1.64069,1.638016,1.716326,1.557796,1.492856,1.561998,1.477958,1.476812,1.48025,1.52036
29045,1.375964,1.429444,1.628084,1.593322,1.561998,1.561616,1.58148,1.6235,1.568492,1.52991,1.64451,1.50699,1.539078,1.529528,1.56047,1.64069,1.638016,1.716326,1.557796,1.492856,1.561998,1.477958,1.476812,1.48025,1.52036
29047,1.375964,1.429444,1.628084,1.593322,1.561998,1.561616,1.58148,1.6235,1.568492,1.52991,1.64451,1.50699,1.539078,1.529528,1.56047,1.64069,1.638016,1.716326,1.557796,1.492856,1.561998,1.477958,1.476812,1.48025,1.52036
29049,1.375964,1.429444,1.628084,1.593322,1.561998,1.561616,1.58148,1.6235,1.568492,1.52991,1.64451,1.50699,1.539078,1.529528,1.56047,1.64069,1.638016,1.716326,1.557796,1.492856,1.561998,1.477958,1.476812,1.48025,1.52036
29051,1.375964,1.429444,1.628084,1.593322,1.561998,1.561616,1.58148,1.6235,1.568492,1.52991,1.64451,1.50699,1.539078,1.529528,1.56047,1.64069,1.638016,1.716326,1.557796,1.492856,1.561998,1.477958,1.476812,1.48025,1.52036
29053,1.375964,1.429444,1.628084,1.593322,1.561998,1.561616,1.58148,1.6235,1.568492,1.52991,1.64451,1.50699,1.539078,1.529528,1.56047,1.64069,1.638016,1.716326,1.557796,1.492856,1.561998,1.477958,1.476812,1.48025,1.52036
29055,1.375964,1.429444,1.628084,1.593322,1.561998,1.561616,1.58148,1.6235,1.568492,1.52991,1.64451,1.50699,1.539078,1.529528,1.56047,1.64069,1.638016,1.716326,1.557796,1.492856,1.561998,1.477958,1.476812,1.48025,1.52036
29057,1.375964,1.429444,1.628084,1.593322,1.561998,1.561616,1.58148,1.6235,1.568492,1.52991,1.64451,1.50699,1.539078,1.529528,1.56047,1.64069,1.638016,1.716326,1.557796,1.492856,1.561998,1.477958,1.476812,1.48025,1.52036
29059,1.375964,1.429444,1.628084,1.593322,1.561998,1.561616,1.58148,1.6235,1.568492,1.52991,1.64451,1.50699,1.539078,1.529528,1.56047,1.64069,1.638016,1.716326,1.557796,1.492856,1.561998,1.477958,1.476812,1.48025,1.52036
29061,1.375964,1.429444,1.628084,1.593322,1.561998,1.561616,1.58148,1.6235,1.568492,1.52991,1.64451,1.50699,1.539078,1.529528,1.56047,1.64069,1.638016,1.716326,1.557796,1.492856,1.561998,1.477958,1.476812,1.48025,1.52036
29063,1.375964,1.429444,1.628084,1.593322,1.561998,1.561616,1.58148,1.6235,1.568492,1.52991,1.64451,1.50699,1.539078,1.529528,1.56047,1.64069,1.638016,1.716326,1.557796,1.492856,1.561998,1.477958,1.476812,1.48025,1.52036
29065,1.375964,1.429444,1.628084,1.593322,1.561998,1.561616,1.58148,1.6235,1.568492,1.52991,1.64451,1.50699,1.539078,1.529528,1.56047,1.64069,1.638016,1.716326,1.557796,1.492856,1.561998,1.477958,1.476812,1.48025,1.52036
29067,1.375964,1.429444,1.628084,1.593322,1.561998,1.561616,1.58148,1.6235,1.568492,1.52991,1.64451,1.50699,1.539078,1.529528,1.56047,1.64069,1.638016,1.716326,1.557796,1.492856,1.561998,1.477958,1.476812,1.48025,1.52036
29069,1.375964,1.429444,1.628084,1.593322,1.561998,1.561616,1.58148,1.6235,1.568492,1.52991,1.64451,1.50699,1.539078,1.529528,1.56047,1.64069,1.638016,1.716326,1.557796,1.492856,1.561998,1.477958,1.476812,1.48025,1.52036
29071,1.375964,1.429444,1.628084,1.593322,1.561998,1.561616,1.58148,1.6235,1.568492,1.52991,1.64451,1.50699,1.539078,1.529528,1.56047,1.64069,1.638016,1.716326,1.557796,1.492856,1.561998,1.477958,1.476812,1.48025,1.52036
29073,1.375964,1.429444,1.628084,1.593322,1.561998,1.561616,1.58148,1.6235,1.568492,1.52991,1.64451,1.50699,1.539078,1.529528,1.56047,1.64069,1.638016,1.716326,1.557796,1.492856,1.561998,1.477958,1.476812,1.48025,1.52036
29075,1.375964,1.429444,1.628084,1.593322,1.561998,1.561616,1.58148,1.6235,1.568492,1.52991,1.64451,1.50699,1.539078,1.529528,1.56047,1.64069,1.638016,1.716326,1.557796,1.492856,1.561998,1.477958,1.476812,1.48025,1.52036
29077,1.375964,1.429444,1.628084,1.593322,1.561998,1.561616,1.58148,1.6235,1.568492,1.52991,1.64451,1.50699,1.539078,1.529528,1.56047,1.64069,1.638016,1.716326,1.557796,1.492856,1.561998,1.477958,1.476812,1.48025,1.52036
29079,1.375964,1.429444,1.628084,1.593322,1.561998,1.561616,1.58148,1.6235,1.568492,1.52991,1.64451,1.50699,1.539078,1.529528,1.56047,1.64069,1.638016,1.716326,1.557796,1.492856,1.561998,1.477958,1.476812,1.48025,1.52036
29081,1.375964,1.429444,1.628084,1.593322,1.561998,1.561616,1.58148,1.6235,1.568492,1.52991,1.64451,1.50699,1.539078,1.529528,1.56047,1.64069,1.638016,1.716326,1.557796,1.492856,1.561998,1.477958,1.476812,1.48025,1.52036
29083,1.375964,1.429444,1.628084,1.593322,1.561998,1.561616,1.58148,1.6235,1.568492,1.52991,1.64451,1.50699,1.539078,1.529528,1.56047,1.64069,1.638016,1.716326,1.557796,1.492856,1.561998,1.477958,1.476812,1.48025,1.52036
29085,1.375964,1.429444,1.628084,1.593322,1.561998,1.561616,1.58148,1.6235,1.568492,1.52991,1.64451,1.50699,1.539078,1.529528,1.56047,1.64069,1.638016,1.716326,1.557796,1.492856,1.561998,1.477958,1.476812,1.48025,1.52036
29087,1.375964,1.429444,1.628084,1.593322,1.561998,1.561616,1.58148,1.6235,1.568492,1.52991,1.64451,1.50699,1.539078,1.529528,1.56047,1.64069,1.638016,1.716326,1.557796,1.492856,1.561998,1.477958,1.476812,1.48025,1.52036
29089,1.375964,1.429444,1.628084,1.593322,1.561998,1.561616,1.58148,1.6235,1.568492,1.52991,1.64451,1.50699,1.539078,1.529528,1.56047,1.64069,1.638016,1.716326,1.557796,1.492856,1.561998,1.477958,1.476812,1.48025,1.52036
29091,1.375964,1.429444,1.628084,1.593322,1.561998,1.561616,1.58148,1.6235,1.568492,1.52991,1.64451,1.50699,1.539078,1.529528,1.56047,1.64069,1.638016,1.716326,1.557796,1.492856,1.561998,1.477958,1.476812,1.48025,1.52036
29093,1.375964,1.429444,1.628084,1.593322,1.561998,1.561616,1.58148,1.6235,1.568492,1.52991,1.64451,1.50699,1.539078,1.529528,1.56047,1.64069,1.638016,1.716326,1.557796,1.492856,1.561998,1.477958,1.476812,1.48025,1.52036
29095,1.375964,1.429444,1.628084,1.593322,1.561998,1.561616,1.58148,1.6235,1.568492,1.52991,1.64451,1.50699,1.539078,1.529528,1.56047,1.64069,1.638016,1.716326,1.557796,1.492856,1.561998,1.477958,1.476812,1.48025,1.52036
29097,1.375964,1.429444,1.628084,1.593322,1.561998,1.561616,1.58148,1.6235,1.568492,1.52991,1.64451,1.50699,1.539078,1.529528,1.56047,1.64069,1.638016,1.716326,1.557796,1.492856,1.561998,1.477958,1.476812,1.48025,1.52036
29099,1.375964,1.429444,1.628084,1.593322,1.561998,1.561616,1.58148,1.6235,1.568492,1.52991,1.64451,1.50699,1.539078,1.529528,1.56047,1.64069,1.638016,1.716326,1.557796,1.492856,1.561998,1.477958,1.476812,1.48025,1.52036
29101,1.375964,1.429444,1.628084,1.593322,1.561998,1.561616,1.58148,1.6235,1.568492,1.52991,1.64451,1.50699,1.539078,1.529528,1.56047,1.64069,1.638016,1.716326,1.557796,1.492856,1.561998,1.477958,1.476812,1.48025,1.52036
29103,1.375964,1.429444,1.628084,1.593322,1.561998,1.561616,1.58148,1.6235,1.568492,1.52991,1.64451,1.50699,1.539078,1.529528,1.56047,1.64069,1.638016,1.716326,1.557796,1.492856,1.561998,1.477958,1.476812,1.48025,1.52036
29105,1.375964,1.429444,1.628084,1.593322,1.561998,1.561616,1.58148,1.6235,1.568492,1.52991,1.64451,1.50699,1.539078,1.529528,1.56047,1.64069,1.638016,1.716326,1.557796,1.492856,1.561998,1.477958,1.476812,1.48025,1.52036
29107,1.375964,1.429444,1.628084,1.593322,1.561998,1.561616,1.58148,1.6235,1.568492,1.52991,1.64451,1.50699,1.539078,1.529528,1.56047,1.64069,1.638016,1.716326,1.557796,1.492856,1.561998,1.477958,1.476812,1.48025,1.52036
29109,1.375964,1.429444,1.628084,1.593322,1.561998,1.561616,1.58148,1.6235,1.568492,1.52991,1.64451,1.50699,1.539078,1.529528,1.56047,1.64069,1.638016,1.716326,1.557796,1.492856,1.561998,1.477958,1.476812,1.48025,1.52036
29111,1.375964,1.429444,1.628084,1.593322,1.561998,1.561616,1.58148,1.6235,1.568492,1.52991,1.64451,1.50699,1.539078,1.529528,1.56047,1.64069,1.638016,1.716326,1.557796,1.492856,1.561998,1.477958,1.476812,1.48025,1.52036
29113,1.375964,1.429444,1.628084,1.593322,1.561998,1.561616,1.58148,1.6235,1.568492,1.52991,1.64451,1.50699,1.539078,1.529528,1.56047,1.64069,1.638016,1.716326,1.557796,1.492856,1.561998,1.477958,1.476812,1.48025,1.52036
29115,1.375964,1.429444,1.628084,1.593322,1.561998,1.561616,1.58148,1.6235,1.568492,1.52991,1.64451,1.50699,1.539078,1.529528,1.56047,1.64069,1.638016,1.716326,1.557796,1.492856,1.561998,1.477958,1.476812,1.48025,1.52036
29117,1.375964,1.429444,1.628084,1.593322,1.561998,1.561616,1.58148,1.6235,1.568492,1.52991,1.64451,1.50699,1.539078,1.529528,1.56047,1.64069,1.638016,1.716326,1.557796,1.492856,1.561998,1.477958,1.476812,1.48025,1.52036
29119,1.375964,1.429444,1.628084,1.593322,1.561998,1.561616,1.58148,1.6235,1.568492,1.52991,1.64451,1.50699,1.539078,1.529528,1.56047,1.64069,1.638016,1.716326,1.557796,1.492856,1.561998,1.477958,1.476812,1.48025,1.52036
29121,1.375964,1.429444,1.628084,1.593322,1.561998,1.561616,1.58148,1.6235,1.568492,1.52991,1.64451,1.50699,1.539078,1.529528,1.56047,1.64069,1.638016,1.716326,1.557796,1.492856,1.561998,1.477958,1.476812,1.48025,1.52036
29123,1.375964,1.429444,1.628084,1.593322,1.561998,1.561616,1.58148,1.6235,1.568492,1.52991,1.64451,1.50699,1.539078,1.529528,1.56047,1.64069,1.638016,1.716326,1.557796,1.492856,1.561998,1.477958,1.476812,1.48025,1.52036
29125,1.375964,1.429444,1.628084,1.593322,1.561998,1.561616,1.58148,1.6235,1.568492,1.52991,1.64451,1.50699,1.539078,1.529528,1.56047,1.64069,1.638016,1.716326,1.557796,1.492856,1.561998,1.477958,1.476812,1.48025,1.52036
29127,1.375964,1.429444,1.628084,1.593322,1.561998,1.561616,1.58148,1.6235,1.568492,1.52991,1.64451,1.50699,1.539078,1.529528,1.56047,1.64069,1.638016,1.716326,1.557796,1.492856,1.561998,1.477958,1.476812,1.48025,1.52036
29129,1.375964,1.429444,1.628084,1.593322,1.561998,1.561616,1.58148,1.6235,1.568492,1.52991,1.64451,1.50699,1.539078,1.529528,1.56047,1.64069,1.638016,1.716326,1.557796,1.492856,1.561998,1.477958,1.476812,1.48025,1.52036
29131,1.375964,1.429444,1.628084,1.593322,1.561998,1.561616,1.58148,1.6235,1.568492,1.52991,1.64451,1.50699,1.539078,1.529528,1.56047,1.64069,1.638016,1.716326,1.557796,1.492856,1.561998,1.477958,1.476812,1.48025,1.52036
29133,1.375964,1.429444,1.628084,1.593322,1.561998,1.561616,1.58148,1.6235,1.568492,1.52991,1.64451,1.50699,1.539078,1.529528,1.56047,1.64069,1.638016,1.716326,1.557796,1.492856,1.561998,1.477958,1.476812,1.48025,1.52036
29135,1.375964,1.429444,1.628084,1.593322,1.561998,1.561616,1.58148,1.6235,1.568492,1.52991,1.64451,1.50699,1.539078,1.529528,1.56047,1.64069,1.638016,1.716326,1.557796,1.492856,1.561998,1.477958,1.476812,1.48025,1.52036
29137,1.375964,1.429444,1.628084,1.593322,1.561998,1.561616,1.58148,1.6235,1.568492,1.52991,1.64451,1.50699,1.539078,1.529528,1.56047,1.64069,1.638016,1.716326,1.557796,1.492856,1.561998,1.477958,1.476812,1.48025,1.52036
29139,1.375964,1.429444,1.628084,1.593322,1.561998,1.561616,1.58148,1.6235,1.568492,1.52991,1.64451,1.50699,1.539078,1.529528,1.56047,1.64069,1.638016,1.716326,1.557796,1.492856,1.561998,1.477958,1.476812,1.48025,1.52036
29141,1.375964,1.429444,1.628084,1.593322,1.561998,1.561616,1.58148,1.6235,1.568492,1.52991,1.64451,1.50699,1.539078,1.529528,1.56047,1.64069,1.638016,1.716326,1.557796,1.492856,1.561998,1.477958,1.476812,1.48025,1.52036
29143,1.375964,1.429444,1.628084,1.593322,1.561998,1.561616,1.58148,1.6235,1.568492,1.52991,1.64451,1.50699,1.539078,1.529528,1.56047,1.64069,1.638016,1.716326,1.557796,1.492856,1.561998,1.477958,1.476812,1.48025,1.52036
29145,1.375964,1.429444,1.628084,1.593322,1.561998,1.561616,1.58148,1.6235,1.568492,1.52991,1.64451,1.50699,1.539078,1.529528,1.56047,1.64069,1.638016,1.716326,1.557796,1.492856,1.561998,1.477958,1.476812,1.48025,1.52036
29147,1.375964,1.429444,1.628084,1.593322,1.561998,1.561616,1.58148,1.6235,1.568492,1.52991,1.64451,1.50699,1.539078,1.529528,1.56047,1.64069,1.638016,1.716326,1.557796,1.492856,1.561998,1.477958,1.476812,1.48025,1.52036
29149,1.375964,1.429444,1.628084,1.593322,1.561998,1.561616,1.58148,1.6235,1.568492,1.52991,1.64451,1.50699,1.539078,1.529528,1.56047,1.64069,1.638016,1.716326,1.557796,1.492856,1.561998,1.477958,1.476812,1.48025,1.52036
29151,1.375964,1.429444,1.628084,1.593322,1.561998,1.561616,1.58148,1.6235,1.568492,1.52991,1.64451,1.50699,1.539078,1.529528,1.56047,1.64069,1.638016,1.716326,1.557796,1.492856,1.561998,1.477958,1.476812,1.48025,1.52036
29153,1.375964,1.429444,1.628084,1.593322,1.561998,1.561616,1.58148,1.6235,1.568492,1.52991,1.64451,1.50699,1.539078,1.529528,1.56047,1.64069,1.638016,1.716326,1.557796,1.492856,1.561998,1.477958,1.476812,1.48025,1.52036
29155,1.375964,1.429444,1.628084,1.593322,1.561998,1.561616,1.58148,1.6235,1.568492,1.52991,1.64451,1.50699,1.539078,1.529528,1.56047,1.64069,1.638016,1.716326,1.557796,1.492856,1.561998,1.477958,1.476812,1.48025,1.52036
29157,1.375964,1.429444,1.628084,1.593322,1.561998,1.561616,1.58148,1.6235,1.568492,1.52991,1.64451,1.50699,1.539078,1.529528,1.56047,1.64069,1.638016,1.716326,1.557796,1.492856,1.561998,1.477958,1.476812,1.48025,1.52036
29159,1.375964,1.429444,1.628084,1.593322,1.561998,1.561616,1.58148,1.6235,1.568492,1.52991,1.64451,1.50699,1.539078,1.529528,1.56047,1.64069,1.638016,1.716326,1.557796,1.492856,1.561998,1.477958,1.476812,1.48025,1.52036
29161,1.375964,1.429444,1.628084,1.593322,1.561998,1.561616,1.58148,1.6235,1.568492,1.52991,1.64451,1.50699,1.539078,1.529528,1.56047,1.64069,1.638016,1.716326,1.557796,1.492856,1.561998,1.477958,1.476812,1.48025,1.52036
29163,1.375964,1.429444,1.628084,1.593322,1.561998,1.561616,1.58148,1.6235,1.568492,1.52991,1.64451,1.50699,1.539078,1.529528,1.56047,1.64069,1.638016,1.716326,1.557796,1.492856,1.561998,1.477958,1.476812,1.48025,1.52036
29165,1.375964,1.429444,1.628084,1.593322,1.561998,1.561616,1.58148,1.6235,1.568492,1.52991,1.64451,1.50699,1.539078,1.529528,1.56047,1.64069,1.638016,1.716326,1.557796,1.492856,1.561998,1.477958,1.476812,1.48025,1.52036
29167,1.375964,1.429444,1.628084,1.593322,1.561998,1.561616,1.58148,1.6235,1.568492,1.52991,1.64451,1.50699,1.539078,1.529528,1.56047,1.64069,1.638016,1.716326,1.557796,1.492856,1.561998,1.477958,1.476812,1.48025,1.52036
29169,1.375964,1.429444,1.628084,1.593322,1.561998,1.561616,1.58148,1.6235,1.568492,1.52991,1.64451,1.50699,1.539078,1.529528,1.56047,1.64069,1.638016,1.716326,1.557796,1.492856,1.561998,1.477958,1.476812,1.48025,1.52036
29171,1.375964,1.429444,1.628084,1.593322,1.561998,1.561616,1.58148,1.6235,1.568492,1.52991,1.64451,1.50699,1.539078,1.529528,1.56047,1.64069,1.638016,1.716326,1.557796,1.492856,1.561998,1.477958,1.476812,1.48025,1.52036
29173,1.375964,1.429444,1.628084,1.593322,1.561998,1.561616,1.58148,1.6235,1.568492,1.52991,1.64451,1.50699,1.539078,1.529528,1.56047,1.64069,1.638016,1.716326,1.557796,1.492856,1.561998,1.477958,1.476812,1.48025,1.52036
29175,1.375964,1.429444,1.628084,1.593322,1.561998,1.561616,1.58148,1.6235,1.568492,1.52991,1.64451,1.50699,1.539078,1.529528,1.56047,1.64069,1.638016,1.716326,1.557796,1.492856,1.561998,1.477958,1.476812,1.48025,1.52036
29177,1.375964,1.429444,1.628084,1.593322,1.561998,1.561616,1.58148,1.6235,1.568492,1.52991,1.64451,1.50699,1.539078,1.529528,1.56047,1.64069,1.638016,1.716326,1.557796,1.492856,1.561998,1.477958,1.476812,1.48025,1.52036
29179,1.375964,1.429444,1.628084,1.593322,1.561998,1.561616,1.58148,1.6235,1.568492,1.52991,1.64451,1.50699,1.539078,1.529528,1.56047,1.64069,1.638016,1.716326,1.557796,1.492856,1.561998,1.477958,1.476812,1.48025,1.52036
29181,1.375964,1.429444,1.628084,1.593322,1.561998,1.561616,1.58148,1.6235,1.568492,1.52991,1.64451,1.50699,1.539078,1.529528,1.56047,1.64069,1.638016,1.716326,1.557796,1.492856,1.561998,1.477958,1.476812,1.48025,1.52036
29183,1.375964,1.429444,1.628084,1.593322,1.561998,1.561616,1.58148,1.6235,1.568492,1.52991,1.64451,1.50699,1.539078,1.529528,1.56047,1.64069,1.638016,1.716326,1.557796,1.492856,1.561998,1.477958,1.476812,1.48025,1.52036
29185,1.375964,1.429444,1.628084,1.593322,1.561998,1.561616,1.58148,1.6235,1.568492,1.52991,1.64451,1.50699,1.539078,1.529528,1.56047,1.64069,1.638016,1.716326,1.557796,1.492856,1.561998,1.477958,1.476812,1.48025,1.52036
29186,1.375964,1.429444,1.628084,1.593322,1.561998,1.561616,1.58148,1.6235,1.568492,1.52991,1.64451,1.50699,1.539078,1.529528,1.56047,1.64069,1.638016,1.716326,1.557796,1.492856,1.561998,1.477958,1.476812,1.48025,1.52036
29187,1.375964,1.429444,1.628084,1.593322,1.561998,1.561616,1.58148,1.6235,1.568492,1.52991,1.64451,1.50699,1.539078,1.529528,1.56047,1.64069,1.638016,1.716326,1.557796,1.492856,1.561998,1.477958,1.476812,1.48025,1.52036
29189,1.375964,1.429444,1.628084,1.593322,1.561998,1.561616,1.58148,1.6235,1.568492,1.52991,1.64451,1.50699,1.539078,1.529528,1.56047,1.64069,1.638016,1.716326,1.557796,1.492856,1.561998,1.477958,1.476812,1.48025,1.52036
29195,1.375964,1.429444,1.628084,1.593322,1.561998,1.561616,1.58148,1.6235,1.568492,1.52991,1.64451,1.50699,1.539078,1.529528,1.56047,1.64069,1.638016,1.716326,1.557796,1.492856,1.561998,1.477958,1.476812,1.48025,1.52036
29197,1.375964,1.429444,1.628084,1.593322,1.561998,1.561616,1.58148,1.6235,1.568492,1.52991,1.64451,1.50699,1.539078,1.529528,1.56047,1.64069,1.638016,1.716326,1.557796,1.492856,1.561998,1.477958,1.476812,1.48025,1.52036
29199,1.375964,1.429444,1.628084,1.593322,1.561998,1.561616,1.58148,1.6235,1.568492,1.52991,1.64451,1.50699,1.539078,1.529528,1.56047,1.64069,1.638016,1.716326,1.557796,1.492856,1.561998,1.477958,1.476812,1.48025,1.52036
29201,1.375964,1.429444,1.628084,1.593322,1.561998,1.561616,1.58148,1.6235,1.568492,1.52991,1.64451,1.50699,1.539078,1.529528,1.56047,1.64069,1.638016,1.716326,1.557796,1.492856,1.561998,1.477958,1.476812,1.48025,1.52036
29203,1.375964,1.429444,1.628084,1.593322,1.561998,1.561616,1.58148,1.6235,1.568492,1.52991,1.64451,1.50699,1.539078,1.529528,1.56047,1.64069,1.638016,1.716326,1.557796,1.492856,1.561998,1.477958,1.476812,1.48025,1.52036
29205,1.375964,1.429444,1.628084,1.593322,1.561998,1.561616,1.58148,1.6235,1.568492,1.52991,1.64451,1.50699,1.539078,1.529528,1.56047,1.64069,1.638016,1.716326,1.557796,1.492856,1.561998,1.477958,1.476812,1.48025,1.52036
29207,1.375964,1.429444,1.628084,1.593322,1.561998,1.561616,1.58148,1.6235,1.568492,1.52991,1.64451,1.50699,1.539078,1.529528,1.56047,1.64069,1.638016,1.716326,1.557796,1.492856,1.561998,1.477958,1.476812,1.48025,1.52036
29209,1.375964,1.429444,1.628084,1.593322,1.561998,1.561616,1.58148,1.6235,1.568492,1.52991,1.64451,1.50699,1.539078,1.529528,1.56047,1.64069,1.638016,1.716326,1.557796,1.492856,1.561998,1.477958,1.476812,1.48025,1.52036
29211,1.375964,1.429444,1.628084,1.593322,1.561998,1.561616,1.58148,1.6235,1.568492,1.52991,1.64451,1.50699,1.539078,1.529528,1.56047,1.64069,1.638016,1.716326,1.557796,1.492856,1.561998,1.477958,1.476812,1.48025,1.52036
29213,1.375964,1.429444,1.628084,1.593322,1.561998,1.561616,1.58148,1.6235,1.568492,1.52991,1.64451,1.50699,1.539078,1.529528,1.56047,1.64069,1.638016,1.716326,1.557796,1.492856,1.561998,1.477958,1.476812,1.48025,1.52036
29215,1.375964,1.429444,1.628084,1.593322,1.561998,1.561616,1.58148,1.6235,1.568492,1.52991,1.64451,1.50699,1.539078,1.529528,1.56047,1.64069,1.638016,1.716326,1.557796,1.492856,1.561998,1.477958,1.476812,1.48025,1.52036
29217,1.375964,1.429444,1.628084,1.593322,1.561998,1.561616,1.58148,1.6235,1.568492,1.52991,1.64451,1.50699,1.539078,1.529528,1.56047,1.64069,1.638016,1.716326,1.557796,1.492856,1.561998,1.477958,1.476812,1.48025,1.52036
29219,1.375964,1.429444,1.628084,1.593322,1.561998,1.561616,1.58148,1.6235,1.568492,1.52991,1.64451,1.50699,1.539078,1.529528,1.56047,1.64069,1.638016,1.716326,1.557796,1.492856,1.561998,1.477958,1.476812,1.48025,1.52036
29221,1.375964,1.429444,1.628084,1.593322,1.561998,1.561616,1.58148,1.6235,1.568492,1.52991,1.64451,1.50699,1.539078,1.529528,1.56047,1.64069,1.638016,1.716326,1.557796,1.492856,1.561998,1.477958,1.476812,1.48025,1.52036
29223,1.375964,1.429444,1.628084,1.593322,1.561998,1.561616,1.58148,1.6235,1.568492,1.52991,1.64451,1.50699,1.539078,1.529528,1.56047,1.64069,1.638016,1.716326,1.557796,1.492856,1.561998,1.477958,1.476812,1.48025,1.52036
29225,1.375964,1.429444,1.628084,1.593322,1.561998,1.561616,1.58148,1.6235,1.568492,1.52991,1.64451,1.50699,1.539078,1.529528,1.56047,1.64069,1.638016,1.716326,1.557796,1.492856,1.561998,1.477958,1.476812,1.48025,1.52036
29227,1.375964,1.429444,1.628084,1.593322,1.561998,1.561616,1.58148,1.6235,1.568492,1.52991,1.64451,1.50699,1.539078,1.529528,1.56047,1.64069,1.638016,1.716326,1.557796,1.492856,1.561998,1.477958,1.476812,1.48025,1.52036
29229,1.375964,1.429444,1.628084,1.593322,1.561998,1.561616,1.58148,1.6235,1.568492,1.52991,1.64451,1.50699,1.539078,1.529528,1.56047,1.64069,1.638016,1.716326,1.557796,1.492856,1.561998,1.477958,1.476812,1.48025,1.52036
29510,1.375964,1.429444,1.628084,1.593322,1.561998,1.561616,1.58148,1.6235,1.568492,1.52991,1.64451,1.50699,1.539078,1.529528,1.56047,1.64069,1.638016,1.716326,1.557796,1.492856,1.561998,1.477958,1.476812,1.48025,1.52036
30001,1.375964,1.429444,1.628084,1.593322,1.561998,1.561616,1.58148,1.6235,1.568492,1.52991,1.64451,1.50699,1.539078,1.529528,1.56047,1.64069,1.638016,1.716326,1.557796,1.492856,1.561998,1.477958,1.476812,1.48025,1.52036
30003,1.375964,1.429444,1.628084,1.593322,1.561998,1.561616,1.58148,1.6235,1.568492,1.52991,1.64451,1.50699,1.539078,1.529528,1.56047,1.64069,1.638016,1.716326,1.557796,1.492856,1.561998,1.477958,1.476812,1.48025,1.52036
30005,1.375964,1.429444,1.628084,1.593322,1.561998,1.561616,1.58148,1.6235,1.568492,1.52991,1.64451,1.50699,1.539078,1.529528,1.56047,1.64069,1.638016,1.716326,1.557796,1.492856,1.561998,1.477958,1.476812,1.48025,1.52036
30007,1.375964,1.429444,1.628084,1.593322,1.561998,1.561616,1.58148,1.6235,1.568492,1.52991,1.64451,1.50699,1.539078,1.529528,1.56047,1.64069,1.638016,1.716326,1.557796,1.492856,1.561998,1.477958,1.476812,1.48025,1.52036
30009,1.375964,1.429444,1.628084,1.593322,1.561998,1.561616,1.58148,1.6235,1.568492,1.52991,1.64451,1.50699,1.539078,1.529528,1.56047,1.64069,1.638016,1.716326,1.557796,1.492856,1.561998,1.477958,1.476812,1.48025,1.52036
30011,1.375964,1.429444,1.628084,1.593322,1.561998,1.561616,1.58148,1.6235,1.568492,1.52991,1.64451,1.50699,1.539078,1.529528,1.56047,1.64069,1.638016,1.716326,1.557796,1.492856,1.561998,1.477958,1.476812,1.48025,1.52036
30013,1.375964,1.429444,1.628084,1.593322,1.561998,1.561616,1.58148,1.6235,1.568492,1.52991,1.64451,1.50699,1.539078,1.529528,1.56047,1.64069,1.638016,1.716326,1.557796,1.492856,1.561998,1.477958,1.476812,1.48025,1.52036
30015,1.375964,1.429444,1.628084,1.593322,1.561998,1.561616,1.58148,1.6235,1.568492,1.52991,1.64451,1.50699,1.539078,1.529528,1.56047,1.64069,1.638016,1.716326,1.557796,1.492856,1.561998,1.477958,1.476812,1.48025,1.52036
30017,1.375964,1.429444,1.628084,1.593322,1.561998,1.561616,1.58148,1.6235,1.568492,1.52991,1.64451,1.50699,1.539078,1.529528,1.56047,1.64069,1.638016,1.716326,1.557796,1.492856,1.561998,1.477958,1.476812,1.48025,1.52036
30019,1.375964,1.429444,1.628084,1.593322,1.561998,1.561616,1.58148,1.6235,1.568492,1.52991,1.64451,1.50699,1.539078,1.529528,1.56047,1.64069,1.638016,1.716326,1.557796,1.492856,1.561998,1.477958,1.476812,1.48025,1.52036
30021,1.375964,1.429444,1.628084,1.593322,1.561998,1.561616,1.58148,1.6235,1.568492,1.52991,1.64451,1.50699,1.539078,1.529528,1.56047,1.64069,1.638016,1.716326,1.557796,1.492856,1.561998,1.477958,1.476812,1.48025,1.52036
30023,1.375964,1.429444,1.628084,1.593322,1.561998,1.561616,1.58148,1.6235,1.568492,1.52991,1.64451,1.50699,1.539078,1.529528,1.56047,1.64069,1.638016,1.716326,1.557796,1.492856,1.561998,1.477958,1.476812,1.48025,1.52036
30025,1.375964,1.429444,1.628084,1.593322,1.561998,1.561616,1.58148,1.6235,1.568492,1.52991,1.64451,1.50699,1.539078,1.529528,1.56047,1.64069,1.638016,1.716326,1.557796,1.492856,1.561998,1.477958,1.476812,1.48025,1.52036
30027,1.375964,1.429444,1.628084,1.593322,1.561998,1.561616,1.58148,1.6235,1.568492,1.52991,1.64451,1.50699,1.539078,1.529528,1.56047,1.64069,1.638016,1.716326,1.557796,1.492856,1.561998,1.477958,1.476812,1.48025,1.52036
30029,1.375964,1.429444,1.628084,1.593322,1.561998,1.561616,1.58148,1.6235,1.568492,1.52991,1.64451,1.50699,1.539078,1.529528,1.56047,1.64069,1.638016,1.716326,1.557796,1.492856,1.561998,1.477958,1.476812,1.48025,1.52036
30031,1.375964,1.429444,1.628084,1.593322,1.561998,1.561616,1.58148,1.6235,1.568492,1.52991,1.64451,1.50699,1.539078,1.529528,1.56047,1.64069,1.638016,1.716326,1.557796,1.492856,1.561998,1.477958,1.476812,1.48025,1.52036
30033,1.375964,1.429444,1.628084,1.593322,1.561998,1.561616,1.58148,1.6235,1.568492,1.52991,1.64451,1.50699,1.539078,1.529528,1.56047,1.64069,1.638016,1.716326,1.557796,1.492856,1.561998,1.477958,1.476812,1.48025,1.52036
30035,1.375964,1.429444,1.628084,1.593322,1.561998,1.561616,1.58148,1.6235,1.568492,1.52991,1.64451,1.50699,1.539078,1.529528,1.56047,1.64069,1.638016,1.716326,1.557796,1.492856,1.561998,1.477958,1.476812,1.48025,1.52036
30037,1.375964,1.429444,1.628084,1.593322,1.561998,1.561616,1.58148,1.6235,1.568492,1.52991,1.64451,1.50699,1.539078,1.529528,1.56047,1.64069,1.638016,1.716326,1.557796,1.492856,1.561998,1.477958,1.476812,1.48025,1.52036
30039,1.375964,1.429444,1.628084,1.593322,1.561998,1.561616,1.58148,1.6235,1.568492,1.52991,1.64451,1.50699,1.539078,1.529528,1.56047,1.64069,1.638016,1.716326,1.557796,1.492856,1.561998,1.477958,1.476812,1.48025,1.52036
30041,1.375964,1.429444,1.628084,1.593322,1.561998,1.561616,1.58148,1.6235,1.568492,1.52991,1.64451,1.50699,1.539078,1.529528,1.56047,1.64069,1.638016,1.716326,1.557796,1.492856,1.561998,1.477958,1.476812,1.48025,1.52036
30043,1.375964,1.429444,1.628084,1.593322,1.561998,1.561616,1.58148,1.6235,1.568492,1.52991,1.64451,1.50699,1.539078,1.529528,1.56047,1.64069,1.638016,1.716326,1.557796,1.492856,1.561998,1.477958,1.476812,1.48025,1.52036
30045,1.375964,1.429444,1.628084,1.593322,1.561998,1.561616,1.58148,1.6235,1.568492,1.52991,1.64451,1.50699,1.539078,1.529528,1.56047,1.64069,1.638016,1.716326,1.557796,1.492856,1.561998,1.477958,1.476812,1.48025,1.52036
30047,1.375964,1.429444,1.628084,1.593322,1.561998,1.561616,1.58148,1.6235,1.568492,1.52991,1.64451,1.50699,1.539078,1.529528,1.56047,1.64069,1.638016,1.716326,1.557796,1.492856,1.561998,1.477958,1.476812,1.48025,1.52036
30049,1.375964,1.429444,1.628084,1.593322,1.561998,1.561616,1.58148,1.6235,1.568492,1.52991,1.64451,1.50699,1.539078,1.529528,1.56047,1.64069,1.638016,1.716326,1.557796,1.492856,1.561998,1.477958,1.476812,1.48025,1.52036
30051,1.375964,1.429444,1.628084,1.593322,1.561998,1.561616,1.58148,1.6235,1.568492,1.52991,1.64451,1.50699,1.539078,1.529528,1.56047,1.64069,1.638016,1.716326,1.557796,1.492856,1.561998,1.477958,1.476812,1.48025,1.52036
30053,1.375964,1.429444,1.628084,1.593322,1.561998,1.561616,1.58148,1.6235,1.568492,1.52991,1.64451,1.50699,1.539078,1.529528,1.56047,1.64069,1.638016,1.716326,1.557796,1.492856,1.561998,1.477958,1.476812,1.48025,1.52036
30055,1.375964,1.429444,1.628084,1.593322,1.561998,1.561616,1.58148,1.6235,1.568492,1.52991,1.64451,1.50699,1.539078,1.529528,1.56047,1.64069,1.638016,1.716326,1.557796,1.492856,1.561998,1.477958,1.476812,1.48025,1.52036
30057,1.375964,1.429444,1.628084,1.593322,1.561998,1.561616,1.58148,1.6235,1.568492,1.52991,1.64451,1.50699,1.539078,1.529528,1.56047,1.64069,1.638016,1.716326,1.557796,1.492856,1.561998,1.477958,1.476812,1.48025,1.52036
30059,1.375964,1.429444,1.628084,1.593322,1.561998,1.561616,1.58148,1.6235,1.568492,1.52991,1.64451,1.50699,1.539078,1.529528,1.56047,1.64069,1.638016,1.716326,1.557796,1.492856,1.561998,1.477958,1.476812,1.48025,1.52036
30061,1.375964,1.429444,1.628084,1.593322,1.561998,1.561616,1.58148,1.6235,1.568492,1.52991,1.64451,1.50699,1.539078,1.529528,1.56047,1.64069,1.638016,1.716326,1.557796,1.492856,1.561998,1.477958,1.476812,1.48025,1.52036
30063,1.375964,1.429444,1.628084,1.593322,1.561998,1.561616,1.58148,1.6235,1.568492,1.52991,1.64451,1.50699,1.539078,1.529528,1.56047,1.64069,1.638016,1.716326,1.557796,1.492856,1.561998,1.477958,1.476812,1.48025,1.52036
30065,1.375964,1.429444,1.628084,1.593322,1.561998,1.561616,1.58148,1.6235,1.568492,1.52991,1.64451,1.50699,1.539078,1.529528,1.56047,1.64069,1.638016,1.716326,1.557796,1.492856,1.561998,1.477958,1.476812,1.48025,1.52036
30067,1.375964,1.429444,1.628084,1.593322,1.561998,1.561616,1.58148,1.6235,1.568492,1.52991,1.64451,1.50699,1.539078,1.529528,1.56047,1.64069,1.638016,1.716326,1.557796,1.492856,1.561998,1.477958,1.476812,1.48025,1.52036
30069,1.375964,1.429444,1.628084,1.593322,1.561998,1.561616,1.58148,1.6235,1.568492,1.52991,1.64451,1.50699,1.539078,1.529528,1.56047,1.64069,1.638016,1.716326,1.557796,1.492856,1.561998,1.477958,1.476812,1.48025,1.52036
30071,1.375964,1.429444,1.628084,1.593322,1.561998,1.561616,1.58148,1.6235,1.568492,1.52991,1.64451,1.50699,1.539078,1.529528,1.56047,1.64069,1.638016,1.716326,1.557796,1.492856,1.561998,1.477958,1.476812,1.48025,1.52036
30073,1.375964,1.429444,1.628084,1.593322,1.561998,1.561616,1.58148,1.6235,1.568492,1.52991,1.64451,1.50699,1.539078,1.529528,1.56047,1.64069,1.638016,1.716326,1.557796,1.492856,1.561998,1.477958,1.476812,1.48025,1.52036
30075,1.375964,1.429444,1.628084,1.593322,1.561998,1.561616,1.58148,1.6235,1.568492,1.52991,1.64451,1.50699,1.539078,1.529528,1.56047,1.64069,1.638016,1.716326,1.557796,1.492856,1.561998,1.477958,1.476812,1.48025,1.52036
30077,1.375964,1.429444,1.628084,1.593322,1.561998,1.561616,1.58148,1.6235,1.568492,1.52991,1.64451,1.50699,1.539078,1.529528,1.56047,1.64069,1.638016,1.716326,1.557796,1.492856,1.561998,1.477958,1.476812,1.48025,1.52036
30079,1.375964,1.429444,1.628084,1.593322,1.561998,1.561616,1.58148,1.6235,1.568492,1.52991,1.64451,1.50699,1.539078,1.529528,1.56047,1.64069,1.638016,1.716326,1.557796,1.492856,1.561998,1.477958,1.476812,1.48025,1.52036
30081,1.375964,1.429444,1.628084,1.593322,1.561998,1.561616,1.58148,1.6235,1.568492,1.52991,1.64451,1.50699,1.539078,1.529528,1.56047,1.64069,1.638016,1.716326,1.557796,1.492856,1.561998,1.477958,1.476812,1.48025,1.52036
30083,1.375964,1.429444,1.628084,1.593322,1.561998,1.561616,1.58148,1.6235,1.568492,1.52991,1.64451,1.50699,1.539078,1.529528,1.56047,1.64069,1.638016,1.716326,1.557796,1.492856,1.561998,1.477958,1.476812,1.48025,1.52036
30085,1.375964,1.429444,1.628084,1.593322,1.561998,1.561616,1.58148,1.6235,1.568492,1.52991,1.64451,1.50699,1.539078,1.529528,1.56047,1.64069,1.638016,1.716326,1.557796,1.492856,1.561998,1.477958,1.476812,1.48025,1.52036
30087,1.375964,1.429444,1.628084,1.593322,1.561998,1.561616,1.58148,1.6235,1.568492,1.52991,1.64451,1.50699,1.539078,1.529528,1.56047,1.64069,1.638016,1.716326,1.557796,1.492856,1.561998,1.477958,1.476812,1.48025,1.52036
30089,1.375964,1.429444,1.628084,1.593322,1.561998,1.561616,1.58148,1.6235,1.568492,1.52991,1.64451,1.50699,1.539078,1.529528,1.56047,1.64069,1.638016,1.716326,1.557796,1.492856,1.561998,1.477958,1.476812,1.48025,1.52036
30091,1.375964,1.429444,1.628084,1.593322,1.561998,1.561616,1.58148,1.6235,1.568492,1.52991,1.64451,1.50699,1.539078,1.529528,1.56047,1.64069,1.638016,1.716326,1.557796,1.492856,1.561998,1.477958,1.476812,1.48025,1.52036
30093,1.375964,1.429444,1.628084,1.593322,1.561998,1.561616,1.58148,1.6235,1.568492,1.52991,1.64451,1.50699,1.539078,1.529528,1.56047,1.64069,1.638016,1.716326,1.557796,1.492856,1.561998,1.477958,1.476812,1.48025,1.52036
30095,1.375964,1.429444,1.628084,1.593322,1.561998,1.561616,1.58148,1.6235,1.568492,1.52991,1.64451,1.50699,1.539078,1.529528,1.56047,1.64069,1.638016,1.716326,1.557796,1.492856,1.561998,1.477958,1.476812,1.48025,1.52036
30097,1.375964,1.429444,1.628084,1.593322,1.561998,1.561616,1.58148,1.6235,1.568492,1.52991,1.64451,1.50699,1.539078,1.529528,1.56047,1.64069,1.638016,1.716326,1.557796,1.492856,1.561998,1.477958,1.476812,1.48025,1.52036
30099,1.375964,1.429444,1.628084,1.593322,1.561998,1.561616,1.58148,1.6235,1.568492,1.52991,1.64451,1.50699,1.539078,1.529528,1.56047,1.64069,1.638016,1.716326,1.557796,1.492856,1.561998,1.477958,1.476812,1.48025,1.52036
30101,1.375964,1.429444,1.628084,1.593322,1.561998,1.561616,1.58148,1.6235,1.568492,1.52991,1.64451,1.50699,1.539078,1.529528,1.56047,1.64069,1.638016,1.716326,1.557796,1.492856,1.561998,1.477958,1.476812,1.48025,1.52036
30103,1.375964,1.429444,1.628084,1.593322,1.561998,1.561616,1.58148,1.6235,1.568492,1.52991,1.64451,1.50699,1.539078,1.529528,1.56047,1.64069,1.638016,1.716326,1.557796,1.492856,1.561998,1.477958,1.476812,1.48025,1.52036
30105,1.375964,1.429444,1.628084,1.593322,1.561998,1.561616,1.58148,1.6235,1.568492,1.52991,1.64451,1.50699,1.539078,1.529528,1.56047,1.64069,1.638016,1.716326,1.557796,1.492856,1.561998,1.477958,1.476812,1.48025,1.52036
30107,1.375964,1.429444,1.628084,1.593322,1.561998,1.561616,1.58148,1.6235,1.568492,1.52991,1.64451,1.50699,1.539078,1.529528,1.56047,1.64069,1.638016,1.716326,1.557796,1.492856,1.561998,1.477958,1.476812,1.48025,1.52036
30109,1.375964,1.429444,1.628084,1.593322,1.561998,1.561616,1.58148,1.6235,1.568492,1.52991,1.64451,1.50699,1.539078,1.529528,1.56047,1.64069,1.638016,1.716326,1.557796,1.492856,1.561998,1.477958,1.476812,1.48025,1.52036
30111,1.375964,1.429444,1.628084,1.593322,1.561998,1.561616,1.58148,1.6235,1.568492,1.52991,1.64451,1.50699,1.539078,1.529528,1.56047,1.64069,1.638016,1.716326,1.557796,1.492856,1.561998,1.477958,1.476812,1.48025,1.52036
31001,1.375964,1.429444,1.628084,1.593322,1.561998,1.561616,1.58148,1.6235,1.568492,1.52991,1.64451,1.50699,1.539078,1.529528,1.56047,1.64069,1.638016,1.716326,1.557796,1.492856,1.561998,1.477958,1.476812,1.48025,1.52036
31003,1.375964,1.429444,1.628084,1.593322,1.561998,1.561616,1.58148,1.6235,1.568492,1.52991,1.64451,1.50699,1.539078,1.529528,1.56047,1.64069,1.638016,1.716326,1.557796,1.492856,1.561998,1.477958,1.476812,1.48025,1.52036
31005,1.375964,1.429444,1.628084,1.593322,1.561998,1.561616,1.58148,1.6235,1.568492,1.52991,1.64451,1.50699,1.539078,1.529528,1.56047,1.64069,1.638016,1.716326,1.557796,1.492856,1.561998,1.477958,1.476812,1.48025,1.52036
31007,1.375964,1.429444,1.628084,1.593322,1.561998,1.561616,1.58148,1.6235,1.568492,1.52991,1.64451,1.50699,1.539078,1.529528,1.56047,1.64069,1.638016,1.716326,1.557796,1.492856,1.561998,1.477958,1.476812,1.48025,1.52036
31009,1.375964,1.429444,1.628084,1.593322,1.561998,1.561616,1.58148,1.6235,1.568492,1.52991,1.64451,1.50699,1.539078,1.529528,1.56047,1.64069,1.638016,1.716326,1.557796,1.492856,1.561998,1.477958,1.476812,1.48025,1.52036
31011,1.375964,1.429444,1.628084,1.593322,1.561998,1.561616,1.58148,1.6235,1.568492,1.52991,1.64451,1.50699,1.539078,1.529528,1.56047,1.64069,1.638016,1.716326,1.557796,1.492856,1.561998,1.477958,1.476812,1.48025,1.52036
31013,1.375964,1.429444,1.628084,1.593322,1.561998,1.561616,1.58148,1.6235,1.568492,1.52991,1.64451,1.50699,1.539078,1.529528,1.56047,1.64069,1.638016,1.716326,1.557796,1.492856,1.561998,1.477958,1.476812,1.48025,1.52036
31015,1.375964,1.429444,1.628084,1.593322,1.561998,1.561616,1.58148,1.6235,1.568492,1.52991,1.64451,1.50699,1.539078,1.529528,1.56047,1.64069,1.638016,1.716326,1.557796,1.492856,1.561998,1.477958,1.476812,1.48025,1.52036
31017,1.375964,1.429444,1.628084,1.593322,1.561998,1.561616,1.58148,1.6235,1.568492,1.52991,1.64451,1.50699,1.539078,1.529528,1.56047,1.64069,1.638016,1.716326,1.557796,1.492856,1.561998,1.477958,1.476812,1.48025,1.52036
31019,1.375964,1.429444,1.628084,1.593322,1.561998,1.561616,1.58148,1.6235,1.568492,1.52991,1.64451,1.50699,1.539078,1.529528,1.56047,1.64069,1.638016,1.716326,1.557796,1.492856,1.561998,1.477958,1.476812,1.48025,1.52036
31021,1.375964,1.429444,1.628084,1.593322,1.561998,1.561616,1.58148,1.6235,1.568492,1.52991,1.64451,1.50699,1.539078,1.529528,1.56047,1.64069,1.638016,1.716326,1.557796,1.492856,1.561998,1.477958,1.476812,1.48025,1.52036
31023,1.375964,1.429444,1.628084,1.593322,1.561998,1.561616,1.58148,1.6235,1.568492,1.52991,1.64451,1.50699,1.539078,1.529528,1.56047,1.64069,1.638016,1.716326,1.557796,1.492856,1.561998,1.477958,1.476812,1.48025,1.52036
31025,1.375964,1.429444,1.628084,1.593322,1.561998,1.561616,1.58148,1.6235,1.568492,1.52991,1.64451,1.50699,1.539078,1.529528,1.56047,1.64069,1.638016,1.716326,1.557796,1.492856,1.561998,1.477958,1.476812,1.48025,1.52036
31027,1.375964,1.429444,1.628084,1.593322,1.561998,1.561616,1.58148,1.6235,1.568492,1.52991,1.64451,1.50699,1.539078,1.529528,1.56047,1.64069,1.638016,1.716326,1.557796,1.492856,1.561998,1.477958,1.476812,1.48025,1.52036
31029,1.375964,1.429444,1.628084,1.593322,1.561998,1.561616,1.58148,1.6235,1.568492,1.52991,1.64451,1.50699,1.539078,1.529528,1.56047,1.64069,1.638016,1.716326,1.557796,1.492856,1.561998,1.477958,1.476812,1.48025,1.52036
31031,1.375964,1.429444,1.628084,1.593322,1.561998,1.561616,1.58148,1.6235,1.568492,1.52991,1.64451,1.50699,1.539078,1.529528,1.56047,1.64069,1.638016,1.716326,1.557796,1.492856,1.561998,1.477958,1.476812,1.48025,1.52036
31033,1.375964,1.429444,1.628084,1.593322,1.561998,1.561616,1.58148,1.6235,1.568492,1.52991,1.64451,1.50699,1.539078,1.529528,1.56047,1.64069,1.638016,1.716326,1.557796,1.492856,1.561998,1.477958,1.476812,1.48025,1.52036
31035,1.375964,1.429444,1.628084,1.593322,1.561998,1.561616,1.58148,1.6235,1.568492,1.52991,1.64451,1.50699,1.539078,1.529528,1.56047,1.64069,1.638016,1.716326,1.557796,1.492856,1.561998,1.477958,1.476812,1.48025,1.52036
31037,1.375964,1.429444,1.628084,1.593322,1.561998,1.561616,1.58148,1.6235,1.568492,1.52991,1.64451,1.50699,1.539078,1.529528,1.56047,1.64069,1.638016,1.716326,1.557796,1.492856,1.561998,1.477958,1.476812,1.48025,1.52036
31039,1.375964,1.429444,1.628084,1.593322,1.561998,1.561616,1.58148,1.6235,1.568492,1.52991,1.64451,1.50699,1.539078,1.529528,1.56047,1.64069,1.638016,1.716326,1.557796,1.492856,1.561998,1.477958,1.476812,1.48025,1.52036
31041,1.375964,1.429444,1.628084,1.593322,1.561998,1.561616,1.58148,1.6235,1.568492,1.52991,1.64451,1.50699,1.539078,1.529528,1.56047,1.64069,1.638016,1.716326,1.557796,1.492856,1.561998,1.477958,1.476812,1.48025,1.52036
31043,1.375964,1.429444,1.628084,1.593322,1.561998,1.561616,1.58148,1.6235,1.568492,1.52991,1.64451,1.50699,1.539078,1.529528,1.56047,1.64069,1.638016,1.716326,1.557796,1.492856,1.561998,1.477958,1.476812,1.48025,1.52036
31045,1.375964,1.429444,1.628084,1.593322,1.561998,1.561616,1.58148,1.6235,1.568492,1.52991,1.64451,1.50699,1.539078,1.529528,1.56047,1.64069,1.638016,1.716326,1.557796,1.492856,1.561998,1.477958,1.476812,1.48025,1.52036
31047,1.375964,1.429444,1.628084,1.593322,1.561998,1.561616,1.58148,1.6235,1.568492,1.52991,1.64451,1.50699,1.539078,1.529528,1.56047,1.64069,1.638016,1.716326,1.557796,1.492856,1.561998,1.477958,1.476812,1.48025,1.52036
31049,1.375964,1.429444,1.628084,1.593322,1.561998,1.561616,1.58148,1.6235,1.568492,1.52991,1.64451,1.50699,1.539078,1.529528,1.56047,1.64069,1.638016,1.716326,1.557796,1.492856,1.561998,1.477958,1.476812,1.48025,1.52036
31051,1.375964,1.429444,1.628084,1.593322,1.561998,1.561616,1.58148,1.6235,1.568492,1.52991,1.64451,1.50699,1.539078,1.529528,1.56047,1.64069,1.638016,1.716326,1.557796,1.492856,1.561998,1.477958,1.476812,1.48025,1.52036
31053,1.375964,1.429444,1.628084,1.593322,1.561998,1.561616,1.58148,1.6235,1.568492,1.52991,1.64451,1.50699,1.539078,1.529528,1.56047,1.64069,1.638016,1.716326,1.557796,1.492856,1.561998,1.477958,1.476812,1.48025,1.52036
31055,1.375964,1.429444,1.628084,1.593322,1.561998,1.561616,1.58148,1.6235,1.568492,1.52991,1.64451,1.50699,1.539078,1.529528,1.56047,1.64069,1.638016,1.716326,1.557796,1.492856,1.561998,1.477958,1.476812,1.48025,1.52036
31057,1.375964,1.429444,1.628084,1.593322,1.561998,1.561616,1.58148,1.6235,1.568492,1.52991,1.64451,1.50699,1.539078,1.529528,1.56047,1.64069,1.638016,1.716326,1.557796,1.492856,1.561998,1.477958,1.476812,1.48025,1.52036
31059,1.375964,1.429444,1.628084,1.593322,1.561998,1.561616,1.58148,1.6235,1.568492,1.52991,1.64451,1.50699,1.539078,1.529528,1.56047,1.64069,1.638016,1.716326,1.557796,1.492856,1.561998,1.477958,1.476812,1.48025,1.52036
31061,1.375964,1.429444,1.628084,1.593322,1.561998,1.561616,1.58148,1.6235,1.568492,1.52991,1.64451,1.50699,1.539078,1.529528,1.56047,1.64069,1.638016,1.716326,1.557796,1.492856,1.561998,1.477958,1.476812,1.48025,1.52036
31063,1.375964,1.429444,1.628084,1.593322,1.561998,1.561616,1.58148,1.6235,1.568492,1.52991,1.64451,1.50699,1.539078,1.529528,1.56047,1.64069,1.638016,1.716326,1.557796,1.492856,1.561998,1.477958,1.476812,1.48025,1.52036
31065,1.375964,1.429444,1.628084,1.593322,1.561998,1.561616,1.58148,1.6235,1.568492,1.52991,1.64451,1.50699,1.539078,1.529528,1.56047,1.64069,1.638016,1.716326,1.557796,1.492856,1.561998,1.477958,1.476812,1.48025,1.52036
31067,1.375964,1.429444,1.628084,1.593322,1.561998,1.561616,1.58148,1.6235,1.568492,1.52991,1.64451,1.50699,1.539078,1.529528,1.56047,1.64069,1.638016,1.716326,1.557796,1.492856,1.561998,1.477958,1.476812,1.48025,1.52036
31069,1.375964,1.429444,1.628084,1.593322,1.561998,1.561616,1.58148,1.6235,1.568492,1.52991,1.64451,1.50699,1.539078,1.529528,1.56047,1.64069,1.638016,1.716326,1.557796,1.492856,1.561998,1.477958,1.476812,1.48025,1.52036
31071,1.375964,1.429444,1.628084,1.593322,1.561998,1.561616,1.58148,1.6235,1.568492,1.52991,1.64451,1.50699,1.539078,1.529528,1.56047,1.64069,1.638016,1.716326,1.557796,1.492856,1.561998,1.477958,1.476812,1.48025,1.52036
31073,1.375964,1.429444,1.628084,1.593322,1.561998,1.561616,1.58148,1.6235,1.568492,1.52991,1.64451,1.50699,1.539078,1.529528,1.56047,1.64069,1.638016,1.716326,1.557796,1.492856,1.561998,1.477958,1.476812,1.48025,1.52036
31075,1.375964,1.429444,1.628084,1.593322,1.561998,1.561616,1.58148,1.6235,1.568492,1.52991,1.64451,1.50699,1.539078,1.529528,1.56047,1.64069,1.638016,1.716326,1.557796,1.492856,1.561998,1.477958,1.476812,1.48025,1.52036
31077,1.375964,1.429444,1.628084,1.593322,1.561998,1.561616,1.58148,1.6235,1.568492,1.52991,1.64451,1.50699,1.539078,1.529528,1.56047,1.64069,1.638016,1.716326,1.557796,1.492856,1.561998,1.477958,1.476812,1.48025,1.52036
31079,1.375964,1.429444,1.628084,1.593322,1.561998,1.561616,1.58148,1.6235,1.568492,1.52991,1.64451,1.50699,1.539078,1.529528,1.56047,1.64069,1.638016,1.716326,1.557796,1.492856,1.561998,1.477958,1.476812,1.48025,1.52036
31081,1.375964,1.429444,1.628084,1.593322,1.561998,1.561616,1.58148,1.6235,1.568492,1.52991,1.64451,1.50699,1.539078,1.529528,1.56047,1.64069,1.638016,1.716326,1.557796,1.492856,1.561998,1.477958,1.476812,1.48025,1.52036
31083,1.375964,1.429444,1.628084,1.593322,1.561998,1.561616,1.58148,1.6235,1.568492,1.52991,1.64451,1.50699,1.539078,1.529528,1.56047,1.64069,1.638016,1.716326,1.557796,1.492856,1.561998,1.477958,1.476812,1.48025,1.52036
31085,1.375964,1.429444,1.628084,1.593322,1.561998,1.561616,1.58148,1.6235,1.568492,1.52991,1.64451,1.50699,1.539078,1.529528,1.56047,1.64069,1.638016,1.716326,1.557796,1.492856,1.561998,1.477958,1.476812,1.48025,1.52036
31087,1.375964,1.429444,1.628084,1.593322,1.561998,1.561616,1.58148,1.6235,1.568492,1.52991,1.64451,1.50699,1.539078,1.529528,1.56047,1.64069,1.638016,1.716326,1.557796,1.492856,1.561998,1.477958,1.476812,1.48025,1.52036
31089,1.375964,1.429444,1.628084,1.593322,1.561998,1.561616,1.58148,1.6235,1.568492,1.52991,1.64451,1.50699,1.539078,1.529528,1.56047,1.64069,1.638016,1.716326,1.557796,1.492856,1.561998,1.477958,1.476812,1.48025,1.52036
31091,1.375964,1.429444,1.628084,1.593322,1.561998,1.561616,1.58148,1.6235,1.568492,1.52991,1.64451,1.50699,1.539078,1.529528,1.56047,1.64069,1.638016,1.716326,1.557796,1.492856,1.561998,1.477958,1.476812,1.48025,1.52036
31093,1.375964,1.429444,1.628084,1.593322,1.561998,1.561616,1.58148,1.6235,1.568492,1.52991,1.64451,1.50699,1.539078,1.529528,1.56047,1.64069,1.638016,1.716326,1.557796,1.492856,1.561998,1.477958,1.476812,1.48025,1.52036
31095,1.375964,1.429444,1.628084,1.593322,1.561998,1.561616,1.58148,1.6235,1.568492,1.52991,1.64451,1.50699,1.539078,1.529528,1.56047,1.64069,1.638016,1.716326,1.557796,1.492856,1.561998,1.477958,1.476812,1.48025,1.52036
31097,1.375964,1.429444,1.628084,1.593322,1.561998,1.561616,1.58148,1.6235,1.568492,1.52991,1.64451,1.50699,1.539078,1.529528,1.56047,1.64069,1.638016,1.716326,1.557796,1.492856,1.561998,1.477958,1.476812,1.48025,1.52036
31099,1.375964,1.429444,1.628084,1.593322,1.561998,1.561616,1.58148,1.6235,1.568492,1.52991,1.64451,1.50699,1.539078,1.529528,1.56047,1.64069,1.638016,1.716326,1.557796,1.492856,1.561998,1.477958,1.476812,1.48025,1.52036
31101,1.375964,1.429444,1.628084,1.593322,1.561998,1.561616,1.58148,1.6235,1.568492,1.52991,1.64451,1.50699,1.539078,1.529528,1.56047,1.64069,1.638016,1.716326,1.557796,1.492856,1.561998,1.477958,1.476812,1.48025,1.52036
31103,1.375964,1.429444,1.628084,1.593322,1.561998,1.561616,1.58148,1.6235,1.568492,1.52991,1.64451,1.50699,1.539078,1.529528,1.56047,1.64069,1.638016,1.716326,1.557796,1.492856,1.561998,1.477958,1.476812,1.48025,1.52036
31105,1.375964,1.429444,1.628084,1.593322,1.561998,1.561616,1.58148,1.6235,1.568492,1.52991,1.64451,1.50699,1.539078,1.529528,1.56047,1.64069,1.638016,1.716326,1.557796,1.492856,1.561998,1.477958,1.476812,1.48025,1.52036
31107,1.375964,1.429444,1.628084,1.593322,1.561998,1.561616,1.58148,1.6235,1.568492,1.52991,1.64451,1.50699,1.539078,1.529528,1.56047,1.64069,1.638016,1.716326,1.557796,1.492856,1.561998,1.477958,1.476812,1.48025,1.52036
31109,1.375964,1.429444,1.628084,1.593322,1.561998,1.561616,1.58148,1.6235,1.568492,1.52991,1.64451,1.50699,1.539078,1.529528,1.56047,1.64069,1.638016,1.716326,1.557796,1.492856,1.561998,1.477958,1.476812,1.48025,1.52036
31111,1.375964,1.429444,1.628084,1.593322,1.561998,1.561616,1.58148,1.6235,1.568492,1.52991,1.64451,1.50699,1.539078,1.529528,1.56047,1.64069,1.638016,1.716326,1.557796,1.492856,1.561998,1.477958,1.476812,1.48025,1.52036
31113,1.375964,1.429444,1.628084,1.593322,1.561998,1.561616,1.58148,1.6235,1.568492,1.52991,1.64451,1.50699,1.539078,1.529528,1.56047,1.64069,1.638016,1.716326,1.557796,1.492856,1.561998,1.477958,1.476812,1.48025,1.52036
31115,1.375964,1.429444,1.628084,1.593322,1.561998,1.561616,1.58148,1.6235,1.568492,1.52991,1.64451,1.50699,1.539078,1.529528,1.56047,1.64069,1.638016,1.716326,1.557796,1.492856,1.561998,1.477958,1.476812,1.48025,1.52036
31117,1.375964,1.429444,1.628084,1.593322,1.561998,1.561616,1.58148,1.6235,1.568492,1.52991,1.64451,1.50699,1.539078,1.529528,1.56047,1.64069,1.638016,1.716326,1.557796,1.492856,1.561998,1.477958,1.476812,1.48025,1.52036
31119,1.375964,1.429444,1.628084,1.593322,1.561998,1.561616,1.58148,1.6235,1.568492,1.52991,1.64451,1.50699,1.539078,1.529528,1.56047,1.64069,1.638016,1.716326,1.557796,1.492856,1.561998,1.477958,1.476812,1.48025,1.52036
31121,1.375964,1.429444,1.628084,1.593322,1.561998,1.561616,1.58148,1.6235,1.568492,1.52991,1.64451,1.50699,1.539078,1.529528,1.56047,1.64069,1.638016,1.716326,1.557796,1.492856,1.561998,1.477958,1.476812,1.48025,1.52036
31123,1.375964,1.429444,1.628084,1.593322,1.561998,1.561616,1.58148,1.6235,1.568492,1.52991,1.64451,1.50699,1.539078,1.529528,1.56047,1.64069,1.638016,1.716326,1.557796,1.492856,1.561998,1.477958,1.476812,1.48025,1.52036
31125,1.375964,1.429444,1.628084,1.593322,1.561998,1.561616,1.58148,1.6235,1.568492,1.52991,1.64451,1.50699,1.539078,1.529528,1.56047,1.64069,1.638016,1.716326,1.557796,1.492856,1.561998,1.477958,1.476812,1.48025,1.52036
31127,1.375964,1.429444,1.628084,1.593322,1.561998,1.561616,1.58148,1.6235,1.568492,1.52991,1.64451,1.50699,1.539078,1.529528,1.56047,1.64069,1.638016,1.716326,1.557796,1.492856,1.561998,1.477958,1.476812,1.48025,1.52036
31129,1.375964,1.429444,1.628084,1.593322,1.561998,1.561616,1.58148,1.6235,1.568492,1.52991,1.64451,1.50699,1.539078,1.529528,1.56047,1.64069,1.638016,1.716326,1.557796,1.492856,1.561998,1.477958,1.476812,1.48025,1.52036
31131,1.375964,1.429444,1.628084,1.593322,1.561998,1.561616,1.58148,1.6235,1.568492,1.52991,1.64451,1.50699,1.539078,1.529528,1.56047,1.64069,1.638016,1.716326,1.557796,1.492856,1.561998,1.477958,1.476812,1.48025,1.52036
31133,1.375964,1.429444,1.628084,1.593322,1.561998,1.561616,1.58148,1.6235,1.568492,1.52991,1.64451,1.50699,1.539078,1.529528,1.56047,1.64069,1.638016,1.716326,1.557796,1.492856,1.561998,1.477958,1.476812,1.48025,1.52036
31135,1.375964,1.429444,1.628084,1.593322,1.561998,1.561616,1.58148,1.6235,1.568492,1.52991,1.64451,1.50699,1.539078,1.529528,1.56047,1.64069,1.638016,1.716326,1.557796,1.492856,1.561998,1.477958,1.476812,1.48025,1.52036
31137,1.375964,1.429444,1.628084,1.593322,1.561998,1.561616,1.58148,1.6235,1.568492,1.52991,1.64451,1.50699,1.539078,1.529528,1.56047,1.64069,1.638016,1.716326,1.557796,1.492856,1.561998,1.477958,1.476812,1.48025,1.52036
31139,1.375964,1.429444,1.628084,1.593322,1.561998,1.561616,1.58148,1.6235,1.568492,1.52991,1.64451,1.50699,1.539078,1.529528,1.56047,1.64069,1.638016,1.716326,1.557796,1.492856,1.561998,1.477958,1.476812,1.48025,1.52036
31141,1.375964,1.429444,1.628084,1.593322,1.561998,1.561616,1.58148,1.6235,1.568492,1.52991,1.64451,1.50699,1.539078,1.529528,1.56047,1.64069,1.638016,1.716326,1.557796,1.492856,1.561998,1.477958,1.476812,1.48025,1.52036
31143,1.375964,1.429444,1.628084,1.593322,1.561998,1.561616,1.58148,1.6235,1.568492,1.52991,1.64451,1.50699,1.539078,1.529528,1.56047,1.64069,1.638016,1.716326,1.557796,1.492856,1.561998,1.477958,1.476812,1.48025,1.52036
31145,1.375964,1.429444,1.628084,1.593322,1.561998,1.561616,1.58148,1.6235,1.568492,1.52991,1.64451,1.50699,1.539078,1.529528,1.56047,1.64069,1.638016,1.716326,1.557796,1.492856,1.561998,1.477958,1.476812,1.48025,1.52036
31147,1.375964,1.429444,1.628084,1.593322,1.561998,1.561616,1.58148,1.6235,1.568492,1.52991,1.64451,1.50699,1.539078,1.529528,1.56047,1.64069,1.638016,1.716326,1.557796,1.492856,1.561998,1.477958,1.476812,1.48025,1.52036
31149,1.375964,1.429444,1.628084,1.593322,1.561998,1.561616,1.58148,1.6235,1.568492,1.52991,1.64451,1.50699,1.539078,1.529528,1.56047,1.64069,1.638016,1.716326,1.557796,1.492856,1.561998,1.477958,1.476812,1.48025,1.52036
31151,1.375964,1.429444,1.628084,1.593322,1.561998,1.561616,1.58148,1.6235,1.568492,1.52991,1.64451,1.50699,1.539078,1.529528,1.56047,1.64069,1.638016,1.716326,1.557796,1.492856,1.561998,1.477958,1.476812,1.48025,1.52036
31153,1.375964,1.429444,1.628084,1.593322,1.561998,1.561616,1.58148,1.6235,1.568492,1.52991,1.64451,1.50699,1.539078,1.529528,1.56047,1.64069,1.638016,1.716326,1.557796,1.492856,1.561998,1.477958,1.476812,1.48025,1.52036
31155,1.375964,1.429444,1.628084,1.593322,1.561998,1.561616,1.58148,1.6235,1.568492,1.52991,1.64451,1.50699,1.539078,1.529528,1.56047,1.64069,1.638016,1.716326,1.557796,1.492856,1.561998,1.477958,1.476812,1.48025,1.52036
31157,1.375964,1.429444,1.628084,1.593322,1.561998,1.561616,1.58148,1.6235,1.568492,1.52991,1.64451,1.50699,1.539078,1.529528,1.56047,1.64069,1.638016,1.716326,1.557796,1.492856,1.561998,1.477958,1.476812,1.48025,1.52036
31159,1.375964,1.429444,1.628084,1.593322,1.561998,1.561616,1.58148,1.6235,1.568492,1.52991,1.64451,1.50699,1.539078,1.529528,1.56047,1.64069,1.638016,1.716326,1.557796,1.492856,1.561998,1.477958,1.476812,1.48025,1.52036
31161,1.375964,1.429444,1.628084,1.593322,1.561998,1.561616,1.58148,1.6235,1.568492,1.52991,1.64451,1.50699,1.539078,1.529528,1.56047,1.64069,1.638016,1.716326,1.557796,1.492856,1.561998,1.477958,1.476812,1.48025,1.52036
31163,1.375964,1.429444,1.628084,1.593322,1.561998,1.561616,1.58148,1.6235,1.568492,1.52991,1.64451,1.50699,1.539078,1.529528,1.56047,1.64069,1.638016,1.716326,1.557796,1.492856,1.561998,1.477958,1.476812,1.48025,1.52036
31165,1.375964,1.429444,1.628084,1.593322,1.561998,1.561616,1.58148,1.6235,1.568492,1.52991,1.64451,1.50699,1.539078,1.529528,1.56047,1.64069,1.638016,1.716326,1.557796,1.492856,1.561998,1.477958,1.476812,1.48025,1.52036
31167,1.375964,1.429444,1.628084,1.593322,1.561998,1.561616,1.58148,1.6235,1.568492,1.52991,1.64451,1.50699,1.539078,1.529528,1.56047,1.64069,1.638016,1.716326,1.557796,1.492856,1.561998,1.477958,1.476812,1.48025,1.52036
31169,1.375964,1.429444,1.628084,1.593322,1.561998,1.561616,1.58148,1.6235,1.568492,1.52991,1.64451,1.50699,1.539078,1.529528,1.56047,1.64069,1.638016,1.716326,1.557796,1.492856,1.561998,1.477958,1.476812,1.48025,1.52036
31171,1.375964,1.429444,1.628084,1.593322,1.561998,1.561616,1.58148,1.6235,1.568492,1.52991,1.64451,1.50699,1.539078,1.529528,1.56047,1.64069,1.638016,1.716326,1.557796,1.492856,1.561998,1.477958,1.476812,1.48025,1.52036
31173,1.375964,1.429444,1.628084,1.593322,1.561998,1.561616,1.58148,1.6235,1.568492,1.52991,1.64451,1.50699,1.539078,1.529528,1.56047,1.64069,1.638016,1.716326,1.557796,1.492856,1.561998,1.477958,1.476812,1.48025,1.52036
31175,1.375964,1.429444,1.628084,1.593322,1.561998,1.561616,1.58148,1.6235,1.568492,1.52991,1.64451,1.50699,1.539078,1.529528,1.56047,1.64069,1.638016,1.716326,1.557796,1.492856,1.561998,1.477958,1.476812,1.48025,1.52036
31177,1.375964,1.429444,1.628084,1.593322,1.561998,1.561616,1.58148,1.6235,1.568492,1.52991,1.64451,1.50699,1.539078,1.529528,1.56047,1.64069,1.638016,1.716326,1.557796,1.492856,1.561998,1.477958,1.476812,1.48025,1.52036
31179,1.375964,1.429444,1.628084,1.593322,1.561998,1.561616,1.58148,1.6235,1.568492,1.52991,1.64451,1.50699,1.539078,1.529528,1.56047,1.64069,1.638016,1.716326,1.557796,1.492856,1.561998,1.477958,1.476812,1.48025,1.52036
31181,1.375964,1.429444,1.628084,1.593322,1.561998,1.561616,1.58148,1.6235,1.568492,1.52991,1.64451,1.50699,1.539078,1.529528,1.56047,1.64069,1.638016,1.716326,1.557796,1.492856,1.561998,1.477958,1.476812,1.48025,1.52036
31183,1.375964,1.429444,1.628084,1.593322,1.561998,1.561616,1.58148,1.6235,1.568492,1.52991,1.64451,1.50699,1.539078,1.529528,1.56047,1.64069,1.638016,1.716326,1.557796,1.492856,1.561998,1.477958,1.476812,1.48025,1.52036
31185,1.375964,1.429444,1.628084,1.593322,1.561998,1.561616,1.58148,1.6235,1.568492,1.52991,1.64451,1.50699,1.539078,1.529528,1.56047,1.64069,1.638016,1.716326,1.557796,1.492856,1.561998,1.477958,1.476812,1.48025,1.52036
32001,1.375964,1.429444,1.628084,1.593322,1.561998,1.561616,1.58148,1.6235,1.568492,1.52991,1.64451,1.50699,1.539078,1.529528,1.56047,1.64069,1.638016,1.716326,1.557796,1.492856,1.561998,1.477958,1.476812,1.48025,1.52036
32003,1.375964,1.429444,1.628084,1.593322,1.561998,1.561616,1.58148,1.6235,1.568492,1.52991,1.64451,1.50699,1.539078,1.529528,1.56047,1.64069,1.638016,1.716326,1.557796,1.492856,1.561998,1.477958,1.476812,1.48025,1.52036
32005,1.375964,1.429444,1.628084,1.593322,1.561998,1.561616,1.58148,1.6235,1.568492,1.52991,1.64451,1.50699,1.539078,1.529528,1.56047,1.64069,1.638016,1.716326,1.557796,1.492856,1.561998,1.477958,1.476812,1.48025,1.52036
32007,1.375964,1.429444,1.628084,1.593322,1.561998,1.561616,1.58148,1.6235,1.568492,1.52991,1.64451,1.50699,1.539078,1.529528,1.56047,1.64069,1.638016,1.716326,1.557796,1.492856,1.561998,1.477958,1.476812,1.48025,1.52036
32009,1.375964,1.429444,1.628084,1.593322,1.561998,1.561616,1.58148,1.6235,1.568492,1.52991,1.64451,1.50699,1.539078,1.529528,1.56047,1.64069,1.638016,1.716326,1.557796,1.492856,1.561998,1.477958,1.476812,1.48025,1.52036
32011,1.375964,1.429444,1.628084,1.593322,1.561998,1.561616,1.58148,1.6235,1.568492,1.52991,1.64451,1.50699,1.539078,1.529528,1.56047,1.64069,1.638016,1.716326,1.557796,1.492856,1.561998,1.477958,1.476812,1.48025,1.52036
32013,1.375964,1.429444,1.628084,1.593322,1.561998,1.561616,1.58148,1.6235,1.568492,1.52991,1.64451,1.50699,1.539078,1.529528,1.56047,1.64069,1.638016,1.716326,1.557796,1.492856,1.561998,1.477958,1.476812,1.48025,1.52036
32015,1.375964,1.429444,1.628084,1.593322,1.561998,1.561616,1.58148,1.6235,1.568492,1.52991,1.64451,1.50699,1.539078,1.529528,1.56047,1.64069,1.638016,1.716326,1.557796,1.492856,1.561998,1.477958,1.476812,1.48025,1.52036
32017,1.375964,1.429444,1.628084,1.593322,1.561998,1.561616,1.58148,1.6235,1.568492,1.52991,1.64451,1.50699,1.539078,1.529528,1.56047,1.64069,1.638016,1.716326,1.557796,1.492856,1.561998,1.477958,1.476812,1.48025,1.52036
32019,1.375964,1.429444,1.628084,1.593322,1.561998,1.561616,1.58148,1.6235,1.568492,1.52991,1.64451,1.50699,1.539078,1.529528,1.56047,1.64069,1.638016,1.716326,1.557796,1.492856,1.561998,1.477958,1.476812,1.48025,1.52036
32021,1.375964,1.429444,1.628084,1.593322,1.561998,1.561616,1.58148,1.6235,1.568492,1.52991,1.64451,1.50699,1.539078,1.529528,1.56047,1.64069,1.638016,1.716326,1.557796,1.492856,1.561998,1.477958,1.476812,1.48025,1.52036
32023,1.375964,1.429444,1.628084,1.593322,1.561998,1.561616,1.58148,1.6235,1.568492,1.52991,1.64451,1.50699,1.539078,1.529528,1.56047,1.64069,1.638016,1.716326,1.557796,1.492856,1.561998,1.477958,1.476812,1.48025,1.52036
32027,1.375964,1.429444,1.628084,1.593322,1.561998,1.561616,1.58148,1.6235,1.568492,1.52991,1.64451,1.50699,1.539078,1.529528,1.56047,1.64069,1.638016,1.716326,1.557796,1.492856,1.561998,1.477958,1.476812,1.48025,1.52036
32029,1.375964,1.429444,1.628084,1.593322,1.561998,1.561616,1.58148,1.6235,1.568492,1.52991,1.64451,1.50699,1.539078,1.529528,1.56047,1.64069,1.638016,1.716326,1.557796,1.492856,1.561998,1.477958,1.476812,1.48025,1.52036
32031,1.375964,1.429444,1.628084,1.593322,1.561998,1.561616,1.58148,1.6235,1.568492,1.52991,1.64451,1.50699,1.539078,1.529528,1.56047,1.64069,1.638016,1.716326,1.557796,1.492856,1.561998,1.477958,1.476812,1.48025,1.52036
32033,1.375964,1.429444,1.628084,1.593322,1.561998,1.561616,1.58148,1.6235,1.568492,1.52991,1.64451,1.50699,1.539078,1.529528,1.56047,1.64069,1.638016,1.716326,1.557796,1.492856,1.561998,1.477958,1.476812,1.48025,1.52036
32510,1.375964,1.429444,1.628084,1.593322,1.561998,1.561616,1.58148,1.6235,1.568492,1.52991,1.64451,1.50699,1.539078,1.529528,1.56047,1.64069,1.638016,1.716326,1.557796,1.492856,1.561998,1.477958,1.476812,1.48025,1.52036
33001,1.375964,1.429444,1.628084,1.593322,1.561998,1.561616,1.58148,1.6235,1.568492,1.52991,1.64451,1.50699,1.539078,1.529528,1.56047,1.64069,1.638016,1.716326,1.557796,1.492856,1.561998,1.477958,1.476812,1.48025,1.52036
33003,1.375964,1.429444,1.628084,1.593322,1.561998,1.561616,1.58148,1.6235,1.568492,1.52991,1.64451,1.50699,1.539078,1.529528,1.56047,1.64069,1.638016,1.716326,1.557796,1.492856,1.561998,1.477958,1.476812,1.48025,1.52036
33005,1.375964,1.429444,1.628084,1.593322,1.561998,1.561616,1.58148,1.6235,1.568492,1.52991,1.64451,1.50699,1.539078,1.529528,1.56047,1.64069,1.638016,1.716326,1.557796,1.492856,1.561998,1.477958,1.476812,1.48025,1.52036
33007,1.375964,1.429444,1.628084,1.593322,1.561998,1.561616,1.58148,1.6235,1.568492,1.52991,1.64451,1.50699,1.539078,1.529528,1.56047,1.64069,1.638016,1.716326,1.557796,1.492856,1.561998,1.477958,1.476812,1.48025,1.52036
33009,1.375964,1.429444,1.628084,1.593322,1.561998,1.561616,1.58148,1.6235,1.568492,1.52991,1.64451,1.50699,1.539078,1.529528,1.56047,1.64069,1.638016,1.716326,1.557796,1.492856,1.561998,1.477958,1.476812,1.48025,1.52036
33011,1.375964,1.429444,1.628084,1.593322,1.561998,1.561616,1.58148,1.6235,1.568492,1.52991,1.64451,1.50699,1.539078,1.529528,1.56047,1.64069,1.638016,1.716326,1.557796,1.492856,1.561998,1.477958,1.476812,1.48025,1.52036
33013,1.375964,1.429444,1.628084,1.593322,1.561998,1.561616,1.58148,1.6235,1.568492,1.52991,1.64451,1.50699,1.539078,1.529528,1.56047,1.64069,1.638016,1.716326,1.557796,1.492856,1.561998,1.477958,1.476812,1.48025,1.52036
33015,1.375964,1.429444,1.628084,1.593322,1.561998,1.561616,1.58148,1.6235,1.568492,1.52991,1.64451,1.50699,1.539078,1.529528,1.56047,1.64069,1.638016,1.716326,1.557796,1.492856,1.561998,1.477958,1.476812,1.48025,1.52036
33017,1.375964,1.429444,1.628084,1.593322,1.561998,1.561616,1.58148,1.6235,1.568492,1.52991,1.64451,1.50699,1.539078,1.529528,1.56047,1.64069,1.638016,1.716326,1.557796,1.492856,1.561998,1.477958,1.476812,1.48025,1.52036
33019,1.375964,1.429444,1.628084,1.593322,1.561998,1.561616,1.58148,1.6235,1.568492,1.52991,1.64451,1.50699,1.539078,1.529528,1.56047,1.64069,1.638016,1.716326,1.557796,1.492856,1.561998,1.477958,1.476812,1.48025,1.52036
34001,1.375964,1.429444,1.628084,1.593322,1.561998,1.561616,1.58148,1.6235,1.568492,1.52991,1.64451,1.50699,1.539078,1.529528,1.56047,1.64069,1.638016,1.716326,1.557796,1.492856,1.561998,1.477958,1.476812,1.48025,1.52036
34003,1.375964,1.429444,1.628084,1.593322,1.561998,1.561616,1.58148,1.6235,1.568492,1.52991,1.64451,1.50699,1.539078,1.529528,1.56047,1.64069,1.638016,1.716326,1.557796,1.492856,1.561998,1.477958,1.476812,1.48025,1.52036
34005,1.375964,1.429444,1.628084,1.593322,1.561998,1.561616,1.58148,1.6235,1.568492,1.52991,1.64451,1.50699,1.539078,1.529528,1.56047,1.64069,1.638016,1.716326,1.557796,1.492856,1.561998,1.477958,1.476812,1.48025,1.52036
34007,1.375964,1.429444,1.628084,1.593322,1.561998,1.561616,1.58148,1.6235,1.568492,1.52991,1.64451,1.50699,1.539078,1.529528,1.56047,1.64069,1.638016,1.716326,1.557796,1.492856,1.561998,1.477958,1.476812,1.48025,1.52036
34009,1.375964,1.429444,1.628084,1.593322,1.561998,1.561616,1.58148,1.6235,1.568492,1.52991,1.64451,1.50699,1.539078,1.529528,1.56047,1.64069,1.638016,1.716326,1.557796,1.492856,1.561998,1.477958,1.476812,1.48025,1.52036
34011,1.375964,1.429444,1.628084,1.593322,1.561998,1.561616,1.58148,1.6235,1.568492,1.52991,1.64451,1.50699,1.539078,1.529528,1.56047,1.64069,1.638016,1.716326,1.557796,1.492856,1.561998,1.477958,1.476812,1.48025,1.52036
34013,1.375964,1.429444,1.628084,1.593322,1.561998,1.561616,1.58148,1.6235,1.568492,1.52991,1.64451,1.50699,1.539078,1.529528,1.56047,1.64069,1.638016,1.716326,1.557796,1.492856,1.561998,1.477958,1.476812,1.48025,1.52036
34015,1.375964,1.429444,1.628084,1.593322,1.561998,1.561616,1.58148,1.6235,1.568492,1.52991,1.64451,1.50699,1.539078,1.529528,1.56047,1.64069,1.638016,1.716326,1.557796,1.492856,1.561998,1.477958,1.476812,1.48025,1.52036
34017,1.375964,1.429444,1.628084,1.593322,1.561998,1.561616,1.58148,1.6235,1.568492,1.52991,1.64451,1.50699,1.539078,1.529528,1.56047,1.64069,1.638016,1.716326,1.557796,1.492856,1.561998,1.477958,1.476812,1.48025,1.52036
34019,1.375964,1.429444,1.628084,1.593322,1.561998,1.561616,1.58148,1.6235,1.568492,1.52991,1.64451,1.50699,1.539078,1.529528,1.56047,1.64069,1.638016,1.716326,1.557796,1.492856,1.561998,1.477958,1.476812,1.48025,1.52036
34021,1.375964,1.429444,1.628084,1.593322,1.561998,1.561616,1.58148,1.6235,1.568492,1.52991,1.64451,1.50699,1.539078,1.529528,1.56047,1.64069,1.638016,1.716326,1.557796,1.492856,1.561998,1.477958,1.476812,1.48025,1.52036
34023,1.375964,1.429444,1.628084,1.593322,1.561998,1.561616,1.58148,1.6235,1.568492,1.52991,1.64451,1.50699,1.539078,1.529528,1.56047,1.64069,1.638016,1.716326,1.557796,1.492856,1.561998,1.477958,1.476812,1.48025,1.52036
34025,1.375964,1.429444,1.628084,1.593322,1.561998,1.561616,1.58148,1.6235,1.568492,1.52991,1.64451,1.50699,1.539078,1.529528,1.56047,1.64069,1.638016,1.716326,1.557796,1.492856,1.561998,1.477958,1.476812,1.48025,1.52036
34027,1.375964,1.429444,1.628084,1.593322,1.561998,1.561616,1.58148,1.6235,1.568492,1.52991,1.64451,1.50699,1.539078,1.529528,1.56047,1.64069,1.638016,1.716326,1.557796,1.492856,1.561998,1.477958,1.476812,1.48025,1.52036
34029,1.375964,1.429444,1.628084,1.593322,1.561998,1.561616,1.58148,1.6235,1.568492,1.52991,1.64451,1.50699,1.539078,1.529528,1.56047,1.64069,1.638016,1.716326,1.557796,1.492856,1.561998,1.477958,1.476812,1.48025,1.52036
34031,1.375964,1.429444,1.628084,1.593322,1.561998,1.561616,1.58148,1.6235,1.568492,1.52991,1.64451,1.50699,1.539078,1.529528,1.56047,1.64069,1.638016,1.716326,1.557796,1.492856,1.561998,1.477958,1.476812,1.48025,1.52036
34033,1.375964,1.429444,1.628084,1.593322,1.561998,1.561616,1.58148,1.6235,1.568492,1.52991,1.64451,1.50699,1.539078,1.529528,1.56047,1.64069,1.638016,1.716326,1.557796,1.492856,1.561998,1.477958,1.476812,1.48025,1.52036
34035,1.375964,1.429444,1.628084,1.593322,1.561998,1.561616,1.58148,1.6235,1.568492,1.52991,1.64451,1.50699,1.539078,1.529528,1.56047,1.64069,1.638016,1.716326,1.557796,1.492856,1.561998,1.477958,1.476812,1.48025,1.52036
34037,1.375964,1.429444,1.628084,1.593322,1.561998,1.561616,1.58148,1.6235,1.568492,1.52991,1.64451,1.50699,1.539078,1.529528,1.56047,1.64069,1.638016,1.716326,1.557796,1.492856,1.561998,1.477958,1.476812,1.48025,1.52036
34039,1.375964,1.429444,1.628084,1.593322,1.561998,1.561616,1.58148,1.6235,1.568492,1.52991,1.64451,1.50699,1.539078,1.529528,1.56047,1.64069,1.638016,1.716326,1.557796,1.492856,1.561998,1.477958,1.476812,1.48025,1.52036
34041,1.375964,1.429444,1.628084,1.593322,1.561998,1.561616,1.58148,1.6235,1.568492,1.52991,1.64451,1.50699,1.539078,1.529528,1.56047,1.64069,1.638016,1.716326,1.557796,1.492856,1.561998,1.477958,1.476812,1.48025,1.52036
35001,1.375964,1.429444,1.628084,1.593322,1.561998,1.561616,1.58148,1.6235,1.568492,1.52991,1.64451,1.50699,1.539078,1.529528,1.56047,1.64069,1.638016,1.716326,1.557796,1.492856,1.561998,1.477958,1.476812,1.48025,1.52036
35003,1.375964,1.429444,1.628084,1.593322,1.561998,1.561616,1.58148,1.6235,1.568492,1.52991,1.64451,1.50699,1.539078,1.529528,1.56047,1.64069,1.638016,1.716326,1.557796,1.492856,1.561998,1.477958,1.476812,1.48025,1.52036
35005,1.375964,1.429444,1.628084,1.593322,1.561998,1.561616,1.58148,1.6235,1.568492,1.52991,1.64451,1.50699,1.539078,1.529528,1.56047,1.64069,1.638016,1.716326,1.557796,1.492856,1.561998,1.477958,1.476812,1.48025,1.52036
35006,1.375964,1.429444,1.628084,1.593322,1.561998,1.561616,1.58148,1.6235,1.568492,1.52991,1.64451,1.50699,1.539078,1.529528,1.56047,1.64069,1.638016,1.716326,1.557796,1.492856,1.561998,1.477958,1.476812,1.48025,1.52036
35007,1.375964,1.429444,1.628084,1.593322,1.561998,1.561616,1.58148,1.6235,1.568492,1.52991,1.64451,1.50699,1.539078,1.529528,1.56047,1.64069,1.638016,1.716326,1.557796,1.492856,1.561998,1.477958,1.476812,1.48025,1.52036
35009,1.375964,1.429444,1.628084,1.593322,1.561998,1.561616,1.58148,1.6235,1.568492,1.52991,1.64451,1.50699,1.539078,1.529528,1.56047,1.64069,1.638016,1.716326,1.557796,1.492856,1.561998,1.477958,1.476812,1.48025,1.52036
35011,1.375964,1.429444,1.628084,1.593322,1.561998,1.561616,1.58148,1.6235,1.568492,1.52991,1.64451,1.50699,1.539078,1.529528,1.56047,1.64069,1.638016,1.716326,1.557796,1.492856,1.561998,1.477958,1.476812,1.48025,1.52036
35013,1.375964,1.429444,1.628084,1.593322,1.561998,1.561616,1.58148,1.6235,1.568492,1.52991,1.64451,1.50699,1.539078,1.529528,1.56047,1.64069,1.638016,1.716326,1.557796,1.492856,1.561998,1.477958,1.476812,1.48025,1.52036
35015,1.375964,1.429444,1.628084,1.593322,1.561998,1.561616,1.58148,1.6235,1.568492,1.52991,1.64451,1.50699,1.539078,1.529528,1.56047,1.64069,1.638016,1.716326,1.557796,1.492856,1.561998,1.477958,1.476812,1.48025,1.52036
35017,1.375964,1.429444,1.628084,1.593322,1.561998,1.561616,1.58148,1.6235,1.568492,1.52991,1.64451,1.50699,1.539078,1.529528,1.56047,1.64069,1.638016,1.716326,1.557796,1.492856,1.561998,1.477958,1.476812,1.48025,1.52036
35019,1.375964,1.429444,1.628084,1.593322,1.561998,1.561616,1.58148,1.6235,1.568492,1.52991,1.64451,1.50699,1.539078,1.529528,1.56047,1.64069,1.638016,1.716326,1.557796,1.492856,1.561998,1.477958,1.476812,1.48025,1.52036
35021,1.375964,1.429444,1.628084,1.593322,1.561998,1.561616,1.58148,1.6235,1.568492,1.52991,1.64451,1.50699,1.539078,1.529528,1.56047,1.64069,1.638016,1.716326,1.557796,1.492856,1.561998,1.477958,1.476812,1.48025,1.52036
35023,1.375964,1.429444,1.628084,1.593322,1.561998,1.561616,1.58148,1.6235,1.568492,1.52991,1.64451,1.50699,1.539078,1.529528,1.56047,1.64069,1.638016,1.716326,1.557796,1.492856,1.561998,1.477958,1.476812,1.48025,1.52036
35025,1.375964,1.429444,1.628084,1.593322,1.561998,1.561616,1.58148,1.6235,1.568492,1.52991,1.64451,1.50699,1.539078,1.529528,1.56047,1.64069,1.638016,1.716326,1.557796,1.492856,1.561998,1.477958,1.476812,1.48025,1.52036
35027,1.375964,1.429444,1.628084,1.593322,1.561998,1.561616,1.58148,1.6235,1.568492,1.52991,1.64451,1.50699,1.539078,1.529528,1.56047,1.64069,1.638016,1.716326,1.557796,1.492856,1.561998,1.477958,1.476812,1.48025,1.52036
35028,1.375964,1.429444,1.628084,1.593322,1.561998,1.561616,1.58148,1.6235,1.568492,1.52991,1.64451,1.50699,1.539078,1.529528,1.56047,1.64069,1.638016,1.716326,1.557796,1.492856,1.561998,1.477958,1.476812,1.48025,1.52036
35029,1.375964,1.429444,1.628084,1.593322,1.561998,1.561616,1.58148,1.6235,1.568492,1.52991,1.64451,1.50699,1.539078,1.529528,1.56047,1.64069,1.638016,1.716326,1.557796,1.492856,1.561998,1.477958,1.476812,1.48025,1.52036
35031,1.375964,1.429444,1.628084,1.593322,1.561998,1.561616,1.58148,1.6235,1.568492,1.52991,1.64451,1.50699,1.539078,1.529528,1.56047,1.64069,1.638016,1.716326,1.557796,1.492856,1.561998,1.477958,1.476812,1.48025,1.52036
35033,1.375964,1.429444,1.628084,1.593322,1.561998,1.561616,1.58148,1.6235,1.568492,1.52991,1.64451,1.50699,1.539078,1.529528,1.56047,1.64069,1.638016,1.716326,1.557796,1.492856,1.561998,1.477958,1.476812,1.48025,1.52036
35035,1.375964,1.429444,1.628084,1.593322,1.561998,1.561616,1.58148,1.6235,1.568492,1.52991,1.64451,1.50699,1.539078,1.529528,1.56047,1.64069,1.638016,1.716326,1.557796,1.492856,1.561998,1.477958,1.476812,1.48025,1.52036
35037,1.375964,1.429444,1.628084,1.593322,1.561998,1.561616,1.58148,1.6235,1.568492,1.52991,1.64451,1.50699,1.539078,1.529528,1.56047,1.64069,1.638016,1.716326,1.557796,1.492856,1.561998,1.477958,1.476812,1.48025,1.52036
35039,1.375964,1.429444,1.628084,1.593322,1.561998,1.561616,1.58148,1.6235,1.568492,1.52991,1.64451,1.50699,1.539078,1.529528,1.56047,1.64069,1.638016,1.716326,1.557796,1.492856,1.561998,1.477958,1.476812,1.48025,1.52036
35041,1.375964,1.429444,1.628084,1.593322,1.561998,1.561616,1.58148,1.6235,1.568492,1.52991,1.64451,1.50699,1.539078,1.529528,1.56047,1.64069,1.638016,1.716326,1.557796,1.492856,1.561998,1.477958,1.476812,1.48025,1.52036
35043,1.375964,1.429444,1.628084,1.593322,1.561998,1.561616,1.58148,1.6235,1.568492,1.52991,1.64451,1.50699,1.539078,1.529528,1.56047,1.64069,1.638016,1.716326,1.557796,1.492856,1.561998,1.477958,1.476812,1.48025,1.52036
35045,1.375964,1.429444,1.628084,1.593322,1.561998,1.561616,1.58148,1.6235,1.568492,1.52991,1.64451,1.50699,1.539078,1.529528,1.56047,1.64069,1.638016,1.716326,1.557796,1.492856,1.561998,1.477958,1.476812,1.48025,1.52036
35047,1.375964,1.429444,1.628084,1.593322,1.561998,1.561616,1.58148,1.6235,1.568492,1.52991,1.64451,1.50699,1.539078,1.529528,1.56047,1.64069,1.638016,1.716326,1.557796,1.492856,1.561998,1.477958,1.476812,1.48025,1.52036
35049,1.375964,1.429444,1.628084,1.593322,1.561998,1.561616,1.58148,1.6235,1.568492,1.52991,1.64451,1.50699,1.539078,1.529528,1.56047,1.64069,1.638016,1.716326,1.557796,1.492856,1.561998,1.477958,1.476812,1.48025,1.52036
35051,1.375964,1.429444,1.628084,1.593322,1.561998,1.561616,1.58148,1.6235,1.568492,1.52991,1.64451,1.50699,1.539078,1.529528,1.56047,1.64069,1.638016,1.716326,1.557796,1.492856,1.561998,1.477958,1.476812,1.48025,1.52036
35053,1.375964,1.429444,1.628084,1.593322,1.561998,1.561616,1.58148,1.6235,1.568492,1.52991,1.64451,1.50699,1.539078,1.529528,1.56047,1.64069,1.638016,1.716326,1.557796,1.492856,1.561998,1.477958,1.476812,1.48025,1.52036
35055,1.375964,1.429444,1.628084,1.593322,1.561998,1.561616,1.58148,1.6235,1.568492,1.52991,1.64451,1.50699,1.539078,1.529528,1.56047,1.64069,1.638016,1.716326,1.557796,1.492856,1.561998,1.477958,1.476812,1.48025,1.52036
35057,1.375964,1.429444,1.628084,1.593322,1.561998,1.561616,1.58148,1.6235,1.568492,1.52991,1.64451,1.50699,1.539078,1.529528,1.56047,1.64069,1.638016,1.716326,1.557796,1.492856,1.561998,1.477958,1.476812,1.48025,1.52036
35059,1.375964,1.429444,1.628084,1.593322,1.561998,1.561616,1.58148,1.6235,1.568492,1.52991,1.64451,1.50699,1.539078,1.529528,1.56047,1.64069,1.638016,1.716326,1.557796,1.492856,1.561998,1.477958,1.476812,1.48025,1.52036
35061,1.375964,1.429444,1.628084,1.593322,1.561998,1.561616,1.58148,1.6235,1.568492,1.52991,1.64451,1.50699,1.539078,1.529528,1.56047,1.64069,1.638016,1.716326,1.557796,1.492856,1.561998,1.477958,1.476812,1.48025,1.52036
36001,1.375964,1.429444,1.628084,1.593322,1.561998,1.561616,1.58148,1.6235,1.568492,1.52991,1.64451,1.50699,1.539078,1.529528,1.56047,1.64069,1.638016,1.716326,1.557796,1.492856,1.561998,1.477958,1.476812,1.48025,1.52036
36003,1.375964,1.429444,1.628084,1.593322,1.561998,1.561616,1.58148,1.6235,1.568492,1.52991,1.64451,1.50699,1.539078,1.529528,1.56047,1.64069,1.638016,1.716326,1.557796,1.492856,1.561998,1.477958,1.476812,1.48025,1.52036
36005,1.375964,1.429444,1.628084,1.593322,1.561998,1.561616,1.58148,1.6235,1.568492,1.52991,1.64451,1.50699,1.539078,1.529528,1.56047,1.64069,1.638016,1.716326,1.557796,1.492856,1.561998,1.477958,1.476812,1.48025,1.52036
36007,1.375964,1.429444,1.628084,1.593322,1.561998,1.561616,1.58148,1.6235,1.568492,1.52991,1.64451,1.50699,1.539078,1.529528,1.56047,1.64069,1.638016,1.716326,1.557796,1.492856,1.561998,1.477958,1.476812,1.48025,1.52036
36009,1.375964,1.429444,1.628084,1.593322,1.561998,1.561616,1.58148,1.6235,1.568492,1.52991,1.64451,1.50699,1.539078,1.529528,1.56047,1.64069,1.638016,1.716326,1.557796,1.492856,1.561998,1.477958,1.476812,1.48025,1.52036
36011,1.375964,1.429444,1.628084,1.593322,1.561998,1.561616,1.58148,1.6235,1.568492,1.52991,1.64451,1.50699,1.539078,1.529528,1.56047,1.64069,1.638016,1.716326,1.557796,1.492856,1.561998,1.477958,1.476812,1.48025,1.52036
36013,1.375964,1.429444,1.628084,1.593322,1.561998,1.561616,1.58148,1.6235,1.568492,1.52991,1.64451,1.50699,1.539078,1.529528,1.56047,1.64069,1.638016,1.716326,1.557796,1.492856,1.561998,1.477958,1.476812,1.48025,1.52036
36015,1.375964,1.429444,1.628084,1.593322,1.561998,1.561616,1.58148,1.6235,1.568492,1.52991,1.64451,1.50699,1.539078,1.529528,1.56047,1.64069,1.638016,1.716326,1.557796,1.492856,1.561998,1.477958,1.476812,1.48025,1.52036
36017,1.375964,1.429444,1.628084,1.593322,1.561998,1.561616,1.58148,1.6235,1.568492,1.52991,1.64451,1.50699,1.539078,1.529528,1.56047,1.64069,1.638016,1.716326,1.557796,1.492856,1.561998,1.477958,1.476812,1.48025,1.52036
36019,1.375964,1.429444,1.628084,1.593322,1.561998,1.561616,1.58148,1.6235,1.568492,1.52991,1.64451,1.50699,1.539078,1.529528,1.56047,1.64069,1.638016,1.716326,1.557796,1.492856,1.561998,1.477958,1.476812,1.48025,1.52036
36021,1.375964,1.429444,1.628084,1.593322,1.561998,1.561616,1.58148,1.6235,1.568492,1.52991,1.64451,1.50699,1.539078,1.529528,1.56047,1.64069,1.638016,1.716326,1.557796,1.492856,1.561998,1.477958,1.476812,1.48025,1.52036
36023,1.375964,1.429444,1.628084,1.593322,1.561998,1.561616,1.58148,1.6235,1.568492,1.52991,1.64451,1.50699,1.539078,1.529528,1.56047,1.64069,1.638016,1.716326,1.557796,1.492856,1.561998,1.477958,1.476812,1.48025,1.52036
36025,1.375964,1.429444,1.628084,1.593322,1.561998,1.561616,1.58148,1.6235,1.568492,1.52991,1.64451,1.50699,1.539078,1.529528,1.56047,1.64069,1.638016,1.716326,1.557796,1.492856,1.561998,1.477958,1.476812,1.48025,1.52036
36027,1.375964,1.429444,1.628084,1.593322,1.561998,1.561616,1.58148,1.6235,1.568492,1.52991,1.64451,1.50699,1.539078,1.529528,1.56047,1.64069,1.638016,1.716326,1.557796,1.492856,1.561998,1.477958,1.476812,1.48025,1.52036
36029,1.375964,1.429444,1.628084,1.593322,1.561998,1.561616,1.58148,1.6235,1.568492,1.52991,1.64451,1.50699,1.539078,1.529528,1.56047,1.64069,1.638016,1.716326,1.557796,1.492856,1.561998,1.477958,1.476812,1.48025,1.52036
36031,1.375964,1.429444,1.628084,1.593322,1.561998,1.561616,1.58148,1.6235,1.568492,1.52991,1.64451,1.50699,1.539078,1.529528,1.56047,1.64069,1.638016,1.716326,1.557796,1.492856,1.561998,1.477958,1.476812,1.48025,1.52036
36033,1.375964,1.429444,1.628084,1.593322,1.561998,1.561616,1.58148,1.6235,1.568492,1.52991,1.64451,1.50699,1.539078,1.529528,1.56047,1.64069,1.638016,1.716326,1.557796,1.492856,1.561998,1.477958,1.476812,1.48025,1.52036
36035,1.375964,1.429444,1.628084,1.593322,1.561998,1.561616,1.58148,1.6235,1.568492,1.52991,1.64451,1.50699,1.539078,1.529528,1.56047,1.64069,1.638016,1.716326,1.557796,1.492856,1.561998,1.477958,1.476812,1.48025,1.52036
36037,1.375964,1.429444,1.628084,1.593322,1.561998,1.561616,1.58148,1.6235,1.568492,1.52991,1.64451,1.50699,1.539078,1.529528,1.56047,1.64069,1.638016,1.716326,1.557796,1.492856,1.561998,1.477958,1.476812,1.48025,1.52036
36039,1.375964,1.429444,1.628084,1.593322,1.561998,1.561616,1.58148,1.6235,1.568492,1.52991,1.64451,1.50699,1.539078,1.529528,1.56047,1.64069,1.638016,1.716326,1.557796,1.492856,1.561998,1.477958,1.476812,1.48025,1.52036
36041,1.375964,1.429444,1.628084,1.593322,1.561998,1.561616,1.58148,1.6235,1.568492,1.52991,1.64451,1.50699,1.539078,1.529528,1.56047,1.64069,1.638016,1.716326,1.557796,1.492856,1.561998,1.477958,1.476812,1.48025,1.52036
36043,1.375964,1.429444,1.628084,1.593322,1.561998,1.561616,1.58148,1.6235,1.568492,1.52991,1.64451,1.50699,1.539078,1.529528,1.56047,1.64069,1.638016,1.716326,1.557796,1.492856,1.561998,1.477958,1.476812,1.48025,1.52036
36045,1.375964,1.429444,1.628084,1.593322,1.561998,1.561616,1.58148,1.6235,1.568492,1.52991,1.64451,1.50699,1.539078,1.529528,1.56047,1.64069,1.638016,1.716326,1.557796,1.492856,1.561998,1.477958,1.476812,1.48025,1.52036
36047,1.375964,1.429444,1.628084,1.593322,1.561998,1.561616,1.58148,1.6235,1.568492,1.52991,1.64451,1.50699,1.539078,1.529528,1.56047,1.64069,1.638016,1.716326,1.557796,1.492856,1.561998,1.477958,1.476812,1.48025,1.52036
36049,1.375964,1.429444,1.628084,1.593322,1.561998,1.561616,1.58148,1.6235,1.568492,1.52991,1.64451,1.50699,1.539078,1.529528,1.56047,1.64069,1.638016,1.716326,1.557796,1.492856,1.561998,1.477958,1.476812,1.48025,1.52036
36051,1.375964,1.429444,1.628084,1.593322,1.561998,1.561616,1.58148,1.6235,1.568492,1.52991,1.64451,1.50699,1.539078,1.529528,1.56047,1.64069,1.638016,1.716326,1.557796,1.492856,1.561998,1.477958,1.476812,1.48025,1.52036
36053,1.375964,1.429444,1.628084,1.593322,1.561998,1.561616,1.58148,1.6235,1.568492,1.52991,1.64451,1.50699,1.539078,1.529528,1.56047,1.64069,1.638016,1.716326,1.557796,1.492856,1.561998,1.477958,1.476812,1.48025,1.52036
36055,1.375964,1.429444,1.628084,1.593322,1.561998,1.561616,1.58148,1.6235,1.568492,1.52991,1.64451,1.50699,1.539078,1.529528,1.56047,1.64069,1.638016,1.716326,1.557796,1.492856,1.561998,1.477958,1.476812,1.48025,1.52036
36057,1.375964,1.429444,1.628084,1.593322,1.561998,1.561616,1.58148,1.6235,1.568492,1.52991,1.64451,1.50699,1.539078,1.529528,1.56047,1.64069,1.638016,1.716326,1.557796,1.492856,1.561998,1.477958,1.476812,1.48025,1.52036
36059,1.375964,1.429444,1.628084,1.593322,1.561998,1.561616,1.58148,1.6235,1.568492,1.52991,1.64451,1.50699,1.539078,1.529528,1.56047,1.64069,1.638016,1.716326,1.557796,1.492856,1.561998,1.477958,1.476812,1.48025,1.52036
36061,1.375964,1.429444,1.628084,1.593322,1.561998,1.561616,1.58148,1.6235,1.568492,1.52991,1.64451,1.50699,1.539078,1.529528,1.56047,1.64069,1.638016,1.716326,1.557796,1.492856,1.561998,1.477958,1.476812,1.48025,1.52036
36063,1.375964,1.429444,1.628084,1.593322,1.561998,1.561616,1.58148,1.6235,1.568492,1.52991,1.64451,1.50699,1.539078,1.529528,1.56047,1.64069,1.638016,1.716326,1.557796,1.492856,1.561998,1.477958,1.476812,1.48025,1.52036
36065,1.375964,1.429444,1.628084,1.593322,1.561998,1.561616,1.58148,1.6235,1.568492,1.52991,1.64451,1.50699,1.539078,1.529528,1.56047,1.64069,1.638016,1.716326,1.557796,1.492856,1.561998,1.477958,1.476812,1.48025,1.52036
36067,1.375964,1.429444,1.628084,1.593322,1.561998,1.561616,1.58148,1.6235,1.568492,1.52991,1.64451,1.50699,1.539078,1.529528,1.56047,1.64069,1.638016,1.716326,1.557796,1.492856,1.561998,1.477958,1.476812,1.48025,1.52036
36069,1.375964,1.429444,1.628084,1.593322,1.561998,1.561616,1.58148,1.6235,1.568492,1.52991,1.64451,1.50699,1.539078,1.529528,1.56047,1.64069,1.638016,1.716326,1.557796,1.492856,1.561998,1.477958,1.476812,1.48025,1.52036
36071,1.375964,1.429444,1.628084,1.593322,1.561998,1.561616,1.58148,1.6235,1.568492,1.52991,1.64451,1.50699,1.539078,1.529528,1.56047,1.64069,1.638016,1.716326,1.557796,1.492856,1.561998,1.477958,1.476812,1.48025,1.52036
36073,1.375964,1.429444,1.628084,1.593322,1.561998,1.561616,1.58148,1.6235,1.568492,1.52991,1.64451,1.50699,1.539078,1.529528,1.56047,1.64069,1.638016,1.716326,1.557796,1.492856,1.561998,1.477958,1.476812,1.48025,1.52036
36075,1.375964,1.429444,1.628084,1.593322,1.561998,1.561616,1.58148,1.6235,1.568492,1.52991,1.64451,1.50699,1.539078,1.529528,1.56047,1.64069,1.638016,1.716326,1.557796,1.492856,1.561998,1.477958,1.476812,1.48025,1.52036
36077,1.375964,1.429444,1.628084,1.593322,1.561998,1.561616,1.58148,1.6235,1.568492,1.52991,1.64451,1.50699,1.539078,1.529528,1.56047,1.64069,1.638016,1.716326,1.557796,1.492856,1.561998,1.477958,1.476812,1.48025,1.52036
36079,1.375964,1.429444,1.628084,1.593322,1.561998,1.561616,1.58148,1.6235,1.568492,1.52991,1.64451,1.50699,1.539078,1.529528,1.56047,1.64069,1.638016,1.716326,1.557796,1.492856,1.561998,1.477958,1.476812,1.48025,1.52036
36081,1.375964,1.429444,1.628084,1.593322,1.561998,1.561616,1.58148,1.6235,1.568492,1.52991,1.64451,1.50699,1.539078,1.529528,1.56047,1.64069,1.638016,1.716326,1.557796,1.492856,1.561998,1.477958,1.476812,1.48025,1.52036
36083,1.375964,1.429444,1.628084,1.593322,1.561998,1.561616,1.58148,1.6235,1.568492,1.52991,1.64451,1.50699,1.539078,1.529528,1.56047,1.64069,1.638016,1.716326,1.557796,1.492856,1.561998,1.477958,1.476812,1.48025,1.52036
36085,1.375964,1.429444,1.628084,1.593322,1.561998,1.561616,1.58148,1.6235,1.568492,1.52991,1.64451,1.50699,1.539078,1.529528,1.56047,1.64069,1.638016,1.716326,1.557796,1.492856,1.561998,1.477958,1.476812,1.48025,1.52036
36087,1.375964,1.429444,1.628084,1.593322,1.561998,1.561616,1.58148,1.6235,1.568492,1.52991,1.64451,1.50699,1.539078,1.529528,1.56047,1.64069,1.638016,1.716326,1.557796,1.492856,1.561998,1.477958,1.476812,1.48025,1.52036
36089,1.375964,1.429444,1.628084,1.593322,1.561998,1.561616,1.58148,1.6235,1.568492,1.52991,1.64451,1.50699,1.539078,1.529528,1.56047,1.64069,1.638016,1.716326,1.557796,1.492856,1.561998,1.477958,1.476812,1.48025,1.52036
36091,1.375964,1.429444,1.628084,1.593322,1.561998,1.561616,1.58148,1.6235,1.568492,1.52991,1.64451,1.50699,1.539078,1.529528,1.56047,1.64069,1.638016,1.716326,1.557796,1.492856,1.561998,1.477958,1.476812,1.48025,1.52036
36093,1.375964,1.429444,1.628084,1.593322,1.561998,1.561616,1.58148,1.6235,1.568492,1.52991,1.64451,1.50699,1.539078,1.529528,1.56047,1.64069,1.638016,1.716326,1.557796,1.492856,1.561998,1.477958,1.476812,1.48025,1.52036
36095,1.375964,1.429444,1.628084,1.593322,1.561998,1.561616,1.58148,1.6235,1.568492,1.52991,1.64451,1.50699,1.539078,1.529528,1.56047,1.64069,1.638016,1.716326,1.557796,1.492856,1.561998,1.477958,1.476812,1.48025,1.52036
36097,1.375964,1.429444,1.628084,1.593322,1.561998,1.561616,1.58148,1.6235,1.568492,1.52991,1.64451,1.50699,1.539078,1.529528,1.56047,1.64069,1.638016,1.716326,1.557796,1.492856,1.561998,1.477958,1.476812,1.48025,1.52036
36099,1.375964,1.429444,1.628084,1.593322,1.561998,1.561616,1.58148,1.6235,1.568492,1.52991,1.64451,1.50699,1.539078,1.529528,1.56047,1.64069,1.638016,1.716326,1.557796,1.492856,1.561998,1.477958,1.476812,1.48025,1.52036
36101,1.375964,1.429444,1.628084,1.593322,1.561998,1.561616,1.58148,1.6235,1.568492,1.52991,1.64451,1.50699,1.539078,1.529528,1.56047,1.64069,1.638016,1.716326,1.557796,1.492856,1.561998,1.477958,1.476812,1.48025,1.52036
36103,1.375964,1.429444,1.628084,1.593322,1.561998,1.561616,1.58148,1.6235,1.568492,1.52991,1.64451,1.50699,1.539078,1.529528,1.56047,1.64069,1.638016,1.716326,1.557796,1.492856,1.561998,1.477958,1.476812,1.48025,1.52036
36105,1.375964,1.429444,1.628084,1.593322,1.561998,1.561616,1.58148,1.6235,1.568492,1.52991,1.64451,1.50699,1.539078,1.529528,1.56047,1.64069,1.638016,1.716326,1.557796,1.492856,1.561998,1.477958,1.476812,1.48025,1.52036
36107,1.375964,1.429444,1.628084,1.593322,1.561998,1.561616,1.58148,1.6235,1.568492,1.52991,1.64451,1.50699,1.539078,1.529528,1.56047,1.64069,1.638016,1.716326,1.557796,1.492856,1.561998,1.477958,1.476812,1.48025,1.52036
36109,1.375964,1.429444,1.628084,1.593322,1.561998,1.561616,1.58148,1.6235,1.568492,1.52991,1.64451,1.50699,1.539078,1.529528,1.56047,1.64069,1.638016,1.716326,1.557796,1.492856,1.561998,1.477958,1.476812,1.48025,1.52036
36111,1.375964,1.429444,1.628084,1.593322,1.561998,1.561616,1.58148,1.6235,1.568492,1.52991,1.64451,1.50699,1.539078,1.529528,1.56047,1.64069,1.638016,1.716326,1.557796,1.492856,1.561998,1.477958,1.476812,1.48025,1.52036
36113,1.375964,1.429444,1.628084,1.593322,1.561998,1.561616,1.58148,1.6235,1.568492,1.52991,1.64451,1.50699,1.539078,1.529528,1.56047,1.64069,1.638016,1.716326,1.557796,1.492856,1.561998,1.477958,1.476812,1.48025,1.52036
36115,1.375964,1.429444,1.628084,1.593322,1.561998,1.561616,1.58148,1.6235,1.568492,1.52991,1.64451,1.50699,1.539078,1.529528,1.56047,1.64069,1.638016,1.716326,1.557796,1.492856,1.561998,1.477958,1.476812,1.48025,1.52036
36117,1.375964,1.429444,1.628084,1.593322,1.561998,1.561616,1.58148,1.6235,1.568492,1.52991,1.64451,1.50699,1.539078,1.529528,1.56047,1.64069,1.638016,1.716326,1.557796,1.492856,1.561998,1.477958,1.476812,1.48025,1.52036
36119,1.375964,1.429444,1.628084,1.593322,1.561998,1.561616,1.58148,1.6235,1.568492,1.52991,1.64451,1.50699,1.539078,1.529528,1.56047,1.64069,1.638016,1.716326,1.557796,1.492856,1.561998,1.477958,1.476812,1.48025,1.52036
36121,1.375964,1.429444,1.628084,1.593322,1.561998,1.561616,1.58148,1.6235,1.568492,1.52991,1.64451,1.50699,1.539078,1.529528,1.56047,1.64069,1.638016,1.716326,1.557796,1.492856,1.561998,1.477958,1.476812,1.48025,1.52036
36123,1.375964,1.429444,1.628084,1.593322,1.561998,1.561616,1.58148,1.6235,1.568492,1.52991,1.64451,1.50699,1.539078,1.529528,1.56047,1.64069,1.638016,1.716326,1.557796,1.492856,1.561998,1.477958,1.476812,1.48025,1.52036
37001,1.375964,1.429444,1.628084,1.593322,1.561998,1.561616,1.58148,1.6235,1.568492,1.52991,1.64451,1.50699,1.539078,1.529528,1.56047,1.64069,1.638016,1.716326,1.557796,1.492856,1.561998,1.477958,1.476812,1.48025,1.52036
37003,1.375964,1.429444,1.628084,1.593322,1.561998,1.561616,1.58148,1.6235,1.568492,1.52991,1.64451,1.50699,1.539078,1.529528,1.56047,1.64069,1.638016,1.716326,1.557796,1.492856,1.561998,1.477958,1.476812,1.48025,1.52036
37005,1.375964,1.429444,1.628084,1.593322,1.561998,1.561616,1.58148,1.6235,1.568492,1.52991,1.64451,1.50699,1.539078,1.529528,1.56047,1.64069,1.638016,1.716326,1.557796,1.492856,1.561998,1.477958,1.476812,1.48025,1.52036
37007,1.375964,1.429444,1.628084,1.593322,1.561998,1.561616,1.58148,1.6235,1.568492,1.52991,1.64451,1.50699,1.539078,1.529528,1.56047,1.64069,1.638016,1.716326,1.557796,1.492856,1.561998,1.477958,1.476812,1.48025,1.52036
37009,1.375964,1.429444,1.628084,1.593322,1.561998,1.561616,1.58148,1.6235,1.568492,1.52991,1.64451,1.50699,1.539078,1.529528,1.56047,1.64069,1.638016,1.716326,1.557796,1.492856,1.561998,1.477958,1.476812,1.48025,1.52036
37011,1.375964,1.429444,1.628084,1.593322,1.561998,1.561616,1.58148,1.6235,1.568492,1.52991,1.64451,1.50699,1.539078,1.529528,1.56047,1.64069,1.638016,1.716326,1.557796,1.492856,1.561998,1.477958,1.476812,1.48025,1.52036
37013,1.375964,1.429444,1.628084,1.593322,1.561998,1.561616,1.58148,1.6235,1.568492,1.52991,1.64451,1.50699,1.539078,1.529528,1.56047,1.64069,1.638016,1.716326,1.557796,1.492856,1.561998,1.477958,1.476812,1.48025,1.52036
37015,1.375964,1.429444,1.628084,1.593322,1.561998,1.561616,1.58148,1.6235,1.568492,1.52991,1.64451,1.50699,1.539078,1.529528,1.56047,1.64069,1.638016,1.716326,1.557796,1.492856,1.561998,1.477958,1.476812,1.48025,1.52036
37017,1.375964,1.429444,1.628084,1.593322,1.561998,1.561616,1.58148,1.6235,1.568492,1.52991,1.64451,1.50699,1.539078,1.529528,1.56047,1.64069,1.638016,1.716326,1.557796,1.492856,1.561998,1.477958,1.476812,1.48025,1.52036
37019,1.375964,1.429444,1.628084,1.593322,1.561998,1.561616,1.58148,1.6235,1.568492,1.52991,1.64451,1.50699,1.539078,1.529528,1.56047,1.64069,1.638016,1.716326,1.557796,1.492856,1.561998,1.477958,1.476812,1.48025,1.52036
37021,1.375964,1.429444,1.628084,1.593322,1.561998,1.561616,1.58148,1.6235,1.568492,1.52991,1.64451,1.50699,1.539078,1.529528,1.56047,1.64069,1.638016,1.716326,1.557796,1.492856,1.561998,1.477958,1.476812,1.48025,1.52036
37023,1.375964,1.429444,1.628084,1.593322,1.561998,1.561616,1.58148,1.6235,1.568492,1.52991,1.64451,1.50699,1.539078,1.529528,1.56047,1.64069,1.638016,1.716326,1.557796,1.492856,1.561998,1.477958,1.476812,1.48025,1.52036
37025,1.375964,1.429444,1.628084,1.593322,1.561998,1.561616,1.58148,1.6235,1.568492,1.52991,1.64451,1.50699,1.539078,1.529528,1.56047,1.64069,1.638016,1.716326,1.557796,1.492856,1.561998,1.477958,1.476812,1.48025,1.52036
37027,1.375964,1.429444,1.628084,1.593322,1.561998,1.561616,1.58148,1.6235,1.568492,1.52991,1.64451,1.50699,1.539078,1.529528,1.56047,1.64069,1.638016,1.716326,1.557796,1.492856,1.561998,1.477958,1.476812,1.48025,1.52036
37029,1.375964,1.429444,1.628084,1.593322,1.561998,1.561616,1.58148,1.6235,1.568492,1.52991,1.64451,1.50699,1.539078,1.529528,1.56047,1.64069,1.638016,1.716326,1.557796,1.492856,1.561998,1.477958,1.476812,1.48025,1.52036
37031,1.375964,1.429444,1.628084,1.593322,1.561998,1.561616,1.58148,1.6235,1.568492,1.52991,1.64451,1.50699,1.539078,1.529528,1.56047,1.64069,1.638016,1.716326,1.557796,1.492856,1.561998,1.477958,1.476812,1.48025,1.52036
37033,1.375964,1.429444,1.628084,1.593322,1.561998,1.561616,1.58148,1.6235,1.568492,1.52991,1.64451,1.50699,1.539078,1.529528,1.56047,1.64069,1.638016,1.716326,1.557796,1.492856,1.561998,1.477958,1.476812,1.48025,1.52036
37035,1.375964,1.429444,1.628084,1.593322,1.561998,1.561616,1.58148,1.6235,1.568492,1.52991,1.64451,1.50699,1.539078,1.529528,1.56047,1.64069,1.638016,1.716326,1.557796,1.492856,1.561998,1.477958,1.476812,1.48025,1.52036
37037,1.375964,1.429444,1.628084,1.593322,1.561998,1.561616,1.58148,1.6235,1.568492,1.52991,1.64451,1.50699,1.539078,1.529528,1.56047,1.64069,1.638016,1.716326,1.557796,1.492856,1.561998,1.477958,1.476812,1.48025,1.52036
37039,1.375964,1.429444,1.628084,1.593322,1.561998,1.561616,1.58148,1.6235,1.568492,1.52991,1.64451,1.50699,1.539078,1.529528,1.56047,1.64069,1.638016,1.716326,1.557796,1.492856,1.561998,1.477958,1.476812,1.48025,1.52036
37041,1.375964,1.429444,1.628084,1.593322,1.561998,1.561616,1.58148,1.6235,1.568492,1.52991,1.64451,1.50699,1.539078,1.529528,1.56047,1.64069,1.638016,1.716326,1.557796,1.492856,1.561998,1.477958,1.476812,1.48025,1.52036
37043,1.375964,1.429444,1.628084,1.593322,1.561998,1.561616,1.58148,1.6235,1.568492,1.52991,1.64451,1.50699,1.539078,1.529528,1.56047,1.64069,1.638016,1.716326,1.557796,1.492856,1.561998,1.477958,1.476812,1.48025,1.52036
37045,1.375964,1.429444,1.628084,1.593322,1.561998,1.561616,1.58148,1.6235,1.568492,1.52991,1.64451,1.50699,1.539078,1.529528,1.56047,1.64069,1.638016,1.716326,1.557796,1.492856,1.561998,1.477958,1.476812,1.48025,1.52036
37047,1.375964,1.429444,1.628084,1.593322,1.561998,1.561616,1.58148,1.6235,1.568492,1.52991,1.64451,1.50699,1.539078,1.529528,1.56047,1.64069,1.638016,1.716326,1.557796,1.492856,1.561998,1.477958,1.476812,1.48025,1.52036
37049,1.375964,1.429444,1.628084,1.593322,1.561998,1.561616,1.58148,1.6235,1.568492,1.52991,1.64451,1.50699,1.539078,1.529528,1.56047,1.64069,1.638016,1.716326,1.557796,1.492856,1.561998,1.477958,1.476812,1.48025,1.52036
37051,1.375964,1.429444,1.628084,1.593322,1.561998,1.561616,1.58148,1.6235,1.568492,1.52991,1.64451,1.50699,1.539078,1.529528,1.56047,1.64069,1.638016,1.716326,1.557796,1.492856,1.561998,1.477958,1.476812,1.48025,1.52036
37053,1.375964,1.429444,1.628084,1.593322,1.561998,1.561616,1.58148,1.6235,1.568492,1.52991,1.64451,1.50699,1.539078,1.529528,1.56047,1.64069,1.638016,1.716326,1.557796,1.492856,1.561998,1.477958,1.476812,1.48025,1.52036
37055,1.375964,1.429444,1.628084,1.593322,1.561998,1.561616,1.58148,1.6235,1.568492,1.52991,1.64451,1.50699,1.539078,1.529528,1.56047,1.64069,1.638016,1.716326,1.557796,1.492856,1.561998,1.477958,1.476812,1.48025,1.52036
37057,1.375964,1.429444,1.628084,1.593322,1.561998,1.561616,1.58148,1.6235,1.568492,1.52991,1.64451,1.50699,1.539078,1.529528,1.56047,1.64069,1.638016,1.716326,1.557796,1.492856,1.561998,1.477958,1.476812,1.48025,1.52036
37059,1.375964,1.429444,1.628084,1.593322,1.561998,1.561616,1.58148,1.6235,1.568492,1.52991,1.64451,1.50699,1.539078,1.529528,1.56047,1.64069,1.638016,1.716326,1.557796,1.492856,1.561998,1.477958,1.476812,1.48025,1.52036
37061,1.375964,1.429444,1.628084,1.593322,1.561998,1.561616,1.58148,1.6235,1.568492,1.52991,1.64451,1.50699,1.539078,1.529528,1.56047,1.64069,1.638016,1.716326,1.557796,1.492856,1.561998,1.477958,1.476812,1.48025,1.52036
37063,1.375964,1.429444,1.628084,1.593322,1.561998,1.561616,1.58148,1.6235,1.568492,1.52991,1.64451,1.50699,1.539078,1.529528,1.56047,1.64069,1.638016,1.716326,1.557796,1.492856,1.561998,1.477958,1.476812,1.48025,1.52036
37065,1.375964,1.429444,1.628084,1.593322,1.561998,1.561616,1.58148,1.6235,1.568492,1.52991,1.64451,1.50699,1.539078,1.529528,1.56047,1.64069,1.638016,1.716326,1.557796,1.492856,1.561998,1.477958,1.476812,1.48025,1.52036
37067,1.375964,1.429444,1.628084,1.593322,1.561998,1.561616,1.58148,1.6235,1.568492,1.52991,1.64451,1.50699,1.539078,1.529528,1.56047,1.64069,1.638016,1.716326,1.557796,1.492856,1.561998,1.477958,1.476812,1.48025,1.52036
37069,1.375964,1.429444,1.628084,1.593322,1.561998,1.561616,1.58148,1.6235,1.568492,1.52991,1.64451,1.50699,1.539078,1.529528,1.56047,1.64069,1.638016,1.716326,1.557796,1.492856,1.561998,1.477958,1.476812,1.48025,1.52036
37071,1.375964,1.429444,1.628084,1.593322,1.561998,1.561616,1.58148,1.6235,1.568492,1.52991,1.64451,1.50699,1.539078,1.529528,1.56047,1.64069,1.638016,1.716326,1.557796,1.492856,1.561998,1.477958,1.476812,1.48025,1.52036
37073,1.375964,1.429444,1.628084,1.593322,1.561998,1.561616,1.58148,1.6235,1.568492,1.52991,1.64451,1.50699,1.539078,1.529528,1.56047,1.64069,1.638016,1.716326,1.557796,1.492856,1.561998,1.477958,1.476812,1.48025,1.52036
37075,1.375964,1.429444,1.628084,1.593322,1.561998,1.561616,1.58148,1.6235,1.568492,1.52991,1.64451,1.50699,1.539078,1.529528,1.56047,1.64069,1.638016,1.716326,1.557796,1.492856,1.561998,1.477958,1.476812,1.48025,1.52036
37077,1.375964,1.429444,1.628084,1.593322,1.561998,1.561616,1.58148,1.6235,1.568492,1.52991,1.64451,1.50699,1.539078,1.529528,1.56047,1.64069,1.638016,1.716326,1.557796,1.492856,1.561998,1.477958,1.476812,1.48025,1.52036
37079,1.375964,1.429444,1.628084,1.593322,1.561998,1.561616,1.58148,1.6235,1.568492,1.52991,1.64451,1.50699,1.539078,1.529528,1.56047,1.64069,1.638016,1.716326,1.557796,1.492856,1.561998,1.477958,1.476812,1.48025,1.52036
37081,1.375964,1.429444,1.628084,1.593322,1.561998,1.561616,1.58148,1.6235,1.568492,1.52991,1.64451,1.50699,1.539078,1.529528,1.56047,1.64069,1.638016,1.716326,1.557796,1.492856,1.561998,1.477958,1.476812,1.48025,1.52036
37083,1.375964,1.429444,1.628084,1.593322,1.561998,1.561616,1.58148,1.6235,1.568492,1.52991,1.64451,1.50699,1.539078,1.529528,1.56047,1.64069,1.638016,1.716326,1.557796,1.492856,1.561998,1.477958,1.476812,1.48025,1.52036
37085,1.375964,1.429444,1.628084,1.593322,1.561998,1.561616,1.58148,1.6235,1.568492,1.52991,1.64451,1.50699,1.539078,1.529528,1.56047,1.64069,1.638016,1.716326,1.557796,1.492856,1.561998,1.477958,1.476812,1.48025,1.52036
37087,1.375964,1.429444,1.628084,1.593322,1.561998,1.561616,1.58148,1.6235,1.568492,1.52991,1.64451,1.50699,1.539078,1.529528,1.56047,1.64069,1.638016,1.716326,1.557796,1.492856,1.561998,1.477958,1.476812,1.48025,1.52036
37089,1.375964,1.429444,1.628084,1.593322,1.561998,1.561616,1.58148,1.6235,1.568492,1.52991,1.64451,1.50699,1.539078,1.529528,1.56047,1.64069,1.638016,1.716326,1.557796,1.492856,1.561998,1.477958,1.476812,1.48025,1.52036
37091,1.375964,1.429444,1.628084,1.593322,1.561998,1.561616,1.58148,1.6235,1.568492,1.52991,1.64451,1.50699,1.539078,1.529528,1.56047,1.64069,1.638016,1.716326,1.557796,1.492856,1.561998,1.477958,1.476812,1.48025,1.52036
37093,1.375964,1.429444,1.628084,1.593322,1.561998,1.561616,1.58148,1.6235,1.568492,1.52991,1.64451,1.50699,1.539078,1.529528,1.56047,1.64069,1.638016,1.716326,1.557796,1.492856,1.561998,1.477958,1.476812,1.48025,1.52036
37095,1.375964,1.429444,1.628084,1.593322,1.561998,1.561616,1.58148,1.6235,1.568492,1.52991,1.64451,1.50699,1.539078,1.529528,1.56047,1.64069,1.638016,1.716326,1.557796,1.492856,1.561998,1.477958,1.476812,1.48025,1.52036
37097,1.375964,1.429444,1.628084,1.593322,1.561998,1.561616,1.58148,1.6235,1.568492,1.52991,1.64451,1.50699,1.539078,1.529528,1.56047,1.64069,1.638016,1.716326,1.557796,1.492856,1.561998,1.477958,1.476812,1.48025,1.52036
37099,1.375964,1.429444,1.628084,1.593322,1.561998,1.561616,1.58148,1.6235,1.568492,1.52991,1.64451,1.50699,1.539078,1.529528,1.56047,1.64069,1.638016,1.716326,1.557796,1.492856,1.561998,1.477958,1.476812,1.48025,1.52036
37101,1.375964,1.429444,1.628084,1.593322,1.561998,1.561616,1.58148,1.6235,1.568492,1.52991,1.64451,1.50699,1.539078,1.529528,1.56047,1.64069,1.638016,1.716326,1.557796,1.492856,1.561998,1.477958,1.476812,1.48025,1.52036
37103,1.375964,1.429444,1.628084,1.593322,1.561998,1.561616,1.58148,1.6235,1.568492,1.52991,1.64451,1.50699,1.539078,1.529528,1.56047,1.64069,1.638016,1.716326,1.557796,1.492856,1.561998,1.477958,1.476812,1.48025,1.52036
37105,1.375964,1.429444,1.628084,1.593322,1.561998,1.561616,1.58148,1.6235,1.568492,1.52991,1.64451,1.50699,1.539078,1.529528,1.56047,1.64069,1.638016,1.716326,1.557796,1.492856,1.561998,1.477958,1.476812,1.48025,1.52036
37107,1.375964,1.429444,1.628084,1.593322,1.561998,1.561616,1.58148,1.6235,1.568492,1.52991,1.64451,1.50699,1.539078,1.529528,1.56047,1.64069,1.638016,1.716326,1.557796,1.492856,1.561998,1.477958,1.476812,1.48025,1.52036
37109,1.375964,1.429444,1.628084,1.593322,1.561998,1.561616,1.58148,1.6235,1.568492,1.52991,1.64451,1.50699,1.539078,1.529528,1.56047,1.64069,1.638016,1.716326,1.557796,1.492856,1.561998,1.477958,1.476812,1.48025,1.52036
37111,1.375964,1.429444,1.628084,1.593322,1.561998,1.561616,1.58148,1.6235,1.568492,1.52991,1.64451,1.50699,1.539078,1.529528,1.56047,1.64069,1.638016,1.716326,1.557796,1.492856,1.561998,1.477958,1.476812,1.48025,1.52036
37113,1.375964,1.429444,1.628084,1.593322,1.561998,1.561616,1.58148,1.6235,1.568492,1.52991,1.64451,1.50699,1.539078,1.529528,1.56047,1.64069,1.638016,1.716326,1.557796,1.492856,1.561998,1.477958,1.476812,1.48025,1.52036
37115,1.375964,1.429444,1.628084,1.593322,1.561998,1.561616,1.58148,1.6235,1.568492,1.52991,1.64451,1.50699,1.539078,1.529528,1.56047,1.64069,1.638016,1.716326,1.557796,1.492856,1.561998,1.477958,1.476812,1.48025,1.52036
37117,1.375964,1.429444,1.628084,1.593322,1.561998,1.561616,1.58148,1.6235,1.568492,1.52991,1.64451,1.50699,1.539078,1.529528,1.56047,1.64069,1.638016,1.716326,1.557796,1.492856,1.561998,1.477958,1.476812,1.48025,1.52036
37119,1.375964,1.429444,1.628084,1.593322,1.561998,1.561616,1.58148,1.6235,1.568492,1.52991,1.64451,1.50699,1.539078,1.529528,1.56047,1.64069,1.638016,1.716326,1.557796,1.492856,1.561998,1.477958,1.476812,1.48025,1.52036
37121,1.375964,1.429444,1.628084,1.593322,1.561998,1.561616,1.58148,1.6235,1.568492,1.52991,1.64451,1.50699,1.539078,1.529528,1.56047,1.64069,1.638016,1.716326,1.557796,1.492856,1.561998,1.477958,1.476812,1.48025,1.52036
37123,1.375964,1.429444,1.628084,1.593322,1.561998,1.561616,1.58148,1.6235,1.568492,1.52991,1.64451,1.50699,1.539078,1.529528,1.56047,1.64069,1.638016,1.716326,1.557796,1.492856,1.561998,1.477958,1.476812,1.48025,1.52036
37125,1.375964,1.429444,1.628084,1.593322,1.561998,1.561616,1.58148,1.6235,1.568492,1.52991,1.64451,1.50699,1.539078,1.529528,1.56047,1.64069,1.638016,1.716326,1.557796,1.492856,1.561998,1.477958,1.476812,1.48025,1.52036
37127,1.375964,1.429444,1.628084,1.593322,1.561998,1.561616,1.58148,1.6235,1.568492,1.52991,1.64451,1.50699,1.539078,1.529528,1.56047,1.64069,1.638016,1.716326,1.557796,1.492856,1.561998,1.477958,1.476812,1.48025,1.52036
37129,1.375964,1.429444,1.628084,1.593322,1.561998,1.561616,1.58148,1.6235,1.568492,1.52991,1.64451,1.50699,1.539078,1.529528,1.56047,1.64069,1.638016,1.716326,1.557796,1.492856,1.561998,1.477958,1.476812,1.48025,1.52036
37131,1.375964,1.429444,1.628084,1.593322,1.561998,1.561616,1.58148,1.6235,1.568492,1.52991,1.64451,1.50699,1.539078,1.529528,1.56047,1.64069,1.638016,1.716326,1.557796,1.492856,1.561998,1.477958,1.476812,1.48025,1.52036
37133,1.375964,1.429444,1.628084,1.593322,1.561998,1.561616,1.58148,1.6235,1.568492,1.52991,1.64451,1.50699,1.539078,1.529528,1.56047,1.64069,1.638016,1.716326,1.557796,1.492856,1.561998,1.477958,1.476812,1.48025,1.52036
37135,1.375964,1.429444,1.628084,1.593322,1.561998,1.561616,1.58148,1.6235,1.568492,1.52991,1.64451,1.50699,1.539078,1.529528,1.56047,1.64069,1.638016,1.716326,1.557796,1.492856,1.561998,1.477958,1.476812,1.48025,1.52036
37137,1.375964,1.429444,1.628084,1.593322,1.561998,1.561616,1.58148,1.6235,1.568492,1.52991,1.64451,1.50699,1.539078,1.529528,1.56047,1.64069,1.638016,1.716326,1.557796,1.492856,1.561998,1.477958,1.476812,1.48025,1.52036
37139,1.375964,1.429444,1.628084,1.593322,1.561998,1.561616,1.58148,1.6235,1.568492,1.52991,1.64451,1.50699,1.539078,1.529528,1.56047,1.64069,1.638016,1.716326,1.557796,1.492856,1.561998,1.477958,1.476812,1.48025,1.52036
37141,1.375964,1.429444,1.628084,1.593322,1.561998,1.561616,1.58148,1.6235,1.568492,1.52991,1.64451,1.50699,1.539078,1.529528,1.56047,1.64069,1.638016,1.716326,1.557796,1.492856,1.561998,1.477958,1.476812,1.48025,1.52036
37143,1.375964,1.429444,1.628084,1.593322,1.561998,1.561616,1.58148,1.6235,1.568492,1.52991,1.64451,1.50699,1.539078,1.529528,1.56047,1.64069,1.638016,1.716326,1.557796,1.492856,1.561998,1.477958,1.476812,1.48025,1.52036
37145,1.375964,1.429444,1.628084,1.593322,1.561998,1.561616,1.58148,1.6235,1.568492,1.52991,1.64451,1.50699,1.539078,1.529528,1.56047,1.64069,1.638016,1.716326,1.557796,1.492856,1.561998,1.477958,1.476812,1.48025,1.52036
37147,1.375964,1.429444,1.628084,1.593322,1.561998,1.561616,1.58148,1.6235,1.568492,1.52991,1.64451,1.50699,1.539078,1.529528,1.56047,1.64069,1.638016,1.716326,1.557796,1.492856,1.561998,1.477958,1.476812,1.48025,1.52036
37149,1.375964,1.429444,1.628084,1.593322,1.561998,1.561616,1.58148,1.6235,1.568492,1.52991,1.64451,1.50699,1.539078,1.529528,1.56047,1.64069,1.638016,1.716326,1.557796,1.492856,1.561998,1.477958,1.476812,1.48025,1.52036
37151,1.375964,1.429444,1.628084,1.593322,1.561998,1.561616,1.58148,1.6235,1.568492,1.52991,1.64451,1.50699,1.539078,1.529528,1.56047,1.64069,1.638016,1.716326,1.557796,1.492856,1.561998,1.477958,1.476812,1.48025,1.52036
37153,1.375964,1.429444,1.628084,1.593322,1.561998,1.561616,1.58148,1.6235,1.568492,1.52991,1.64451,1.50699,1.539078,1.529528,1.56047,1.64069,1.638016,1.716326,1.557796,1.492856,1.561998,1.477958,1.476812,1.48025,1.52036
37155,1.375964,1.429444,1.628084,1.593322,1.561998,1.561616,1.58148,1.6235,1.568492,1.52991,1.64451,1.50699,1.539078,1.529528,1.56047,1.64069,1.638016,1.716326,1.557796,1.492856,1.561998,1.477958,1.476812,1.48025,1.52036
37157,1.375964,1.429444,1.628084,1.593322,1.561998,1.561616,1.58148,1.6235,1.568492,1.52991,1.64451,1.50699,1.539078,1.529528,1.56047,1.64069,1.638016,1.716326,1.557796,1.492856,1.561998,1.477958,1.476812,1.48025,1.52036
37159,1.375964,1.429444,1.628084,1.593322,1.561998,1.561616,1.58148,1.6235,1.568492,1.52991,1.64451,1.50699,1.539078,1.529528,1.56047,1.64069,1.638016,1.716326,1.557796,1.492856,1.561998,1.477958,1.476812,1.48025,1.52036
37161,1.375964,1.429444,1.628084,1.593322,1.561998,1.561616,1.58148,1.6235,1.568492,1.52991,1.64451,1.50699,1.539078,1.529528,1.56047,1.64069,1.638016,1.716326,1.557796,1.492856,1.561998,1.477958,1.476812,1.48025,1.52036
37163,1.375964,1.429444,1.628084,1.593322,1.561998,1.561616,1.58148,1.6235,1.568492,1.52991,1.64451,1.50699,1.539078,1.529528,1.56047,1.64069,1.638016,1.716326,1.557796,1.492856,1.561998,1.477958,1.476812,1.48025,1.52036
37165,1.375964,1.429444,1.628084,1.593322,1.561998,1.561616,1.58148,1.6235,1.568492,1.52991,1.64451,1.50699,1.539078,1.529528,1.56047,1.64069,1.638016,1.716326,1.557796,1.492856,1.561998,1.477958,1.476812,1.48025,1.52036
37167,1.375964,1.429444,1.628084,1.593322,1.561998,1.561616,1.58148,1.6235,1.568492,1.52991,1.64451,1.50699,1.539078,1.529528,1.56047,1.64069,1.638016,1.716326,1.557796,1.492856,1.561998,1.477958,1.476812,1.48025,1.52036
37169,1.375964,1.429444,1.628084,1.593322,1.561998,1.561616,1.58148,1.6235,1.568492,1.52991,1.64451,1.50699,1.539078,1.529528,1.56047,1.64069,1.638016,1.716326,1.557796,1.492856,1.561998,1.477958,1.476812,1.48025,1.52036
37171,1.375964,1.429444,1.628084,1.593322,1.561998,1.561616,1.58148,1.6235,1.568492,1.52991,1.64451,1.50699,1.539078,1.529528,1.56047,1.64069,1.638016,1.716326,1.557796,1.492856,1.561998,1.477958,1.476812,1.48025,1.52036
37173,1.375964,1.429444,1.628084,1.593322,1.561998,1.561616,1.58148,1.6235,1.568492,1.52991,1.64451,1.50699,1.539078,1.529528,1.56047,1.64069,1.638016,1.716326,1.557796,1.492856,1.561998,1.477958,1.476812,1.48025,1.52036
37175,1.375964,1.429444,1.628084,1.593322,1.561998,1.561616,1.58148,1.6235,1.568492,1.52991,1.64451,1.50699,1.539078,1.529528,1.56047,1.64069,1.638016,1.716326,1.557796,1.492856,1.561998,1.477958,1.476812,1.48025,1.52036
37177,1.375964,1.429444,1.628084,1.593322,1.561998,1.561616,1.58148,1.6235,1.568492,1.52991,1.64451,1.50699,1.539078,1.529528,1.56047,1.64069,1.638016,1.716326,1.557796,1.492856,1.561998,1.477958,1.476812,1.48025,1.52036
37179,1.375964,1.429444,1.628084,1.593322,1.561998,1.561616,1.58148,1.6235,1.568492,1.52991,1.64451,1.50699,1.539078,1.529528,1.56047,1.64069,1.638016,1.716326,1.557796,1.492856,1.561998,1.477958,1.476812,1.48025,1.52036
37181,1.375964,1.429444,1.628084,1.593322,1.561998,1.561616,1.58148,1.6235,1.568492,1.52991,1.64451,1.50699,1.539078,1.529528,1.56047,1.64069,1.638016,1.716326,1.557796,1.492856,1.561998,1.477958,1.476812,1.48025,1.52036
37183,1.375964,1.429444,1.628084,1.593322,1.561998,1.561616,1.58148,1.6235,1.568492,1.52991,1.64451,1.50699,1.539078,1.529528,1.56047,1.64069,1.638016,1.716326,1.557796,1.492856,1.561998,1.477958,1.476812,1.48025,1.52036
37185,1.375964,1.429444,1.628084,1.593322,1.561998,1.561616,1.58148,1.6235,1.568492,1.52991,1.64451,1.50699,1.539078,1.529528,1.56047,1.64069,1.638016,1.716326,1.557796,1.492856,1.561998,1.477958,1.476812,1.48025,1.52036
37187,1.375964,1.429444,1.628084,1.593322,1.561998,1.561616,1.58148,1.6235,1.568492,1.52991,1.64451,1.50699,1.539078,1.529528,1.56047,1.64069,1.638016,1.716326,1.557796,1.492856,1.561998,1.477958,1.476812,1.48025,1.52036
37189,1.375964,1.429444,1.628084,1.593322,1.561998,1.561616,1.58148,1.6235,1.568492,1.52991,1.64451,1.50699,1.539078,1.529528,1.56047,1.64069,1.638016,1.716326,1.557796,1.492856,1.561998,1.477958,1.476812,1.48025,1.52036
37191,1.375964,1.429444,1.628084,1.593322,1.561998,1.561616,1.58148,1.6235,1.568492,1.52991,1.64451,1.50699,1.539078,1.529528,1.56047,1.64069,1.638016,1.716326,1.557796,1.492856,1.561998,1.477958,1.476812,1.48025,1.52036
37193,1.375964,1.429444,1.628084,1.593322,1.561998,1.561616,1.58148,1.6235,1.568492,1.52991,1.64451,1.50699,1.539078,1.529528,1.56047,1.64069,1.638016,1.716326,1.557796,1.492856,1.561998,1.477958,1.476812,1.48025,1.52036
37195,1.375964,1.429444,1.628084,1.593322,1.561998,1.561616,1.58148,1.6235,1.568492,1.52991,1.64451,1.50699,1.539078,1.529528,1.56047,1.64069,1.638016,1.716326,1.557796,1.492856,1.561998,1.477958,1.476812,1.48025,1.52036
37197,1.375964,1.429444,1.628084,1.593322,1.561998,1.561616,1.58148,1.6235,1.568492,1.52991,1.64451,1.50699,1.539078,1.529528,1.56047,1.64069,1.638016,1.716326,1.557796,1.492856,1.561998,1.477958,1.476812,1.48025,1.52036
37199,1.375964,1.429444,1.628084,1.593322,1.561998,1.561616,1.58148,1.6235,1.568492,1.52991,1.64451,1.50699,1.539078,1.529528,1.56047,1.64069,1.638016,1.716326,1.557796,1.492856,1.561998,1.477958,1.476812,1.48025,1.52036
38001,1.375964,1.429444,1.628084,1.593322,1.561998,1.561616,1.58148,1.6235,1.568492,1.52991,1.64451,1.50699,1.539078,1.529528,1.56047,1.64069,1.638016,1.716326,1.557796,1.492856,1.561998,1.477958,1.476812,1.48025,1.52036
38003,1.375964,1.429444,1.628084,1.593322,1.561998,1.561616,1.58148,1.6235,1.568492,1.52991,1.64451,1.50699,1.539078,1.529528,1.56047,1.64069,1.638016,1.716326,1.557796,1.492856,1.561998,1.477958,1.476812,1.48025,1.52036
38005,1.375964,1.429444,1.628084,1.593322,1.561998,1.561616,1.58148,1.6235,1.568492,1.52991,1.64451,1.50699,1.539078,1.529528,1.56047,1.64069,1.638016,1.716326,1.557796,1.492856,1.561998,1.477958,1.476812,1.48025,1.52036
38007,1.375964,1.429444,1.628084,1.593322,1.561998,1.561616,1.58148,1.6235,1.568492,1.52991,1.64451,1.50699,1.539078,1.529528,1.56047,1.64069,1.638016,1.716326,1.557796,1.492856,1.561998,1.477958,1.476812,1.48025,1.52036
38009,1.375964,1.429444,1.628084,1.593322,1.561998,1.561616,1.58148,1.6235,1.568492,1.52991,1.64451,1.50699,1.539078,1.529528,1.56047,1.64069,1.638016,1.716326,1.557796,1.492856,1.561998,1.477958,1.476812,1.48025,1.52036
38011,1.375964,1.429444,1.628084,1.593322,1.561998,1.561616,1.58148,1.6235,1.568492,1.52991,1.64451,1.50699,1.539078,1.529528,1.56047,1.64069,1.638016,1.716326,1.557796,1.492856,1.561998,1.477958,1.476812,1.48025,1.52036
38013,1.375964,1.429444,1.628084,1.593322,1.561998,1.561616,1.58148,1.6235,1.568492,1.52991,1.64451,1.50699,1.539078,1.529528,1.56047,1.64069,1.638016,1.716326,1.557796,1.492856,1.561998,1.477958,1.476812,1.48025,1.52036
38015,1.375964,1.429444,1.628084,1.593322,1.561998,1.561616,1.58148,1.6235,1.568492,1.52991,1.64451,1.50699,1.539078,1.529528,1.56047,1.64069,1.638016,1.716326,1.557796,1.492856,1.561998,1.477958,1.476812,1.48025,1.52036
38017,1.375964,1.429444,1.628084,1.593322,1.561998,1.561616,1.58148,1.6235,1.568492,1.52991,1.64451,1.50699,1.539078,1.529528,1.56047,1.64069,1.638016,1.716326,1.557796,1.492856,1.561998,1.477958,1.476812,1.48025,1.52036
38019,1.375964,1.429444,1.628084,1.593322,1.561998,1.561616,1.58148,1.6235,1.568492,1.52991,1.64451,1.50699,1.539078,1.529528,1.56047,1.64069,1.638016,1.716326,1.557796,1.492856,1.561998,1.477958,1.476812,1.48025,1.52036
38021,1.375964,1.429444,1.628084,1.593322,1.561998,1.561616,1.58148,1.6235,1.568492,1.52991,1.64451,1.50699,1.539078,1.529528,1.56047,1.64069,1.638016,1.716326,1.557796,1.492856,1.561998,1.477958,1.476812,1.48025,1.52036
38023,1.375964,1.429444,1.628084,1.593322,1.561998,1.561616,1.58148,1.6235,1.568492,1.52991,1.64451,1.50699,1.539078,1.529528,1.56047,1.64069,1.638016,1.716326,1.557796,1.492856,1.561998,1.477958,1.476812,1.48025,1.52036
38025,1.375964,1.429444,1.628084,1.593322,1.561998,1.561616,1.58148,1.6235,1.568492,1.52991,1.64451,1.50699,1.539078,1.529528,1.56047,1.64069,1.638016,1.716326,1.557796,1.492856,1.561998,1.477958,1.476812,1.48025,1.52036
38027,1.375964,1.429444,1.628084,1.593322,1.561998,1.561616,1.58148,1.6235,1.568492,1.52991,1.64451,1.50699,1.539078,1.529528,1.56047,1.64069,1.638016,1.716326,1.557796,1.492856,1.561998,1.477958,1.476812,1.48025,1.52036
38029,1.375964,1.429444,1.628084,1.593322,1.561998,1.561616,1.58148,1.6235,1.568492,1.52991,1.64451,1.50699,1.539078,1.529528,1.56047,1.64069,1.638016,1.716326,1.557796,1.492856,1.561998,1.477958,1.476812,1.48025,1.52036
38031,1.375964,1.429444,1.628084,1.593322,1.561998,1.561616,1.58148,1.6235,1.568492,1.52991,1.64451,1.50699,1.539078,1.529528,1.56047,1.64069,1.638016,1.716326,1.557796,1.492856,1.561998,1.477958,1.476812,1.48025,1.52036
38033,1.375964,1.429444,1.628084,1.593322,1.561998,1.561616,1.58148,1.6235,1.568492,1.52991,1.64451,1.50699,1.539078,1.529528,1.56047,1.64069,1.638016,1.716326,1.557796,1.492856,1.561998,1.477958,1.476812,1.48025,1.52036
38035,1.375964,1.429444,1.628084,1.593322,1.561998,1.561616,1.58148,1.6235,1.568492,1.52991,1.64451,1.50699,1.539078,1.529528,1.56047,1.64069,1.638016,1.716326,1.557796,1.492856,1.561998,1.477958,1.476812,1.48025,1.52036
38037,1.375964,1.429444,1.628084,1.593322,1.561998,1.561616,1.58148,1.6235,1.568492,1.52991,1.64451,1.50699,1.539078,1.529528,1.56047,1.64069,1.638016,1.716326,1.557796,1.492856,1.561998,1.477958,1.476812,1.48025,1.52036
38039,1.375964,1.429444,1.628084,1.593322,1.561998,1.561616,1.58148,1.6235,1.568492,1.52991,1.64451,1.50699,1.539078,1.529528,1.56047,1.64069,1.638016,1.716326,1.557796,1.492856,1.561998,1.477958,1.476812,1.48025,1.52036
38041,1.375964,1.429444,1.628084,1.593322,1.561998,1.561616,1.58148,1.6235,1.568492,1.52991,1.64451,1.50699,1.539078,1.529528,1.56047,1.64069,1.638016,1.716326,1.557796,1.492856,1.561998,1.477958,1.476812,1.48025,1.52036
38043,1.375964,1.429444,1.628084,1.593322,1.561998,1.561616,1.58148,1.6235,1.568492,1.52991,1.64451,1.50699,1.539078,1.529528,1.56047,1.64069,1.638016,1.716326,1.557796,1.492856,1.561998,1.477958,1.476812,1.48025,1.52036
38045,1.375964,1.429444,1.628084,1.593322,1.561998,1.561616,1.58148,1.6235,1.568492,1.52991,1.64451,1.50699,1.539078,1.529528,1.56047,1.64069,1.638016,1.716326,1.557796,1.492856,1.561998,1.477958,1.476812,1.48025,1.52036
38047,1.375964,1.429444,1.628084,1.593322,1.561998,1.561616,1.58148,1.6235,1.568492,1.52991,1.64451,1.50699,1.539078,1.529528,1.56047,1.64069,1.638016,1.716326,1.557796,1.492856,1.561998,1.477958,1.476812,1.48025,1.52036
38049,1.375964,1.429444,1.628084,1.593322,1.561998,1.561616,1.58148,1.6235,1.568492,1.52991,1.64451,1.50699,1.539078,1.529528,1.56047,1.64069,1.638016,1.716326,1.557796,1.492856,1.561998,1.477958,1.476812,1.48025,1.52036
38051,1.375964,1.429444,1.628084,1.593322,1.561998,1.561616,1.58148,1.6235,1.568492,1.52991,1.64451,1.50699,1.539078,1.529528,1.56047,1.64069,1.638016,1.716326,1.557796,1.492856,1.561998,1.477958,1.476812,1.48025,1.52036
38053,1.375964,1.429444,1.628084,1.593322,1.561998,1.561616,1.58148,1.6235,1.568492,1.52991,1.64451,1.50699,1.539078,1.529528,1.56047,1.64069,1.638016,1.716326,1.557796,1.492856,1.561998,1.477958,1.476812,1.48025,1.52036
38055,1.375964,1.429444,1.628084,1.593322,1.561998,1.561616,1.58148,1.6235,1.568492,1.52991,1.64451,1.50699,1.539078,1.529528,1.56047,1.64069,1.638016,1.716326,1.557796,1.492856,1.561998,1.477958,1.476812,1.48025,1.52036
38057,1.375964,1.429444,1.628084,1.593322,1.561998,1.561616,1.58148,1.6235,1.568492,1.52991,1.64451,1.50699,1.539078,1.529528,1.56047,1.64069,1.638016,1.716326,1.557796,1.492856,1.561998,1.477958,1.476812,1.48025,1.52036
38059,1.375964,1.429444,1.628084,1.593322,1.561998,1.561616,1.58148,1.6235,1.568492,1.52991,1.64451,1.50699,1.539078,1.529528,1.56047,1.64069,1.638016,1.716326,1.557796,1.492856,1.561998,1.477958,1.476812,1.48025,1.52036
38061,1.375964,1.429444,1.628084,1.593322,1.561998,1.561616,1.58148,1.6235,1.568492,1.52991,1.64451,1.50699,1.539078,1.529528,1.56047,1.64069,1.638016,1.716326,1.557796,1.492856,1.561998,1.477958,1.476812,1.48025,1.52036
38063,1.375964,1.429444,1.628084,1.593322,1.561998,1.561616,1.58148,1.6235,1.568492,1.52991,1.64451,1.50699,1.539078,1.529528,1.56047,1.64069,1.638016,1.716326,1.557796,1.492856,1.561998,1.477958,1.476812,1.48025,1.52036
38065,1.375964,1.429444,1.628084,1.593322,1.561998,1.561616,1.58148,1.6235,1.568492,1.52991,1.64451,1.50699,1.539078,1.529528,1.56047,1.64069,1.638016,1.716326,1.557796,1.492856,1.561998,1.477958,1.476812,1.48025,1.52036
38067,1.375964,1.429444,1.628084,1.593322,1.561998,1.561616,1.58148,1.6235,1.568492,1.52991,1.64451,1.50699,1.539078,1.529528,1.56047,1.64069,1.638016,1.716326,1.557796,1.492856,1.561998,1.477958,1.476812,1.48025,1.52036
38069,1.375964,1.429444,1.628084,1.593322,1.561998,1.561616,1.58148,1.6235,1.568492,1.52991,1.64451,1.50699,1.539078,1.529528,1.56047,1.64069,1.638016,1.716326,1.557796,1.492856,1.561998,1.477958,1.476812,1.48025,1.52036
38071,1.375964,1.429444,1.628084,1.593322,1.561998,1.561616,1.58148,1.6235,1.568492,1.52991,1.64451,1.50699,1.539078,1.529528,1.56047,1.64069,1.638016,1.716326,1.557796,1.492856,1.561998,1.477958,1.476812,1.48025,1.52036
38073,1.375964,1.429444,1.628084,1.593322,1.561998,1.561616,1.58148,1.6235,1.568492,1.52991,1.64451,1.50699,1.539078,1.529528,1.56047,1.64069,1.638016,1.716326,1.557796,1.492856,1.561998,1.477958,1.476812,1.48025,1.52036
38075,1.375964,1.429444,1.628084,1.593322,1.561998,1.561616,1.58148,1.6235,1.568492,1.52991,1.64451,1.50699,1.539078,1.529528,1.56047,1.64069,1.638016,1.716326,1.557796,1.492856,1.561998,1.477958,1.476812,1.48025,1.52036
38077,1.375964,1.429444,1.628084,1.593322,1.561998,1.561616,1.58148,1.6235,1.568492,1.52991,1.64451,1.50699,1.539078,1.529528,1.56047,1.64069,1.638016,1.716326,1.557796,1.492856,1.561998,1.477958,1.476812,1.48025,1.52036
38079,1.375964,1.429444,1.628084,1.593322,1.561998,1.561616,1.58148,1.6235,1.568492,1.52991,1.64451,1.50699,1.539078,1.529528,1.56047,1.64069,1.638016,1.716326,1.557796,1.492856,1.561998,1.477958,1.476812,1.48025,1.52036
38081,1.375964,1.429444,1.628084,1.593322,1.561998,1.561616,1.58148,1.6235,1.568492,1.52991,1.64451,1.50699,1.539078,1.529528,1.56047,1.64069,1.638016,1.716326,1.557796,1.492856,1.561998,1.477958,1.476812,1.48025,1.52036
38083,1.375964,1.429444,1.628084,1.593322,1.561998,1.561616,1.58148,1.6235,1.568492,1.52991,1.64451,1.50699,1.539078,1.529528,1.56047,1.64069,1.638016,1.716326,1.557796,1.492856,1.561998,1.477958,1.476812,1.48025,1.52036
38085,1.375964,1.429444,1.628084,1.593322,1.561998,1.561616,1.58148,1.6235,1.568492,1.52991,1.64451,1.50699,1.539078,1.529528,1.56047,1.64069,1.638016,1.716326,1.557796,1.492856,1.561998,1.477958,1.476812,1.48025,1.52036
38087,1.375964,1.429444,1.628084,1.593322,1.561998,1.561616,1.58148,1.6235,1.568492,1.52991,1.64451,1.50699,1.539078,1.529528,1.56047,1.64069,1.638016,1.716326,1.557796,1.492856,1.561998,1.477958,1.476812,1.48025,1.52036
38089,1.375964,1.429444,1.628084,1.593322,1.561998,1.561616,1.58148,1.6235,1.568492,1.52991,1.64451,1.50699,1.539078,1.529528,1.56047,1.64069,1.638016,1.716326,1.557796,1.492856,1.561998,1.477958,1.476812,1.48025,1.52036
38091,1.375964,1.429444,1.628084,1.593322,1.561998,1.561616,1.58148,1.6235,1.568492,1.52991,1.64451,1.50699,1.539078,1.529528,1.56047,1.64069,1.638016,1.716326,1.557796,1.492856,1.561998,1.477958,1.476812,1.48025,1.52036
38093,1.375964,1.429444,1.628084,1.593322,1.561998,1.561616,1.58148,1.6235,1.568492,1.52991,1.64451,1.50699,1.539078,1.529528,1.56047,1.64069,1.638016,1.716326,1.557796,1.492856,1.561998,1.477958,1.476812,1.48025,1.52036
38095,1.375964,1.429444,1.628084,1.593322,1.561998,1.561616,1.58148,1.6235,1.568492,1.52991,1.64451,1.50699,1.539078,1.529528,1.56047,1.64069,1.638016,1.716326,1.557796,1.492856,1.561998,1.477958,1.476812,1.48025,1.52036
38097,1.375964,1.429444,1.628084,1.593322,1.561998,1.561616,1.58148,1.6235,1.568492,1.52991,1.64451,1.50699,1.539078,1.529528,1.56047,1.64069,1.638016,1.716326,1.557796,1.492856,1.561998,1.477958,1.476812,1.48025,1.52036
38099,1.375964,1.429444,1.628084,1.593322,1.561998,1.561616,1.58148,1.6235,1.568492,1.52991,1.64451,1.50699,1.539078,1.529528,1.56047,1.64069,1.638016,1.716326,1.557796,1.492856,1.561998,1.477958,1.476812,1.48025,1.52036
38101,1.375964,1.429444,1.628084,1.593322,1.561998,1.561616,1.58148,1.6235,1.568492,1.52991,1.64451,1.50699,1.539078,1.529528,1.56047,1.64069,1.638016,1.716326,1.557796,1.492856,1.561998,1.477958,1.476812,1.48025,1.52036
38103,1.375964,1.429444,1.628084,1.593322,1.561998,1.561616,1.58148,1.6235,1.568492,1.52991,1.64451,1.50699,1.539078,1.529528,1.56047,1.64069,1.638016,1.716326,1.557796,1.492856,1.561998,1.477958,1.476812,1.48025,1.52036
38105,1.375964,1.429444,1.628084,1.593322,1.561998,1.561616,1.58148,1.6235,1.568492,1.52991,1.64451,1.50699,1.539078,1.529528,1.56047,1.64069,1.638016,1.716326,1.557796,1.492856,1.561998,1.477958,1.476812,1.48025,1.52036
39001,1.375964,1.429444,1.628084,1.593322,1.561998,1.561616,1.58148,1.6235,1.568492,1.52991,1.64451,1.50699,1.539078,1.529528,1.56047,1.64069,1.638016,1.716326,1.557796,1.492856,1.561998,1.477958,1.476812,1.48025,1.52036
39003,1.375964,1.429444,1.628084,1.593322,1.561998,1.561616,1.58148,1.6235,1.568492,1.52991,1.64451,1.50699,1.539078,1.529528,1.56047,1.64069,1.638016,1.716326,1.557796,1.492856,1.561998,1.477958,1.476812,1.48025,1.52036
39005,1.375964,1.429444,1.628084,1.593322,1.561998,1.561616,1.58148,1.6235,1.568492,1.52991,1.64451,1.50699,1.539078,1.529528,1.56047,1.64069,1.638016,1.716326,1.557796,1.492856,1.561998,1.477958,1.476812,1.48025,1.52036
39007,1.375964,1.429444,1.628084,1.593322,1.561998,1.561616,1.58148,1.6235,1.568492,1.52991,1.64451,1.50699,1.539078,1.529528,1.56047,1.64069,1.638016,1.716326,1.557796,1.492856,1.561998,1.477958,1.476812,1.48025,1.52036
39009,1.375964,1.429444,1.628084,1.593322,1.561998,1.561616,1.58148,1.6235,1.568492,1.52991,1.64451,1.50699,1.539078,1.529528,1.56047,1.64069,1.638016,1.716326,1.557796,1.492856,1.561998,1.477958,1.476812,1.48025,1.52036
39011,1.375964,1.429444,1.628084,1.593322,1.561998,1.561616,1.58148,1.6235,1.568492,1.52991,1.64451,1.50699,1.539078,1.529528,1.56047,1.64069,1.638016,1.716326,1.557796,1.492856,1.561998,1.477958,1.476812,1.48025,1.52036
39013,1.375964,1.429444,1.628084,1.593322,1.561998,1.561616,1.58148,1.6235,1.568492,1.52991,1.64451,1.50699,1.539078,1.529528,1.56047,1.64069,1.638016,1.716326,1.557796,1.492856,1.561998,1.477958,1.476812,1.48025,1.52036
39015,1.375964,1.429444,1.628084,1.593322,1.561998,1.561616,1.58148,1.6235,1.568492,1.52991,1.64451,1.50699,1.539078,1.529528,1.56047,1.64069,1.638016,1.716326,1.557796,1.492856,1.561998,1.477958,1.476812,1.48025,1.52036
39017,1.375964,1.429444,1.628084,1.593322,1.561998,1.561616,1.58148,1.6235,1.568492,1.52991,1.64451,1.50699,1.539078,1.529528,1.56047,1.64069,1.638016,1.716326,1.557796,1.492856,1.561998,1.477958,1.476812,1.48025,1.52036
39019,1.375964,1.429444,1.628084,1.593322,1.561998,1.561616,1.58148,1.6235,1.568492,1.52991,1.64451,1.50699,1.539078,1.529528,1.56047,1.64069,1.638016,1.716326,1.557796,1.492856,1.561998,1.477958,1.476812,1.48025,1.52036
39021,1.375964,1.429444,1.628084,1.593322,1.561998,1.561616,1.58148,1.6235,1.568492,1.52991,1.64451,1.50699,1.539078,1.529528,1.56047,1.64069,1.638016,1.716326,1.557796,1.492856,1.561998,1.477958,1.476812,1.48025,1.52036
39023,1.375964,1.429444,1.628084,1.593322,1.561998,1.561616,1.58148,1.6235,1.568492,1.52991,1.64451,1.50699,1.539078,1.529528,1.56047,1.64069,1.638016,1.716326,1.557796,1.492856,1.561998,1.477958,1.476812,1.48025,1.52036
39025,1.375964,1.429444,1.628084,1.593322,1.561998,1.561616,1.58148,1.6235,1.568492,1.52991,1.64451,1.50699,1.539078,1.529528,1.56047,1.64069,1.638016,1.716326,1.557796,1.492856,1.561998,1.477958,1.476812,1.48025,1.52036
39027,1.375964,1.429444,1.628084,1.593322,1.561998,1.561616,1.58148,1.6235,1.568492,1.52991,1.64451,1.50699,1.539078,1.529528,1.56047,1.64069,1.638016,1.716326,1.557796,1.492856,1.561998,1.477958,1.476812,1.48025,1.52036
39029,1.375964,1.429444,1.628084,1.593322,1.561998,1.561616,1.58148,1.6235,1.568492,1.52991,1.64451,1.50699,1.539078,1.529528,1.56047,1.64069,1.638016,1.716326,1.557796,1.492856,1.561998,1.477958,1.476812,1.48025,1.52036
39031,1.375964,1.429444,1.628084,1.593322,1.561998,1.561616,1.58148,1.6235,1.568492,1.52991,1.64451,1.50699,1.539078,1.529528,1.56047,1.64069,1.638016,1.716326,1.557796,1.492856,1.561998,1.477958,1.476812,1.48025,1.52036
39033,1.375964,1.429444,1.628084,1.593322,1.561998,1.561616,1.58148,1.6235,1.568492,1.52991,1.64451,1.50699,1.539078,1.529528,1.56047,1.64069,1.638016,1.716326,1.557796,1.492856,1.561998,1.477958,1.476812,1.48025,1.52036
39035,1.375964,1.429444,1.628084,1.593322,1.561998,1.561616,1.58148,1.6235,1.568492,1.52991,1.64451,1.50699,1.539078,1.529528,1.56047,1.64069,1.638016,1.716326,1.557796,1.492856,1.561998,1.477958,1.476812,1.48025,1.52036
39037,1.375964,1.429444,1.628084,1.593322,1.561998,1.561616,1.58148,1.6235,1.568492,1.52991,1.64451,1.50699,1.539078,1.529528,1.56047,1.64069,1.638016,1.716326,1.557796,1.492856,1.561998,1.477958,1.476812,1.48025,1.52036
39039,1.375964,1.429444,1.628084,1.593322,1.561998,1.561616,1.58148,1.6235,1.568492,1.52991,1.64451,1.50699,1.539078,1.529528,1.56047,1.64069,1.638016,1.716326,1.557796,1.492856,1.561998,1.477958,1.476812,1.48025,1.52036
39041,1.375964,1.429444,1.628084,1.593322,1.561998,1.561616,1.58148,1.6235,1.568492,1.52991,1.64451,1.50699,1.539078,1.529528,1.56047,1.64069,1.638016,1.716326,1.557796,1.492856,1.561998,1.477958,1.476812,1.48025,1.52036
39043,1.375964,1.429444,1.628084,1.593322,1.561998,1.561616,1.58148,1.6235,1.568492,1.52991,1.64451,1.50699,1.539078,1.529528,1.56047,1.64069,1.638016,1.716326,1.557796,1.492856,1.561998,1.477958,1.476812,1.48025,1.52036
39045,1.375964,1.429444,1.628084,1.593322,1.561998,1.561616,1.58148,1.6235,1.568492,1.52991,1.64451,1.50699,1.539078,1.529528,1.56047,1.64069,1.638016,1.716326,1.557796,1.492856,1.561998,1.477958,1.476812,1.48025,1.52036
39047,1.375964,1.429444,1.628084,1.593322,1.561998,1.561616,1.58148,1.6235,1.568492,1.52991,1.64451,1.50699,1.539078,1.529528,1.56047,1.64069,1.638016,1.716326,1.557796,1.492856,1.561998,1.477958,1.476812,1.48025,1.52036
39049,1.375964,1.429444,1.628084,1.593322,1.561998,1.561616,1.58148,1.6235,1.568492,1.52991,1.64451,1.50699,1.539078,1.529528,1.56047,1.64069,1.638016,1.716326,1.557796,1.492856,1.561998,1.477958,1.476812,1.48025,1.52036
39051,1.375964,1.429444,1.628084,1.593322,1.561998,1.561616,1.58148,1.6235,1.568492,1.52991,1.64451,1.50699,1.539078,1.529528,1.56047,1.64069,1.638016,1.716326,1.557796,1.492856,1.561998,1.477958,1.476812,1.48025,1.52036
39053,1.375964,1.429444,1.628084,1.593322,1.561998,1.561616,1.58148,1.6235,1.568492,1.52991,1.64451,1.50699,1.539078,1.529528,1.56047,1.64069,1.638016,1.716326,1.557796,1.492856,1.561998,1.477958,1.476812,1.48025,1.52036
39055,1.375964,1.429444,1.628084,1.593322,1.561998,1.561616,1.58148,1.6235,1.568492,1.52991,1.64451,1.50699,1.539078,1.529528,1.56047,1.64069,1.638016,1.716326,1.557796,1.492856,1.561998,1.477958,1.476812,1.48025,1.52036
39057,1.375964,1.429444,1.628084,1.593322,1.561998,1.561616,1.58148,1.6235,1.568492,1.52991,1.64451,1.50699,1.539078,1.529528,1.56047,1.64069,1.638016,1.716326,1.557796,1.492856,1.561998,1.477958,1.476812,1.48025,1.52036
39059,1.375964,1.429444,1.628084,1.593322,1.561998,1.561616,1.58148,1.6235,1.568492,1.52991,1.64451,1.50699,1.539078,1.529528,1.56047,1.64069,1.638016,1.716326,1.557796,1.492856,1.561998,1.477958,1.476812,1.48025,1.52036
39061,1.375964,1.429444,1.628084,1.593322,1.561998,1.561616,1.58148,1.6235,1.568492,1.52991,1.64451,1.50699,1.539078,1.529528,1.56047,1.64069,1.638016,1.716326,1.557796,1.492856,1.561998,1.477958,1.476812,1.48025,1.52036
39063,1.375964,1.429444,1.628084,1.593322,1.561998,1.561616,1.58148,1.6235,1.568492,1.52991,1.64451,1.50699,1.539078,1.529528,1.56047,1.64069,1.638016,1.716326,1.557796,1.492856,1.561998,1.477958,1.476812,1.48025,1.52036
39065,1.375964,1.429444,1.628084,1.593322,1.561998,1.561616,1.58148,1.6235,1.568492,1.52991,1.64451,1.50699,1.539078,1.529528,1.56047,1.64069,1.638016,1.716326,1.557796,1.492856,1.561998,1.477958,1.476812,1.48025,1.52036
39067,1.375964,1.429444,1.628084,1.593322,1.561998,1.561616,1.58148,1.6235,1.568492,1.52991,1.64451,1.50699,1.539078,1.529528,1.56047,1.64069,1.638016,1.716326,1.557796,1.492856,1.561998,1.477958,1.476812,1.48025,1.52036
39069,1.375964,1.429444,1.628084,1.593322,1.561998,1.561616,1.58148,1.6235,1.568492,1.52991,1.64451,1.50699,1.539078,1.529528,1.56047,1.64069,1.638016,1.716326,1.557796,1.492856,1.561998,1.477958,1.476812,1.48025,1.52036
39071,1.375964,1.429444,1.628084,1.593322,1.561998,1.561616,1.58148,1.6235,1.568492,1.52991,1.64451,1.50699,1.539078,1.529528,1.56047,1.64069,1.638016,1.716326,1.557796,1.492856,1.561998,1.477958,1.476812,1.48025,1.52036
39073,1.375964,1.429444,1.628084,1.593322,1.561998,1.561616,1.58148,1.6235,1.568492,1.52991,1.64451,1.50699,1.539078,1.529528,1.56047,1.64069,1.638016,1.716326,1.557796,1.492856,1.561998,1.477958,1.476812,1.48025,1.52036
39075,1.375964,1.429444,1.628084,1.593322,1.561998,1.561616,1.58148,1.6235,1.568492,1.52991,1.64451,1.50699,1.539078,1.529528,1.56047,1.64069,1.638016,1.716326,1.557796,1.492856,1.561998,1.477958,1.476812,1.48025,1.52036
39077,1.375964,1.429444,1.628084,1.593322,1.561998,1.561616,1.58148,1.6235,1.568492,1.52991,1.64451,1.50699,1.539078,1.529528,1.56047,1.64069,1.638016,1.716326,1.557796,1.492856,1.561998,1.477958,1.476812,1.48025,1.52036
39079,1.375964,1.429444,1.628084,1.593322,1.561998,1.561616,1.58148,1.6235,1.568492,1.52991,1.64451,1.50699,1.539078,1.529528,1.56047,1.64069,1.638016,1.716326,1.557796,1.492856,1.561998,1.477958,1.476812,1.48025,1.52036
39081,1.375964,1.429444,1.628084,1.593322,1.561998,1.561616,1.58148,1.6235,1.568492,1.52991,1.64451,1.50699,1.539078,1.529528,1.56047,1.64069,1.638016,1.716326,1.557796,1.492856,1.561998,1.477958,1.476812,1.48025,1.52036
39083,1.375964,1.429444,1.628084,1.593322,1.561998,1.561616,1.58148,1.6235,1.568492,1.52991,1.64451,1.50699,1.539078,1.529528,1.56047,1.64069,1.638016,1.716326,1.557796,1.492856,1.561998,1.477958,1.476812,1.48025,1.52036
39085,1.375964,1.429444,1.628084,1.593322,1.561998,1.561616,1.58148,1.6235,1.568492,1.52991,1.64451,1.50699,1.539078,1.529528,1.56047,1.64069,1.638016,1.716326,1.557796,1.492856,1.561998,1.477958,1.476812,1.48025,1.52036
39087,1.375964,1.429444,1.628084,1.593322,1.561998,1.561616,1.58148,1.6235,1.568492,1.52991,1.64451,1.50699,1.539078,1.529528,1.56047,1.64069,1.638016,1.716326,1.557796,1.492856,1.561998,1.477958,1.476812,1.48025,1.52036
39089,1.375964,1.429444,1.628084,1.593322,1.561998,1.561616,1.58148,1.6235,1.568492,1.52991,1.64451,1.50699,1.539078,1.529528,1.56047,1.64069,1.638016,1.716326,1.557796,1.492856,1.561998,1.477958,1.476812,1.48025,1.52036
39091,1.375964,1.429444,1.628084,1.593322,1.561998,1.561616,1.58148,1.6235,1.568492,1.52991,1.64451,1.50699,1.539078,1.529528,1.56047,1.64069,1.638016,1.716326,1.557796,1.492856,1.561998,1.477958,1.476812,1.48025,1.52036
39093,1.375964,1.429444,1.628084,1.593322,1.561998,1.561616,1.58148,1.6235,1.568492,1.52991,1.64451,1.50699,1.539078,1.529528,1.56047,1.64069,1.638016,1.716326,1.557796,1.492856,1.561998,1.477958,1.476812,1.48025,1.52036
39095,1.375964,1.429444,1.628084,1.593322,1.561998,1.561616,1.58148,1.6235,1.568492,1.52991,1.64451,1.50699,1.539078,1.529528,1.56047,1.64069,1.638016,1.716326,1.557796,1.492856,1.561998,1.477958,1.476812,1.48025,1.52036
39097,1.375964,1.429444,1.628084,1.593322,1.561998,1.561616,1.58148,1.6235,1.568492,1.52991,1.64451,1.50699,1.539078,1.529528,1.56047,1.64069,1.638016,1.716326,1.557796,1.492856,1.561998,1.477958,1.476812,1.48025,1.52036
39099,1.375964,1.429444,1.628084,1.593322,1.561998,1.561616,1.58148,1.6235,1.568492,1.52991,1.64451,1.50699,1.539078,1.529528,1.56047,1.64069,1.638016,1.716326,1.557796,1.492856,1.561998,1.477958,1.476812,1.48025,1.52036
39101,1.375964,1.429444,1.628084,1.593322,1.561998,1.561616,1.58148,1.6235,1.568492,1.52991,1.64451,1.50699,1.539078,1.529528,1.56047,1.64069,1.638016,1.716326,1.557796,1.492856,1.561998,1.477958,1.476812,1.48025,1.52036
39103,1.375964,1.429444,1.628084,1.593322,1.561998,1.561616,1.58148,1.6235,1.568492,1.52991,1.64451,1.50699,1.539078,1.529528,1.56047,1.64069,1.638016,1.716326,1.557796,1.492856,1.561998,1.477958,1.476812,1.48025,1.52036
39105,1.375964,1.429444,1.628084,1.593322,1.561998,1.561616,1.58148,1.6235,1.568492,1.52991,1.64451,1.50699,1.539078,1.529528,1.56047,1.64069,1.638016,1.716326,1.557796,1.492856,1.561998,1.477958,1.476812,1.48025,1.52036
39107,1.375964,1.429444,1.628084,1.593322,1.561998,1.561616,1.58148,1.6235,1.568492,1.52991,1.64451,1.50699,1.539078,1.529528,1.56047,1.64069,1.638016,1.716326,1.557796,1.492856,1.561998,1.477958,1.476812,1.48025,1.52036
39109,1.375964,1.429444,1.628084,1.593322,1.561998,1.561616,1.58148,1.6235,1.568492,1.52991,1.64451,1.50699,1.539078,1.529528,1.56047,1.64069,1.638016,1.716326,1.557796,1.492856,1.561998,1.477958,1.476812,1.48025,1.52036
39111,1.375964,1.429444,1.628084,1.593322,1.561998,1.561616,1.58148,1.6235,1.568492,1.52991,1.64451,1.50699,1.539078,1.529528,1.56047,1.64069,1.638016,1.716326,1.557796,1.492856,1.561998,1.477958,1.476812,1.48025,1.52036
39113,1.375964,1.429444,1.628084,1.593322,1.561998,1.561616,1.58148,1.6235,1.568492,1.52991,1.64451,1.50699,1.539078,1.529528,1.56047,1.64069,1.638016,1.716326,1.557796,1.492856,1.561998,1.477958,1.476812,1.48025,1.52036
39115,1.375964,1.429444,1.628084,1.593322,1.561998,1.561616,1.58148,1.6235,1.568492,1.52991,1.64451,1.50699,1.539078,1.529528,1.56047,1.64069,1.638016,1.716326,1.557796,1.492856,1.561998,1.477958,1.476812,1.48025,1.52036
39117,1.375964,1.429444,1.628084,1.593322,1.561998,1.561616,1.58148,1.6235,1.568492,1.52991,1.64451,1.50699,1.539078,1.529528,1.56047,1.64069,1.638016,1.716326,1.557796,1.492856,1.561998,1.477958,1.476812,1.48025,1.52036
39119,1.375964,1.429444,1.628084,1.593322,1.561998,1.561616,1.58148,1.6235,1.568492,1.52991,1.64451,1.50699,1.539078,1.529528,1.56047,1.64069,1.638016,1.716326,1.557796,1.492856,1.561998,1.477958,1.476812,1.48025,1.52036
39121,1.375964,1.429444,1.628084,1.593322,1.561998,1.561616,1.58148,1.6235,1.568492,1.52991,1.64451,1.50699,1.539078,1.529528,1.56047,1.64069,1.638016,1.716326,1.557796,1.492856,1.561998,1.477958,1.476812,1.48025,1.52036
39123,1.375964,1.429444,1.628084,1.593322,1.561998,1.561616,1.58148,1.6235,1.568492,1.52991,1.64451,1.50699,1.539078,1.529528,1.56047,1.64069,1.638016,1.716326,1.557796,1.492856,1.561998,1.477958,1.476812,1.48025,1.52036
39125,1.375964,1.429444,1.628084,1.593322,1.561998,1.561616,1.58148,1.6235,1.568492,1.52991,1.64451,1.50699,1.539078,1.529528,1.56047,1.64069,1.638016,1.716326,1.557796,1.492856,1.561998,1.477958,1.476812,1.48025,1.52036
39127,1.375964,1.429444,1.628084,1.593322,1.561998,1.561616,1.58148,1.6235,1.568492,1.52991,1.64451,1.50699,1.539078,1.529528,1.56047,1.64069,1.638016,1.716326,1.557796,1.492856,1.561998,1.477958,1.476812,1.48025,1.52036
39129,1.375964,1.429444,1.628084,1.593322,1.561998,1.561616,1.58148,1.6235,1.568492,1.52991,1.64451,1.50699,1.539078,1.529528,1.56047,1.64069,1.638016,1.716326,1.557796,1.492856,1.561998,1.477958,1.476812,1.48025,1.52036
39131,1.375964,1.429444,1.628084,1.593322,1.561998,1.561616,1.58148,1.6235,1.568492,1.52991,1.64451,1.50699,1.539078,1.529528,1.56047,1.64069,1.638016,1.716326,1.557796,1.492856,1.561998,1.477958,1.476812,1.48025,1.52036
39133,1.375964,1.429444,1.628084,1.593322,1.561998,1.561616,1.58148,1.6235,1.568492,1.52991,1.64451,1.50699,1.539078,1.529528,1.56047,1.64069,1.638016,1.716326,1.557796,1.492856,1.561998,1.477958,1.476812,1.48025,1.52036
39135,1.375964,1.429444,1.628084,1.593322,1.561998,1.561616,1.58148,1.6235,1.568492,1.52991,1.64451,1.50699,1.539078,1.529528,1.56047,1.64069,1.638016,1.716326,1.557796,1.492856,1.561998,1.477958,1.476812,1.48025,1.52036
39137,1.375964,1.429444,1.628084,1.593322,1.561998,1.561616,1.58148,1.6235,1.568492,1.52991,1.64451,1.50699,1.539078,1.529528,1.56047,1.64069,1.638016,1.716326,1.557796,1.492856,1.561998,1.477958,1.476812,1.48025,1.52036
39139,1.375964,1.429444,1.628084,1.593322,1.561998,1.561616,1.58148,1.6235,1.568492,1.52991,1.64451,1.50699,1.539078,1.529528,1.56047,1.64069,1.638016,1.716326,1.557796,1.492856,1.561998,1.477958,1.476812,1.48025,1.52036
39141,1.375964,1.429444,1.628084,1.593322,1.561998,1.561616,1.58148,1.6235,1.568492,1.52991,1.64451,1.50699,1.539078,1.529528,1.56047,1.64069,1.638016,1.716326,1.557796,1.492856,1.561998,1.477958,1.476812,1.48025,1.52036
39143,1.375964,1.429444,1.628084,1.593322,1.561998,1.561616,1.58148,1.6235,1.568492,1.52991,1.64451,1.50699,1.539078,1.529528,1.56047,1.64069,1.638016,1.716326,1.557796,1.492856,1.561998,1.477958,1.476812,1.48025,1.52036
39145,1.375964,1.429444,1.628084,1.593322,1.561998,1.561616,1.58148,1.6235,1.568492,1.52991,1.64451,1.50699,1.539078,1.529528,1.56047,1.64069,1.638016,1.716326,1.557796,1.492856,1.561998,1.477958,1.476812,1.48025,1.52036
39147,1.375964,1.429444,1.628084,1.593322,1.561998,1.561616,1.58148,1.6235,1.568492,1.52991,1.64451,1.50699,1.539078,1.529528,1.56047,1.64069,1.638016,1.716326,1.557796,1.492856,1.561998,1.477958,1.476812,1.48025,1.52036
39149,1.375964,1.429444,1.628084,1.593322,1.561998,1.561616,1.58148,1.6235,1.568492,1.52991,1.64451,1.50699,1.539078,1.529528,1.56047,1.64069,1.638016,1.716326,1.557796,1.492856,1.561998,1.477958,1.476812,1.48025,1.52036
39151,1.375964,1.429444,1.628084,1.593322,1.561998,1.561616,1.58148,1.6235,1.568492,1.52991,1.64451,1.50699,1.539078,1.529528,1.56047,1.64069,1.638016,1.716326,1.557796,1.492856,1.561998,1.477958,1.476812,1.48025,1.52036
39153,1.375964,1.429444,1.628084,1.593322,1.561998,1.561616,1.58148,1.6235,1.568492,1.52991,1.64451,1.50699,1.539078,1.529528,1.56047,1.64069,1.638016,1.716326,1.557796,1.492856,1.561998,1.477958,1.476812,1.48025,1.52036
39155,1.375964,1.429444,1.628084,1.593322,1.561998,1.561616,1.58148,1.6235,1.568492,1.52991,1.64451,1.50699,1.539078,1.529528,1.56047,1.64069,1.638016,1.716326,1.557796,1.492856,1.561998,1.477958,1.476812,1.48025,1.52036
39157,1.375964,1.429444,1.628084,1.593322,1.561998,1.561616,1.58148,1.6235,1.568492,1.52991,1.64451,1.50699,1.539078,1.529528,1.56047,1.64069,1.638016,1.716326,1.557796,1.492856,1.561998,1.477958,1.476812,1.48025,1.52036
39159,1.375964,1.429444,1.628084,1.593322,1.561998,1.561616,1.58148,1.6235,1.568492,1.52991,1.64451,1.50699,1.539078,1.529528,1.56047,1.64069,1.638016,1.716326,1.557796,1.492856,1.561998,1.477958,1.476812,1.48025,1.52036
39161,1.375964,1.429444,1.628084,1.593322,1.561998,1.561616,1.58148,1.6235,1.568492,1.52991,1.64451,1.50699,1.539078,1.529528,1.56047,1.64069,1.638016,1.716326,1.557796,1.492856,1.561998,1.477958,1.476812,1.48025,1.52036
39163,1.375964,1.429444,1.628084,1.593322,1.561998,1.561616,1.58148,1.6235,1.568492,1.52991,1.64451,1.50699,1.539078,1.529528,1.56047,1.64069,1.638016,1.716326,1.557796,1.492856,1.561998,1.477958,1.476812,1.48025,1.52036
39165,1.375964,1.429444,1.628084,1.593322,1.561998,1.561616,1.58148,1.6235,1.568492,1.52991,1.64451,1.50699,1.539078,1.529528,1.56047,1.64069,1.638016,1.716326,1.557796,1.492856,1.561998,1.477958,1.476812,1.48025,1.52036
39167,1.375964,1.429444,1.628084,1.593322,1.561998,1.561616,1.58148,1.6235,1.568492,1.52991,1.64451,1.50699,1.539078,1.529528,1.56047,1.64069,1.638016,1.716326,1.557796,1.492856,1.561998,1.477958,1.476812,1.48025,1.52036
39169,1.375964,1.429444,1.628084,1.593322,1.561998,1.561616,1.58148,1.6235,1.568492,1.52991,1.64451,1.50699,1.539078,1.529528,1.56047,1.64069,1.638016,1.716326,1.557796,1.492856,1.561998,1.477958,1.476812,1.48025,1.52036
39171,1.375964,1.429444,1.628084,1.593322,1.561998,1.561616,1.58148,1.6235,1.568492,1.52991,1.64451,1.50699,1.539078,1.529528,1.56047,1.64069,1.638016,1.716326,1.557796,1.492856,1.561998,1.477958,1.476812,1.48025,1.52036
39173,1.375964,1.429444,1.628084,1.593322,1.561998,1.561616,1.58148,1.6235,1.568492,1.52991,1.64451,1.50699,1.539078,1.529528,1.56047,1.64069,1.638016,1.716326,1.557796,1.492856,1.561998,1.477958,1.476812,1.48025,1.52036
39175,1.375964,1.429444,1.628084,1.593322,1.561998,1.561616,1.58148,1.6235,1.568492,1.52991,1.64451,1.50699,1.539078,1.529528,1.56047,1.64069,1.638016,1.716326,1.557796,1.492856,1.561998,1.477958,1.476812,1.48025,1.52036
40001,1.375964,1.429444,1.628084,1.593322,1.561998,1.561616,1.58148,1.6235,1.568492,1.52991,1.64451,1.50699,1.539078,1.529528,1.56047,1.64069,1.638016,1.716326,1.557796,1.492856,1.561998,1.477958,1.476812,1.48025,1.52036
40003,1.375964,1.429444,1.628084,1.593322,1.561998,1.561616,1.58148,1.6235,1.568492,1.52991,1.64451,1.50699,1.539078,1.529528,1.56047,1.64069,1.638016,1.716326,1.557796,1.492856,1.561998,1.477958,1.476812,1.48025,1.52036
40005,1.375964,1.429444,1.628084,1.593322,1.561998,1.561616,1.58148,1.6235,1.568492,1.52991,1.64451,1.50699,1.539078,1.529528,1.56047,1.64069,1.638016,1.716326,1.557796,1.492856,1.561998,1.477958,1.476812,1.48025,1.52036
40007,1.375964,1.429444,1.628084,1.593322,1.561998,1.561616,1.58148,1.6235,1.568492,1.52991,1.64451,1.50699,1.539078,1.529528,1.56047,1.64069,1.638016,1.716326,1.557796,1.492856,1.561998,1.477958,1.476812,1.48025,1.52036
40009,1.375964,1.429444,1.628084,1.593322,1.561998,1.561616,1.58148,1.6235,1.568492,1.52991,1.64451,1.50699,1.539078,1.529528,1.56047,1.64069,1.638016,1.716326,1.557796,1.492856,1.561998,1.477958,1.476812,1.48025,1.52036
40011,1.375964,1.429444,1.628084,1.593322,1.561998,1.561616,1.58148,1.6235,1.568492,1.52991,1.64451,1.50699,1.539078,1.529528,1.56047,1.64069,1.638016,1.716326,1.557796,1.492856,1.561998,1.477958,1.476812,1.48025,1.52036
40013,1.375964,1.429444,1.628084,1.593322,1.561998,1.561616,1.58148,1.6235,1.568492,1.52991,1.64451,1.50699,1.539078,1.529528,1.56047,1.64069,1.638016,1.716326,1.557796,1.492856,1.561998,1.477958,1.476812,1.48025,1.52036
40015,1.375964,1.429444,1.628084,1.593322,1.561998,1.561616,1.58148,1.6235,1.568492,1.52991,1.64451,1.50699,1.539078,1.529528,1.56047,1.64069,1.638016,1.716326,1.557796,1.492856,1.561998,1.477958,1.476812,1.48025,1.52036
40017,1.375964,1.429444,1.628084,1.593322,1.561998,1.561616,1.58148,1.6235,1.568492,1.52991,1.64451,1.50699,1.539078,1.529528,1.56047,1.64069,1.638016,1.716326,1.557796,1.492856,1.561998,1.477958,1.476812,1.48025,1.52036
40019,1.375964,1.429444,1.628084,1.593322,1.561998,1.561616,1.58148,1.6235,1.568492,1.52991,1.64451,1.50699,1.539078,1.529528,1.56047,1.64069,1.638016,1.716326,1.557796,1.492856,1.561998,1.477958,1.476812,1.48025,1.52036
40021,1.375964,1.429444,1.628084,1.593322,1.561998,1.561616,1.58148,1.6235,1.568492,1.52991,1.64451,1.50699,1.539078,1.529528,1.56047,1.64069,1.638016,1.716326,1.557796,1.492856,1.561998,1.477958,1.476812,1.48025,1.52036
40023,1.375964,1.429444,1.628084,1.593322,1.561998,1.561616,1.58148,1.6235,1.568492,1.52991,1.64451,1.50699,1.539078,1.529528,1.56047,1.64069,1.638016,1.716326,1.557796,1.492856,1.561998,1.477958,1.476812,1.48025,1.52036
40025,1.375964,1.429444,1.628084,1.593322,1.561998,1.561616,1.58148,1.6235,1.568492,1.52991,1.64451,1.50699,1.539078,1.529528,1.56047,1.64069,1.638016,1.716326,1.557796,1.492856,1.561998,1.477958,1.476812,1.48025,1.52036
40027,1.375964,1.429444,1.628084,1.593322,1.561998,1.561616,1.58148,1.6235,1.568492,1.52991,1.64451,1.50699,1.539078,1.529528,1.56047,1.64069,1.638016,1.716326,1.557796,1.492856,1.561998,1.477958,1.476812,1.48025,1.52036
40029,1.375964,1.429444,1.628084,1.593322,1.561998,1.561616,1.58148,1.6235,1.568492,1.52991,1.64451,1.50699,1.539078,1.529528,1.56047,1.64069,1.638016,1.716326,1.557796,1.492856,1.561998,1.477958,1.476812,1.48025,1.52036
40031,1.375964,1.429444,1.628084,1.593322,1.561998,1.561616,1.58148,1.6235,1.568492,1.52991,1.64451,1.50699,1.539078,1.529528,1.56047,1.64069,1.638016,1.716326,1.557796,1.492856,1.561998,1.477958,1.476812,1.48025,1.52036
40033,1.375964,1.429444,1.628084,1.593322,1.561998,1.561616,1.58148,1.6235,1.568492,1.52991,1.64451,1.50699,1.539078,1.529528,1.56047,1.64069,1.638016,1.716326,1.557796,1.492856,1.561998,1.477958,1.476812,1.48025,1.52036
40035,1.375964,1.429444,1.628084,1.593322,1.561998,1.561616,1.58148,1.6235,1.568492,1.52991,1.64451,1.50699,1.539078,1.529528,1.56047,1.64069,1.638016,1.716326,1.557796,1.492856,1.561998,1.477958,1.476812,1.48025,1.52036
40037,1.375964,1.429444,1.628084,1.593322,1.561998,1.561616,1.58148,1.6235,1.568492,1.52991,1.64451,1.50699,1.539078,1.529528,1.56047,1.64069,1.638016,1.716326,1.557796,1.492856,1.561998,1.477958,1.476812,1.48025,1.52036
40039,1.375964,1.429444,1.628084,1.593322,1.561998,1.561616,1.58148,1.6235,1.568492,1.52991,1.64451,1.50699,1.539078,1.529528,1.56047,1.64069,1.638016,1.716326,1.557796,1.492856,1.561998,1.477958,1.476812,1.48025,1.52036
40041,1.375964,1.429444,1.628084,1.593322,1.561998,1.561616,1.58148,1.6235,1.568492,1.52991,1.64451,1.50699,1.539078,1.529528,1.56047,1.64069,1.638016,1.716326,1.557796,1.492856,1.561998,1.477958,1.476812,1.48025,1.52036
40043,1.375964,1.429444,1.628084,1.593322,1.561998,1.561616,1.58148,1.6235,1.568492,1.52991,1.64451,1.50699,1.539078,1.529528,1.56047,1.64069,1.638016,1.716326,1.557796,1.492856,1.561998,1.477958,1.476812,1.48025,1.52036
40045,1.375964,1.429444,1.628084,1.593322,1.561998,1.561616,1.58148,1.6235,1.568492,1.52991,1.64451,1.50699,1.539078,1.529528,1.56047,1.64069,1.638016,1.716326,1.557796,1.492856,1.561998,1.477958,1.476812,1.48025,1.52036
40047,1.375964,1.429444,1.628084,1.593322,1.561998,1.561616,1.58148,1.6235,1.568492,1.52991,1.64451,1.50699,1.539078,1.529528,1.56047,1.64069,1.638016,1.716326,1.557796,1.492856,1.561998,1.477958,1.476812,1.48025,1.52036
40049,1.375964,1.429444,1.628084,1.593322,1.561998,1.561616,1.58148,1.6235,1.568492,1.52991,1.64451,1.50699,1.539078,1.529528,1.56047,1.64069,1.638016,1.716326,1.557796,1.492856,1.561998,1.477958,1.476812,1.48025,1.52036
40051,1.375964,1.429444,1.628084,1.593322,1.561998,1.561616,1.58148,1.6235,1.568492,1.52991,1.64451,1.50699,1.539078,1.529528,1.56047,1.64069,1.638016,1.716326,1.557796,1.492856,1.561998,1.477958,1.476812,1.48025,1.52036
40053,1.375964,1.429444,1.628084,1.593322,1.561998,1.561616,1.58148,1.6235,1.568492,1.52991,1.64451,1.50699,1.539078,1.529528,1.56047,1.64069,1.638016,1.716326,1.557796,1.492856,1.561998,1.477958,1.476812,1.48025,1.52036
40055,1.375964,1.429444,1.628084,1.593322,1.561998,1.561616,1.58148,1.6235,1.568492,1.52991,1.64451,1.50699,1.539078,1.529528,1.56047,1.64069,1.638016,1.716326,1.557796,1.492856,1.561998,1.477958,1.476812,1.48025,1.52036
40057,1.375964,1.429444,1.628084,1.593322,1.561998,1.561616,1.58148,1.6235,1.568492,1.52991,1.64451,1.50699,1.539078,1.529528,1.56047,1.64069,1.638016,1.716326,1.557796,1.492856,1.561998,1.477958,1.476812,1.48025,1.52036
40059,1.375964,1.429444,1.628084,1.593322,1.561998,1.561616,1.58148,1.6235,1.568492,1.52991,1.64451,1.50699,1.539078,1.529528,1.56047,1.64069,1.638016,1.716326,1.557796,1.492856,1.561998,1.477958,1.476812,1.48025,1.52036
40061,1.375964,1.429444,1.628084,1.593322,1.561998,1.561616,1.58148,1.6235,1.568492,1.52991,1.64451,1.50699,1.539078,1.529528,1.56047,1.64069,1.638016,1.716326,1.557796,1.492856,1.561998,1.477958,1.476812,1.48025,1.52036
40063,1.375964,1.429444,1.628084,1.593322,1.561998,1.561616,1.58148,1.6235,1.568492,1.52991,1.64451,1.50699,1.539078,1.529528,1.56047,1.64069,1.638016,1.716326,1.557796,1.492856,1.561998,1.477958,1.476812,1.48025,1.52036
40065,1.375964,1.429444,1.628084,1.593322,1.561998,1.561616,1.58148,1.6235,1.568492,1.52991,1.64451,1.50699,1.539078,1.529528,1.56047,1.64069,1.638016,1.716326,1.557796,1.492856,1.561998,1.477958,1.476812,1.48025,1.52036
40067,1.375964,1.429444,1.628084,1.593322,1.561998,1.561616,1.58148,1.6235,1.568492,1.52991,1.64451,1.50699,1.539078,1.529528,1.56047,1.64069,1.638016,1.716326,1.557796,1.492856,1.561998,1.477958,1.476812,1.48025,1.52036
40069,1.375964,1.429444,1.628084,1.593322,1.561998,1.561616,1.58148,1.6235,1.568492,1.52991,1.64451,1.50699,1.539078,1.529528,1.56047,1.64069,1.638016,1.716326,1.557796,1.492856,1.561998,1.477958,1.476812,1.48025,1.52036
40071,1.375964,1.429444,1.628084,1.593322,1.561998,1.561616,1.58148,1.6235,1.568492,1.52991,1.64451,1.50699,1.539078,1.529528,1.56047,1.64069,1.638016,1.716326,1.557796,1.492856,1.561998,1.477958,1.476812,1.48025,1.52036
40073,1.375964,1.429444,1.628084,1.593322,1.561998,1.561616,1.58148,1.6235,1.568492,1.52991,1.64451,1.50699,1.539078,1.529528,1.56047,1.64069,1.638016,1.716326,1.557796,1.492856,1.561998,1.477958,1.476812,1.48025,1.52036
40075,1.375964,1.429444,1.628084,1.593322,1.561998,1.561616,1.58148,1.6235,1.568492,1.52991,1.64451,1.50699,1.539078,1.529528,1.56047,1.64069,1.638016,1.716326,1.557796,1.492856,1.561998,1.477958,1.476812,1.48025,1.52036
40077,1.375964,1.429444,1.628084,1.593322,1.561998,1.561616,1.58148,1.6235,1.568492,1.52991,1.64451,1.50699,1.539078,1.529528,1.56047,1.64069,1.638016,1.716326,1.557796,1.492856,1.561998,1.477958,1.476812,1.48025,1.52036
40079,1.375964,1.429444,1.628084,1.593322,1.561998,1.561616,1.58148,1.6235,1.568492,1.52991,1.64451,1.50699,1.539078,1.529528,1.56047,1.64069,1.638016,1.716326,1.557796,1.492856,1.561998,1.477958,1.476812,1.48025,1.52036
40081,1.375964,1.429444,1.628084,1.593322,1.561998,1.561616,1.58148,1.6235,1.568492,1.52991,1.64451,1.50699,1.539078,1.529528,1.56047,1.64069,1.638016,1.716326,1.557796,1.492856,1.561998,1.477958,1.476812,1.48025,1.52036
40083,1.375964,1.429444,1.628084,1.593322,1.561998,1.561616,1.58148,1.6235,1.568492,1.52991,1.64451,1.50699,1.539078,1.529528,1.56047,1.64069,1.638016,1.716326,1.557796,1.492856,1.561998,1.477958,1.476812,1.48025,1.52036
40085,1.375964,1.429444,1.628084,1.593322,1.561998,1.561616,1.58148,1.6235,1.568492,1.52991,1.64451,1.50699,1.539078,1.529528,1.56047,1.64069,1.638016,1.716326,1.557796,1.492856,1.561998,1.477958,1.476812,1.48025,1.52036
40087,1.375964,1.429444,1.628084,1.593322,1.561998,1.561616,1.58148,1.6235,1.568492,1.52991,1.64451,1.50699,1.539078,1.529528,1.56047,1.64069,1.638016,1.716326,1.557796,1.492856,1.561998,1.477958,1.476812,1.48025,1.52036
40089,1.375964,1.429444,1.628084,1.593322,1.561998,1.561616,1.58148,1.6235,1.568492,1.52991,1.64451,1.50699,1.539078,1.529528,1.56047,1.64069,1.638016,1.716326,1.557796,1.492856,1.561998,1.477958,1.476812,1.48025,1.52036
40091,1.375964,1.429444,1.628084,1.593322,1.561998,1.561616,1.58148,1.6235,1.568492,1.52991,1.64451,1.50699,1.539078,1.529528,1.56047,1.64069,1.638016,1.716326,1.557796,1.492856,1.561998,1.477958,1.476812,1.48025,1.52036
40093,1.375964,1.429444,1.628084,1.593322,1.561998,1.561616,1.58148,1.6235,1.568492,1.52991,1.64451,1.50699,1.539078,1.529528,1.56047,1.64069,1.638016,1.716326,1.557796,1.492856,1.561998,1.477958,1.476812,1.48025,1.52036
40095,1.375964,1.429444,1.628084,1.593322,1.561998,1.561616,1.58148,1.6235,1.568492,1.52991,1.64451,1.50699,1.539078,1.529528,1.56047,1.64069,1.638016,1.716326,1.557796,1.492856,1.561998,1.477958,1.476812,1.48025,1.52036
40097,1.375964,1.429444,1.628084,1.593322,1.561998,1.561616,1.58148,1.6235,1.568492,1.52991,1.64451,1.50699,1.539078,1.529528,1.56047,1.64069,1.638016,1.716326,1.557796,1.492856,1.561998,1.477958,1.476812,1.48025,1.52036
40099,1.375964,1.429444,1.628084,1.593322,1.561998,1.561616,1.58148,1.6235,1.568492,1.52991,1.64451,1.50699,1.539078,1.529528,1.56047,1.64069,1.638016,1.716326,1.557796,1.492856,1.561998,1.477958,1.476812,1.48025,1.52036
40101,1.375964,1.429444,1.628084,1.593322,1.561998,1.561616,1.58148,1.6235,1.568492,1.52991,1.64451,1.50699,1.539078,1.529528,1.56047,1.64069,1.638016,1.716326,1.557796,1.492856,1.561998,1.477958,1.476812,1.48025,1.52036
40103,1.375964,1.429444,1.628084,1.593322,1.561998,1.561616,1.58148,1.6235,1.568492,1.52991,1.64451,1.50699,1.539078,1.529528,1.56047,1.64069,1.638016,1.716326,1.557796,1.492856,1.561998,1.477958,1.476812,1.48025,1.52036
40105,1.375964,1.429444,1.628084,1.593322,1.561998,1.561616,1.58148,1.6235,1.568492,1.52991,1.64451,1.50699,1.539078,1.529528,1.56047,1.64069,1.638016,1.716326,1.557796,1.492856,1.561998,1.477958,1.476812,1.48025,1.52036
40107,1.375964,1.429444,1.628084,1.593322,1.561998,1.561616,1.58148,1.6235,1.568492,1.52991,1.64451,1.50699,1.539078,1.529528,1.56047,1.64069,1.638016,1.716326,1.557796,1.492856,1.561998,1.477958,1.476812,1.48025,1.52036
40109,1.375964,1.429444,1.628084,1.593322,1.561998,1.561616,1.58148,1.6235,1.568492,1.52991,1.64451,1.50699,1.539078,1.529528,1.56047,1.64069,1.638016,1.716326,1.557796,1.492856,1.561998,1.477958,1.476812,1.48025,1.52036
40111,1.375964,1.429444,1.628084,1.593322,1.561998,1.561616,1.58148,1.6235,1.568492,1.52991,1.64451,1.50699,1.539078,1.529528,1.56047,1.64069,1.638016,1.716326,1.557796,1.492856,1.561998,1.477958,1.476812,1.48025,1.52036
40113,1.375964,1.429444,1.628084,1.593322,1.561998,1.561616,1.58148,1.6235,1.568492,1.52991,1.64451,1.50699,1.539078,1.529528,1.56047,1.64069,1.638016,1.716326,1.557796,1.492856,1.561998,1.477958,1.476812,1.48025,1.52036
40115,1.375964,1.429444,1.628084,1.593322,1.561998,1.561616,1.58148,1.6235,1.568492,1.52991,1.64451,1.50699,1.539078,1.529528,1.56047,1.64069,1.638016,1.716326,1.557796,1.492856,1.561998,1.477958,1.476812,1.48025,1.52036
40117,1.375964,1.429444,1.628084,1.593322,1.561998,1.561616,1.58148,1.6235,1.568492,1.52991,1.64451,1.50699,1.539078,1.529528,1.56047,1.64069,1.638016,1.716326,1.557796,1.492856,1.561998,1.477958,1.476812,1.48025,1.52036
40119,1.375964,1.429444,1.628084,1.593322,1.561998,1.561616,1.58148,1.6235,1.568492,1.52991,1.64451,1.50699,1.539078,1.529528,1.56047,1.64069,1.638016,1.716326,1.557796,1.492856,1.561998,1.477958,1.476812,1.48025,1.52036
40121,1.375964,1.429444,1.628084,1.593322,1.561998,1.561616,1.58148,1.6235,1.568492,1.52991,1.64451,1.50699,1.539078,1.529528,1.56047,1.64069,1.638016,1.716326,1.557796,1.492856,1.561998,1.477958,1.476812,1.48025,1.52036
40123,1.375964,1.429444,1.628084,1.593322,1.561998,1.561616,1.58148,1.6235,1.568492,1.52991,1.64451,1.50699,1.539078,1.529528,1.56047,1.64069,1.638016,1.716326,1.557796,1.492856,1.561998,1.477958,1.476812,1.48025,1.52036
40125,1.375964,1.429444,1.628084,1.593322,1.561998,1.561616,1.58148,1.6235,1.568492,1.52991,1.64451,1.50699,1.539078,1.529528,1.56047,1.64069,1.638016,1.716326,1.557796,1.492856,1.561998,1.477958,1.476812,1.48025,1.52036
40127,1.375964,1.429444,1.628084,1.593322,1.561998,1.561616,1.58148,1.6235,1.568492,1.52991,1.64451,1.50699,1.539078,1.529528,1.56047,1.64069,1.638016,1.716326,1.557796,1.492856,1.561998,1.477958,1.476812,1.48025,1.52036
40129,1.375964,1.429444,1.628084,1.593322,1.561998,1.561616,1.58148,1.6235,1.568492,1.52991,1.64451,1.50699,1.539078,1.529528,1.56047,1.64069,1.638016,1.716326,1.557796,1.492856,1.561998,1.477958,1.476812,1.48025,1.52036
40131,1.375964,1.429444,1.628084,1.593322,1.561998,1.561616,1.58148,1.6235,1.568492,1.52991,1.64451,1.50699,1.539078,1.529528,1.56047,1.64069,1.638016,1.716326,1.557796,1.492856,1.561998,1.477958,1.476812,1.48025,1.52036
40133,1.375964,1.429444,1.628084,1.593322,1.561998,1.561616,1.58148,1.6235,1.568492,1.52991,1.64451,1.50699,1.539078,1.529528,1.56047,1.64069,1.638016,1.716326,1.557796,1.492856,1.561998,1.477958,1.476812,1.48025,1.52036
40135,1.375964,1.429444,1.628084,1.593322,1.561998,1.561616,1.58148,1.6235,1.568492,1.52991,1.64451,1.50699,1.539078,1.529528,1.56047,1.64069,1.638016,1.716326,1.557796,1.492856,1.561998,1.477958,1.476812,1.48025,1.52036
40137,1.375964,1.429444,1.628084,1.593322,1.561998,1.561616,1.58148,1.6235,1.568492,1.52991,1.64451,1.50699,1.539078,1.529528,1.56047,1.64069,1.638016,1.716326,1.557796,1.492856,1.561998,1.477958,1.476812,1.48025,1.52036
40139,1.375964,1.429444,1.628084,1.593322,1.561998,1.561616,1.58148,1.6235,1.568492,1.52991,1.64451,1.50699,1.539078,1.529528,1.56047,1.64069,1.638016,1.716326,1.557796,1.492856,1.561998,1.477958,1.476812,1.48025,1.52036
40141,1.375964,1.429444,1.628084,1.593322,1.561998,1.561616,1.58148,1.6235,1.568492,1.52991,1.64451,1.50699,1.539078,1.529528,1.56047,1.64069,1.638016,1.716326,1.557796,1.492856,1.561998,1.477958,1.476812,1.48025,1.52036
40143,1.375964,1.429444,1.628084,1.593322,1.561998,1.561616,1.58148,1.6235,1.568492,1.52991,1.64451,1.50699,1.539078,1.529528,1.56047,1.64069,1.638016,1.716326,1.557796,1.492856,1.561998,1.477958,1.476812,1.48025,1.52036
40145,1.375964,1.429444,1.628084,1.593322,1.561998,1.561616,1.58148,1.6235,1.568492,1.52991,1.64451,1.50699,1.539078,1.529528,1.56047,1.64069,1.638016,1.716326,1.557796,1.492856,1.561998,1.477958,1.476812,1.48025,1.52036
40147,1.375964,1.429444,1.628084,1.593322,1.561998,1.561616,1.58148,1.6235,1.568492,1.52991,1.64451,1.50699,1.539078,1.529528,1.56047,1.64069,1.638016,1.716326,1.557796,1.492856,1.561998,1.477958,1.476812,1.48025,1.52036
40149,1.375964,1.429444,1.628084,1.593322,1.561998,1.561616,1.58148,1.6235,1.568492,1.52991,1.64451,1.50699,1.539078,1.529528,1.56047,1.64069,1.638016,1.716326,1.557796,1.492856,1.561998,1.477958,1.476812,1.48025,1.52036
40151,1.375964,1.429444,1.628084,1.593322,1.561998,1.561616,1.58148,1.6235,1.568492,1.52991,1.64451,1.50699,1.539078,1.529528,1.56047,1.64069,1.638016,1.716326,1.557796,1.492856,1.561998,1.477958,1.476812,1.48025,1.52036
40153,1.375964,1.429444,1.628084,1.593322,1.561998,1.561616,1.58148,1.6235,1.568492,1.52991,1.64451,1.50699,1.539078,1.529528,1.56047,1.64069,1.638016,1.716326,1.557796,1.492856,1.561998,1.477958,1.476812,1.48025,1.52036
41001,1.375964,1.429444,1.628084,1.593322,1.561998,1.561616,1.58148,1.6235,1.568492,1.52991,1.64451,1.50699,1.539078,1.529528,1.56047,1.64069,1.638016,1.716326,1.557796,1.492856,1.561998,1.477958,1.476812,1.48025,1.52036
41003,1.375964,1.429444,1.628084,1.593322,1.561998,1.561616,1.58148,1.6235,1.568492,1.52991,1.64451,1.50699,1.539078,1.529528,1.56047,1.64069,1.638016,1.716326,1.557796,1.492856,1.561998,1.477958,1.476812,1.48025,1.52036
41005,1.375964,1.429444,1.628084,1.593322,1.561998,1.561616,1.58148,1.6235,1.568492,1.52991,1.64451,1.50699,1.539078,1.529528,1.56047,1.64069,1.638016,1.716326,1.557796,1.492856,1.561998,1.477958,1.476812,1.48025,1.52036
41007,1.375964,1.429444,1.628084,1.593322,1.561998,1.561616,1.58148,1.6235,1.568492,1.52991,1.64451,1.50699,1.539078,1.529528,1.56047,1.64069,1.638016,1.716326,1.557796,1.492856,1.561998,1.477958,1.476812,1.48025,1.52036
41009,1.375964,1.429444,1.628084,1.593322,1.561998,1.561616,1.58148,1.6235,1.568492,1.52991,1.64451,1.50699,1.539078,1.529528,1.56047,1.64069,1.638016,1.716326,1.557796,1.492856,1.561998,1.477958,1.476812,1.48025,1.52036
41011,1.375964,1.429444,1.628084,1.593322,1.561998,1.561616,1.58148,1.6235,1.568492,1.52991,1.64451,1.50699,1.539078,1.529528,1.56047,1.64069,1.638016,1.716326,1.557796,1.492856,1.561998,1.477958,1.476812,1.48025,1.52036
41013,1.375964,1.429444,1.628084,1.593322,1.561998,1.561616,1.58148,1.6235,1.568492,1.52991,1.64451,1.50699,1.539078,1.529528,1.56047,1.64069,1.638016,1.716326,1.557796,1.492856,1.561998,1.477958,1.476812,1.48025,1.52036
41015,1.375964,1.429444,1.628084,1.593322,1.561998,1.561616,1.58148,1.6235,1.568492,1.52991,1.64451,1.50699,1.539078,1.529528,1.56047,1.64069,1.638016,1.716326,1.557796,1.492856,1.561998,1.477958,1.476812,1.48025,1.52036
41017,1.375964,1.429444,1.628084,1.593322,1.561998,1.561616,1.58148,1.6235,1.568492,1.52991,1.64451,1.50699,1.539078,1.529528,1.56047,1.64069,1.638016,1.716326,1.557796,1.492856,1.561998,1.477958,1.476812,1.48025,1.52036
41019,1.375964,1.429444,1.628084,1.593322,1.561998,1.561616,1.58148,1.6235,1.568492,1.52991,1.64451,1.50699,1.539078,1.529528,1.56047,1.64069,1.638016,1.716326,1.557796,1.492856,1.561998,1.477958,1.476812,1.48025,1.52036
41021,1.375964,1.429444,1.628084,1.593322,1.561998,1.561616,1.58148,1.6235,1.568492,1.52991,1.64451,1.50699,1.539078,1.529528,1.56047,1.64069,1.638016,1.716326,1.557796,1.492856,1.561998,1.477958,1.476812,1.48025,1.52036
41023,1.375964,1.429444,1.628084,1.593322,1.561998,1.561616,1.58148,1.6235,1.568492,1.52991,1.64451,1.50699,1.539078,1.529528,1.56047,1.64069,1.638016,1.716326,1.557796,1.492856,1.561998,1.477958,1.476812,1.48025,1.52036
41025,1.375964,1.429444,1.628084,1.593322,1.561998,1.561616,1.58148,1.6235,1.568492,1.52991,1.64451,1.50699,1.539078,1.529528,1.56047,1.64069,1.638016,1.716326,1.557796,1.492856,1.561998,1.477958,1.476812,1.48025,1.52036
41027,1.375964,1.429444,1.628084,1.593322,1.561998,1.561616,1.58148,1.6235,1.568492,1.52991,1.64451,1.50699,1.539078,1.529528,1.56047,1.64069,1.638016,1.716326,1.557796,1.492856,1.561998,1.477958,1.476812,1.48025,1.52036
41029,1.375964,1.429444,1.628084,1.593322,1.561998,1.561616,1.58148,1.6235,1.568492,1.52991,1.64451,1.50699,1.539078,1.529528,1.56047,1.64069,1.638016,1.716326,1.557796,1.492856,1.561998,1.477958,1.476812,1.48025,1.52036
41031,1.375964,1.429444,1.628084,1.593322,1.561998,1.561616,1.58148,1.6235,1.568492,1.52991,1.64451,1.50699,1.539078,1.529528,1.56047,1.64069,1.638016,1.716326,1.557796,1.492856,1.561998,1.477958,1.476812,1.48025,1.52036
41033,1.375964,1.429444,1.628084,1.593322,1.561998,1.561616,1.58148,1.6235,1.568492,1.52991,1.64451,1.50699,1.539078,1.529528,1.56047,1.64069,1.638016,1.716326,1.557796,1.492856,1.561998,1.477958,1.476812,1.48025,1.52036
41035,1.375964,1.429444,1.628084,1.593322,1.561998,1.561616,1.58148,1.6235,1.568492,1.52991,1.64451,1.50699,1.539078,1.529528,1.56047,1.64069,1.638016,1.716326,1.557796,1.492856,1.561998,1.477958,1.476812,1.48025,1.52036
41037,1.375964,1.429444,1.628084,1.593322,1.561998,1.561616,1.58148,1.6235,1.568492,1.52991,1.64451,1.50699,1.539078,1.529528,1.56047,1.64069,1.638016,1.716326,1.557796,1.492856,1.561998,1.477958,1.476812,1.48025,1.52036
41039,1.375964,1.429444,1.628084,1.593322,1.561998,1.561616,1.58148,1.6235,1.568492,1.52991,1.64451,1.50699,1.539078,1.529528,1.56047,1.64069,1.638016,1.716326,1.557796,1.492856,1.561998,1.477958,1.476812,1.48025,1.52036
41041,1.375964,1.429444,1.628084,1.593322,1.561998,1.561616,1.58148,1.6235,1.568492,1.52991,1.64451,1.50699,1.539078,1.529528,1.56047,1.64069,1.638016,1.716326,1.557796,1.492856,1.561998,1.477958,1.476812,1.48025,1.52036
41043,1.375964,1.429444,1.628084,1.593322,1.561998,1.561616,1.58148,1.6235,1.568492,1.52991,1.64451,1.50699,1.539078,1.529528,1.56047,1.64069,1.638016,1.716326,1.557796,1.492856,1.561998,1.477958,1.476812,1.48025,1.52036
41045,1.375964,1.429444,1.628084,1.593322,1.561998,1.561616,1.58148,1.6235,1.568492,1.52991,1.64451,1.50699,1.539078,1.529528,1.56047,1.64069,1.638016,1.716326,1.557796,1.492856,1.561998,1.477958,1.476812,1.48025,1.52036
41047,1.375964,1.429444,1.628084,1.593322,1.561998,1.561616,1.58148,1.6235,1.568492,1.52991,1.64451,1.50699,1.539078,1.529528,1.56047,1.64069,1.638016,1.716326,1.557796,1.492856,1.561998,1.477958,1.476812,1.48025,1.52036
41049,1.375964,1.429444,1.628084,1.593322,1.561998,1.561616,1.58148,1.6235,1.568492,1.52991,1.64451,1.50699,1.539078,1.529528,1.56047,1.64069,1.638016,1.716326,1.557796,1.492856,1.561998,1.477958,1.476812,1.48025,1.52036
41051,1.375964,1.429444,1.628084,1.593322,1.561998,1.561616,1.58148,1.6235,1.568492,1.52991,1.64451,1.50699,1.539078,1.529528,1.56047,1.64069,1.638016,1.716326,1.557796,1.492856,1.561998,1.477958,1.476812,1.48025,1.52036
41053,1.375964,1.429444,1.628084,1.593322,1.561998,1.561616,1.58148,1.6235,1.568492,1.52991,1.64451,1.50699,1.539078,1.529528,1.56047,1.64069,1.638016,1.716326,1.557796,1.492856,1.561998,1.477958,1.476812,1.48025,1.52036
41055,1.375964,1.429444,1.628084,1.593322,1.561998,1.561616,1.58148,1.6235,1.568492,1.52991,1.64451,1.50699,1.539078,1.529528,1.56047,1.64069,1.638016,1.716326,1.557796,1.492856,1.561998,1.477958,1.476812,1.48025,1.52036
41057,1.375964,1.429444,1.628084,1.593322,1.561998,1.561616,1.58148,1.6235,1.568492,1.52991,1.64451,1.50699,1.539078,1.529528,1.56047,1.64069,1.638016,1.716326,1.557796,1.492856,1.561998,1.477958,1.476812,1.48025,1.52036
41059,1.375964,1.429444,1.628084,1.593322,1.561998,1.561616,1.58148,1.6235,1.568492,1.52991,1.64451,1.50699,1.539078,1.529528,1.56047,1.64069,1.638016,1.716326,1.557796,1.492856,1.561998,1.477958,1.476812,1.48025,1.52036
41061,1.375964,1.429444,1.628084,1.593322,1.561998,1.561616,1.58148,1.6235,1.568492,1.52991,1.64451,1.50699,1.539078,1.529528,1.56047,1.64069,1.638016,1.716326,1.557796,1.492856,1.561998,1.477958,1.476812,1.48025,1.52036
41063,1.375964,1.429444,1.628084,1.593322,1.561998,1.561616,1.58148,1.6235,1.568492,1.52991,1.64451,1.50699,1.539078,1.529528,1.56047,1.64069,1.638016,1.716326,1.557796,1.492856,1.561998,1.477958,1.476812,1.48025,1.52036
41065,1.375964,1.429444,1.628084,1.593322,1.561998,1.561616,1.58148,1.6235,1.568492,1.52991,1.64451,1.50699,1.539078,1.529528,1.56047,1.64069,1.638016,1.716326,1.557796,1.492856,1.561998,1.477958,1.476812,1.48025,1.52036
41067,1.375964,1.429444,1.628084,1.593322,1.561998,1.561616,1.58148,1.6235,1.568492,1.52991,1.64451,1.50699,1.539078,1.529528,1.56047,1.64069,1.638016,1.716326,1.557796,1.492856,1.561998,1.477958,1.476812,1.48025,1.52036
41069,1.375964,1.429444,1.628084,1.593322,1.561998,1.561616,1.58148,1.6235,1.568492,1.52991,1.64451,1.50699,1.539078,1.529528,1.56047,1.64069,1.638016,1.716326,1.557796,1.492856,1.561998,1.477958,1.476812,1.48025,1.52036
41071,1.375964,1.429444,1.628084,1.593322,1.561998,1.561616,1.58148,1.6235,1.568492,1.52991,1.64451,1.50699,1.539078,1.529528,1.56047,1.64069,1.638016,1.716326,1.557796,1.492856,1.561998,1.477958,1.476812,1.48025,1.52036
42001,1.375964,1.429444,1.628084,1.593322,1.561998,1.561616,1.58148,1.6235,1.568492,1.52991,1.64451,1.50699,1.539078,1.529528,1.56047,1.64069,1.638016,1.716326,1.557796,1.492856,1.561998,1.477958,1.476812,1.48025,1.52036
42003,1.375964,1.429444,1.628084,1.593322,1.561998,1.561616,1.58148,1.6235,1.568492,1.52991,1.64451,1.50699,1.539078,1.529528,1.56047,1.64069,1.638016,1.716326,1.557796,1.492856,1.561998,1.477958,1.476812,1.48025,1.52036
42005,1.375964,1.429444,1.628084,1.593322,1.561998,1.561616,1.58148,1.6235,1.568492,1.52991,1.64451,1.50699,1.539078,1.529528,1.56047,1.64069,1.638016,1.716326,1.557796,1.492856,1.561998,1.477958,1.476812,1.48025,1.52036
42007,1.375964,1.429444,1.628084,1.593322,1.561998,1.561616,1.58148,1.6235,1.568492,1.52991,1.64451,1.50699,1.539078,1.529528,1.56047,1.64069,1.638016,1.716326,1.557796,1.492856,1.561998,1.477958,1.476812,1.48025,1.52036
42009,1.375964,1.429444,1.628084,1.593322,1.561998,1.561616,1.58148,1.6235,1.568492,1.52991,1.64451,1.50699,1.539078,1.529528,1.56047,1.64069,1.638016,1.716326,1.557796,1.492856,1.561998,1.477958,1.476812,1.48025,1.52036
42011,1.375964,1.429444,1.628084,1.593322,1.561998,1.561616,1.58148,1.6235,1.568492,1.52991,1.64451,1.50699,1.539078,1.529528,1.56047,1.64069,1.638016,1.716326,1.557796,1.492856,1.561998,1.477958,1.476812,1.48025,1.52036
42013,1.375964,1.429444,1.628084,1.593322,1.561998,1.561616,1.58148,1.6235,1.568492,1.52991,1.64451,1.50699,1.539078,1.529528,1.56047,1.64069,1.638016,1.716326,1.557796,1.492856,1.561998,1.477958,1.476812,1.48025,1.52036
42015,1.375964,1.429444,1.628084,1.593322,1.561998,1.561616,1.58148,1.6235,1.568492,1.52991,1.64451,1.50699,1.539078,1.529528,1.56047,1.64069,1.638016,1.716326,1.557796,1.492856,1.561998,1.477958,1.476812,1.48025,1.52036
42017,1.375964,1.429444,1.628084,1.593322,1.561998,1.561616,1.58148,1.6235,1.568492,1.52991,1.64451,1.50699,1.539078,1.529528,1.56047,1.64069,1.638016,1.716326,1.557796,1.492856,1.561998,1.477958,1.476812,1.48025,1.52036
42019,1.375964,1.429444,1.628084,1.593322,1.561998,1.561616,1.58148,1.6235,1.568492,1.52991,1.64451,1.50699,1.539078,1.529528,1.56047,1.64069,1.638016,1.716326,1.557796,1.492856,1.561998,1.477958,1.476812,1.48025,1.52036
42021,1.375964,1.429444,1.628084,1.593322,1.561998,1.561616,1.58148,1.6235,1.568492,1.52991,1.64451,1.50699,1.539078,1.529528,1.56047,1.64069,1.638016,1.716326,1.557796,1.492856,1.561998,1.477958,1.476812,1.48025,1.52036
42023,1.375964,1.429444,1.628084,1.593322,1.561998,1.561616,1.58148,1.6235,1.568492,1.52991,1.64451,1.50699,1.539078,1.529528,1.56047,1.64069,1.638016,1.716326,1.557796,1.492856,1.561998,1.477958,1.476812,1.48025,1.52036
42025,1.375964,1.429444,1.628084,1.593322,1.561998,1.561616,1.58148,1.6235,1.568492,1.52991,1.64451,1.50699,1.539078,1.529528,1.56047,1.64069,1.638016,1.716326,1.557796,1.492856,1.561998,1.477958,1.476812,1.48025,1.52036
42027,1.375964,1.429444,1.628084,1.593322,1.561998,1.561616,1.58148,1.6235,1.568492,1.52991,1.64451,1.50699,1.539078,1.529528,1.56047,1.64069,1.638016,1.716326,1.557796,1.492856,1.561998,1.477958,1.476812,1.48025,1.52036
42029,1.375964,1.429444,1.628084,1.593322,1.561998,1.561616,1.58148,1.6235,1.568492,1.52991,1.64451,1.50699,1.539078,1.529528,1.56047,1.64069,1.638016,1.716326,1.557796,1.492856,1.561998,1.477958,1.476812,1.48025,1.52036
42031,1.375964,1.429444,1.628084,1.593322,1.561998,1.561616,1.58148,1.6235,1.568492,1.52991,1.64451,1.50699,1.539078,1.529528,1.56047,1.64069,1.638016,1.716326,1.557796,1.492856,1.561998,1.477958,1.476812,1.48025,1.52036
42033,1.375964,1.429444,1.628084,1.593322,1.561998,1.561616,1.58148,1.6235,1.568492,1.52991,1.64451,1.50699,1.539078,1.529528,1.56047,1.64069,1.638016,1.716326,1.557796,1.492856,1.561998,1.477958,1.476812,1.48025,1.52036
42035,1.375964,1.429444,1.628084,1.593322,1.561998,1.561616,1.58148,1.6235,1.568492,1.52991,1.64451,1.50699,1.539078,1.529528,1.56047,1.64069,1.638016,1.716326,1.557796,1.492856,1.561998,1.477958,1.476812,1.48025,1.52036
42037,1.375964,1.429444,1.628084,1.593322,1.561998,1.561616,1.58148,1.6235,1.568492,1.52991,1.64451,1.50699,1.539078,1.529528,1.56047,1.64069,1.638016,1.716326,1.557796,1.492856,1.561998,1.477958,1.476812,1.48025,1.52036
42039,1.375964,1.429444,1.628084,1.593322,1.561998,1.561616,1.58148,1.6235,1.568492,1.52991,1.64451,1.50699,1.539078,1.529528,1.56047,1.64069,1.638016,1.716326,1.557796,1.492856,1.561998,1.477958,1.476812,1.48025,1.52036
42041,1.375964,1.429444,1.628084,1.593322,1.561998,1.561616,1.58148,1.6235,1.568492,1.52991,1.64451,1.50699,1.539078,1.529528,1.56047,1.64069,1.638016,1.716326,1.557796,1.492856,1.561998,1.477958,1.476812,1.48025,1.52036
42043,1.375964,1.429444,1.628084,1.593322,1.561998,1.561616,1.58148,1.6235,1.568492,1.52991,1.64451,1.50699,1.539078,1.529528,1.56047,1.64069,1.638016,1.716326,1.557796,1.492856,1.561998,1.477958,1.476812,1.48025,1.52036
42045,1.375964,1.429444,1.628084,1.593322,1.561998,1.561616,1.58148,1.6235,1.568492,1.52991,1.64451,1.50699,1.539078,1.529528,1.56047,1.64069,1.638016,1.716326,1.557796,1.492856,1.561998,1.477958,1.476812,1.48025,1.52036
42047,1.375964,1.429444,1.628084,1.593322,1.561998,1.561616,1.58148,1.6235,1.568492,1.52991,1.64451,1.50699,1.539078,1.529528,1.56047,1.64069,1.638016,1.716326,1.557796,1.492856,1.561998,1.477958,1.476812,1.48025,1.52036
42049,1.375964,1.429444,1.628084,1.593322,1.561998,1.561616,1.58148,1.6235,1.568492,1.52991,1.64451,1.50699,1.539078,1.529528,1.56047,1.64069,1.638016,1.716326,1.557796,1.492856,1.561998,1.477958,1.476812,1.48025,1.52036
42051,1.375964,1.429444,1.628084,1.593322,1.561998,1.561616,1.58148,1.6235,1.568492,1.52991,1.64451,1.50699,1.539078,1.529528,1.56047,1.64069,1.638016,1.716326,1.557796,1.492856,1.561998,1.477958,1.476812,1.48025,1.52036
42053,1.375964,1.429444,1.628084,1.593322,1.561998,1.561616,1.58148,1.6235,1.568492,1.52991,1.64451,1.50699,1.539078,1.529528,1.56047,1.64069,1.638016,1.716326,1.557796,1.492856,1.561998,1.477958,1.476812,1.48025,1.52036
42055,1.375964,1.429444,1.628084,1.593322,1.561998,1.561616,1.58148,1.6235,1.568492,1.52991,1.64451,1.50699,1.539078,1.529528,1.56047,1.64069,1.638016,1.716326,1.557796,1.492856,1.561998,1.477958,1.476812,1.48025,1.52036
42057,1.375964,1.429444,1.628084,1.593322,1.561998,1.561616,1.58148,1.6235,1.568492,1.52991,1.64451,1.50699,1.539078,1.529528,1.56047,1.64069,1.638016,1.716326,1.557796,1.492856,1.561998,1.477958,1.476812,1.48025,1.52036
42059,1.375964,1.429444,1.628084,1.593322,1.561998,1.561616,1.58148,1.6235,1.568492,1.52991,1.64451,1.50699,1.539078,1.529528,1.56047,1.64069,1.638016,1.716326,1.557796,1.492856,1.561998,1.477958,1.476812,1.48025,1.52036
42061,1.375964,1.429444,1.628084,1.593322,1.561998,1.561616,1.58148,1.6235,1.568492,1.52991,1.64451,1.50699,1.539078,1.529528,1.56047,1.64069,1.638016,1.716326,1.557796,1.492856,1.561998,1.477958,1.476812,1.48025,1.52036
42063,1.375964,1.429444,1.628084,1.593322,1.561998,1.561616,1.58148,1.6235,1.568492,1.52991,1.64451,1.50699,1.539078,1.529528,1.56047,1.64069,1.638016,1.716326,1.557796,1.492856,1.561998,1.477958,1.476812,1.48025,1.52036
42065,1.375964,1.429444,1.628084,1.593322,1.561998,1.561616,1.58148,1.6235,1.568492,1.52991,1.64451,1.50699,1.539078,1.529528,1.56047,1.64069,1.638016,1.716326,1.557796,1.492856,1.561998,1.477958,1.476812,1.48025,1.52036
42067,1.375964,1.429444,1.628084,1.593322,1.561998,1.561616,1.58148,1.6235,1.568492,1.52991,1.64451,1.50699,1.539078,1.529528,1.56047,1.64069,1.638016,1.716326,1.557796,1.492856,1.561998,1.477958,1.476812,1.48025,1.52036
42069,1.375964,1.429444,1.628084,1.593322,1.561998,1.561616,1.58148,1.6235,1.568492,1.52991,1.64451,1.50699,1.539078,1.529528,1.56047,1.64069,1.638016,1.716326,1.557796,1.492856,1.561998,1.477958,1.476812,1.48025,1.52036
42071,1.375964,1.429444,1.628084,1.593322,1.561998,1.561616,1.58148,1.6235,1.568492,1.52991,1.64451,1.50699,1.539078,1.529528,1.56047,1.64069,1.638016,1.716326,1.557796,1.492856,1.561998,1.477958,1.476812,1.48025,1.52036
42073,1.375964,1.429444,1.628084,1.593322,1.561998,1.561616,1.58148,1.6235,1.568492,1.52991,1.64451,1.50699,1.539078,1.529528,1.56047,1.64069,1.638016,1.716326,1.557796,1.492856,1.561998,1.477958,1.476812,1.48025,1.52036
42075,1.375964,1.429444,1.628084,1.593322,1.561998,1.561616,1.58148,1.6235,1.568492,1.52991,1.64451,1.50699,1.539078,1.529528,1.56047,1.64069,1.638016,1.716326,1.557796,1.492856,1.561998,1.477958,1.476812,1.48025,1.52036
42077,1.375964,1.429444,1.628084,1.593322,1.561998,1.561616,1.58148,1.6235,1.568492,1.52991,1.64451,1.50699,1.539078,1.529528,1.56047,1.64069,1.638016,1.716326,1.557796,1.492856,1.561998,1.477958,1.476812,1.48025,1.52036
42079,1.375964,1.429444,1.628084,1.593322,1.561998,1.561616,1.58148,1.6235,1.568492,1.52991,1.64451,1.50699,1.539078,1.529528,1.56047,1.64069,1.638016,1.716326,1.557796,1.492856,1.561998,1.477958,1.476812,1.48025,1.52036
42081,1.375964,1.429444,1.628084,1.593322,1.561998,1.561616,1.58148,1.6235,1.568492,1.52991,1.64451,1.50699,1.539078,1.529528,1.56047,1.64069,1.638016,1.716326,1.557796,1.492856,1.561998,1.477958,1.476812,1.48025,1.52036
42083,1.375964,1.429444,1.628084,1.593322,1.561998,1.561616,1.58148,1.6235,1.568492,1.52991,1.64451,1.50699,1.539078,1.529528,1.56047,1.64069,1.638016,1.716326,1.557796,1.492856,1.561998,1.477958,1.476812,1.48025,1.52036
42085,1.375964,1.429444,1.628084,1.593322,1.561998,1.561616,1.58148,1.6235,1.568492,1.52991,1.64451,1.50699,1.539078,1.529528,1.56047,1.64069,1.638016,1.716326,1.557796,1.492856,1.561998,1.477958,1.476812,1.48025,1.52036
42087,1.375964,1.429444,1.628084,1.593322,1.561998,1.561616,1.58148,1.6235,1.568492,1.52991,1.64451,1.50699,1.539078,1.529528,1.56047,1.64069,1.638016,1.716326,1.557796,1.492856,1.561998,1.477958,1.476812,1.48025,1.52036
42089,1.375964,1.429444,1.628084,1.593322,1.561998,1.561616,1.58148,1.6235,1.568492,1.52991,1.64451,1.50699,1.539078,1.529528,1.56047,1.64069,1.638016,1.716326,1.557796,1.492856,1.561998,1.477958,1.476812,1.48025,1.52036
42091,1.375964,1.429444,1.628084,1.593322,1.561998,1.561616,1.58148,1.6235,1.568492,1.52991,1.64451,1.50699,1.539078,1.529528,1.56047,1.64069,1.638016,1.716326,1.557796,1.492856,1.561998,1.477958,1.476812,1.48025,1.52036
42093,1.375964,1.429444,1.628084,1.593322,1.561998,1.561616,1.58148,1.6235,1.568492,1.52991,1.64451,1.50699,1.539078,1.529528,1.56047,1.64069,1.638016,1.716326,1.557796,1.492856,1.561998,1.477958,1.476812,1.48025,1.52036
42095,1.375964,1.429444,1.628084,1.593322,1.561998,1.561616,1.58148,1.6235,1.568492,1.52991,1.64451,1.50699,1.539078,1.529528,1.56047,1.64069,1.638016,1.716326,1.557796,1.492856,1.561998,1.477958,1.476812,1.48025,1.52036
42097,1.375964,1.429444,1.628084,1.593322,1.561998,1.561616,1.58148,1.6235,1.568492,1.52991,1.64451,1.50699,1.539078,1.529528,1.56047,1.64069,1.638016,1.716326,1.557796,1.492856,1.561998,1.477958,1.476812,1.48025,1.52036
42099,1.375964,1.429444,1.628084,1.593322,1.561998,1.561616,1.58148,1.6235,1.568492,1.52991,1.64451,1.50699,1.539078,1.529528,1.56047,1.64069,1.638016,1.716326,1.557796,1.492856,1.561998,1.477958,1.476812,1.48025,1.52036
42101,1.375964,1.429444,1.628084,1.593322,1.561998,1.561616,1.58148,1.6235,1.568492,1.52991,1.64451,1.50699,1.539078,1.529528,1.56047,1.64069,1.638016,1.716326,1.557796,1.492856,1.561998,1.477958,1.476812,1.48025,1.52036
42103,1.375964,1.429444,1.628084,1.593322,1.561998,1.561616,1.58148,1.6235,1.568492,1.52991,1.64451,1.50699,1.539078,1.529528,1.56047,1.64069,1.638016,1.716326,1.557796,1.492856,1.561998,1.477958,1.476812,1.48025,1.52036
42105,1.375964,1.429444,1.628084,1.593322,1.561998,1.561616,1.58148,1.6235,1.568492,1.52991,1.64451,1.50699,1.539078,1.529528,1.56047,1.64069,1.638016,1.716326,1.557796,1.492856,1.561998,1.477958,1.476812,1.48025,1.52036
42107,1.375964,1.429444,1.628084,1.593322,1.561998,1.561616,1.58148,1.6235,1.568492,1.52991,1.64451,1.50699,1.539078,1.529528,1.56047,1.64069,1.638016,1.716326,1.557796,1.492856,1.561998,1.477958,1.476812,1.48025,1.52036
42109,1.375964,1.429444,1.628084,1.593322,1.561998,1.561616,1.58148,1.6235,1.568492,1.52991,1.64451,1.50699,1.539078,1.529528,1.56047,1.64069,1.638016,1.716326,1.557796,1.492856,1.561998,1.477958,1.476812,1.48025,1.52036
42111,1.375964,1.429444,1.628084,1.593322,1.561998,1.561616,1.58148,1.6235,1.568492,1.52991,1.64451,1.50699,1.539078,1.529528,1.56047,1.64069,1.638016,1.716326,1.557796,1.492856,1.561998,1.477958,1.476812,1.48025,1.52036
42113,1.375964,1.429444,1.628084,1.593322,1.561998,1.561616,1.58148,1.6235,1.568492,1.52991,1.64451,1.50699,1.539078,1.529528,1.56047,1.64069,1.638016,1.716326,1.557796,1.492856,1.561998,1.477958,1.476812,1.48025,1.52036
42115,1.375964,1.429444,1.628084,1.593322,1.561998,1.561616,1.58148,1.6235,1.568492,1.52991,1.64451,1.50699,1.539078,1.529528,1.56047,1.64069,1.638016,1.716326,1.557796,1.492856,1.561998,1.477958,1.476812,1.48025,1.52036
42117,1.375964,1.429444,1.628084,1.593322,1.561998,1.561616,1.58148,1.6235,1.568492,1.52991,1.64451,1.50699,1.539078,1.529528,1.56047,1.64069,1.638016,1.716326,1.557796,1.492856,1.561998,1.477958,1.476812,1.48025,1.52036
42119,1.375964,1.429444,1.628084,1.593322,1.561998,1.561616,1.58148,1.6235,1.568492,1.52991,1.64451,1.50699,1.539078,1.529528,1.56047,1.64069,1.638016,1.716326,1.557796,1.492856,1.561998,1.477958,1.476812,1.48025,1.52036
42121,1.375964,1.429444,1.628084,1.593322,1.561998,1.561616,1.58148,1.6235,1.568492,1.52991,1.64451,1.50699,1.539078,1.529528,1.56047,1.64069,1.638016,1.716326,1.557796,1.492856,1.561998,1.477958,1.476812,1.48025,1.52036
42123,1.375964,1.429444,1.628084,1.593322,1.561998,1.561616,1.58148,1.6235,1.568492,1.52991,1.64451,1.50699,1.539078,1.529528,1.56047,1.64069,1.638016,1.716326,1.557796,1.492856,1.561998,1.477958,1.476812,1.48025,1.52036
42125,1.375964,1.429444,1.628084,1.593322,1.561998,1.561616,1.58148,1.6235,1.568492,1.52991,1.64451,1.50699,1.539078,1.529528,1.56047,1.64069,1.638016,1.716326,1.557796,1.492856,1.561998,1.477958,1.476812,1.48025,1.52036
42127,1.375964,1.429444,1.628084,1.593322,1.561998,1.561616,1.58148,1.6235,1.568492,1.52991,1.64451,1.50699,1.539078,1.529528,1.56047,1.64069,1.638016,1.716326,1.557796,1.492856,1.561998,1.477958,1.476812,1.48025,1.52036
42129,1.375964,1.429444,1.628084,1.593322,1.561998,1.561616,1.58148,1.6235,1.568492,1.52991,1.64451,1.50699,1.539078,1.529528,1.56047,1.64069,1.638016,1.716326,1.557796,1.492856,1.561998,1.477958,1.476812,1.48025,1.52036
42131,1.375964,1.429444,1.628084,1.593322,1.561998,1.561616,1.58148,1.6235,1.568492,1.52991,1.64451,1.50699,1.539078,1.529528,1.56047,1.64069,1.638016,1.716326,1.557796,1.492856,1.561998,1.477958,1.476812,1.48025,1.52036
42133,1.375964,1.429444,1.628084,1.593322,1.561998,1.561616,1.58148,1.6235,1.568492,1.52991,1.64451,1.50699,1.539078,1.529528,1.56047,1.64069,1.638016,1.716326,1.557796,1.492856,1.561998,1.477958,1.476812,1.48025,1.52036
44001,1.375964,1.429444,1.628084,1.593322,1.561998,1.561616,1.58148,1.6235,1.568492,1.52991,1.64451,1.50699,1.539078,1.529528,1.56047,1.64069,1.638016,1.716326,1.557796,1.492856,1.561998,1.477958,1.476812,1.48025,1.52036
44003,1.375964,1.429444,1.628084,1.593322,1.561998,1.561616,1.58148,1.6235,1.568492,1.52991,1.64451,1.50699,1.539078,1.529528,1.56047,1.64069,1.638016,1.716326,1.557796,1.492856,1.561998,1.477958,1.476812,1.48025,1.52036
44005,1.375964,1.429444,1.628084,1.593322,1.561998,1.561616,1.58148,1.6235,1.568492,1.52991,1.64451,1.50699,1.539078,1.529528,1.56047,1.64069,1.638016,1.716326,1.557796,1.492856,1.561998,1.477958,1.476812,1.48025,1.52036
44007,1.375964,1.429444,1.628084,1.593322,1.561998,1.561616,1.58148,1.6235,1.568492,1.52991,1.64451,1.50699,1.539078,1.529528,1.56047,1.64069,1.638016,1.716326,1.557796,1.492856,1.561998,1.477958,1.476812,1.48025,1.52036
44009,1.375964,1.429444,1.628084,1.593322,1.561998,1.561616,1.58148,1.6235,1.568492,1.52991,1.64451,1.50699,1.539078,1.529528,1.56047,1.64069,1.638016,1.716326,1.557796,1.492856,1.561998,1.477958,1.476812,1.48025,1.52036
45001,1.375964,1.429444,1.628084,1.593322,1.561998,1.561616,1.58148,1.6235,1.568492,1.52991,1.64451,1.50699,1.539078,1.529528,1.56047,1.64069,1.638016,1.716326,1.557796,1.492856,1.561998,1.477958,1.476812,1.48025,1.52036
45003,1.375964,1.429444,1.628084,1.593322,1.561998,1.561616,1.58148,1.6235,1.568492,1.52991,1.64451,1.50699,1.539078,1.529528,1.56047,1.64069,1.638016,1.716326,1.557796,1.492856,1.561998,1.477958,1.476812,1.48025,1.52036
45005,1.375964,1.429444,1.628084,1.593322,1.561998,1.561616,1.58148,1.6235,1.568492,1.52991,1.64451,1.50699,1.539078,1.529528,1.56047,1.64069,1.638016,1.716326,1.557796,1.492856,1.561998,1.477958,1.476812,1.48025,1.52036
45007,1.375964,1.429444,1.628084,1.593322,1.561998,1.561616,1.58148,1.6235,1.568492,1.52991,1.64451,1.50699,1.539078,1.529528,1.56047,1.64069,1.638016,1.716326,1.557796,1.492856,1.561998,1.477958,1.476812,1.48025,1.52036
45009,1.375964,1.429444,1.628084,1.593322,1.561998,1.561616,1.58148,1.6235,1.568492,1.52991,1.64451,1.50699,1.539078,1.529528,1.56047,1.64069,1.638016,1.716326,1.557796,1.492856,1.561998,1.477958,1.476812,1.48025,1.52036
45011,1.375964,1.429444,1.628084,1.593322,1.561998,1.561616,1.58148,1.6235,1.568492,1.52991,1.64451,1.50699,1.539078,1.529528,1.56047,1.64069,1.638016,1.716326,1.557796,1.492856,1.561998,1.477958,1.476812,1.48025,1.52036
45013,1.375964,1.429444,1.628084,1.593322,1.561998,1.561616,1.58148,1.6235,1.568492,1.52991,1.64451,1.50699,1.539078,1.529528,1.56047,1.64069,1.638016,1.716326,1.557796,1.492856,1.561998,1.477958,1.476812,1.48025,1.52036
45015,1.375964,1.429444,1.628084,1.593322,1.561998,1.561616,1.58148,1.6235,1.568492,1.52991,1.64451,1.50699,1.539078,1.529528,1.56047,1.64069,1.638016,1.716326,1.557796,1.492856,1.561998,1.477958,1.476812,1.48025,1.52036
45017,1.375964,1.429444,1.628084,1.593322,1.561998,1.561616,1.58148,1.6235,1.568492,1.52991,1.64451,1.50699,1.539078,1.529528,1.56047,1.64069,1.638016,1.716326,1.557796,1.492856,1.561998,1.477958,1.476812,1.48025,1.52036
45019,1.375964,1.429444,1.628084,1.593322,1.561998,1.561616,1.58148,1.6235,1.568492,1.52991,1.64451,1.50699,1.539078,1.529528,1.56047,1.64069,1.638016,1.716326,1.557796,1.492856,1.561998,1.477958,1.476812,1.48025,1.52036
45021,1.375964,1.429444,1.628084,1.593322,1.561998,1.561616,1.58148,1.6235,1.568492,1.52991,1.64451,1.50699,1.539078,1.529528,1.56047,1.64069,1.638016,1.716326,1.557796,1.492856,1.561998,1.477958,1.476812,1.48025,1.52036
45023,1.375964,1.429444,1.628084,1.593322,1.561998,1.561616,1.58148,1.6235,1.568492,1.52991,1.64451,1.50699,1.539078,1.529528,1.56047,1.64069,1.638016,1.716326,1.557796,1.492856,1.561998,1.477958,1.476812,1.48025,1.52036
45025,1.375964,1.429444,1.628084,1.593322,1.561998,1.561616,1.58148,1.6235,1.568492,1.52991,1.64451,1.50699,1.539078,1.529528,1.56047,1.64069,1.638016,1.716326,1.557796,1.492856,1.561998,1.477958,1.476812,1.48025,1.52036
45027,1.375964,1.429444,1.628084,1.593322,1.561998,1.561616,1.58148,1.6235,1.568492,1.52991,1.64451,1.50699,1.539078,1.529528,1.56047,1.64069,1.638016,1.716326,1.557796,1.492856,1.561998,1.477958,1.476812,1.48025,1.52036
45029,1.375964,1.429444,1.628084,1.593322,1.561998,1.561616,1.58148,1.6235,1.568492,1.52991,1.64451,1.50699,1.539078,1.529528,1.56047,1.64069,1.638016,1.716326,1.557796,1.492856,1.561998,1.477958,1.476812,1.48025,1.52036
45031,1.375964,1.429444,1.628084,1.593322,1.561998,1.561616,1.58148,1.6235,1.568492,1.52991,1.64451,1.50699,1.539078,1.529528,1.56047,1.64069,1.638016,1.716326,1.557796,1.492856,1.561998,1.477958,1.476812,1.48025,1.52036
45033,1.375964,1.429444,1.628084,1.593322,1.561998,1.561616,1.58148,1.6235,1.568492,1.52991,1.64451,1.50699,1.539078,1.529528,1.56047,1.64069,1.638016,1.716326,1.557796,1.492856,1.561998,1.477958,1.476812,1.48025,1.52036
45035,1.375964,1.429444,1.628084,1.593322,1.561998,1.561616,1.58148,1.6235,1.568492,1.52991,1.64451,1.50699,1.539078,1.529528,1.56047,1.64069,1.638016,1.716326,1.557796,1.492856,1.561998,1.477958,1.476812,1.48025,1.52036
45037,1.375964,1.429444,1.628084,1.593322,1.561998,1.561616,1.58148,1.6235,1.568492,1.52991,1.64451,1.50699,1.539078,1.529528,1.56047,1.64069,1.638016,1.716326,1.557796,1.492856,1.561998,1.477958,1.476812,1.48025,1.52036
45039,1.375964,1.429444,1.628084,1.593322,1.561998,1.561616,1.58148,1.6235,1.568492,1.52991,1.64451,1.50699,1.539078,1.529528,1.56047,1.64069,1.638016,1.716326,1.557796,1.492856,1.561998,1.477958,1.476812,1.48025,1.52036
45041,1.375964,1.429444,1.628084,1.593322,1.561998,1.561616,1.58148,1.6235,1.568492,1.52991,1.64451,1.50699,1.539078,1.529528,1.56047,1.64069,1.638016,1.716326,1.557796,1.492856,1.561998,1.477958,1.476812,1.48025,1.52036
45043,1.375964,1.429444,1.628084,1.593322,1.561998,1.561616,1.58148,1.6235,1.568492,1.52991,1.64451,1.50699,1.539078,1.529528,1.56047,1.64069,1.638016,1.716326,1.557796,1.492856,1.561998,1.477958,1.476812,1.48025,1.52036
45045,1.375964,1.429444,1.628084,1.593322,1.561998,1.561616,1.58148,1.6235,1.568492,1.52991,1.64451,1.50699,1.539078,1.529528,1.56047,1.64069,1.638016,1.716326,1.557796,1.492856,1.561998,1.477958,1.476812,1.48025,1.52036
45047,1.375964,1.429444,1.628084,1.593322,1.561998,1.561616,1.58148,1.6235,1.568492,1.52991,1.64451,1.50699,1.539078,1.529528,1.56047,1.64069,1.638016,1.716326,1.557796,1.492856,1.561998,1.477958,1.476812,1.48025,1.52036
45049,1.375964,1.429444,1.628084,1.593322,1.561998,1.561616,1.58148,1.6235,1.568492,1.52991,1.64451,1.50699,1.539078,1.529528,1.56047,1.64069,1.638016,1.716326,1.557796,1.492856,1.561998,1.477958,1.476812,1.48025,1.52036
45051,1.375964,1.429444,1.628084,1.593322,1.561998,1.561616,1.58148,1.6235,1.568492,1.52991,1.64451,1.50699,1.539078,1.529528,1.56047,1.64069,1.638016,1.716326,1.557796,1.492856,1.561998,1.477958,1.476812,1.48025,1.52036
45053,1.375964,1.429444,1.628084,1.593322,1.561998,1.561616,1.58148,1.6235,1.568492,1.52991,1.64451,1.50699,1.539078,1.529528,1.56047,1.64069,1.638016,1.716326,1.557796,1.492856,1.561998,1.477958,1.476812,1.48025,1.52036
45055,1.375964,1.429444,1.628084,1.593322,1.561998,1.561616,1.58148,1.6235,1.568492,1.52991,1.64451,1.50699,1.539078,1.529528,1.56047,1.64069,1.638016,1.716326,1.557796,1.492856,1.561998,1.477958,1.476812,1.48025,1.52036
45057,1.375964,1.429444,1.628084,1.593322,1.561998,1.561616,1.58148,1.6235,1.568492,1.52991,1.64451,1.50699,1.539078,1.529528,1.56047,1.64069,1.638016,1.716326,1.557796,1.492856,1.561998,1.477958,1.476812,1.48025,1.52036
45059,1.375964,1.429444,1.628084,1.593322,1.561998,1.561616,1.58148,1.6235,1.568492,1.52991,1.64451,1.50699,1.539078,1.529528,1.56047,1.64069,1.638016,1.716326,1.557796,1.492856,1.561998,1.477958,1.476812,1.48025,1.52036
45061,1.375964,1.429444,1.628084,1.593322,1.561998,1.561616,1.58148,1.6235,1.568492,1.52991,1.64451,1.50699,1.539078,1.529528,1.56047,1.64069,1.638016,1.716326,1.557796,1.492856,1.561998,1.477958,1.476812,1.48025,1.52036
45063,1.375964,1.429444,1.628084,1.593322,1.561998,1.561616,1.58148,1.6235,1.568492,1.52991,1.64451,1.50699,1.539078,1.529528,1.56047,1.64069,1.638016,1.716326,1.557796,1.492856,1.561998,1.477958,1.476812,1.48025,1.52036
45065,1.375964,1.429444,1.628084,1.593322,1.561998,1.561616,1.58148,1.6235,1.568492,1.52991,1.64451,1.50699,1.539078,1.529528,1.56047,1.64069,1.638016,1.716326,1.557796,1.492856,1.561998,1.477958,1.476812,1.48025,1.52036
45067,1.375964,1.429444,1.628084,1.593322,1.561998,1.561616,1.58148,1.6235,1.568492,1.52991,1.64451,1.50699,1.539078,1.529528,1.56047,1.64069,1.638016,1.716326,1.557796,1.492856,1.561998,1.477958,1.476812,1.48025,1.52036
45069,1.375964,1.429444,1.628084,1.593322,1.561998,1.561616,1.58148,1.6235,1.568492,1.52991,1.64451,1.50699,1.539078,1.529528,1.56047,1.64069,1.638016,1.716326,1.557796,1.492856,1.561998,1.477958,1.476812,1.48025,1.52036
45071,1.375964,1.429444,1.628084,1.593322,1.561998,1.561616,1.58148,1.6235,1.568492,1.52991,1.64451,1.50699,1.539078,1.529528,1.56047,1.64069,1.638016,1.716326,1.557796,1.492856,1.561998,1.477958,1.476812,1.48025,1.52036
45073,1.375964,1.429444,1.628084,1.593322,1.561998,1.561616,1.58148,1.6235,1.568492,1.52991,1.64451,1.50699,1.539078,1.529528,1.56047,1.64069,1.638016,1.716326,1.557796,1.492856,1.561998,1.477958,1.476812,1.48025,1.52036
45075,1.375964,1.429444,1.628084,1.593322,1.561998,1.561616,1.58148,1.6235,1.568492,1.52991,1.64451,1.50699,1.539078,1.529528,1.56047,1.64069,1.638016,1.716326,1.557796,1.492856,1.561998,1.477958,1.476812,1.48025,1.52036
45077,1.375964,1.429444,1.628084,1.593322,1.561998,1.561616,1.58148,1.6235,1.568492,1.52991,1.64451,1.50699,1.539078,1.529528,1.56047,1.64069,1.638016,1.716326,1.557796,1.492856,1.561998,1.477958,1.476812,1.48025,1.52036
45079,1.375964,1.429444,1.628084,1.593322,1.561998,1.561616,1.58148,1.6235,1.568492,1.52991,1.64451,1.50699,1.539078,1.529528,1.56047,1.64069,1.638016,1.716326,1.557796,1.492856,1.561998,1.477958,1.476812,1.48025,1.52036
45081,1.375964,1.429444,1.628084,1.593322,1.561998,1.561616,1.58148,1.6235,1.568492,1.52991,1.64451,1.50699,1.539078,1.529528,1.56047,1.64069,1.638016,1.716326,1.557796,1.492856,1.561998,1.477958,1.476812,1.48025,1.52036
45083,1.375964,1.429444,1.628084,1.593322,1.561998,1.561616,1.58148,1.6235,1.568492,1.52991,1.64451,1.50699,1.539078,1.529528,1.56047,1.64069,1.638016,1.716326,1.557796,1.492856,1.561998,1.477958,1.476812,1.48025,1.52036
45085,1.375964,1.429444,1.628084,1.593322,1.561998,1.561616,1.58148,1.6235,1.568492,1.52991,1.64451,1.50699,1.539078,1.529528,1.56047,1.64069,1.638016,1.716326,1.557796,1.492856,1.561998,1.477958,1.476812,1.48025,1.52036
45087,1.375964,1.429444,1.628084,1.593322,1.561998,1.561616,1.58148,1.6235,1.568492,1.52991,1.64451,1.50699,1.539078,1.529528,1.56047,1.64069,1.638016,1.716326,1.557796,1.492856,1.561998,1.477958,1.476812,1.48025,1.52036
45089,1.375964,1.429444,1.628084,1.593322,1.561998,1.561616,1.58148,1.6235,1.568492,1.52991,1.64451,1.50699,1.539078,1.529528,1.56047,1.64069,1.638016,1.716326,1.557796,1.492856,1.561998,1.477958,1.476812,1.48025,1.52036
45091,1.375964,1.429444,1.628084,1.593322,1.561998,1.561616,1.58148,1.6235,1.568492,1.52991,1.64451,1.50699,1.539078,1.529528,1.56047,1.64069,1.638016,1.716326,1.557796,1.492856,1.561998,1.477958,1.476812,1.48025,1.52036
46003,1.375964,1.429444,1.628084,1.593322,1.561998,1.561616,1.58148,1.6235,1.568492,1.52991,1.64451,1.50699,1.539078,1.529528,1.56047,1.64069,1.638016,1.716326,1.557796,1.492856,1.561998,1.477958,1.476812,1.48025,1.52036
46005,1.375964,1.429444,1.628084,1.593322,1.561998,1.561616,1.58148,1.6235,1.568492,1.52991,1.64451,1.50699,1.539078,1.529528,1.56047,1.64069,1.638016,1.716326,1.557796,1.492856,1.561998,1.477958,1.476812,1.48025,1.52036
46007,1.375964,1.429444,1.628084,1.593322,1.561998,1.561616,1.58148,1.6235,1.568492,1.52991,1.64451,1.50699,1.539078,1.529528,1.56047,1.64069,1.638016,1.716326,1.557796,1.492856,1.561998,1.477958,1.476812,1.48025,1.52036
46009,1.375964,1.429444,1.628084,1.593322,1.561998,1.561616,1.58148,1.6235,1.568492,1.52991,1.64451,1.50699,1.539078,1.529528,1.56047,1.64069,1.638016,1.716326,1.557796,1.492856,1.561998,1.477958,1.476812,1.48025,1.52036
46011,1.375964,1.429444,1.628084,1.593322,1.561998,1.561616,1.58148,1.6235,1.568492,1.52991,1.64451,1.50699,1.539078,1.529528,1.56047,1.64069,1.638016,1.716326,1.557796,1.492856,1.561998,1.477958,1.476812,1.48025,1.52036
46013,1.375964,1.429444,1.628084,1.593322,1.561998,1.561616,1.58148,1.6235,1.568492,1.52991,1.64451,1.50699,1.539078,1.529528,1.56047,1.64069,1.638016,1.716326,1.557796,1.492856,1.561998,1.477958,1.476812,1.48025,1.52036
46015,1.375964,1.429444,1.628084,1.593322,1.561998,1.561616,1.58148,1.6235,1.568492,1.52991,1.64451,1.50699,1.539078,1.529528,1.56047,1.64069,1.638016,1.716326,1.557796,1.492856,1.561998,1.477958,1.476812,1.48025,1.52036
46017,1.375964,1.429444,1.628084,1.593322,1.561998,1.561616,1.58148,1.6235,1.568492,1.52991,1.64451,1.50699,1.539078,1.529528,1.56047,1.64069,1.638016,1.716326,1.557796,1.492856,1.561998,1.477958,1.476812,1.48025,1.52036
46019,1.375964,1.429444,1.628084,1.593322,1.561998,1.561616,1.58148,1.6235,1.568492,1.52991,1.64451,1.50699,1.539078,1.529528,1.56047,1.64069,1.638016,1.716326,1.557796,1.492856,1.561998,1.477958,1.476812,1.48025,1.52036
46021,1.375964,1.429444,1.628084,1.593322,1.561998,1.561616,1.58148,1.6235,1.568492,1.52991,1.64451,1.50699,1.539078,1.529528,1.56047,1.64069,1.638016,1.716326,1.557796,1.492856,1.561998,1.477958,1.476812,1.48025,1.52036
46023,1.375964,1.429444,1.628084,1.593322,1.561998,1.561616,1.58148,1.6235,1.568492,1.52991,1.64451,1.50699,1.539078,1.529528,1.56047,1.64069,1.638016,1.716326,1.557796,1.492856,1.561998,1.477958,1.476812,1.48025,1.52036
46025,1.375964,1.429444,1.628084,1.593322,1.561998,1.561616,1.58148,1.6235,1.568492,1.52991,1.64451,1.50699,1.539078,1.529528,1.56047,1.64069,1.638016,1.716326,1.557796,1.492856,1.561998,1.477958,1.476812,1.48025,1.52036
46027,1.375964,1.429444,1.628084,1.593322,1.561998,1.561616,1.58148,1.6235,1.568492,1.52991,1.64451,1.50699,1.539078,1.529528,1.56047,1.64069,1.638016,1.716326,1.557796,1.492856,1.561998,1.477958,1.476812,1.48025,1.52036
46029,1.375964,1.429444,1.628084,1.593322,1.561998,1.561616,1.58148,1.6235,1.568492,1.52991,1.64451,1.50699,1.539078,1.529528,1.56047,1.64069,1.638016,1.716326,1.557796,1.492856,1.561998,1.477958,1.476812,1.48025,1.52036
46031,1.375964,1.429444,1.628084,1.593322,1.561998,1.561616,1.58148,1.6235,1.568492,1.52991,1.64451,1.50699,1.539078,1.529528,1.56047,1.64069,1.638016,1.716326,1.557796,1.492856,1.561998,1.477958,1.476812,1.48025,1.52036
46033,1.375964,1.429444,1.628084,1.593322,1.561998,1.561616,1.58148,1.6235,1.568492,1.52991,1.64451,1.50699,1.539078,1.529528,1.56047,1.64069,1.638016,1.716326,1.557796,1.492856,1.561998,1.477958,1.476812,1.48025,1.52036
46035,1.375964,1.429444,1.628084,1.593322,1.561998,1.561616,1.58148,1.6235,1.568492,1.52991,1.64451,1.50699,1.539078,1.529528,1.56047,1.64069,1.638016,1.716326,1.557796,1.492856,1.561998,1.477958,1.476812,1.48025,1.52036
46037,1.375964,1.429444,1.628084,1.593322,1.561998,1.561616,1.58148,1.6235,1.568492,1.52991,1.64451,1.50699,1.539078,1.529528,1.56047,1.64069,1.638016,1.716326,1.557796,1.492856,1.561998,1.477958,1.476812,1.48025,1.52036
46039,1.375964,1.429444,1.628084,1.593322,1.561998,1.561616,1.58148,1.6235,1.568492,1.52991,1.64451,1.50699,1.539078,1.529528,1.56047,1.64069,1.638016,1.716326,1.557796,1.492856,1.561998,1.477958,1.476812,1.48025,1.52036
46041,1.375964,1.429444,1.628084,1.593322,1.561998,1.561616,1.58148,1.6235,1.568492,1.52991,1.64451,1.50699,1.539078,1.529528,1.56047,1.64069,1.638016,1.716326,1.557796,1.492856,1.561998,1.477958,1.476812,1.48025,1.52036
46043,1.375964,1.429444,1.628084,1.593322,1.561998,1.561616,1.58148,1.6235,1.568492,1.52991,1.64451,1.50699,1.539078,1.529528,1.56047,1.64069,1.638016,1.716326,1.557796,1.492856,1.561998,1.477958,1.476812,1.48025,1.52036
46045,1.375964,1.429444,1.628084,1.593322,1.561998,1.561616,1.58148,1.6235,1.568492,1.52991,1.64451,1.50699,1.539078,1.529528,1.56047,1.64069,1.638016,1.716326,1.557796,1.492856,1.561998,1.477958,1.476812,1.48025,1.52036
46047,1.375964,1.429444,1.628084,1.593322,1.561998,1.561616,1.58148,1.6235,1.568492,1.52991,1.64451,1.50699,1.539078,1.529528,1.56047,1.64069,1.638016,1.716326,1.557796,1.492856,1.561998,1.477958,1.476812,1.48025,1.52036
46049,1.375964,1.429444,1.628084,1.593322,1.561998,1.561616,1.58148,1.6235,1.568492,1.52991,1.64451,1.50699,1.539078,1.529528,1.56047,1.64069,1.638016,1.716326,1.557796,1.492856,1.561998,1.477958,1.476812,1.48025,1.52036
46051,1.375964,1.429444,1.628084,1.593322,1.561998,1.561616,1.58148,1.6235,1.568492,1.52991,1.64451,1.50699,1.539078,1.529528,1.56047,1.64069,1.638016,1.716326,1.557796,1.492856,1.561998,1.477958,1.476812,1.48025,1.52036
46053,1.375964,1.429444,1.628084,1.593322,1.561998,1.561616,1.58148,1.6235,1.568492,1.52991,1.64451,1.50699,1.539078,1.529528,1.56047,1.64069,1.638016,1.716326,1.557796,1.492856,1.561998,1.477958,1.476812,1.48025,1.52036
46055,1.375964,1.429444,1.628084,1.593322,1.561998,1.561616,1.58148,1.6235,1.568492,1.52991,1.64451,1.50699,1.539078,1.529528,1.56047,1.64069,1.638016,1.716326,1.557796,1.492856,1.561998,1.477958,1.476812,1.48025,1.52036
46057,1.375964,1.429444,1.628084,1.593322,1.561998,1.561616,1.58148,1.6235,1.568492,1.52991,1.64451,1.50699,1.539078,1.529528,1.56047,1.64069,1.638016,1.716326,1.557796,1.492856,1.561998,1.477958,1.476812,1.48025,1.52036
46059,1.375964,1.429444,1.628084,1.593322,1.561998,1.561616,1.58148,1.6235,1.568492,1.52991,1.64451,1.50699,1.539078,1.529528,1.56047,1.64069,1.638016,1.716326,1.557796,1.492856,1.561998,1.477958,1.476812,1.48025,1.52036
46061,1.375964,1.429444,1.628084,1.593322,1.561998,1.561616,1.58148,1.6235,1.568492,1.52991,1.64451,1.50699,1.539078,1.529528,1.56047,1.64069,1.638016,1.716326,1.557796,1.492856,1.561998,1.477958,1.476812,1.48025,1.52036
46063,1.375964,1.429444,1.628084,1.593322,1.561998,1.561616,1.58148,1.6235,1.568492,1.52991,1.64451,1.50699,1.539078,1.529528,1.56047,1.64069,1.638016,1.716326,1.557796,1.492856,1.561998,1.477958,1.476812,1.48025,1.52036
46065,1.375964,1.429444,1.628084,1.593322,1.561998,1.561616,1.58148,1.6235,1.568492,1.52991,1.64451,1.50699,1.539078,1.529528,1.56047,1.64069,1.638016,1.716326,1.557796,1.492856,1.561998,1.477958,1.476812,1.48025,1.52036
46067,1.375964,1.429444,1.628084,1.593322,1.561998,1.561616,1.58148,1.6235,1.568492,1.52991,1.64451,1.50699,1.539078,1.529528,1.56047,1.64069,1.638016,1.716326,1.557796,1.492856,1.561998,1.477958,1.476812,1.48025,1.52036
46069,1.375964,1.429444,1.628084,1.593322,1.561998,1.561616,1.58148,1.6235,1.568492,1.52991,1.64451,1.50699,1.539078,1.529528,1.56047,1.64069,1.638016,1.716326,1.557796,1.492856,1.561998,1.477958,1.476812,1.48025,1.52036
46071,1.375964,1.429444,1.628084,1.593322,1.561998,1.561616,1.58148,1.6235,1.568492,1.52991,1.64451,1.50699,1.539078,1.529528,1.56047,1.64069,1.638016,1.716326,1.557796,1.492856,1.561998,1.477958,1.476812,1.48025,1.52036
46073,1.375964,1.429444,1.628084,1.593322,1.561998,1.561616,1.58148,1.6235,1.568492,1.52991,1.64451,1.50699,1.539078,1.529528,1.56047,1.64069,1.638016,1.716326,1.557796,1.492856,1.561998,1.477958,1.476812,1.48025,1.52036
46075,1.375964,1.429444,1.628084,1.593322,1.561998,1.561616,1.58148,1.6235,1.568492,1.52991,1.64451,1.50699,1.539078,1.529528,1.56047,1.64069,1.638016,1.716326,1.557796,1.492856,1.561998,1.477958,1.476812,1.48025,1.52036
46077,1.375964,1.429444,1.628084,1.593322,1.561998,1.561616,1.58148,1.6235,1.568492,1.52991,1.64451,1.50699,1.539078,1.529528,1.56047,1.64069,1.638016,1.716326,1.557796,1.492856,1.561998,1.477958,1.476812,1.48025,1.52036
46079,1.375964,1.429444,1.628084,1.593322,1.561998,1.561616,1.58148,1.6235,1.568492,1.52991,1.64451,1.50699,1.539078,1.529528,1.56047,1.64069,1.638016,1.716326,1.557796,1.492856,1.561998,1.477958,1.476812,1.48025,1.52036
46081,1.375964,1.429444,1.628084,1.593322,1.561998,1.561616,1.58148,1.6235,1.568492,1.52991,1.64451,1.50699,1.539078,1.529528,1.56047,1.64069,1.638016,1.716326,1.557796,1.492856,1.561998,1.477958,1.476812,1.48025,1.52036
46083,1.375964,1.429444,1.628084,1.593322,1.561998,1.561616,1.58148,1.6235,1.568492,1.52991,1.64451,1.50699,1.539078,1.529528,1.56047,1.64069,1.638016,1.716326,1.557796,1.492856,1.561998,1.477958,1.476812,1.48025,1.52036
46085,1.375964,1.429444,1.628084,1.593322,1.561998,1.561616,1.58148,1.6235,1.568492,1.52991,1.64451,1.50699,1.539078,1.529528,1.56047,1.64069,1.638016,1.716326,1.557796,1.492856,1.561998,1.477958,1.476812,1.48025,1.52036
46087,1.375964,1.429444,1.628084,1.593322,1.561998,1.561616,1.58148,1.6235,1.568492,1.52991,1.64451,1.50699,1.539078,1.529528,1.56047,1.64069,1.638016,1.716326,1.557796,1.492856,1.561998,1.477958,1.476812,1.48025,1.52036
46089,1.375964,1.429444,1.628084,1.593322,1.561998,1.561616,1.58148,1.6235,1.568492,1.52991,1.64451,1.50699,1.539078,1.529528,1.56047,1.64069,1.638016,1.716326,1.557796,1.492856,1.561998,1.477958,1.476812,1.48025,1.52036
46091,1.375964,1.429444,1.628084,1.593322,1.561998,1.561616,1.58148,1.6235,1.568492,1.52991,1.64451,1.50699,1.539078,1.529528,1.56047,1.64069,1.638016,1.716326,1.557796,1.492856,1.561998,1.477958,1.476812,1.48025,1.52036
46093,1.375964,1.429444,1.628084,1.593322,1.561998,1.561616,1.58148,1.6235,1.568492,1.52991,1.64451,1.50699,1.539078,1.529528,1.56047,1.64069,1.638016,1.716326,1.557796,1.492856,1.561998,1.477958,1.476812,1.48025,1.52036
46095,1.375964,1.429444,1.628084,1.593322,1.561998,1.561616,1.58148,1.6235,1.568492,1.52991,1.64451,1.50699,1.539078,1.529528,1.56047,1.64069,1.638016,1.716326,1.557796,1.492856,1.561998,1.477958,1.476812,1.48025,1.52036
46097,1.375964,1.429444,1.628084,1.593322,1.561998,1.561616,1.58148,1.6235,1.568492,1.52991,1.64451,1.50699,1.539078,1.529528,1.56047,1.64069,1.638016,1.716326,1.557796,1.492856,1.561998,1.477958,1.476812,1.48025,1.52036
46099,1.375964,1.429444,1.628084,1.593322,1.561998,1.561616,1.58148,1.6235,1.568492,1.52991,1.64451,1.50699,1.539078,1.529528,1.56047,1.64069,1.638016,1.716326,1.557796,1.492856,1.561998,1.477958,1.476812,1.48025,1.52036
46101,1.375964,1.429444,1.628084,1.593322,1.561998,1.561616,1.58148,1.6235,1.568492,1.52991,1.64451,1.50699,1.539078,1.529528,1.56047,1.64069,1.638016,1.716326,1.557796,1.492856,1.561998,1.477958,1.476812,1.48025,1.52036
46102,1.375964,1.429444,1.628084,1.593322,1.561998,1.561616,1.58148,1.6235,1.568492,1.52991,1.64451,1.50699,1.539078,1.529528,1.56047,1.64069,1.638016,1.716326,1.557796,1.492856,1.561998,1.477958,1.476812,1.48025,1.52036
46103,1.375964,1.429444,1.628084,1.593322,1.561998,1.561616,1.58148,1.6235,1.568492,1.52991,1.64451,1.50699,1.539078,1.529528,1.56047,1.64069,1.638016,1.716326,1.557796,1.492856,1.561998,1.477958,1.476812,1.48025,1.52036
46105,1.375964,1.429444,1.628084,1.593322,1.561998,1.561616,1.58148,1.6235,1.568492,1.52991,1.64451,1.50699,1.539078,1.529528,1.56047,1.64069,1.638016,1.716326,1.557796,1.492856,1.561998,1.477958,1.476812,1.48025,1.52036
46107,1.375964,1.429444,1.628084,1.593322,1.561998,1.561616,1.58148,1.6235,1.568492,1.52991,1.64451,1.50699,1.539078,1.529528,1.56047,1.64069,1.638016,1.716326,1.557796,1.492856,1.561998,1.477958,1.476812,1.48025,1.52036
46109,1.375964,1.429444,1.628084,1.593322,1.561998,1.561616,1.58148,1.6235,1.568492,1.52991,1.64451,1.50699,1.539078,1.529528,1.56047,1.64069,1.638016,1.716326,1.557796,1.492856,1.561998,1.477958,1.476812,1.48025,1.52036
46111,1.375964,1.429444,1.628084,1.593322,1.561998,1.561616,1.58148,1.6235,1.568492,1.52991,1.64451,1.50699,1.539078,1.529528,1.56047,1.64069,1.638016,1.716326,1.557796,1.492856,1.561998,1.477958,1.476812,1.48025,1.52036
46115,1.375964,1.429444,1.628084,1.593322,1.561998,1.561616,1.58148,1.6235,1.568492,1.52991,1.64451,1.50699,1.539078,1.529528,1.56047,1.64069,1.638016,1.716326,1.557796,1.492856,1.561998,1.477958,1.476812,1.48025,1.52036
46117,1.375964,1.429444,1.628084,1.593322,1.561998,1.561616,1.58148,1.6235,1.568492,1.52991,1.64451,1.50699,1.539078,1.529528,1.56047,1.64069,1.638016,1.716326,1.557796,1.492856,1.561998,1.477958,1.476812,1.48025,1.52036
46119,1.375964,1.429444,1.628084,1.593322,1.561998,1.561616,1.58148,1.6235,1.568492,1.52991,1.64451,1.50699,1.539078,1.529528,1.56047,1.64069,1.638016,1.716326,1.557796,1.492856,1.561998,1.477958,1.476812,1.48025,1.52036
46121,1.375964,1.429444,1.628084,1.593322,1.561998,1.561616,1.58148,1.6235,1.568492,1.52991,1.64451,1.50699,1.539078,1.529528,1.56047,1.64069,1.638016,1.716326,1.557796,1.492856,1.561998,1.477958,1.476812,1.48025,1.52036
46123,1.375964,1.429444,1.628084,1.593322,1.561998,1.561616,1.58148,1.6235,1.568492,1.52991,1.64451,1.50699,1.539078,1.529528,1.56047,1.64069,1.638016,1.716326,1.557796,1.492856,1.561998,1.477958,1.476812,1.48025,1.52036
46125,1.375964,1.429444,1.628084,1.593322,1.561998,1.561616,1.58148,1.6235,1.568492,1.52991,1.64451,1.50699,1.539078,1.529528,1.56047,1.64069,1.638016,1.716326,1.557796,1.492856,1.561998,1.477958,1.476812,1.48025,1.52036
46127,1.375964,1.429444,1.628084,1.593322,1.561998,1.561616,1.58148,1.6235,1.568492,1.52991,1.64451,1.50699,1.539078,1.529528,1.56047,1.64069,1.638016,1.716326,1.557796,1.492856,1.561998,1.477958,1.476812,1.48025,1.52036
46129,1.375964,1.429444,1.628084,1.593322,1.561998,1.561616,1.58148,1.6235,1.568492,1.52991,1.64451,1.50699,1.539078,1.529528,1.56047,1.64069,1.638016,1.716326,1.557796,1.492856,1.561998,1.477958,1.476812,1.48025,1.52036
46135,1.375964,1.429444,1.628084,1.593322,1.561998,1.561616,1.58148,1.6235,1.568492,1.52991,1.64451,1.50699,1.539078,1.529528,1.56047,1.64069,1.638016,1.716326,1.557796,1.492856,1.561998,1.477958,1.476812,1.48025,1.52036
46137,1.375964,1.429444,1.628084,1.593322,1.561998,1.561616,1.58148,1.6235,1.568492,1.52991,1.64451,1.50699,1.539078,1.529528,1.56047,1.64069,1.638016,1.716326,1.557796,1.492856,1.561998,1.477958,1.476812,1.48025,1.52036
47001,1.375964,1.429444,1.628084,1.593322,1.561998,1.561616,1.58148,1.6235,1.568492,1.52991,1.64451,1.50699,1.539078,1.529528,1.56047,1.64069,1.638016,1.716326,1.557796,1.492856,1.561998,1.477958,1.476812,1.48025,1.52036
47003,1.375964,1.429444,1.628084,1.593322,1.561998,1.561616,1.58148,1.6235,1.568492,1.52991,1.64451,1.50699,1.539078,1.529528,1.56047,1.64069,1.638016,1.716326,1.557796,1.492856,1.561998,1.477958,1.476812,1.48025,1.52036
47005,1.375964,1.429444,1.628084,1.593322,1.561998,1.561616,1.58148,1.6235,1.568492,1.52991,1.64451,1.50699,1.539078,1.529528,1.56047,1.64069,1.638016,1.716326,1.557796,1.492856,1.561998,1.477958,1.476812,1.48025,1.52036
47007,1.375964,1.429444,1.628084,1.593322,1.561998,1.561616,1.58148,1.6235,1.568492,1.52991,1.64451,1.50699,1.539078,1.529528,1.56047,1.64069,1.638016,1.716326,1.557796,1.492856,1.561998,1.477958,1.476812,1.48025,1.52036
47009,1.375964,1.429444,1.628084,1.593322,1.561998,1.561616,1.58148,1.6235,1.568492,1.52991,1.64451,1.50699,1.539078,1.529528,1.56047,1.64069,1.638016,1.716326,1.557796,1.492856,1.561998,1.477958,1.476812,1.48025,1.52036
47011,1.375964,1.429444,1.628084,1.593322,1.561998,1.561616,1.58148,1.6235,1.568492,1.52991,1.64451,1.50699,1.539078,1.529528,1.56047,1.64069,1.638016,1.716326,1.557796,1.492856,1.561998,1.477958,1.476812,1.48025,1.52036
47013,1.375964,1.429444,1.628084,1.593322,1.561998,1.561616,1.58148,1.6235,1.568492,1.52991,1.64451,1.50699,1.539078,1.529528,1.56047,1.64069,1.638016,1.716326,1.557796,1.492856,1.561998,1.477958,1.476812,1.48025,1.52036
47015,1.375964,1.429444,1.628084,1.593322,1.561998,1.561616,1.58148,1.6235,1.568492,1.52991,1.64451,1.50699,1.539078,1.529528,1.56047,1.64069,1.638016,1.716326,1.557796,1.492856,1.561998,1.477958,1.476812,1.48025,1.52036
47017,1.375964,1.429444,1.628084,1.593322,1.561998,1.561616,1.58148,1.6235,1.568492,1.52991,1.64451,1.50699,1.539078,1.529528,1.56047,1.64069,1.638016,1.716326,1.557796,1.492856,1.561998,1.477958,1.476812,1.48025,1.52036
47019,1.375964,1.429444,1.628084,1.593322,1.561998,1.561616,1.58148,1.6235,1.568492,1.52991,1.64451,1.50699,1.539078,1.529528,1.56047,1.64069,1.638016,1.716326,1.557796,1.492856,1.561998,1.477958,1.476812,1.48025,1.52036
47021,1.375964,1.429444,1.628084,1.593322,1.561998,1.561616,1.58148,1.6235,1.568492,1.52991,1.64451,1.50699,1.539078,1.529528,1.56047,1.64069,1.638016,1.716326,1.557796,1.492856,1.561998,1.477958,1.476812,1.48025,1.52036
47023,1.375964,1.429444,1.628084,1.593322,1.561998,1.561616,1.58148,1.6235,1.568492,1.52991,1.64451,1.50699,1.539078,1.529528,1.56047,1.64069,1.638016,1.716326,1.557796,1.492856,1.561998,1.477958,1.476812,1.48025,1.52036
47025,1.375964,1.429444,1.628084,1.593322,1.561998,1.561616,1.58148,1.6235,1.568492,1.52991,1.64451,1.50699,1.539078,1.529528,1.56047,1.64069,1.638016,1.716326,1.557796,1.492856,1.561998,1.477958,1.476812,1.48025,1.52036
47027,1.375964,1.429444,1.628084,1.593322,1.561998,1.561616,1.58148,1.6235,1.568492,1.52991,1.64451,1.50699,1.539078,1.529528,1.56047,1.64069,1.638016,1.716326,1.557796,1.492856,1.561998,1.477958,1.476812,1.48025,1.52036
47029,1.375964,1.429444,1.628084,1.593322,1.561998,1.561616,1.58148,1.6235,1.568492,1.52991,1.64451,1.50699,1.539078,1.529528,1.56047,1.64069,1.638016,1.716326,1.557796,1.492856,1.561998,1.477958,1.476812,1.48025,1.52036
47031,1.375964,1.429444,1.628084,1.593322,1.561998,1.561616,1.58148,1.6235,1.568492,1.52991,1.64451,1.50699,1.539078,1.529528,1.56047,1.64069,1.638016,1.716326,1.557796,1.492856,1.561998,1.477958,1.476812,1.48025,1.52036
47033,1.375964,1.429444,1.628084,1.593322,1.561998,1.561616,1.58148,1.6235,1.568492,1.52991,1.64451,1.50699,1.539078,1.529528,1.56047,1.64069,1.638016,1.716326,1.557796,1.492856,1.561998,1.477958,1.476812,1.48025,1.52036
47035,1.375964,1.429444,1.628084,1.593322,1.561998,1.561616,1.58148,1.6235,1.568492,1.52991,1.64451,1.50699,1.539078,1.529528,1.56047,1.64069,1.638016,1.716326,1.557796,1.492856,1.561998,1.477958,1.476812,1.48025,1.52036
47037,1.375964,1.429444,1.628084,1.593322,1.561998,1.561616,1.58148,1.6235,1.568492,1.52991,1.64451,1.50699,1.539078,1.529528,1.56047,1.64069,1.638016,1.716326,1.557796,1.492856,1.561998,1.477958,1.476812,1.48025,1.52036
47039,1.375964,1.429444,1.628084,1.593322,1.561998,1.561616,1.58148,1.6235,1.568492,1.52991,1.64451,1.50699,1.539078,1.529528,1.56047,1.64069,1.638016,1.716326,1.557796,1.492856,1.561998,1.477958,1.476812,1.48025,1.52036
47041,1.375964,1.429444,1.628084,1.593322,1.561998,1.561616,1.58148,1.6235,1.568492,1.52991,1.64451,1.50699,1.539078,1.529528,1.56047,1.64069,1.638016,1.716326,1.557796,1.492856,1.561998,1.477958,1.476812,1.48025,1.52036
47043,1.375964,1.429444,1.628084,1.593322,1.561998,1.561616,1.58148,1.6235,1.568492,1.52991,1.64451,1.50699,1.539078,1.529528,1.56047,1.64069,1.638016,1.716326,1.557796,1.492856,1.561998,1.477958,1.476812,1.48025,1.52036
47045,1.375964,1.429444,1.628084,1.593322,1.561998,1.561616,1.58148,1.6235,1.568492,1.52991,1.64451,1.50699,1.539078,1.529528,1.56047,1.64069,1.638016,1.716326,1.557796,1.492856,1.561998,1.477958,1.476812,1.48025,1.52036
47047,1.375964,1.429444,1.628084,1.593322,1.561998,1.561616,1.58148,1.6235,1.568492,1.52991,1.64451,1.50699,1.539078,1.529528,1.56047,1.64069,1.638016,1.716326,1.557796,1.492856,1.561998,1.477958,1.476812,1.48025,1.52036
47049,1.375964,1.429444,1.628084,1.593322,1.561998,1.561616,1.58148,1.6235,1.568492,1.52991,1.64451,1.50699,1.539078,1.529528,1.56047,1.64069,1.638016,1.716326,1.557796,1.492856,1.561998,1.477958,1.476812,1.48025,1.52036
47051,1.375964,1.429444,1.628084,1.593322,1.561998,1.561616,1.58148,1.6235,1.568492,1.52991,1.64451,1.50699,1.539078,1.529528,1.56047,1.64069,1.638016,1.716326,1.557796,1.492856,1.561998,1.477958,1.476812,1.48025,1.52036
47053,1.375964,1.429444,1.628084,1.593322,1.561998,1.561616,1.58148,1.6235,1.568492,1.52991,1.64451,1.50699,1.539078,1.529528,1.56047,1.64069,1.638016,1.716326,1.557796,1.492856,1.561998,1.477958,1.476812,1.48025,1.52036
47055,1.375964,1.429444,1.628084,1.593322,1.561998,1.561616,1.58148,1.6235,1.568492,1.52991,1.64451,1.50699,1.539078,1.529528,1.56047,1.64069,1.638016,1.716326,1.557796,1.492856,1.561998,1.477958,1.476812,1.48025,1.52036
47057,1.375964,1.429444,1.628084,1.593322,1.561998,1.561616,1.58148,1.6235,1.568492,1.52991,1.64451,1.50699,1.539078,1.529528,1.56047,1.64069,1.638016,1.716326,1.557796,1.492856,1.561998,1.477958,1.476812,1.48025,1.52036
47059,1.375964,1.429444,1.628084,1.593322,1.561998,1.561616,1.58148,1.6235,1.568492,1.52991,1.64451,1.50699,1.539078,1.529528,1.56047,1.64069,1.638016,1.716326,1.557796,1.492856,1.561998,1.477958,1.476812,1.48025,1.52036
47061,1.375964,1.429444,1.628084,1.593322,1.561998,1.561616,1.58148,1.6235,1.568492,1.52991,1.64451,1.50699,1.539078,1.529528,1.56047,1.64069,1.638016,1.716326,1.557796,1.492856,1.561998,1.477958,1.476812,1.48025,1.52036
47063,1.375964,1.429444,1.628084,1.593322,1.561998,1.561616,1.58148,1.6235,1.568492,1.52991,1.64451,1.50699,1.539078,1.529528,1.56047,1.64069,1.638016,1.716326,1.557796,1.492856,1.561998,1.477958,1.476812,1.48025,1.52036
47065,1.375964,1.429444,1.628084,1.593322,1.561998,1.561616,1.58148,1.6235,1.568492,1.52991,1.64451,1.50699,1.539078,1.529528,1.56047,1.64069,1.638016,1.716326,1.557796,1.492856,1.561998,1.477958,1.476812,1.48025,1.52036
47067,1.375964,1.429444,1.628084,1.593322,1.561998,1.561616,1.58148,1.6235,1.568492,1.52991,1.64451,1.50699,1.539078,1.529528,1.56047,1.64069,1.638016,1.716326,1.557796,1.492856,1.561998,1.477958,1.476812,1.48025,1.52036
47069,1.375964,1.429444,1.628084,1.593322,1.561998,1.561616,1.58148,1.6235,1.568492,1.52991,1.64451,1.50699,1.539078,1.529528,1.56047,1.64069,1.638016,1.716326,1.557796,1.492856,1.561998,1.477958,1.476812,1.48025,1.52036
47071,1.375964,1.429444,1.628084,1.593322,1.561998,1.561616,1.58148,1.6235,1.568492,1.52991,1.64451,1.50699,1.539078,1.529528,1.56047,1.64069,1.638016,1.716326,1.557796,1.492856,1.561998,1.477958,1.476812,1.48025,1.52036
47073,1.375964,1.429444,1.628084,1.593322,1.561998,1.561616,1.58148,1.6235,1.568492,1.52991,1.64451,1.50699,1.539078,1.529528,1.56047,1.64069,1.638016,1.716326,1.557796,1.492856,1.561998,1.477958,1.476812,1.48025,1.52036
47075,1.375964,1.429444,1.628084,1.593322,1.561998,1.561616,1.58148,1.6235,1.568492,1.52991,1.64451,1.50699,1.539078,1.529528,1.56047,1.64069,1.638016,1.716326,1.557796,1.492856,1.561998,1.477958,1.476812,1.48025,1.52036
47077,1.375964,1.429444,1.628084,1.593322,1.561998,1.561616,1.58148,1.6235,1.568492,1.52991,1.64451,1.50699,1.539078,1.529528,1.56047,1.64069,1.638016,1.716326,1.557796,1.492856,1.561998,1.477958,1.476812,1.48025,1.52036
47079,1.375964,1.429444,1.628084,1.593322,1.561998,1.561616,1.58148,1.6235,1.568492,1.52991,1.64451,1.50699,1.539078,1.529528,1.56047,1.64069,1.638016,1.716326,1.557796,1.492856,1.561998,1.477958,1.476812,1.48025,1.52036
47081,1.375964,1.429444,1.628084,1.593322,1.561998,1.561616,1.58148,1.6235,1.568492,1.52991,1.64451,1.50699,1.539078,1.529528,1.56047,1.64069,1.638016,1.716326,1.557796,1.492856,1.561998,1.477958,1.476812,1.48025,1.52036
47083,1.375964,1.429444,1.628084,1.593322,1.561998,1.561616,1.58148,1.6235,1.568492,1.52991,1.64451,1.50699,1.539078,1.529528,1.56047,1.64069,1.638016,1.716326,1.557796,1.492856,1.561998,1.477958,1.476812,1.48025,1.52036
47085,1.375964,1.429444,1.628084,1.593322,1.561998,1.561616,1.58148,1.6235,1.568492,1.52991,1.64451,1.50699,1.539078,1.529528,1.56047,1.64069,1.638016,1.716326,1.557796,1.492856,1.561998,1.477958,1.476812,1.48025,1.52036
47087,1.375964,1.429444,1.628084,1.593322,1.561998,1.561616,1.58148,1.6235,1.568492,1.52991,1.64451,1.50699,1.539078,1.529528,1.56047,1.64069,1.638016,1.716326,1.557796,1.492856,1.561998,1.477958,1.476812,1.48025,1.52036
47089,1.375964,1.429444,1.628084,1.593322,1.561998,1.561616,1.58148,1.6235,1.568492,1.52991,1.64451,1.50699,1.539078,1.529528,1.56047,1.64069,1.638016,1.716326,1.557796,1.492856,1.561998,1.477958,1.476812,1.48025,1.52036
47091,1.375964,1.429444,1.628084,1.593322,1.561998,1.561616,1.58148,1.6235,1.568492,1.52991,1.64451,1.50699,1.539078,1.529528,1.56047,1.64069,1.638016,1.716326,1.557796,1.492856,1.561998,1.477958,1.476812,1.48025,1.52036
47093,1.375964,1.429444,1.628084,1.593322,1.561998,1.561616,1.58148,1.6235,1.568492,1.52991,1.64451,1.50699,1.539078,1.529528,1.56047,1.64069,1.638016,1.716326,1.557796,1.492856,1.561998,1.477958,1.476812,1.48025,1.52036
47095,1.375964,1.429444,1.628084,1.593322,1.561998,1.561616,1.58148,1.6235,1.568492,1.52991,1.64451,1.50699,1.539078,1.529528,1.56047,1.64069,1.638016,1.716326,1.557796,1.492856,1.561998,1.477958,1.476812,1.48025,1.52036
47097,1.375964,1.429444,1.628084,1.593322,1.561998,1.561616,1.58148,1.6235,1.568492,1.52991,1.64451,1.50699,1.539078,1.529528,1.56047,1.64069,1.638016,1.716326,1.557796,1.492856,1.561998,1.477958,1.476812,1.48025,1.52036
47099,1.375964,1.429444,1.628084,1.593322,1.561998,1.561616,1.58148,1.6235,1.568492,1.52991,1.64451,1.50699,1.539078,1.529528,1.56047,1.64069,1.638016,1.716326,1.557796,1.492856,1.561998,1.477958,1.476812,1.48025,1.52036
47101,1.375964,1.429444,1.628084,1.593322,1.561998,1.561616,1.58148,1.6235,1.568492,1.52991,1.64451,1.50699,1.539078,1.529528,1.56047,1.64069,1.638016,1.716326,1.557796,1.492856,1.561998,1.477958,1.476812,1.48025,1.52036
47103,1.375964,1.429444,1.628084,1.593322,1.561998,1.561616,1.58148,1.6235,1.568492,1.52991,1.64451,1.50699,1.539078,1.529528,1.56047,1.64069,1.638016,1.716326,1.557796,1.492856,1.561998,1.477958,1.476812,1.48025,1.52036
47105,1.375964,1.429444,1.628084,1.593322,1.561998,1.561616,1.58148,1.6235,1.568492,1.52991,1.64451,1.50699,1.539078,1.529528,1.56047,1.64069,1.638016,1.716326,1.557796,1.492856,1.561998,1.477958,1.476812,1.48025,1.52036
47107,1.375964,1.429444,1.628084,1.593322,1.561998,1.561616,1.58148,1.6235,1.568492,1.52991,1.64451,1.50699,1.539078,1.529528,1.56047,1.64069,1.638016,1.716326,1.557796,1.492856,1.561998,1.477958,1.476812,1.48025,1.52036
47109,1.375964,1.429444,1.628084,1.593322,1.561998,1.561616,1.58148,1.6235,1.568492,1.52991,1.64451,1.50699,1.539078,1.529528,1.56047,1.64069,1.638016,1.716326,1.557796,1.492856,1.561998,1.477958,1.476812,1.48025,1.52036
47111,1.375964,1.429444,1.628084,1.593322,1.561998,1.561616,1.58148,1.6235,1.568492,1.52991,1.64451,1.50699,1.539078,1.529528,1.56047,1.64069,1.638016,1.716326,1.557796,1.492856,1.561998,1.477958,1.476812,1.48025,1.52036
47113,1.375964,1.429444,1.628084,1.593322,1.561998,1.561616,1.58148,1.6235,1.568492,1.52991,1.64451,1.50699,1.539078,1.529528,1.56047,1.64069,1.638016,1.716326,1.557796,1.492856,1.561998,1.477958,1.476812,1.48025,1.52036
47115,1.375964,1.429444,1.628084,1.593322,1.561998,1.561616,1.58148,1.6235,1.568492,1.52991,1.64451,1.50699,1.539078,1.529528,1.56047,1.64069,1.638016,1.716326,1.557796,1.492856,1.561998,1.477958,1.476812,1.48025,1.52036
47117,1.375964,1.429444,1.628084,1.593322,1.561998,1.561616,1.58148,1.6235,1.568492,1.52991,1.64451,1.50699,1.539078,1.529528,1.56047,1.64069,1.638016,1.716326,1.557796,1.492856,1.561998,1.477958,1.476812,1.48025,1.52036
47119,1.375964,1.429444,1.628084,1.593322,1.561998,1.561616,1.58148,1.6235,1.568492,1.52991,1.64451,1.50699,1.539078,1.529528,1.56047,1.64069,1.638016,1.716326,1.557796,1.492856,1.561998,1.477958,1.476812,1.48025,1.52036
47121,1.375964,1.429444,1.628084,1.593322,1.561998,1.561616,1.58148,1.6235,1.568492,1.52991,1.64451,1.50699,1.539078,1.529528,1.56047,1.64069,1.638016,1.716326,1.557796,1.492856,1.561998,1.477958,1.476812,1.48025,1.52036
47123,1.375964,1.429444,1.628084,1.593322,1.561998,1.561616,1.58148,1.6235,1.568492,1.52991,1.64451,1.50699,1.539078,1.529528,1.56047,1.64069,1.638016,1.716326,1.557796,1.492856,1.561998,1.477958,1.476812,1.48025,1.52036
47125,1.375964,1.429444,1.628084,1.593322,1.561998,1.561616,1.58148,1.6235,1.568492,1.52991,1.64451,1.50699,1.539078,1.529528,1.56047,1.64069,1.638016,1.716326,1.557796,1.492856,1.561998,1.477958,1.476812,1.48025,1.52036
47127,1.375964,1.429444,1.628084,1.593322,1.561998,1.561616,1.58148,1.6235,1.568492,1.52991,1.64451,1.50699,1.539078,1.529528,1.56047,1.64069,1.638016,1.716326,1.557796,1.492856,1.561998,1.477958,1.476812,1.48025,1.52036
47129,1.375964,1.429444,1.628084,1.593322,1.561998,1.561616,1.58148,1.6235,1.568492,1.52991,1.64451,1.50699,1.539078,1.529528,1.56047,1.64069,1.638016,1.716326,1.557796,1.492856,1.561998,1.477958,1.476812,1.48025,1.52036
47131,1.375964,1.429444,1.628084,1.593322,1.561998,1.561616,1.58148,1.6235,1.568492,1.52991,1.64451,1.50699,1.539078,1.529528,1.56047,1.64069,1.638016,1.716326,1.557796,1.492856,1.561998,1.477958,1.476812,1.48025,1.52036
47133,1.375964,1.429444,1.628084,1.593322,1.561998,1.561616,1.58148,1.6235,1.568492,1.52991,1.64451,1.50699,1.539078,1.529528,1.56047,1.64069,1.638016,1.716326,1.557796,1.492856,1.561998,1.477958,1.476812,1.48025,1.52036
47135,1.375964,1.429444,1.628084,1.593322,1.561998,1.561616,1.58148,1.6235,1.568492,1.52991,1.64451,1.50699,1.539078,1.529528,1.56047,1.64069,1.638016,1.716326,1.557796,1.492856,1.561998,1.477958,1.476812,1.48025,1.52036
47137,1.375964,1.429444,1.628084,1.593322,1.561998,1.561616,1.58148,1.6235,1.568492,1.52991,1.64451,1.50699,1.539078,1.529528,1.56047,1.64069,1.638016,1.716326,1.557796,1.492856,1.561998,1.477958,1.476812,1.48025,1.52036
47139,1.375964,1.429444,1.628084,1.593322,1.561998,1.561616,1.58148,1.6235,1.568492,1.52991,1.64451,1.50699,1.539078,1.529528,1.56047,1.64069,1.638016,1.716326,1.557796,1.492856,1.561998,1.477958,1.476812,1.48025,1.52036
47141,1.375964,1.429444,1.628084,1.593322,1.561998,1.561616,1.58148,1.6235,1.568492,1.52991,1.64451,1.50699,1.539078,1.529528,1.56047,1.64069,1.638016,1.716326,1.557796,1.492856,1.561998,1.477958,1.476812,1.48025,1.52036
47143,1.375964,1.429444,1.628084,1.593322,1.561998,1.561616,1.58148,1.6235,1.568492,1.52991,1.64451,1.50699,1.539078,1.529528,1.56047,1.64069,1.638016,1.716326,1.557796,1.492856,1.561998,1.477958,1.476812,1.48025,1.52036
47145,1.375964,1.429444,1.628084,1.593322,1.561998,1.561616,1.58148,1.6235,1.568492,1.52991,1.64451,1.50699,1.539078,1.529528,1.56047,1.64069,1.638016,1.716326,1.557796,1.492856,1.561998,1.477958,1.476812,1.48025,1.52036
47147,1.375964,1.429444,1.628084,1.593322,1.561998,1.561616,1.58148,1.6235,1.568492,1.52991,1.64451,1.50699,1.539078,1.529528,1.56047,1.64069,1.638016,1.716326,1.557796,1.492856,1.561998,1.477958,1.476812,1.48025,1.52036
47149,1.375964,1.429444,1.628084,1.593322,1.561998,1.561616,1.58148,1.6235,1.568492,1.52991,1.64451,1.50699,1.539078,1.529528,1.56047,1.64069,1.638016,1.716326,1.557796,1.492856,1.561998,1.477958,1.476812,1.48025,1.52036
47151,1.375964,1.429444,1.628084,1.593322,1.561998,1.561616,1.58148,1.6235,1.568492,1.52991,1.64451,1.50699,1.539078,1.529528,1.56047,1.64069,1.638016,1.716326,1.557796,1.492856,1.561998,1.477958,1.476812,1.48025,1.52036
47153,1.375964,1.429444,1.628084,1.593322,1.561998,1.561616,1.58148,1.6235,1.568492,1.52991,1.64451,1.50699,1.539078,1.529528,1.56047,1.64069,1.638016,1.716326,1.557796,1.492856,1.561998,1.477958,1.476812,1.48025,1.52036
47155,1.375964,1.429444,1.628084,1.593322,1.561998,1.561616,1.58148,1.6235,1.568492,1.52991,1.64451,1.50699,1.539078,1.529528,1.56047,1.64069,1.638016,1.716326,1.557796,1.492856,1.561998,1.477958,1.476812,1.48025,1.52036
47157,1.375964,1.429444,1.628084,1.593322,1.561998,1.561616,1.58148,1.6235,1.568492,1.52991,1.64451,1.50699,1.539078,1.529528,1.56047,1.64069,1.638016,1.716326,1.557796,1.492856,1.561998,1.477958,1.476812,1.48025,1.52036
47159,1.375964,1.429444,1.628084,1.593322,1.561998,1.561616,1.58148,1.6235,1.568492,1.52991,1.64451,1.50699,1.539078,1.529528,1.56047,1.64069,1.638016,1.716326,1.557796,1.492856,1.561998,1.477958,1.476812,1.48025,1.52036
47161,1.375964,1.429444,1.628084,1.593322,1.561998,1.561616,1.58148,1.6235,1.568492,1.52991,1.64451,1.50699,1.539078,1.529528,1.56047,1.64069,1.638016,1.716326,1.557796,1.492856,1.561998,1.477958,1.476812,1.48025,1.52036
47163,1.375964,1.429444,1.628084,1.593322,1.561998,1.561616,1.58148,1.6235,1.568492,1.52991,1.64451,1.50699,1.539078,1.529528,1.56047,1.64069,1.638016,1.716326,1.557796,1.492856,1.561998,1.477958,1.476812,1.48025,1.52036
47165,1.375964,1.429444,1.628084,1.593322,1.561998,1.561616,1.58148,1.6235,1.568492,1.52991,1.64451,1.50699,1.539078,1.529528,1.56047,1.64069,1.638016,1.716326,1.557796,1.492856,1.561998,1.477958,1.476812,1.48025,1.52036
47167,1.375964,1.429444,1.628084,1.593322,1.561998,1.561616,1.58148,1.6235,1.568492,1.52991,1.64451,1.50699,1.539078,1.529528,1.56047,1.64069,1.638016,1.716326,1.557796,1.492856,1.561998,1.477958,1.476812,1.48025,1.52036
47169,1.375964,1.429444,1.628084,1.593322,1.561998,1.561616,1.58148,1.6235,1.568492,1.52991,1.64451,1.50699,1.539078,1.529528,1.56047,1.64069,1.638016,1.716326,1.557796,1.492856,1.561998,1.477958,1.476812,1.48025,1.52036
47171,1.375964,1.429444,1.628084,1.593322,1.561998,1.561616,1.58148,1.6235,1.568492,1.52991,1.64451,1.50699,1.539078,1.529528,1.56047,1.64069,1.638016,1.716326,1.557796,1.492856,1.561998,1.477958,1.476812,1.48025,1.52036
47173,1.375964,1.429444,1.628084,1.593322,1.561998,1.561616,1.58148,1.6235,1.568492,1.52991,1.64451,1.50699,1.539078,1.529528,1.56047,1.64069,1.638016,1.716326,1.557796,1.492856,1.561998,1.477958,1.476812,1.48025,1.52036
47175,1.375964,1.429444,1.628084,1.593322,1.561998,1.561616,1.58148,1.6235,1.568492,1.52991,1.64451,1.50699,1.539078,1.529528,1.56047,1.64069,1.638016,1.716326,1.557796,1.492856,1.561998,1.477958,1.476812,1.48025,1.52036
47177,1.375964,1.429444,1.628084,1.593322,1.561998,1.561616,1.58148,1.6235,1.568492,1.52991,1.64451,1.50699,1.539078,1.529528,1.56047,1.64069,1.638016,1.716326,1.557796,1.492856,1.561998,1.477958,1.476812,1.48025,1.52036
47179,1.375964,1.429444,1.628084,1.593322,1.561998,1.561616,1.58148,1.6235,1.568492,1.52991,1.64451,1.50699,1.539078,1.529528,1.56047,1.64069,1.638016,1.716326,1.557796,1.492856,1.561998,1.477958,1.476812,1.48025,1.52036
47181,1.375964,1.429444,1.628084,1.593322,1.561998,1.561616,1.58148,1.6235,1.568492,1.52991,1.64451,1.50699,1.539078,1.529528,1.56047,1.64069,1.638016,1.716326,1.557796,1.492856,1.561998,1.477958,1.476812,1.48025,1.52036
47183,1.375964,1.429444,1.628084,1.593322,1.561998,1.561616,1.58148,1.6235,1.568492,1.52991,1.64451,1.50699,1.539078,1.529528,1.56047,1.64069,1.638016,1.716326,1.557796,1.492856,1.561998,1.477958,1.476812,1.48025,1.52036
47185,1.375964,1.429444,1.628084,1.593322,1.561998,1.561616,1.58148,1.6235,1.568492,1.52991,1.64451,1.50699,1.539078,1.529528,1.56047,1.64069,1.638016,1.716326,1.557796,1.492856,1.561998,1.477958,1.476812,1.48025,1.52036
47187,1.375964,1.429444,1.628084,1.593322,1.561998,1.561616,1.58148,1.6235,1.568492,1.52991,1.64451,1.50699,1.539078,1.529528,1.56047,1.64069,1.638016,1.716326,1.557796,1.492856,1.561998,1.477958,1.476812,1.48025,1.52036
47189,1.375964,1.429444,1.628084,1.593322,1.561998,1.561616,1.58148,1.6235,1.568492,1.52991,1.64451,1.50699,1.539078,1.529528,1.56047,1.64069,1.638016,1.716326,1.557796,1.492856,1.561998,1.477958,1.476812,1.48025,1.52036
48001,1.375964,1.429444,1.628084,1.593322,1.561998,1.561616,1.58148,1.6235,1.568492,1.52991,1.64451,1.50699,1.539078,1.529528,1.56047,1.64069,1.638016,1.716326,1.557796,1.492856,1.561998,1.477958,1.476812,1.48025,1.52036
48003,1.375964,1.429444,1.628084,1.593322,1.561998,1.561616,1.58148,1.6235,1.568492,1.52991,1.64451,1.50699,1.539078,1.529528,1.56047,1.64069,1.638016,1.716326,1.557796,1.492856,1.561998,1.477958,1.476812,1.48025,1.52036
48005,1.375964,1.429444,1.628084,1.593322,1.561998,1.561616,1.58148,1.6235,1.568492,1.52991,1.64451,1.50699,1.539078,1.529528,1.56047,1.64069,1.638016,1.716326,1.557796,1.492856,1.561998,1.477958,1.476812,1.48025,1.52036
48007,1.375964,1.429444,1.628084,1.593322,1.561998,1.561616,1.58148,1.6235,1.568492,1.52991,1.64451,1.50699,1.539078,1.529528,1.56047,1.64069,1.638016,1.716326,1.557796,1.492856,1.561998,1.477958,1.476812,1.48025,1.52036
48009,1.375964,1.429444,1.628084,1.593322,1.561998,1.561616,1.58148,1.6235,1.568492,1.52991,1.64451,1.50699,1.539078,1.529528,1.56047,1.64069,1.638016,1.716326,1.557796,1.492856,1.561998,1.477958,1.476812,1.48025,1.52036
48011,1.375964,1.429444,1.628084,1.593322,1.561998,1.561616,1.58148,1.6235,1.568492,1.52991,1.64451,1.50699,1.539078,1.529528,1.56047,1.64069,1.638016,1.716326,1.557796,1.492856,1.561998,1.477958,1.476812,1.48025,1.52036
48013,1.375964,1.429444,1.628084,1.593322,1.561998,1.561616,1.58148,1.6235,1.568492,1.52991,1.64451,1.50699,1.539078,1.529528,1.56047,1.64069,1.638016,1.716326,1.557796,1.492856,1.561998,1.477958,1.476812,1.48025,1.52036
48015,1.375964,1.429444,1.628084,1.593322,1.561998,1.561616,1.58148,1.6235,1.568492,1.52991,1.64451,1.50699,1.539078,1.529528,1.56047,1.64069,1.638016,1.716326,1.557796,1.492856,1.561998,1.477958,1.476812,1.48025,1.52036
48017,1.375964,1.429444,1.628084,1.593322,1.561998,1.561616,1.58148,1.6235,1.568492,1.52991,1.64451,1.50699,1.539078,1.529528,1.56047,1.64069,1.638016,1.716326,1.557796,1.492856,1.561998,1.477958,1.476812,1.48025,1.52036
48019,1.375964,1.429444,1.628084,1.593322,1.561998,1.561616,1.58148,1.6235,1.568492,1.52991,1.64451,1.50699,1.539078,1.529528,1.56047,1.64069,1.638016,1.716326,1.557796,1.492856,1.561998,1.477958,1.476812,1.48025,1.52036
48021,1.375964,1.429444,1.628084,1.593322,1.561998,1.561616,1.58148,1.6235,1.568492,1.52991,1.64451,1.50699,1.539078,1.529528,1.56047,1.64069,1.638016,1.716326,1.557796,1.492856,1.561998,1.477958,1.476812,1.48025,1.52036
48023,1.375964,1.429444,1.628084,1.593322,1.561998,1.561616,1.58148,1.6235,1.568492,1.52991,1.64451,1.50699,1.539078,1.529528,1.56047,1.64069,1.638016,1.716326,1.557796,1.492856,1.561998,1.477958,1.476812,1.48025,1.52036
48025,1.375964,1.429444,1.628084,1.593322,1.561998,1.561616,1.58148,1.6235,1.568492,1.52991,1.64451,1.50699,1.539078,1.529528,1.56047,1.64069,1.638016,1.716326,1.557796,1.492856,1.561998,1.477958,1.476812,1.48025,1.52036
48027,1.375964,1.429444,1.628084,1.593322,1.561998,1.561616,1.58148,1.6235,1.568492,1.52991,1.64451,1.50699,1.539078,1.529528,1.56047,1.64069,1.638016,1.716326,1.557796,1.492856,1.561998,1.477958,1.476812,1.48025,1.52036
48029,1.375964,1.429444,1.628084,1.593322,1.561998,1.561616,1.58148,1.6235,1.568492,1.52991,1.64451,1.50699,1.539078,1.529528,1.56047,1.64069,1.638016,1.716326,1.557796,1.492856,1.561998,1.477958,1.476812,1.48025,1.52036
48031,1.375964,1.429444,1.628084,1.593322,1.561998,1.561616,1.58148,1.6235,1.568492,1.52991,1.64451,1.50699,1.539078,1.529528,1.56047,1.64069,1.638016,1.716326,1.557796,1.492856,1.561998,1.477958,1.476812,1.48025,1.52036
48033,1.375964,1.429444,1.628084,1.593322,1.561998,1.561616,1.58148,1.6235,1.568492,1.52991,1.64451,1.50699,1.539078,1.529528,1.56047,1.64069,1.638016,1.716326,1.557796,1.492856,1.561998,1.477958,1.476812,1.48025,1.52036
48035,1.375964,1.429444,1.628084,1.593322,1.561998,1.561616,1.58148,1.6235,1.568492,1.52991,1.64451,1.50699,1.539078,1.529528,1.56047,1.64069,1.638016,1.716326,1.557796,1.492856,1.561998,1.477958,1.476812,1.48025,1.52036
48037,1.375964,1.429444,1.628084,1.593322,1.561998,1.561616,1.58148,1.6235,1.568492,1.52991,1.64451,1.50699,1.539078,1.529528,1.56047,1.64069,1.638016,1.716326,1.557796,1.492856,1.561998,1.477958,1.476812,1.48025,1.52036
48039,1.375964,1.429444,1.628084,1.593322,1.561998,1.561616,1.58148,1.6235,1.568492,1.52991,1.64451,1.50699,1.539078,1.529528,1.56047,1.64069,1.638016,1.716326,1.557796,1.492856,1.561998,1.477958,1.476812,1.48025,1.52036
48041,1.375964,1.429444,1.628084,1.593322,1.561998,1.561616,1.58148,1.6235,1.568492,1.52991,1.64451,1.50699,1.539078,1.529528,1.56047,1.64069,1.638016,1.716326,1.557796,1.492856,1.561998,1.477958,1.476812,1.48025,1.52036
48043,1.375964,1.429444,1.628084,1.593322,1.561998,1.561616,1.58148,1.6235,1.568492,1.52991,1.64451,1.50699,1.539078,1.529528,1.56047,1.64069,1.638016,1.716326,1.557796,1.492856,1.561998,1.477958,1.476812,1.48025,1.52036
48045,1.375964,1.429444,1.628084,1.593322,1.561998,1.561616,1.58148,1.6235,1.568492,1.52991,1.64451,1.50699,1.539078,1.529528,1.56047,1.64069,1.638016,1.716326,1.557796,1.492856,1.561998,1.477958,1.476812,1.48025,1.52036
48047,1.375964,1.429444,1.628084,1.593322,1.561998,1.561616,1.58148,1.6235,1.568492,1.52991,1.64451,1.50699,1.539078,1.529528,1.56047,1.64069,1.638016,1.716326,1.557796,1.492856,1.561998,1.477958,1.476812,1.48025,1.52036
48049,1.375964,1.429444,1.628084,1.593322,1.561998,1.561616,1.58148,1.6235,1.568492,1.52991,1.64451,1.50699,1.539078,1.529528,1.56047,1.64069,1.638016,1.716326,1.557796,1.492856,1.561998,1.477958,1.476812,1.48025,1.52036
48051,1.375964,1.429444,1.628084,1.593322,1.561998,1.561616,1.58148,1.6235,1.568492,1.52991,1.64451,1.50699,1.539078,1.529528,1.56047,1.64069,1.638016,1.716326,1.557796,1.492856,1.561998,1.477958,1.476812,1.48025,1.52036
48053,1.375964,1.429444,1.628084,1.593322,1.561998,1.561616,1.58148,1.6235,1.568492,1.52991,1.64451,1.50699,1.539078,1.529528,1.56047,1.64069,1.638016,1.716326,1.557796,1.492856,1.561998,1.477958,1.476812,1.48025,1.52036
48055,1.375964,1.429444,1.628084,1.593322,1.561998,1.561616,1.58148,1.6235,1.568492,1.52991,1.64451,1.50699,1.539078,1.529528,1.56047,1.64069,1.638016,1.716326,1.557796,1.492856,1.561998,1.477958,1.476812,1.48025,1.52036
48057,1.375964,1.429444,1.628084,1.593322,1.561998,1.561616,1.58148,1.6235,1.568492,1.52991,1.64451,1.50699,1.539078,1.529528,1.56047,1.64069,1.638016,1.716326,1.557796,1.492856,1.561998,1.477958,1.476812,1.48025,1.52036
48059,1.375964,1.429444,1.628084,1.593322,1.561998,1.561616,1.58148,1.6235,1.568492,1.52991,1.64451,1.50699,1.539078,1.529528,1.56047,1.64069,1.638016,1.716326,1.557796,1.492856,1.561998,1.477958,1.476812,1.48025,1.52036
48061,1.375964,1.429444,1.628084,1.593322,1.561998,1.561616,1.58148,1.6235,1.568492,1.52991,1.64451,1.50699,1.539078,1.529528,1.56047,1.64069,1.638016,1.716326,1.557796,1.492856,1.561998,1.477958,1.476812,1.48025,1.52036
48063,1.375964,1.429444,1.628084,1.593322,1.561998,1.561616,1.58148,1.6235,1.568492,1.52991,1.64451,1.50699,1.539078,1.529528,1.56047,1.64069,1.638016,1.716326,1.557796,1.492856,1.561998,1.477958,1.476812,1.48025,1.52036
48065,1.375964,1.429444,1.628084,1.593322,1.561998,1.561616,1.58148,1.6235,1.568492,1.52991,1.64451,1.50699,1.539078,1.529528,1.56047,1.64069,1.638016,1.716326,1.557796,1.492856,1.561998,1.477958,1.476812,1.48025,1.52036
48067,1.375964,1.429444,1.628084,1.593322,1.561998,1.561616,1.58148,1.6235,1.568492,1.52991,1.64451,1.50699,1.539078,1.529528,1.56047,1.64069,1.638016,1.716326,1.557796,1.492856,1.561998,1.477958,1.476812,1.48025,1.52036
48069,1.375964,1.429444,1.628084,1.593322,1.561998,1.561616,1.58148,1.6235,1.568492,1.52991,1.64451,1.50699,1.539078,1.529528,1.56047,1.64069,1.638016,1.716326,1.557796,1.492856,1.561998,1.477958,1.476812,1.48025,1.52036
48071,1.375964,1.429444,1.628084,1.593322,1.561998,1.561616,1.58148,1.6235,1.568492,1.52991,1.64451,1.50699,1.539078,1.529528,1.56047,1.64069,1.638016,1.716326,1.557796,1.492856,1.561998,1.477958,1.476812,1.48025,1.52036
48073,1.375964,1.429444,1.628084,1.593322,1.561998,1.561616,1.58148,1.6235,1.568492,1.52991,1.64451,1.50699,1.539078,1.529528,1.56047,1.64069,1.638016,1.716326,1.557796,1.492856,1.561998,1.477958,1.476812,1.48025,1.52036
48075,1.375964,1.429444,1.628084,1.593322,1.561998,1.561616,1.58148,1.6235,1.568492,1.52991,1.64451,1.50699,1.539078,1.529528,1.56047,1.64069,1.638016,1.716326,1.557796,1.492856,1.561998,1.477958,1.476812,1.48025,1.52036
48077,1.375964,1.429444,1.628084,1.593322,1.561998,1.561616,1.58148,1.6235,1.568492,1.52991,1.64451,1.50699,1.539078,1.529528,1.56047,1.64069,1.638016,1.716326,1.557796,1.492856,1.561998,1.477958,1.476812,1.48025,1.52036
48079,1.375964,1.429444,1.628084,1.593322,1.561998,1.561616,1.58148,1.6235,1.568492,1.52991,1.64451,1.50699,1.539078,1.529528,1.56047,1.64069,1.638016,1.716326,1.557796,1.492856,1.561998,1.477958,1.476812,1.48025,1.52036
48081,1.375964,1.429444,1.628084,1.593322,1.561998,1.561616,1.58148,1.6235,1.568492,1.52991,1.64451,1.50699,1.539078,1.529528,1.56047,1.64069,1.638016,1.716326,1.557796,1.492856,1.561998,1.477958,1.476812,1.48025,1.52036
48083,1.375964,1.429444,1.628084,1.593322,1.561998,1.561616,1.58148,1.6235,1.568492,1.52991,1.64451,1.50699,1.539078,1.529528,1.56047,1.64069,1.638016,1.716326,1.557796,1.492856,1.561998,1.477958,1.476812,1.48025,1.52036
48085,1.375964,1.429444,1.628084,1.593322,1.561998,1.561616,1.58148,1.6235,1.568492,1.52991,1.64451,1.50699,1.539078,1.529528,1.56047,1.64069,1.638016,1.716326,1.557796,1.492856,1.561998,1.477958,1.476812,1.48025,1.52036
48087,1.375964,1.429444,1.628084,1.593322,1.561998,1.561616,1.58148,1.6235,1.568492,1.52991,1.64451,1.50699,1.539078,1.529528,1.56047,1.64069,1.638016,1.716326,1.557796,1.492856,1.561998,1.477958,1.476812,1.48025,1.52036
48089,1.375964,1.429444,1.628084,1.593322,1.561998,1.561616,1.58148,1.6235,1.568492,1.52991,1.64451,1.50699,1.539078,1.529528,1.56047,1.64069,1.638016,1.716326,1.557796,1.492856,1.561998,1.477958,1.476812,1.48025,1.52036
48091,1.375964,1.429444,1.628084,1.593322,1.561998,1.561616,1.58148,1.6235,1.568492,1.52991,1.64451,1.50699,1.539078,1.529528,1.56047,1.64069,1.638016,1.716326,1.557796,1.492856,1.561998,1.477958,1.476812,1.48025,1.52036
48093,1.375964,1.429444,1.628084,1.593322,1.561998,1.561616,1.58148,1.6235,1.568492,1.52991,1.64451,1.50699,1.539078,1.529528,1.56047,1.64069,1.638016,1.716326,1.557796,1.492856,1.561998,1.477958,1.476812,1.48025,1.52036
48095,1.375964,1.429444,1.628084,1.593322,1.561998,1.561616,1.58148,1.6235,1.568492,1.52991,1.64451,1.50699,1.539078,1.529528,1.56047,1.64069,1.638016,1.716326,1.557796,1.492856,1.561998,1.477958,1.476812,1.48025,1.52036
48097,1.375964,1.429444,1.628084,1.593322,1.561998,1.561616,1.58148,1.6235,1.568492,1.52991,1.64451,1.50699,1.539078,1.529528,1.56047,1.64069,1.638016,1.716326,1.557796,1.492856,1.561998,1.477958,1.476812,1.48025,1.52036
48099,1.375964,1.429444,1.628084,1.593322,1.561998,1.561616,1.58148,1.6235,1.568492,1.52991,1.64451,1.50699,1.539078,1.529528,1.56047,1.64069,1.638016,1.716326,1.557796,1.492856,1.561998,1.477958,1.476812,1.48025,1.52036
48101,1.375964,1.429444,1.628084,1.593322,1.561998,1.561616,1.58148,1.6235,1.568492,1.52991,1.64451,1.50699,1.539078,1.529528,1.56047,1.64069,1.638016,1.716326,1.557796,1.492856,1.561998,1.477958,1.476812,1.48025,1.52036
48103,1.375964,1.429444,1.628084,1.593322,1.561998,1.561616,1.58148,1.6235,1.568492,1.52991,1.64451,1.50699,1.539078,1.529528,1.56047,1.64069,1.638016,1.716326,1.557796,1.492856,1.561998,1.477958,1.476812,1.48025,1.52036
48105,1.375964,1.429444,1.628084,1.593322,1.561998,1.561616,1.58148,1.6235,1.568492,1.52991,1.64451,1.50699,1.539078,1.529528,1.56047,1.64069,1.638016,1.716326,1.557796,1.492856,1.561998,1.477958,1.476812,1.48025,1.52036
48107,1.375964,1.429444,1.628084,1.593322,1.561998,1.561616,1.58148,1.6235,1.568492,1.52991,1.64451,1.50699,1.539078,1.529528,1.56047,1.64069,1.638016,1.716326,1.557796,1.492856,1.561998,1.477958,1.476812,1.48025,1.52036
48109,1.375964,1.429444,1.628084,1.593322,1.561998,1.561616,1.58148,1.6235,1.568492,1.52991,1.64451,1.50699,1.539078,1.529528,1.56047,1.64069,1.638016,1.716326,1.557796,1.492856,1.561998,1.477958,1.476812,1.48025,1.52036
48111,1.375964,1.429444,1.628084,1.593322,1.561998,1.561616,1.58148,1.6235,1.568492,1.52991,1.64451,1.50699,1.539078,1.529528,1.56047,1.64069,1.638016,1.716326,1.557796,1.492856,1.561998,1.477958,1.476812,1.48025,1.52036
48113,1.375964,1.429444,1.628084,1.593322,1.561998,1.561616,1.58148,1.6235,1.568492,1.52991,1.64451,1.50699,1.539078,1.529528,1.56047,1.64069,1.638016,1.716326,1.557796,1.492856,1.561998,1.477958,1.476812,1.48025,1.52036
48115,1.375964,1.429444,1.628084,1.593322,1.561998,1.561616,1.58148,1.6235,1.568492,1.52991,1.64451,1.50699,1.539078,1.529528,1.56047,1.64069,1.638016,1.716326,1.557796,1.492856,1.561998,1.477958,1.476812,1.48025,1.52036
48117,1.375964,1.429444,1.628084,1.593322,1.561998,1.561616,1.58148,1.6235,1.568492,1.52991,1.64451,1.50699,1.539078,1.529528,1.56047,1.64069,1.638016,1.716326,1.557796,1.492856,1.561998,1.477958,1.476812,1.48025,1.52036
48119,1.375964,1.429444,1.628084,1.593322,1.561998,1.561616,1.58148,1.6235,1.568492,1.52991,1.64451,1.50699,1.539078,1.529528,1.56047,1.64069,1.638016,1.716326,1.557796,1.492856,1.561998,1.477958,1.476812,1.48025,1.52036
48121,1.375964,1.429444,1.628084,1.593322,1.561998,1.561616,1.58148,1.6235,1.568492,1.52991,1.64451,1.50699,1.539078,1.529528,1.56047,1.64069,1.638016,1.716326,1.557796,1.492856,1.561998,1.477958,1.476812,1.48025,1.52036
48123,1.375964,1.429444,1.628084,1.593322,1.561998,1.561616,1.58148,1.6235,1.568492,1.52991,1.64451,1.50699,1.539078,1.529528,1.56047,1.64069,1.638016,1.716326,1.557796,1.492856,1.561998,1.477958,1.476812,1.48025,1.52036
48125,1.375964,1.429444,1.628084,1.593322,1.561998,1.561616,1.58148,1.6235,1.568492,1.52991,1.64451,1.50699,1.539078,1.529528,1.56047,1.64069,1.638016,1.716326,1.557796,1.492856,1.561998,1.477958,1.476812,1.48025,1.52036
48127,1.375964,1.429444,1.628084,1.593322,1.561998,1.561616,1.58148,1.6235,1.568492,1.52991,1.64451,1.50699,1.539078,1.529528,1.56047,1.64069,1.638016,1.716326,1.557796,1.492856,1.561998,1.477958,1.476812,1.48025,1.52036
48129,1.375964,1.429444,1.628084,1.593322,1.561998,1.561616,1.58148,1.6235,1.568492,1.52991,1.64451,1.50699,1.539078,1.529528,1.56047,1.64069,1.638016,1.716326,1.557796,1.492856,1.561998,1.477958,1.476812,1.48025,1.52036
48131,1.375964,1.429444,1.628084,1.593322,1.561998,1.561616,1.58148,1.6235,1.568492,1.52991,1.64451,1.50699,1.539078,1.529528,1.56047,1.64069,1.638016,1.716326,1.557796,1.492856,1.561998,1.477958,1.476812,1.48025,1.52036
48133,1.375964,1.429444,1.628084,1.593322,1.561998,1.561616,1.58148,1.6235,1.568492,1.52991,1.64451,1.50699,1.539078,1.529528,1.56047,1.64069,1.638016,1.716326,1.557796,1.492856,1.561998,1.477958,1.476812,1.48025,1.52036
48135,1.375964,1.429444,1.628084,1.593322,1.561998,1.561616,1.58148,1.6235,1.568492,1.52991,1.64451,1.50699,1.539078,1.529528,1.56047,1.64069,1.638016,1.716326,1.557796,1.492856,1.561998,1.477958,1.476812,1.48025,1.52036
48137,1.375964,1.429444,1.628084,1.593322,1.561998,1.561616,1.58148,1.6235,1.568492,1.52991,1.64451,1.50699,1.539078,1.529528,1.56047,1.64069,1.638016,1.716326,1.557796,1.492856,1.561998,1.477958,1.476812,1.48025,1.52036
48139,1.375964,1.429444,1.628084,1.593322,1.561998,1.561616,1.58148,1.6235,1.568492,1.52991,1.64451,1.50699,1.539078,1.529528,1.56047,1.64069,1.638016,1.716326,1.557796,1.492856,1.561998,1.477958,1.476812,1.48025,1.52036
48141,1.375964,1.429444,1.628084,1.593322,1.561998,1.561616,1.58148,1.6235,1.568492,1.52991,1.64451,1.50699,1.539078,1.529528,1.56047,1.64069,1.638016,1.716326,1.557796,1.492856,1.561998,1.477958,1.476812,1.48025,1.52036
48143,1.375964,1.429444,1.628084,1.593322,1.561998,1.561616,1.58148,1.6235,1.568492,1.52991,1.64451,1.50699,1.539078,1.529528,1.56047,1.64069,1.638016,1.716326,1.557796,1.492856,1.561998,1.477958,1.476812,1.48025,1.52036
48145,1.375964,1.429444,1.628084,1.593322,1.561998,1.561616,1.58148,1.6235,1.568492,1.52991,1.64451,1.50699,1.539078,1.529528,1.56047,1.64069,1.638016,1.716326,1.557796,1.492856,1.561998,1.477958,1.476812,1.48025,1.52036
48147,1.375964,1.429444,1.628084,1.593322,1.561998,1.561616,1.58148,1.6235,1.568492,1.52991,1.64451,1.50699,1.539078,1.529528,1.56047,1.64069,1.638016,1.716326,1.557796,1.492856,1.561998,1.477958,1.476812,1.48025,1.52036
48149,1.375964,1.429444,1.628084,1.593322,1.561998,1.561616,1.58148,1.6235,1.568492,1.52991,1.64451,1.50699,1.539078,1.529528,1.56047,1.64069,1.638016,1.716326,1.557796,1.492856,1.561998,1.477958,1.476812,1.48025,1.52036
48151,1.375964,1.429444,1.628084,1.593322,1.561998,1.561616,1.58148,1.6235,1.568492,1.52991,1.64451,1.50699,1.539078,1.529528,1.56047,1.64069,1.638016,1.716326,1.557796,1.492856,1.561998,1.477958,1.476812,1.48025,1.52036
48153,1.375964,1.429444,1.628084,1.593322,1.561998,1.561616,1.58148,1.6235,1.568492,1.52991,1.64451,1.50699,1.539078,1.529528,1.56047,1.64069,1.638016,1.716326,1.557796,1.492856,1.561998,1.477958,1.476812,1.48025,1.52036
48155,1.375964,1.429444,1.628084,1.593322,1.561998,1.561616,1.58148,1.6235,1.568492,1.52991,1.64451,1.50699,1.539078,1.529528,1.56047,1.64069,1.638016,1.716326,1.557796,1.492856,1.561998,1.477958,1.476812,1.48025,1.52036
48157,1.375964,1.429444,1.628084,1.593322,1.561998,1.561616,1.58148,1.6235,1.568492,1.52991,1.64451,1.50699,1.539078,1.529528,1.56047,1.64069,1.638016,1.716326,1.557796,1.492856,1.561998,1.477958,1.476812,1.48025,1.52036
48159,1.375964,1.429444,1.628084,1.593322,1.561998,1.561616,1.58148,1.6235,1.568492,1.52991,1.64451,1.50699,1.539078,1.529528,1.56047,1.64069,1.638016,1.716326,1.557796,1.492856,1.561998,1.477958,1.476812,1.48025,1.52036
48161,1.375964,1.429444,1.628084,1.593322,1.561998,1.561616,1.58148,1.6235,1.568492,1.52991,1.64451,1.50699,1.539078,1.529528,1.56047,1.64069,1.638016,1.716326,1.557796,1.492856,1.561998,1.477958,1.476812,1.48025,1.52036
48163,1.375964,1.429444,1.628084,1.593322,1.561998,1.561616,1.58148,1.6235,1.568492,1.52991,1.64451,1.50699,1.539078,1.529528,1.56047,1.64069,1.638016,1.716326,1.557796,1.492856,1.561998,1.477958,1.476812,1.48025,1.52036
48165,1.375964,1.429444,1.628084,1.593322,1.561998,1.561616,1.58148,1.6235,1.568492,1.52991,1.64451,1.50699,1.539078,1.529528,1.56047,1.64069,1.638016,1.716326,1.557796,1.492856,1.561998,1.477958,1.476812,1.48025,1.52036
48167,1.375964,1.429444,1.628084,1.593322,1.561998,1.561616,1.58148,1.6235,1.568492,1.52991,1.64451,1.50699,1.539078,1.529528,1.56047,1.64069,1.638016,1.716326,1.557796,1.492856,1.561998,1.477958,1.476812,1.48025,1.52036
48169,1.375964,1.429444,1.628084,1.593322,1.561998,1.561616,1.58148,1.6235,1.568492,1.52991,1.64451,1.50699,1.539078,1.529528,1.56047,1.64069,1.638016,1.716326,1.557796,1.492856,1.561998,1.477958,1.476812,1.48025,1.52036
48171,1.375964,1.429444,1.628084,1.593322,1.561998,1.561616,1.58148,1.6235,1.568492,1.52991,1.64451,1.50699,1.539078,1.529528,1.56047,1.64069,1.638016,1.716326,1.557796,1.492856,1.561998,1.477958,1.476812,1.48025,1.52036
48173,1.375964,1.429444,1.628084,1.593322,1.561998,1.561616,1.58148,1.6235,1.568492,1.52991,1.64451,1.50699,1.539078,1.529528,1.56047,1.64069,1.638016,1.716326,1.557796,1.492856,1.561998,1.477958,1.476812,1.48025,1.52036
48175,1.375964,1.429444,1.628084,1.593322,1.561998,1.561616,1.58148,1.6235,1.568492,1.52991,1.64451,1.50699,1.539078,1.529528,1.56047,1.64069,1.638016,1.716326,1.557796,1.492856,1.561998,1.477958,1.476812,1.48025,1.52036
48177,1.375964,1.429444,1.628084,1.593322,1.561998,1.561616,1.58148,1.6235,1.568492,1.52991,1.64451,1.50699,1.539078,1.529528,1.56047,1.64069,1.638016,1.716326,1.557796,1.492856,1.561998,1.477958,1.476812,1.48025,1.52036
48179,1.375964,1.429444,1.628084,1.593322,1.561998,1.561616,1.58148,1.6235,1.568492,1.52991,1.64451,1.50699,1.539078,1.529528,1.56047,1.64069,1.638016,1.716326,1.557796,1.492856,1.561998,1.477958,1.476812,1.48025,1.52036
48181,1.375964,1.429444,1.628084,1.593322,1.561998,1.561616,1.58148,1.6235,1.568492,1.52991,1.64451,1.50699,1.539078,1.529528,1.56047,1.64069,1.638016,1.716326,1.557796,1.492856,1.561998,1.477958,1.476812,1.48025,1.52036
48183,1.375964,1.429444,1.628084,1.593322,1.561998,1.561616,1.58148,1.6235,1.568492,1.52991,1.64451,1.50699,1.539078,1.529528,1.56047,1.64069,1.638016,1.716326,1.557796,1.492856,1.561998,1.477958,1.476812,1.48025,1.52036
48185,1.375964,1.429444,1.628084,1.593322,1.561998,1.561616,1.58148,1.6235,1.568492,1.52991,1.64451,1.50699,1.539078,1.529528,1.56047,1.64069,1.638016,1.716326,1.557796,1.492856,1.561998,1.477958,1.476812,1.48025,1.52036
48187,1.375964,1.429444,1.628084,1.593322,1.561998,1.561616,1.58148,1.6235,1.568492,1.52991,1.64451,1.50699,1.539078,1.529528,1.56047,1.64069,1.638016,1.716326,1.557796,1.492856,1.561998,1.477958,1.476812,1.48025,1.52036
48189,1.375964,1.429444,1.628084,1.593322,1.561998,1.561616,1.58148,1.6235,1.568492,1.52991,1.64451,1.50699,1.539078,1.529528,1.56047,1.64069,1.638016,1.716326,1.557796,1.492856,1.561998,1.477958,1.476812,1.48025,1.52036
48191,1.375964,1.429444,1.628084,1.593322,1.561998,1.561616,1.58148,1.6235,1.568492,1.52991,1.64451,1.50699,1.539078,1.529528,1.56047,1.64069,1.638016,1.716326,1.557796,1.492856,1.561998,1.477958,1.476812,1.48025,1.52036
48193,1.375964,1.429444,1.628084,1.593322,1.561998,1.561616,1.58148,1.6235,1.568492,1.52991,1.64451,1.50699,1.539078,1.529528,1.56047,1.64069,1.638016,1.716326,1.557796,1.492856,1.561998,1.477958,1.476812,1.48025,1.52036
48195,1.375964,1.429444,1.628084,1.593322,1.561998,1.561616,1.58148,1.6235,1.568492,1.52991,1.64451,1.50699,1.539078,1.529528,1.56047,1.64069,1.638016,1.716326,1.557796,1.492856,1.561998,1.477958,1.476812,1.48025,1.52036
48197,1.375964,1.429444,1.628084,1.593322,1.561998,1.561616,1.58148,1.6235,1.568492,1.52991,1.64451,1.50699,1.539078,1.529528,1.56047,1.64069,1.638016,1.716326,1.557796,1.492856,1.561998,1.477958,1.476812,1.48025,1.52036
48199,1.375964,1.429444,1.628084,1.593322,1.561998,1.561616,1.58148,1.6235,1.568492,1.52991,1.64451,1.50699,1.539078,1.529528,1.56047,1.64069,1.638016,1.716326,1.557796,1.492856,1.561998,1.477958,1.476812,1.48025,1.52036
48201,1.375964,1.429444,1.628084,1.593322,1.561998,1.561616,1.58148,1.6235,1.568492,1.52991,1.64451,1.50699,1.539078,1.529528,1.56047,1.64069,1.638016,1.716326,1.557796,1.492856,1.561998,1.477958,1.476812,1.48025,1.52036
48203,1.375964,1.429444,1.628084,1.593322,1.561998,1.561616,1.58148,1.6235,1.568492,1.52991,1.64451,1.50699,1.539078,1.529528,1.56047,1.64069,1.638016,1.716326,1.557796,1.492856,1.561998,1.477958,1.476812,1.48025,1.52036
48205,1.375964,1.429444,1.628084,1.593322,1.561998,1.561616,1.58148,1.6235,1.568492,1.52991,1.64451,1.50699,1.539078,1.529528,1.56047,1.64069,1.638016,1.716326,1.557796,1.492856,1.561998,1.477958,1.476812,1.48025,1.52036
48207,1.375964,1.429444,1.628084,1.593322,1.561998,1.561616,1.58148,1.6235,1.568492,1.52991,1.64451,1.50699,1.539078,1.529528,1.56047,1.64069,1.638016,1.716326,1.557796,1.492856,1.561998,1.477958,1.476812,1.48025,1.52036
48209,1.375964,1.429444,1.628084,1.593322,1.561998,1.561616,1.58148,1.6235,1.568492,1.52991,1.64451,1.50699,1.539078,1.529528,1.56047,1.64069,1.638016,1.716326,1.557796,1.492856,1.561998,1.477958,1.476812,1.48025,1.52036
48211,1.375964,1.429444,1.628084,1.593322,1.561998,1.561616,1.58148,1.6235,1.568492,1.52991,1.64451,1.50699,1.539078,1.529528,1.56047,1.64069,1.638016,1.716326,1.557796,1.492856,1.561998,1.477958,1.476812,1.48025,1.52036
48213,1.375964,1.429444,1.628084,1.593322,1.561998,1.561616,1.58148,1.6235,1.568492,1.52991,1.64451,1.50699,1.539078,1.529528,1.56047,1.64069,1.638016,1.716326,1.557796,1.492856,1.561998,1.477958,1.476812,1.48025,1.52036
48215,1.375964,1.429444,1.628084,1.593322,1.561998,1.561616,1.58148,1.6235,1.568492,1.52991,1.64451,1.50699,1.539078,1.529528,1.56047,1.64069,1.638016,1.716326,1.557796,1.492856,1.561998,1.477958,1.476812,1.48025,1.52036
48217,1.375964,1.429444,1.628084,1.593322,1.561998,1.561616,1.58148,1.6235,1.568492,1.52991,1.64451,1.50699,1.539078,1.529528,1.56047,1.64069,1.638016,1.716326,1.557796,1.492856,1.561998,1.477958,1.476812,1.48025,1.52036
48219,1.375964,1.429444,1.628084,1.593322,1.561998,1.561616,1.58148,1.6235,1.568492,1.52991,1.64451,1.50699,1.539078,1.529528,1.56047,1.64069,1.638016,1.716326,1.557796,1.492856,1.561998,1.477958,1.476812,1.48025,1.52036
48221,1.375964,1.429444,1.628084,1.593322,1.561998,1.561616,1.58148,1.6235,1.568492,1.52991,1.64451,1.50699,1.539078,1.529528,1.56047,1.64069,1.638016,1.716326,1.557796,1.492856,1.561998,1.477958,1.476812,1.48025,1.52036
48223,1.375964,1.429444,1.628084,1.593322,1.561998,1.561616,1.58148,1.6235,1.568492,1.52991,1.64451,1.50699,1.539078,1.529528,1.56047,1.64069,1.638016,1.716326,1.557796,1.492856,1.561998,1.477958,1.476812,1.48025,1.52036
48225,1.375964,1.429444,1.628084,1.593322,1.561998,1.561616,1.58148,1.6235,1.568492,1.52991,1.64451,1.50699,1.539078,1.529528,1.56047,1.64069,1.638016,1.716326,1.557796,1.492856,1.561998,1.477958,1.476812,1.48025,1.52036
48227,1.375964,1.429444,1.628084,1.593322,1.561998,1.561616,1.58148,1.6235,1.568492,1.52991,1.64451,1.50699,1.539078,1.529528,1.56047,1.64069,1.638016,1.716326,1.557796,1.492856,1.561998,1.477958,1.476812,1.48025,1.52036
48229,1.375964,1.429444,1.628084,1.593322,1.561998,1.561616,1.58148,1.6235,1.568492,1.52991,1.64451,1.50699,1.539078,1.529528,1.56047,1.64069,1.638016,1.716326,1.557796,1.492856,1.561998,1.477958,1.476812,1.48025,1.52036
48231,1.375964,1.429444,1.628084,1.593322,1.561998,1.561616,1.58148,1.6235,1.568492,1.52991,1.64451,1.50699,1.539078,1.529528,1.56047,1.64069,1.638016,1.716326,1.557796,1.492856,1.561998,1.477958,1.476812,1.48025,1.52036
48233,1.375964,1.429444,1.628084,1.593322,1.561998,1.561616,1.58148,1.6235,1.568492,1.52991,1.64451,1.50699,1.539078,1.529528,1.56047,1.64069,1.638016,1.716326,1.557796,1.492856,1.561998,1.477958,1.476812,1.48025,1.52036
48235,1.375964,1.429444,1.628084,1.593322,1.561998,1.561616,1.58148,1.6235,1.568492,1.52991,1.64451,1.50699,1.539078,1.529528,1.56047,1.64069,1.638016,1.716326,1.557796,1.492856,1.561998,1.477958,1.476812,1.48025,1.52036
48237,1.375964,1.429444,1.628084,1.593322,1.561998,1.561616,1.58148,1.6235,1.568492,1.52991,1.64451,1.50699,1.539078,1.529528,1.56047,1.64069,1.638016,1.716326,1.557796,1.492856,1.561998,1.477958,1.476812,1.48025,1.52036
48239,1.375964,1.429444,1.628084,1.593322,1.561998,1.561616,1.58148,1.6235,1.568492,1.52991,1.64451,1.50699,1.539078,1.529528,1.56047,1.64069,1.638016,1.716326,1.557796,1.492856,1.561998,1.477958,1.476812,1.48025,1.52036
48241,1.375964,1.429444,1.628084,1.593322,1.561998,1.561616,1.58148,1.6235,1.568492,1.52991,1.64451,1.50699,1.539078,1.529528,1.56047,1.64069,1.638016,1.716326,1.557796,1.492856,1.561998,1.477958,1.476812,1.48025,1.52036
48243,1.375964,1.429444,1.628084,1.593322,1.561998,1.561616,1.58148,1.6235,1.568492,1.52991,1.64451,1.50699,1.539078,1.529528,1.56047,1.64069,1.638016,1.716326,1.557796,1.492856,1.561998,1.477958,1.476812,1.48025,1.52036
48245,1.375964,1.429444,1.628084,1.593322,1.561998,1.561616,1.58148,1.6235,1.568492,1.52991,1.64451,1.50699,1.539078,1.529528,1.56047,1.64069,1.638016,1.716326,1.557796,1.492856,1.561998,1.477958,1.476812,1.48025,1.52036
48247,1.375964,1.429444,1.628084,1.593322,1.561998,1.561616,1.58148,1.6235,1.568492,1.52991,1.64451,1.50699,1.539078,1.529528,1.56047,1.64069,1.638016,1.716326,1.557796,1.492856,1.561998,1.477958,1.476812,1.48025,1.52036
48249,1.375964,1.429444,1.628084,1.593322,1.561998,1.561616,1.58148,1.6235,1.568492,1.52991,1.64451,1.50699,1.539078,1.529528,1.56047,1.64069,1.638016,1.716326,1.557796,1.492856,1.561998,1.477958,1.476812,1.48025,1.52036
48251,1.375964,1.429444,1.628084,1.593322,1.561998,1.561616,1.58148,1.6235,1.568492,1.52991,1.64451,1.50699,1.539078,1.529528,1.56047,1.64069,1.638016,1.716326,1.557796,1.492856,1.561998,1.477958,1.476812,1.48025,1.52036
48253,1.375964,1.429444,1.628084,1.593322,1.561998,1.561616,1.58148,1.6235,1.568492,1.52991,1.64451,1.50699,1.539078,1.529528,1.56047,1.64069,1.638016,1.716326,1.557796,1.492856,1.561998,1.477958,1.476812,1.48025,1.52036
48255,1.375964,1.429444,1.628084,1.593322,1.561998,1.561616,1.58148,1.6235,1.568492,1.52991,1.64451,1.50699,1.539078,1.529528,1.56047,1.64069,1.638016,1.716326,1.557796,1.492856,1.561998,1.477958,1.476812,1.48025,1.52036
48257,1.375964,1.429444,1.628084,1.593322,1.561998,1.561616,1.58148,1.6235,1.568492,1.52991,1.64451,1.50699,1.539078,1.529528,1.56047,1.64069,1.638016,1.716326,1.557796,1.492856,1.561998,1.477958,1.476812,1.48025,1.52036
48259,1.375964,1.429444,1.628084,1.593322,1.561998,1.561616,1.58148,1.6235,1.568492,1.52991,1.64451,1.50699,1.539078,1.529528,1.56047,1.64069,1.638016,1.716326,1.557796,1.492856,1.561998,1.477958,1.476812,1.48025,1.52036
48261,1.375964,1.429444,1.628084,1.593322,1.561998,1.561616,1.58148,1.6235,1.568492,1.52991,1.64451,1.50699,1.539078,1.529528,1.56047,1.64069,1.638016,1.716326,1.557796,1.492856,1.561998,1.477958,1.476812,1.48025,1.52036
48263,1.375964,1.429444,1.628084,1.593322,1.561998,1.561616,1.58148,1.6235,1.568492,1.52991,1.64451,1.50699,1.539078,1.529528,1.56047,1.64069,1.638016,1.716326,1.557796,1.492856,1.561998,1.477958,1.476812,1.48025,1.52036
48265,1.375964,1.429444,1.628084,1.593322,1.561998,1.561616,1.58148,1.6235,1.568492,1.52991,1.64451,1.50699,1.539078,1.529528,1.56047,1.64069,1.638016,1.716326,1.557796,1.492856,1.561998,1.477958,1.476812,1.48025,1.52036
48267,1.375964,1.429444,1.628084,1.593322,1.561998,1.561616,1.58148,1.6235,1.568492,1.52991,1.64451,1.50699,1.539078,1.529528,1.56047,1.64069,1.638016,1.716326,1.557796,1.492856,1.561998,1.477958,1.476812,1.48025,1.52036
48269,1.375964,1.429444,1.628084,1.593322,1.561998,1.561616,1.58148,1.6235,1.568492,1.52991,1.64451,1.50699,1.539078,1.529528,1.56047,1.64069,1.638016,1.716326,1.557796,1.492856,1.561998,1.477958,1.476812,1.48025,1.52036
48271,1.375964,1.429444,1.628084,1.593322,1.561998,1.561616,1.58148,1.6235,1.568492,1.52991,1.64451,1.50699,1.539078,1.529528,1.56047,1.64069,1.638016,1.716326,1.557796,1.492856,1.561998,1.477958,1.476812,1.48025,1.52036
48273,1.375964,1.429444,1.628084,1.593322,1.561998,1.561616,1.58148,1.6235,1.568492,1.52991,1.64451,1.50699,1.539078,1.529528,1.56047,1.64069,1.638016,1.716326,1.557796,1.492856,1.561998,1.477958,1.476812,1.48025,1.52036
48275,1.375964,1.429444,1.628084,1.593322,1.561998,1.561616,1.58148,1.6235,1.568492,1.52991,1.64451,1.50699,1.539078,1.529528,1.56047,1.64069,1.638016,1.716326,1.557796,1.492856,1.561998,1.477958,1.476812,1.48025,1.52036
48277,1.375964,1.429444,1.628084,1.593322,1.561998,1.561616,1.58148,1.6235,1.568492,1.52991,1.64451,1.50699,1.539078,1.529528,1.56047,1.64069,1.638016,1.716326,1.557796,1.492856,1.561998,1.477958,1.476812,1.48025,1.52036
48279,1.375964,1.429444,1.628084,1.593322,1.561998,1.561616,1.58148,1.6235,1.568492,1.52991,1.64451,1.50699,1.539078,1.529528,1.56047,1.64069,1.638016,1.716326,1.557796,1.492856,1.561998,1.477958,1.476812,1.48025,1.52036
48281,1.375964,1.429444,1.628084,1.593322,1.561998,1.561616,1.58148,1.6235,1.568492,1.52991,1.64451,1.50699,1.539078,1.529528,1.56047,1.64069,1.638016,1.716326,1.557796,1.492856,1.561998,1.477958,1.476812,1.48025,1.52036
48283,1.375964,1.429444,1.628084,1.593322,1.561998,1.561616,1.58148,1.6235,1.568492,1.52991,1.64451,1.50699,1.539078,1.529528,1.56047,1.64069,1.638016,1.716326,1.557796,1.492856,1.561998,1.477958,1.476812,1.48025,1.52036
48285,1.375964,1.429444,1.628084,1.593322,1.561998,1.561616,1.58148,1.6235,1.568492,1.52991,1.64451,1.50699,1.539078,1.529528,1.56047,1.64069,1.638016,1.716326,1.557796,1.492856,1.561998,1.477958,1.476812,1.48025,1.52036
48287,1.375964,1.429444,1.628084,1.593322,1.561998,1.561616,1.58148,1.6235,1.568492,1.52991,1.64451,1.50699,1.539078,1.529528,1.56047,1.64069,1.638016,1.716326,1.557796,1.492856,1.561998,1.477958,1.476812,1.48025,1.52036
48289,1.375964,1.429444,1.628084,1.593322,1.561998,1.561616,1.58148,1.6235,1.568492,1.52991,1.64451,1.50699,1.539078,1.529528,1.56047,1.64069,1.638016,1.716326,1.557796,1.492856,1.561998,1.477958,1.476812,1.48025,1.52036
48291,1.375964,1.429444,1.628084,1.593322,1.561998,1.561616,1.58148,1.6235,1.568492,1.52991,1.64451,1.50699,1.539078,1.529528,1.56047,1.64069,1.638016,1.716326,1.557796,1.492856,1.561998,1.477958,1.476812,1.48025,1.52036
48293,1.375964,1.429444,1.628084,1.593322,1.561998,1.561616,1.58148,1.6235,1.568492,1.52991,1.64451,1.50699,1.539078,1.529528,1.56047,1.64069,1.638016,1.716326,1.557796,1.492856,1.561998,1.477958,1.476812,1.48025,1.52036
48295,1.375964,1.429444,1.628084,1.593322,1.561998,1.561616,1.58148,1.6235,1.568492,1.52991,1.64451,1.50699,1.539078,1.529528,1.56047,1.64069,1.638016,1.716326,1.557796,1.492856,1.561998,1.477958,1.476812,1.48025,1.52036
48297,1.375964,1.429444,1.628084,1.593322,1.561998,1.561616,1.58148,1.6235,1.568492,1.52991,1.64451,1.50699,1.539078,1.529528,1.56047,1.64069,1.638016,1.716326,1.557796,1.492856,1.561998,1.477958,1.476812,1.48025,1.52036
48299,1.375964,1.429444,1.628084,1.593322,1.561998,1.561616,1.58148,1.6235,1.568492,1.52991,1.64451,1.50699,1.539078,1.529528,1.56047,1.64069,1.638016,1.716326,1.557796,1.492856,1.561998,1.477958,1.476812,1.48025,1.52036
48301,1.375964,1.429444,1.628084,1.593322,1.561998,1.561616,1.58148,1.6235,1.568492,1.52991,1.64451,1.50699,1.539078,1.529528,1.56047,1.64069,1.638016,1.716326,1.557796,1.492856,1.561998,1.477958,1.476812,1.48025,1.52036
48303,1.375964,1.429444,1.628084,1.593322,1.561998,1.561616,1.58148,1.6235,1.568492,1.52991,1.64451,1.50699,1.539078,1.529528,1.56047,1.64069,1.638016,1.716326,1.557796,1.492856,1.561998,1.477958,1.476812,1.48025,1.52036
48305,1.375964,1.429444,1.628084,1.593322,1.561998,1.561616,1.58148,1.6235,1.568492,1.52991,1.64451,1.50699,1.539078,1.529528,1.56047,1.64069,1.638016,1.716326,1.557796,1.492856,1.561998,1.477958,1.476812,1.48025,1.52036
48307,1.375964,1.429444,1.628084,1.593322,1.561998,1.561616,1.58148,1.6235,1.568492,1.52991,1.64451,1.50699,1.539078,1.529528,1.56047,1.64069,1.638016,1.716326,1.557796,1.492856,1.561998,1.477958,1.476812,1.48025,1.52036
48309,1.375964,1.429444,1.628084,1.593322,1.561998,1.561616,1.58148,1.6235,1.568492,1.52991,1.64451,1.50699,1.539078,1.529528,1.56047,1.64069,1.638016,1.716326,1.557796,1.492856,1.561998,1.477958,1.476812,1.48025,1.52036
48311,1.375964,1.429444,1.628084,1.593322,1.561998,1.561616,1.58148,1.6235,1.568492,1.52991,1.64451,1.50699,1.539078,1.529528,1.56047,1.64069,1.638016,1.716326,1.557796,1.492856,1.561998,1.477958,1.476812,1.48025,1.52036
48313,1.375964,1.429444,1.628084,1.593322,1.561998,1.561616,1.58148,1.6235,1.568492,1.52991,1.64451,1.50699,1.539078,1.529528,1.56047,1.64069,1.638016,1.716326,1.557796,1.492856,1.561998,1.477958,1.476812,1.48025,1.52036
48315,1.375964,1.429444,1.628084,1.593322,1.561998,1.561616,1.58148,1.6235,1.568492,1.52991,1.64451,1.50699,1.539078,1.529528,1.56047,1.64069,1.638016,1.716326,1.557796,1.492856,1.561998,1.477958,1.476812,1.48025,1.52036
48317,1.375964,1.429444,1.628084,1.593322,1.561998,1.561616,1.58148,1.6235,1.568492,1.52991,1.64451,1.50699,1.539078,1.529528,1.56047,1.64069,1.638016,1.716326,1.557796,1.492856,1.561998,1.477958,1.476812,1.48025,1.52036
48319,1.375964,1.429444,1.628084,1.593322,1.561998,1.561616,1.58148,1.6235,1.568492,1.52991,1.64451,1.50699,1.539078,1.529528,1.56047,1.64069,1.638016,1.716326,1.557796,1.492856,1.561998,1.477958,1.476812,1.48025,1.52036
48321,1.375964,1.429444,1.628084,1.593322,1.561998,1.561616,1.58148,1.6235,1.568492,1.52991,1.64451,1.50699,1.539078,1.529528,1.56047,1.64069,1.638016,1.716326,1.557796,1.492856,1.561998,1.477958,1.476812,1.48025,1.52036
48323,1.375964,1.429444,1.628084,1.593322,1.561998,1.561616,1.58148,1.6235,1.568492,1.52991,1.64451,1.50699,1.539078,1.529528,1.56047,1.64069,1.638016,1.716326,1.557796,1.492856,1.561998,1.477958,1.476812,1.48025,1.52036
48325,1.375964,1.429444,1.628084,1.593322,1.561998,1.561616,1.58148,1.6235,1.568492,1.52991,1.64451,1.50699,1.539078,1.529528,1.56047,1.64069,1.638016,1.716326,1.557796,1.492856,1.561998,1.477958,1.476812,1.48025,1.52036
48327,1.375964,1.429444,1.628084,1.593322,1.561998,1.561616,1.58148,1.6235,1.568492,1.52991,1.64451,1.50699,1.539078,1.529528,1.56047,1.64069,1.638016,1.716326,1.557796,1.492856,1.561998,1.477958,1.476812,1.48025,1.52036
48329,1.375964,1.429444,1.628084,1.593322,1.561998,1.561616,1.58148,1.6235,1.568492,1.52991,1.64451,1.50699,1.539078,1.529528,1.56047,1.64069,1.638016,1.716326,1.557796,1.492856,1.561998,1.477958,1.476812,1.48025,1.52036
48331,1.375964,1.429444,1.628084,1.593322,1.561998,1.561616,1.58148,1.6235,1.568492,1.52991,1.64451,1.50699,1.539078,1.529528,1.56047,1.64069,1.638016,1.716326,1.557796,1.492856,1.561998,1.477958,1.476812,1.48025,1.52036
48333,1.375964,1.429444,1.628084,1.593322,1.561998,1.561616,1.58148,1.6235,1.568492,1.52991,1.64451,1.50699,1.539078,1.529528,1.56047,1.64069,1.638016,1.716326,1.557796,1.492856,1.561998,1.477958,1.476812,1.48025,1.52036
48335,1.375964,1.429444,1.628084,1.593322,1.561998,1.561616,1.58148,1.6235,1.568492,1.52991,1.64451,1.50699,1.539078,1.529528,1.56047,1.64069,1.638016,1.716326,1.557796,1.492856,1.561998,1.477958,1.476812,1.48025,1.52036
48337,1.375964,1.429444,1.628084,1.593322,1.561998,1.561616,1.58148,1.6235,1.568492,1.52991,1.64451,1.50699,1.539078,1.529528,1.56047,1.64069,1.638016,1.716326,1.557796,1.492856,1.561998,1.477958,1.476812,1.48025,1.52036
48339,1.375964,1.429444,1.628084,1.593322,1.561998,1.561616,1.58148,1.6235,1.568492,1.52991,1.64451,1.50699,1.539078,1.529528,1.56047,1.64069,1.638016,1.716326,1.557796,1.492856,1.561998,1.477958,1.476812,1.48025,1.52036
48341,1.375964,1.429444,1.628084,1.593322,1.561998,1.561616,1.58148,1.6235,1.568492,1.52991,1.64451,1.50699,1.539078,1.529528,1.56047,1.64069,1.638016,1.716326,1.557796,1.492856,1.561998,1.477958,1.476812,1.48025,1.52036
48343,1.375964,1.429444,1.628084,1.593322,1.561998,1.561616,1.58148,1.6235,1.568492,1.52991,1.64451,1.50699,1.539078,1.529528,1.56047,1.64069,1.638016,1.716326,1.557796,1.492856,1.561998,1.477958,1.476812,1.48025,1.52036
48345,1.375964,1.429444,1.628084,1.593322,1.561998,1.561616,1.58148,1.6235,1.568492,1.52991,1.64451,1.50699,1.539078,1.529528,1.56047,1.64069,1.638016,1.716326,1.557796,1.492856,1.561998,1.477958,1.476812,1.48025,1.52036
48347,1.375964,1.429444,1.628084,1.593322,1.561998,1.561616,1.58148,1.6235,1.568492,1.52991,1.64451,1.50699,1.539078,1.529528,1.56047,1.64069,1.638016,1.716326,1.557796,1.492856,1.561998,1.477958,1.476812,1.48025,1.52036
48349,1.375964,1.429444,1.628084,1.593322,1.561998,1.561616,1.58148,1.6235,1.568492,1.52991,1.64451,1.50699,1.539078,1.529528,1.56047,1.64069,1.638016,1.716326,1.557796,1.492856,1.561998,1.477958,1.476812,1.48025,1.52036
48351,1.375964,1.429444,1.628084,1.593322,1.561998,1.561616,1.58148,1.6235,1.568492,1.52991,1.64451,1.50699,1.539078,1.529528,1.56047,1.64069,1.638016,1.716326,1.557796,1.492856,1.561998,1.477958,1.476812,1.48025,1.52036
48353,1.375964,1.429444,1.628084,1.593322,1.561998,1.561616,1.58148,1.6235,1.568492,1.52991,1.64451,1.50699,1.539078,1.529528,1.56047,1.64069,1.638016,1.716326,1.557796,1.492856,1.561998,1.477958,1.476812,1.48025,1.52036
48355,1.375964,1.429444,1.628084,1.593322,1.561998,1.561616,1.58148,1.6235,1.568492,1.52991,1.64451,1.50699,1.539078,1.529528,1.56047,1.64069,1.638016,1.716326,1.557796,1.492856,1.561998,1.477958,1.476812,1.48025,1.52036
48357,1.375964,1.429444,1.628084,1.593322,1.561998,1.561616,1.58148,1.6235,1.568492,1.52991,1.64451,1.50699,1.539078,1.529528,1.56047,1.64069,1.638016,1.716326,1.557796,1.492856,1.561998,1.477958,1.476812,1.48025,1.52036
48359,1.375964,1.429444,1.628084,1.593322,1.561998,1.561616,1.58148,1.6235,1.568492,1.52991,1.64451,1.50699,1.539078,1.529528,1.56047,1.64069,1.638016,1.716326,1.557796,1.492856,1.561998,1.477958,1.476812,1.48025,1.52036
48361,1.375964,1.429444,1.628084,1.593322,1.561998,1.561616,1.58148,1.6235,1.568492,1.52991,1.64451,1.50699,1.539078,1.529528,1.56047,1.64069,1.638016,1.716326,1.557796,1.492856,1.561998,1.477958,1.476812,1.48025,1.52036
48363,1.375964,1.429444,1.628084,1.593322,1.561998,1.561616,1.58148,1.6235,1.568492,1.52991,1.64451,1.50699,1.539078,1.529528,1.56047,1.64069,1.638016,1.716326,1.557796,1.492856,1.561998,1.477958,1.476812,1.48025,1.52036
48365,1.375964,1.429444,1.628084,1.593322,1.561998,1.561616,1.58148,1.6235,1.568492,1.52991,1.64451,1.50699,1.539078,1.529528,1.56047,1.64069,1.638016,1.716326,1.557796,1.492856,1.561998,1.477958,1.476812,1.48025,1.52036
48367,1.375964,1.429444,1.628084,1.593322,1.561998,1.561616,1.58148,1.6235,1.568492,1.52991,1.64451,1.50699,1.539078,1.529528,1.56047,1.64069,1.638016,1.716326,1.557796,1.492856,1.561998,1.477958,1.476812,1.48025,1.52036
48369,1.375964,1.429444,1.628084,1.593322,1.561998,1.561616,1.58148,1.6235,1.568492,1.52991,1.64451,1.50699,1.539078,1.529528,1.56047,1.64069,1.638016,1.716326,1.557796,1.492856,1.561998,1.477958,1.476812,1.48025,1.52036
48371,1.375964,1.429444,1.628084,1.593322,1.561998,1.561616,1.58148,1.6235,1.568492,1.52991,1.64451,1.50699,1.539078,1.529528,1.56047,1.64069,1.638016,1.716326,1.557796,1.492856,1.561998,1.477958,1.476812,1.48025,1.52036
48373,1.375964,1.429444,1.628084,1.593322,1.561998,1.561616,1.58148,1.6235,1.568492,1.52991,1.64451,1.50699,1.539078,1.529528,1.56047,1.64069,1.638016,1.716326,1.557796,1.492856,1.561998,1.477958,1.476812,1.48025,1.52036
48375,1.375964,1.429444,1.628084,1.593322,1.561998,1.561616,1.58148,1.6235,1.568492,1.52991,1.64451,1.50699,1.539078,1.529528,1.56047,1.64069,1.638016,1.716326,1.557796,1.492856,1.561998,1.477958,1.476812,1.48025,1.52036
48377,1.375964,1.429444,1.628084,1.593322,1.561998,1.561616,1.58148,1.6235,1.568492,1.52991,1.64451,1.50699,1.539078,1.529528,1.56047,1.64069,1.638016,1.716326,1.557796,1.492856,1.561998,1.477958,1.476812,1.48025,1.52036
48379,1.375964,1.429444,1.628084,1.593322,1.561998,1.561616,1.58148,1.6235,1.568492,1.52991,1.64451,1.50699,1.539078,1.529528,1.56047,1.64069,1.638016,1.716326,1.557796,1.492856,1.561998,1.477958,1.476812,1.48025,1.52036
48381,1.375964,1.429444,1.628084,1.593322,1.561998,1.561616,1.58148,1.6235,1.568492,1.52991,1.64451,1.50699,1.539078,1.529528,1.56047,1.64069,1.638016,1.716326,1.557796,1.492856,1.561998,1.477958,1.476812,1.48025,1.52036
48383,1.375964,1.429444,1.628084,1.593322,1.561998,1.561616,1.58148,1.6235,1.568492,1.52991,1.64451,1.50699,1.539078,1.529528,1.56047,1.64069,1.638016,1.716326,1.557796,1.492856,1.561998,1.477958,1.476812,1.48025,1.52036
48385,1.375964,1.429444,1.628084,1.593322,1.561998,1.561616,1.58148,1.6235,1.568492,1.52991,1.64451,1.50699,1.539078,1.529528,1.56047,1.64069,1.638016,1.716326,1.557796,1.492856,1.561998,1.477958,1.476812,1.48025,1.52036
48387,1.375964,1.429444,1.628084,1.593322,1.561998,1.561616,1.58148,1.6235,1.568492,1.52991,1.64451,1.50699,1.539078,1.529528,1.56047,1.64069,1.638016,1.716326,1.557796,1.492856,1.561998,1.477958,1.476812,1.48025,1.52036
48389,1.375964,1.429444,1.628084,1.593322,1.561998,1.561616,1.58148,1.6235,1.568492,1.52991,1.64451,1.50699,1.539078,1.529528,1.56047,1.64069,1.638016,1.716326,1.557796,1.492856,1.561998,1.477958,1.476812,1.48025,1.52036
48391,1.375964,1.429444,1.628084,1.593322,1.561998,1.561616,1.58148,1.6235,1.568492,1.52991,1.64451,1.50699,1.539078,1.529528,1.56047,1.64069,1.638016,1.716326,1.557796,1.492856,1.561998,1.477958,1.476812,1.48025,1.52036
48393,1.375964,1.429444,1.628084,1.593322,1.561998,1.561616,1.58148,1.6235,1.568492,1.52991,1.64451,1.50699,1.539078,1.529528,1.56047,1.64069,1.638016,1.716326,1.557796,1.492856,1.561998,1.477958,1.476812,1.48025,1.52036
48395,1.375964,1.429444,1.628084,1.593322,1.561998,1.561616,1.58148,1.6235,1.568492,1.52991,1.64451,1.50699,1.539078,1.529528,1.56047,1.64069,1.638016,1.716326,1.557796,1.492856,1.561998,1.477958,1.476812,1.48025,1.52036
48397,1.375964,1.429444,1.628084,1.593322,1.561998,1.561616,1.58148,1.6235,1.568492,1.52991,1.64451,1.50699,1.539078,1.529528,1.56047,1.64069,1.638016,1.716326,1.557796,1.492856,1.561998,1.477958,1.476812,1.48025,1.52036
48399,1.375964,1.429444,1.628084,1.593322,1.561998,1.561616,1.58148,1.6235,1.568492,1.52991,1.64451,1.50699,1.539078,1.529528,1.56047,1.64069,1.638016,1.716326,1.557796,1.492856,1.561998,1.477958,1.476812,1.48025,1.52036
48401,1.375964,1.429444,1.628084,1.593322,1.561998,1.561616,1.58148,1.6235,1.568492,1.52991,1.64451,1.50699,1.539078,1.529528,1.56047,1.64069,1.638016,1.716326,1.557796,1.492856,1.561998,1.477958,1.476812,1.48025,1.52036
48403,1.375964,1.429444,1.628084,1.593322,1.561998,1.561616,1.58148,1.6235,1.568492,1.52991,1.64451,1.50699,1.539078,1.529528,1.56047,1.64069,1.638016,1.716326,1.557796,1.492856,1.561998,1.477958,1.476812,1.48025,1.52036
48405,1.375964,1.429444,1.628084,1.593322,1.561998,1.561616,1.58148,1.6235,1.568492,1.52991,1.64451,1.50699,1.539078,1.529528,1.56047,1.64069,1.638016,1.716326,1.557796,1.492856,1.561998,1.477958,1.476812,1.48025,1.52036
48407,1.375964,1.429444,1.628084,1.593322,1.561998,1.561616,1.58148,1.6235,1.568492,1.52991,1.64451,1.50699,1.539078,1.529528,1.56047,1.64069,1.638016,1.716326,1.557796,1.492856,1.561998,1.477958,1.476812,1.48025,1.52036
48409,1.375964,1.429444,1.628084,1.593322,1.561998,1.561616,1.58148,1.6235,1.568492,1.52991,1.64451,1.50699,1.539078,1.529528,1.56047,1.64069,1.638016,1.716326,1.557796,1.492856,1.561998,1.477958,1.476812,1.48025,1.52036
48411,1.375964,1.429444,1.628084,1.593322,1.561998,1.561616,1.58148,1.6235,1.568492,1.52991,1.64451,1.50699,1.539078,1.529528,1.56047,1.64069,1.638016,1.716326,1.557796,1.492856,1.561998,1.477958,1.476812,1.48025,1.52036
48413,1.375964,1.429444,1.628084,1.593322,1.561998,1.561616,1.58148,1.6235,1.568492,1.52991,1.64451,1.50699,1.539078,1.529528,1.56047,1.64069,1.638016,1.716326,1.557796,1.492856,1.561998,1.477958,1.476812,1.48025,1.52036
48415,1.375964,1.429444,1.628084,1.593322,1.561998,1.561616,1.58148,1.6235,1.568492,1.52991,1.64451,1.50699,1.539078,1.529528,1.56047,1.64069,1.638016,1.716326,1.557796,1.492856,1.561998,1.477958,1.476812,1.48025,1.52036
48417,1.375964,1.429444,1.628084,1.593322,1.561998,1.561616,1.58148,1.6235,1.568492,1.52991,1.64451,1.50699,1.539078,1.529528,1.56047,1.64069,1.638016,1.716326,1.557796,1.492856,1.561998,1.477958,1.476812,1.48025,1.52036
48419,1.375964,1.429444,1.628084,1.593322,1.561998,1.561616,1.58148,1.6235,1.568492,1.52991,1.64451,1.50699,1.539078,1.529528,1.56047,1.64069,1.638016,1.716326,1.557796,1.492856,1.561998,1.477958,1.476812,1.48025,1.52036
48421,1.375964,1.429444,1.628084,1.593322,1.561998,1.561616,1.58148,1.6235,1.568492,1.52991,1.64451,1.50699,1.539078,1.529528,1.56047,1.64069,1.638016,1.716326,1.557796,1.492856,1.561998,1.477958,1.476812,1.48025,1.52036
48423,1.375964,1.429444,1.628084,1.593322,1.561998,1.561616,1.58148,1.6235,1.568492,1.52991,1.64451,1.50699,1.539078,1.529528,1.56047,1.64069,1.638016,1.716326,1.557796,1.492856,1.561998,1.477958,1.476812,1.48025,1.52036
48425,1.375964,1.429444,1.628084,1.593322,1.561998,1.561616,1.58148,1.6235,1.568492,1.52991,1.64451,1.50699,1.539078,1.529528,1.56047,1.64069,1.638016,1.716326,1.557796,1.492856,1.561998,1.477958,1.476812,1.48025,1.52036
48427,1.375964,1.429444,1.628084,1.593322,1.561998,1.561616,1.58148,1.6235,1.568492,1.52991,1.64451,1.50699,1.539078,1.529528,1.56047,1.64069,1.638016,1.716326,1.557796,1.492856,1.561998,1.477958,1.476812,1.48025,1.52036
48429,1.375964,1.429444,1.628084,1.593322,1.561998,1.561616,1.58148,1.6235,1.568492,1.52991,1.64451,1.50699,1.539078,1.529528,1.56047,1.64069,1.638016,1.716326,1.557796,1.492856,1.561998,1.477958,1.476812,1.48025,1.52036
48431,1.375964,1.429444,1.628084,1.593322,1.561998,1.561616,1.58148,1.6235,1.568492,1.52991,1.64451,1.50699,1.539078,1.529528,1.56047,1.64069,1.638016,1.716326,1.557796,1.492856,1.561998,1.477958,1.476812,1.48025,1.52036
48433,1.375964,1.429444,1.628084,1.593322,1.561998,1.561616,1.58148,1.6235,1.568492,1.52991,1.64451,1.50699,1.539078,1.529528,1.56047,1.64069,1.638016,1.716326,1.557796,1.492856,1.561998,1.477958,1.476812,1.48025,1.52036
48435,1.375964,1.429444,1.628084,1.593322,1.561998,1.561616,1.58148,1.6235,1.568492,1.52991,1.64451,1.50699,1.539078,1.529528,1.56047,1.64069,1.638016,1.716326,1.557796,1.492856,1.561998,1.477958,1.476812,1.48025,1.52036
48437,1.375964,1.429444,1.628084,1.593322,1.561998,1.561616,1.58148,1.6235,1.568492,1.52991,1.64451,1.50699,1.539078,1.529528,1.56047,1.64069,1.638016,1.716326,1.557796,1.492856,1.561998,1.477958,1.476812,1.48025,1.52036
48439,1.375964,1.429444,1.628084,1.593322,1.561998,1.561616,1.58148,1.6235,1.568492,1.52991,1.64451,1.50699,1.539078,1.529528,1.56047,1.64069,1.638016,1.716326,1.557796,1.492856,1.561998,1.477958,1.476812,1.48025,1.52036
48441,1.375964,1.429444,1.628084,1.593322,1.561998,1.561616,1.58148,1.6235,1.568492,1.52991,1.64451,1.50699,1.539078,1.529528,1.56047,1.64069,1.638016,1.716326,1.557796,1.492856,1.561998,1.477958,1.476812,1.48025,1.52036
48443,1.375964,1.429444,1.628084,1.593322,1.561998,1.561616,1.58148,1.6235,1.568492,1.52991,1.64451,1.50699,1.539078,1.529528,1.56047,1.64069,1.638016,1.716326,1.557796,1.492856,1.561998,1.477958,1.476812,1.48025,1.52036
48445,1.375964,1.429444,1.628084,1.593322,1.561998,1.561616,1.58148,1.6235,1.568492,1.52991,1.64451,1.50699,1.539078,1.529528,1.56047,1.64069,1.638016,1.716326,1.557796,1.492856,1.561998,1.477958,1.476812,1.48025,1.52036
48447,1.375964,1.429444,1.628084,1.593322,1.561998,1.561616,1.58148,1.6235,1.568492,1.52991,1.64451,1.50699,1.539078,1.529528,1.56047,1.64069,1.638016,1.716326,1.557796,1.492856,1.561998,1.477958,1.476812,1.48025,1.52036
48449,1.375964,1.429444,1.628084,1.593322,1.561998,1.561616,1.58148,1.6235,1.568492,1.52991,1.64451,1.50699,1.539078,1.529528,1.56047,1.64069,1.638016,1.716326,1.557796,1.492856,1.561998,1.477958,1.476812,1.48025,1.52036
48451,1.375964,1.429444,1.628084,1.593322,1.561998,1.561616,1.58148,1.6235,1.568492,1.52991,1.64451,1.50699,1.539078,1.529528,1.56047,1.64069,1.638016,1.716326,1.557796,1.492856,1.561998,1.477958,1.476812,1.48025,1.52036
48453,1.375964,1.429444,1.628084,1.593322,1.561998,1.561616,1.58148,1.6235,1.568492,1.52991,1.64451,1.50699,1.539078,1.529528,1.56047,1.64069,1.638016,1.716326,1.557796,1.492856,1.561998,1.477958,1.476812,1.48025,1.52036
48455,1.375964,1.429444,1.628084,1.593322,1.561998,1.561616,1.58148,1.6235,1.568492,1.52991,1.64451,1.50699,1.539078,1.529528,1.56047,1.64069,1.638016,1.716326,1.557796,1.492856,1.561998,1.477958,1.476812,1.48025,1.52036
48457,1.375964,1.429444,1.628084,1.593322,1.561998,1.561616,1.58148,1.6235,1.568492,1.52991,1.64451,1.50699,1.539078,1.529528,1.56047,1.64069,1.638016,1.716326,1.557796,1.492856,1.561998,1.477958,1.476812,1.48025,1.52036
48459,1.375964,1.429444,1.628084,1.593322,1.561998,1.561616,1.58148,1.6235,1.568492,1.52991,1.64451,1.50699,1.539078,1.529528,1.56047,1.64069,1.638016,1.716326,1.557796,1.492856,1.561998,1.477958,1.476812,1.48025,1.52036
48461,1.375964,1.429444,1.628084,1.593322,1.561998,1.561616,1.58148,1.6235,1.568492,1.52991,1.64451,1.50699,1.539078,1.529528,1.56047,1.64069,1.638016,1.716326,1.557796,1.492856,1.561998,1.477958,1.476812,1.48025,1.52036
48463,1.375964,1.429444,1.628084,1.593322,1.561998,1.561616,1.58148,1.6235,1.568492,1.52991,1.64451,1.50699,1.539078,1.529528,1.56047,1.64069,1.638016,1.716326,1.557796,1.492856,1.561998,1.477958,1.476812,1.48025,1.52036
48465,1.375964,1.429444,1.628084,1.593322,1.561998,1.561616,1.58148,1.6235,1.568492,1.52991,1.64451,1.50699,1.539078,1.529528,1.56047,1.64069,1.638016,1.716326,1.557796,1.492856,1.561998,1.477958,1.476812,1.48025,1.52036
48467,1.375964,1.429444,1.628084,1.593322,1.561998,1.561616,1.58148,1.6235,1.568492,1.52991,1.64451,1.50699,1.539078,1.529528,1.56047,1.64069,1.638016,1.716326,1.557796,1.492856,1.561998,1.477958,1.476812,1.48025,1.52036
48469,1.375964,1.429444,1.628084,1.593322,1.561998,1.561616,1.58148,1.6235,1.568492,1.52991,1.64451,1.50699,1.539078,1.529528,1.56047,1.64069,1.638016,1.716326,1.557796,1.492856,1.561998,1.477958,1.476812,1.48025,1.52036
48471,1.375964,1.429444,1.628084,1.593322,1.561998,1.561616,1.58148,1.6235,1.568492,1.52991,1.64451,1.50699,1.539078,1.529528,1.56047,1.64069,1.638016,1.716326,1.557796,1.492856,1.561998,1.477958,1.476812,1.48025,1.52036
48473,1.375964,1.429444,1.628084,1.593322,1.561998,1.561616,1.58148,1.6235,1.568492,1.52991,1.64451,1.50699,1.539078,1.529528,1.56047,1.64069,1.638016,1.716326,1.557796,1.492856,1.561998,1.477958,1.476812,1.48025,1.52036
48475,1.375964,1.429444,1.628084,1.593322,1.561998,1.561616,1.58148,1.6235,1.568492,1.52991,1.64451,1.50699,1.539078,1.529528,1.56047,1.64069,1.638016,1.716326,1.557796,1.492856,1.561998,1.477958,1.476812,1.48025,1.52036
48477,1.375964,1.429444,1.628084,1.593322,1.561998,1.561616,1.58148,1.6235,1.568492,1.52991,1.64451,1.50699,1.539078,1.529528,1.56047,1.64069,1.638016,1.716326,1.557796,1.492856,1.561998,1.477958,1.476812,1.48025,1.52036
48479,1.375964,1.429444,1.628084,1.593322,1.561998,1.561616,1.58148,1.6235,1.568492,1.52991,1.64451,1.50699,1.539078,1.529528,1.56047,1.64069,1.638016,1.716326,1.557796,1.492856,1.561998,1.477958,1.476812,1.48025,1.52036
48481,1.375964,1.429444,1.628084,1.593322,1.561998,1.561616,1.58148,1.6235,1.568492,1.52991,1.64451,1.50699,1.539078,1.529528,1.56047,1.64069,1.638016,1.716326,1.557796,1.492856,1.561998,1.477958,1.476812,1.48025,1.52036
48483,1.375964,1.429444,1.628084,1.593322,1.561998,1.561616,1.58148,1.6235,1.568492,1.52991,1.64451,1.50699,1.539078,1.529528,1.56047,1.64069,1.638016,1.716326,1.557796,1.492856,1.561998,1.477958,1.476812,1.48025,1.52036
48485,1.375964,1.429444,1.628084,1.593322,1.561998,1.561616,1.58148,1.6235,1.568492,1.52991,1.64451,1.50699,1.539078,1.529528,1.56047,1.64069,1.638016,1.716326,1.557796,1.492856,1.561998,1.477958,1.476812,1.48025,1.52036
48487,1.375964,1.429444,1.628084,1.593322,1.561998,1.561616,1.58148,1.6235,1.568492,1.52991,1.64451,1.50699,1.539078,1.529528,1.56047,1.64069,1.638016,1.716326,1.557796,1.492856,1.561998,1.477958,1.476812,1.48025,1.52036
48489,1.375964,1.429444,1.628084,1.593322,1.561998,1.561616,1.58148,1.6235,1.568492,1.52991,1.64451,1.50699,1.539078,1.529528,1.56047,1.64069,1.638016,1.716326,1.557796,1.492856,1.561998,1.477958,1.476812,1.48025,1.52036
48491,1.375964,1.429444,1.628084,1.593322,1.561998,1.561616,1.58148,1.6235,1.568492,1.52991,1.64451,1.50699,1.539078,1.529528,1.56047,1.64069,1.638016,1.716326,1.557796,1.492856,1.561998,1.477958,1.476812,1.48025,1.52036
48493,1.375964,1.429444,1.628084,1.593322,1.561998,1.561616,1.58148,1.6235,1.568492,1.52991,1.64451,1.50699,1.539078,1.529528,1.56047,1.64069,1.638016,1.716326,1.557796,1.492856,1.561998,1.477958,1.476812,1.48025,1.52036
48495,1.375964,1.429444,1.628084,1.593322,1.561998,1.561616,1.58148,1.6235,1.568492,1.52991,1.64451,1.50699,1.539078,1.529528,1.56047,1.64069,1.638016,1.716326,1.557796,1.492856,1.561998,1.477958,1.476812,1.48025,1.52036
48497,1.375964,1.429444,1.628084,1.593322,1.561998,1.561616,1.58148,1.6235,1.568492,1.52991,1.64451,1.50699,1.539078,1.529528,1.56047,1.64069,1.638016,1.716326,1.557796,1.492856,1.561998,1.477958,1.476812,1.48025,1.52036
48499,1.375964,1.429444,1.628084,1.593322,1.561998,1.561616,1.58148,1.6235,1.568492,1.52991,1.64451,1.50699,1.539078,1.529528,1.56047,1.64069,1.638016,1.716326,1.557796,1.492856,1.561998,1.477958,1.476812,1.48025,1.52036
48501,1.375964,1.429444,1.628084,1.593322,1.561998,1.561616,1.58148,1.6235,1.568492,1.52991,1.64451,1.50699,1.539078,1.529528,1.56047,1.64069,1.638016,1.716326,1.557796,1.492856,1.561998,1.477958,1.476812,1.48025,1.52036
48503,1.375964,1.429444,1.628084,1.593322,1.561998,1.561616,1.58148,1.6235,1.568492,1.52991,1.64451,1.50699,1.539078,1.529528,1.56047,1.64069,1.638016,1.716326,1.557796,1.492856,1.561998,1.477958,1.476812,1.48025,1.52036
48505,1.375964,1.429444,1.628084,1.593322,1.561998,1.561616,1.58148,1.6235,1.568492,1.52991,1.64451,1.50699,1.539078,1.529528,1.56047,1.64069,1.638016,1.716326,1.557796,1.492856,1.561998,1.477958,1.476812,1.48025,1.52036
48507,1.375964,1.429444,1.628084,1.593322,1.561998,1.561616,1.58148,1.6235,1.568492,1.52991,1.64451,1.50699,1.539078,1.529528,1.56047,1.64069,1.638016,1.716326,1.557796,1.492856,1.561998,1.477958,1.476812,1.48025,1.52036
49001,1.375964,1.429444,1.628084,1.593322,1.561998,1.561616,1.58148,1.6235,1.568492,1.52991,1.64451,1.50699,1.539078,1.529528,1.56047,1.64069,1.638016,1.716326,1.557796,1.492856,1.561998,1.477958,1.476812,1.48025,1.52036
49003,1.375964,1.429444,1.628084,1.593322,1.561998,1.561616,1.58148,1.6235,1.568492,1.52991,1.64451,1.50699,1.539078,1.529528,1.56047,1.64069,1.638016,1.716326,1.557796,1.492856,1.561998,1.477958,1.476812,1.48025,1.52036
49005,1.375964,1.429444,1.628084,1.593322,1.561998,1.561616,1.58148,1.6235,1.568492,1.52991,1.64451,1.50699,1.539078,1.529528,1.56047,1.64069,1.638016,1.716326,1.557796,1.492856,1.561998,1.477958,1.476812,1.48025,1.52036
49007,1.375964,1.429444,1.628084,1.593322,1.561998,1.561616,1.58148,1.6235,1.568492,1.52991,1.64451,1.50699,1.539078,1.529528,1.56047,1.64069,1.638016,1.716326,1.557796,1.492856,1.561998,1.477958,1.476812,1.48025,1.52036
49009,1.375964,1.429444,1.628084,1.593322,1.561998,1.561616,1.58148,1.6235,1.568492,1.52991,1.64451,1.50699,1.539078,1.529528,1.56047,1.64069,1.638016,1.716326,1.557796,1.492856,1.561998,1.477958,1.476812,1.48025,1.52036
49011,1.375964,1.429444,1.628084,1.593322,1.561998,1.561616,1.58148,1.6235,1.568492,1.52991,1.64451,1.50699,1.539078,1.529528,1.56047,1.64069,1.638016,1.716326,1.557796,1.492856,1.561998,1.477958,1.476812,1.48025,1.52036
49013,1.375964,1.429444,1.628084,1.593322,1.561998,1.561616,1.58148,1.6235,1.568492,1.52991,1.64451,1.50699,1.539078,1.529528,1.56047,1.64069,1.638016,1.716326,1.557796,1.492856,1.561998,1.477958,1.476812,1.48025,1.52036
49015,1.375964,1.429444,1.628084,1.593322,1.561998,1.561616,1.58148,1.6235,1.568492,1.52991,1.64451,1.50699,1.539078,1.529528,1.56047,1.64069,1.638016,1.716326,1.557796,1.492856,1.561998,1.477958,1.476812,1.48025,1.52036
49017,1.375964,1.429444,1.628084,1.593322,1.561998,1.561616,1.58148,1.6235,1.568492,1.52991,1.64451,1.50699,1.539078,1.529528,1.56047,1.64069,1.638016,1.716326,1.557796,1.492856,1.561998,1.477958,1.476812,1.48025,1.52036
49019,1.375964,1.429444,1.628084,1.593322,1.561998,1.561616,1.58148,1.6235,1.568492,1.52991,1.64451,1.50699,1.539078,1.529528,1.56047,1.64069,1.638016,1.716326,1.557796,1.492856,1.561998,1.477958,1.476812,1.48025,1.52036
49021,1.375964,1.429444,1.628084,1.593322,1.561998,1.561616,1.58148,1.6235,1.568492,1.52991,1.64451,1.50699,1.539078,1.529528,1.56047,1.64069,1.638016,1.716326,1.557796,1.492856,1.561998,1.477958,1.476812,1.48025,1.52036
49023,1.375964,1.429444,1.628084,1.593322,1.561998,1.561616,1.58148,1.6235,1.568492,1.52991,1.64451,1.50699,1.539078,1.529528,1.56047,1.64069,1.638016,1.716326,1.557796,1.492856,1.561998,1.477958,1.476812,1.48025,1.52036
49025,1.375964,1.429444,1.628084,1.593322,1.561998,1.561616,1.58148,1.6235,1.568492,1.52991,1.64451,1.50699,1.539078,1.529528,1.56047,1.64069,1.638016,1.716326,1.557796,1.492856,1.561998,1.477958,1.476812,1.48025,1.52036
49027,1.375964,1.429444,1.628084,1.593322,1.561998,1.561616,1.58148,1.6235,1.568492,1.52991,1.64451,1.50699,1.539078,1.529528,1.56047,1.64069,1.638016,1.716326,1.557796,1.492856,1.561998,1.477958,1.476812,1.48025,1.52036
49029,1.375964,1.429444,1.628084,1.593322,1.561998,1.561616,1.58148,1.6235,1.568492,1.52991,1.64451,1.50699,1.539078,1.529528,1.56047,1.64069,1.638016,1.716326,1.557796,1.492856,1.561998,1.477958,1.476812,1.48025,1.52036
49031,1.375964,1.429444,1.628084,1.593322,1.561998,1.561616,1.58148,1.6235,1.568492,1.52991,1.64451,1.50699,1.539078,1.529528,1.56047,1.64069,1.638016,1.716326,1.557796,1.492856,1.561998,1.477958,1.476812,1.48025,1.52036
49033,1.375964,1.429444,1.628084,1.593322,1.561998,1.561616,1.58148,1.6235,1.568492,1.52991,1.64451,1.50699,1.539078,1.529528,1.56047,1.64069,1.638016,1.716326,1.557796,1.492856,1.561998,1.477958,1.476812,1.48025,1.52036
49035,1.375964,1.429444,1.628084,1.593322,1.561998,1.561616,1.58148,1.6235,1.568492,1.52991,1.64451,1.50699,1.539078,1.529528,1.56047,1.64069,1.638016,1.716326,1.557796,1.492856,1.561998,1.477958,1.476812,1.48025,1.52036
49037,1.375964,1.429444,1.628084,1.593322,1.561998,1.561616,1.58148,1.6235,1.568492,1.52991,1.64451,1.50699,1.539078,1.529528,1.56047,1.64069,1.638016,1.716326,1.557796,1.492856,1.561998,1.477958,1.476812,1.48025,1.52036
49039,1.375964,1.429444,1.628084,1.593322,1.561998,1.561616,1.58148,1.6235,1.568492,1.52991,1.64451,1.50699,1.539078,1.529528,1.56047,1.64069,1.638016,1.716326,1.557796,1.492856,1.561998,1.477958,1.476812,1.48025,1.52036
49041,1.375964,1.429444,1.628084,1.593322,1.561998,1.561616,1.58148,1.6235,1.568492,1.52991,1.64451,1.50699,1.539078,1.529528,1.56047,1.64069,1.638016,1.716326,1.557796,1.492856,1.561998,1.477958,1.476812,1.48025,1.52036
49043,1.375964,1.429444,1.628084,1.593322,1.561998,1.561616,1.58148,1.6235,1.568492,1.52991,1.64451,1.50699,1.539078,1.529528,1.56047,1.64069,1.638016,1.716326,1.557796,1.492856,1.561998,1.477958,1.476812,1.48025,1.52036
49045,1.375964,1.429444,1.628084,1.593322,1.561998,1.561616,1.58148,1.6235,1.568492,1.52991,1.64451,1.50699,1.539078,1.529528,1.56047,1.64069,1.638016,1.716326,1.557796,1.492856,1.561998,1.477958,1.476812,1.48025,1.52036
49047,1.375964,1.429444,1.628084,1.593322,1.561998,1.561616,1.58148,1.6235,1.568492,1.52991,1.64451,1.50699,1.539078,1.529528,1.56047,1.64069,1.638016,1.716326,1.557796,1.492856,1.561998,1.477958,1.476812,1.48025,1.52036
49049,1.375964,1.429444,1.628084,1.593322,1.561998,1.561616,1.58148,1.6235,1.568492,1.52991,1.64451,1.50699,1.539078,1.529528,1.56047,1.64069,1.638016,1.716326,1.557796,1.492856,1.561998,1.477958,1.476812,1.48025,1.52036
49051,1.375964,1.429444,1.628084,1.593322,1.561998,1.561616,1.58148,1.6235,1.568492,1.52991,1.64451,1.50699,1.539078,1.529528,1.56047,1.64069,1.638016,1.716326,1.557796,1.492856,1.561998,1.477958,1.476812,1.48025,1.52036
49053,1.375964,1.429444,1.628084,1.593322,1.561998,1.561616,1.58148,1.6235,1.568492,1.52991,1.64451,1.50699,1.539078,1.529528,1.56047,1.64069,1.638016,1.716326,1.557796,1.492856,1.561998,1.477958,1.476812,1.48025,1.52036
49055,1.375964,1.429444,1.628084,1.593322,1.561998,1.561616,1.58148,1.6235,1.568492,1.52991,1.64451,1.50699,1.539078,1.529528,1.56047,1.64069,1.638016,1.716326,1.557796,1.492856,1.561998,1.477958,1.476812,1.48025,1.52036
49057,1.375964,1.429444,1.628084,1.593322,1.561998,1.561616,1.58148,1.6235,1.568492,1.52991,1.64451,1.50699,1.539078,1.529528,1.56047,1.64069,1.638016,1.716326,1.557796,1.492856,1.561998,1.477958,1.476812,1.48025,1.52036
50001,1.375964,1.429444,1.628084,1.593322,1.561998,1.561616,1.58148,1.6235,1.568492,1.52991,1.64451,1.50699,1.539078,1.529528,1.56047,1.64069,1.638016,1.716326,1.557796,1.492856,1.561998,1.477958,1.476812,1.48025,1.52036
50003,1.375964,1.429444,1.628084,1.593322,1.561998,1.561616,1.58148,1.6235,1.568492,1.52991,1.64451,1.50699,1.539078,1.529528,1.56047,1.64069,1.638016,1.716326,1.557796,1.492856,1.561998,1.477958,1.476812,1.48025,1.52036
50005,1.375964,1.429444,1.628084,1.593322,1.561998,1.561616,1.58148,1.6235,1.568492,1.52991,1.64451,1.50699,1.539078,1.529528,1.56047,1.64069,1.638016,1.716326,1.557796,1.492856,1.561998,1.477958,1.476812,1.48025,1.52036
50007,1.375964,1.429444,1.628084,1.593322,1.561998,1.561616,1.58148,1.6235,1.568492,1.52991,1.64451,1.50699,1.539078,1.529528,1.56047,1.64069,1.638016,1.716326,1.557796,1.492856,1.561998,1.477958,1.476812,1.48025,1.52036
50009,1.375964,1.429444,1.628084,1.593322,1.561998,1.561616,1.58148,1.6235,1.568492,1.52991,1.64451,1.50699,1.539078,1.529528,1.56047,1.64069,1.638016,1.716326,1.557796,1.492856,1.561998,1.477958,1.476812,1.48025,1.52036
50011,1.375964,1.429444,1.628084,1.593322,1.561998,1.561616,1.58148,1.6235,1.568492,1.52991,1.64451,1.50699,1.539078,1.529528,1.56047,1.64069,1.638016,1.716326,1.557796,1.492856,1.561998,1.477958,1.476812,1.48025,1.52036
50013,1.375964,1.429444,1.628084,1.593322,1.561998,1.561616,1.58148,1.6235,1.568492,1.52991,1.64451,1.50699,1.539078,1.529528,1.56047,1.64069,1.638016,1.716326,1.557796,1.492856,1.561998,1.477958,1.476812,1.48025,1.52036
50015,1.375964,1.429444,1.628084,1.593322,1.561998,1.561616,1.58148,1.6235,1.568492,1.52991,1.64451,1.50699,1.539078,1.529528,1.56047,1.64069,1.638016,1.716326,1.557796,1.492856,1.561998,1.477958,1.476812,1.48025,1.52036
50017,1.375964,1.429444,1.628084,1.593322,1.561998,1.561616,1.58148,1.6235,1.568492,1.52991,1.64451,1.50699,1.539078,1.529528,1.56047,1.64069,1.638016,1.716326,1.557796,1.492856,1.561998,1.477958,1.476812,1.48025,1.52036
50019,1.375964,1.429444,1.628084,1.593322,1.561998,1.561616,1.58148,1.6235,1.568492,1.52991,1.64451,1.50699,1.539078,1.529528,1.56047,1.64069,1.638016,1.716326,1.557796,1.492856,1.561998,1.477958,1.476812,1.48025,1.52036
50021,1.375964,1.429444,1.628084,1.593322,1.561998,1.561616,1.58148,1.6235,1.568492,1.52991,1.64451,1.50699,1.539078,1.529528,1.56047,1.64069,1.638016,1.716326,1.557796,1.492856,1.561998,1.477958,1.476812,1.48025,1.52036
50023,1.375964,1.429444,1.628084,1.593322,1.561998,1.561616,1.58148,1.6235,1.568492,1.52991,1.64451,1.50699,1.539078,1.529528,1.56047,1.64069,1.638016,1.716326,1.557796,1.492856,1.561998,1.477958,1.476812,1.48025,1.52036
50025,1.375964,1.429444,1.628084,1.593322,1.561998,1.561616,1.58148,1.6235,1.568492,1.52991,1.64451,1.50699,1.539078,1.529528,1.56047,1.64069,1.638016,1.716326,1.557796,1.492856,1.561998,1.477958,1.476812,1.48025,1.52036
50027,1.375964,1.429444,1.628084,1.593322,1.561998,1.561616,1.58148,1.6235,1.568492,1.52991,1.64451,1.50699,1.539078,1.529528,1.56047,1.64069,1.638016,1.716326,1.557796,1.492856,1.561998,1.477958,1.476812,1.48025,1.52036
51001,1.375964,1.429444,1.628084,1.593322,1.561998,1.561616,1.58148,1.6235,1.568492,1.52991,1.64451,1.50699,1.539078,1.529528,1.56047,1.64069,1.638016,1.716326,1.557796,1.492856,1.561998,1.477958,1.476812,1.48025,1.52036
51003,1.375964,1.429444,1.628084,1.593322,1.561998,1.561616,1.58148,1.6235,1.568492,1.52991,1.64451,1.50699,1.539078,1.529528,1.56047,1.64069,1.638016,1.716326,1.557796,1.492856,1.561998,1.477958,1.476812,1.48025,1.52036
51005,1.375964,1.429444,1.628084,1.593322,1.561998,1.561616,1.58148,1.6235,1.568492,1.52991,1.64451,1.50699,1.539078,1.529528,1.56047,1.64069,1.638016,1.716326,1.557796,1.492856,1.561998,1.477958,1.476812,1.48025,1.52036
51007,1.375964,1.429444,1.628084,1.593322,1.561998,1.561616,1.58148,1.6235,1.568492,1.52991,1.64451,1.50699,1.539078,1.529528,1.56047,1.64069,1.638016,1.716326,1.557796,1.492856,1.561998,1.477958,1.476812,1.48025,1.52036
51009,1.375964,1.429444,1.628084,1.593322,1.561998,1.561616,1.58148,1.6235,1.568492,1.52991,1.64451,1.50699,1.539078,1.529528,1.56047,1.64069,1.638016,1.716326,1.557796,1.492856,1.561998,1.477958,1.476812,1.48025,1.52036
51011,1.375964,1.429444,1.628084,1.593322,1.561998,1.561616,1.58148,1.6235,1.568492,1.52991,1.64451,1.50699,1.539078,1.529528,1.56047,1.64069,1.638016,1.716326,1.557796,1.492856,1.561998,1.477958,1.476812,1.48025,1.52036
51013,1.375964,1.429444,1.628084,1.593322,1.561998,1.561616,1.58148,1.6235,1.568492,1.52991,1.64451,1.50699,1.539078,1.529528,1.56047,1.64069,1.638016,1.716326,1.557796,1.492856,1.561998,1.477958,1.476812,1.48025,1.52036
51015,1.375964,1.429444,1.628084,1.593322,1.561998,1.561616,1.58148,1.6235,1.568492,1.52991,1.64451,1.50699,1.539078,1.529528,1.56047,1.64069,1.638016,1.716326,1.557796,1.492856,1.561998,1.477958,1.476812,1.48025,1.52036
51017,1.375964,1.429444,1.628084,1.593322,1.561998,1.561616,1.58148,1.6235,1.568492,1.52991,1.64451,1.50699,1.539078,1.529528,1.56047,1.64069,1.638016,1.716326,1.557796,1.492856,1.561998,1.477958,1.476812,1.48025,1.52036
51019,1.375964,1.429444,1.628084,1.593322,1.561998,1.561616,1.58148,1.6235,1.568492,1.52991,1.64451,1.50699,1.539078,1.529528,1.56047,1.64069,1.638016,1.716326,1.557796,1.492856,1.561998,1.477958,1.476812,1.48025,1.52036
51021,1.375964,1.429444,1.628084,1.593322,1.561998,1.561616,1.58148,1.6235,1.568492,1.52991,1.64451,1.50699,1.539078,1.529528,1.56047,1.64069,1.638016,1.716326,1.557796,1.492856,1.561998,1.477958,1.476812,1.48025,1.52036
51023,1.375964,1.429444,1.628084,1.593322,1.561998,1.561616,1.58148,1.6235,1.568492,1.52991,1.64451,1.50699,1.539078,1.529528,1.56047,1.64069,1.638016,1.716326,1.557796,1.492856,1.561998,1.477958,1.476812,1.48025,1.52036
51025,1.375964,1.429444,1.628084,1.593322,1.561998,1.561616,1.58148,1.6235,1.568492,1.52991,1.64451,1.50699,1.539078,1.529528,1.56047,1.64069,1.638016,1.716326,1.557796,1.492856,1.561998,1.477958,1.476812,1.48025,1.52036
51027,1.375964,1.429444,1.628084,1.593322,1.561998,1.561616,1.58148,1.6235,1.568492,1.52991,1.64451,1.50699,1.539078,1.529528,1.56047,1.64069,1.638016,1.716326,1.557796,1.492856,1.561998,1.477958,1.476812,1.48025,1.52036
51029,1.375964,1.429444,1.628084,1.593322,1.561998,1.561616,1.58148,1.6235,1.568492,1.52991,1.64451,1.50699,1.539078,1.529528,1.56047,1.64069,1.638016,1.716326,1.557796,1.492856,1.561998,1.477958,1.476812,1.48025,1.52036
51031,1.375964,1.429444,1.628084,1.593322,1.561998,1.561616,1.58148,1.6235,1.568492,1.52991,1.64451,1.50699,1.539078,1.529528,1.56047,1.64069,1.638016,1.716326,1.557796,1.492856,1.561998,1.477958,1.476812,1.48025,1.52036
51033,1.375964,1.429444,1.628084,1.593322,1.561998,1.561616,1.58148,1.6235,1.568492,1.52991,1.64451,1.50699,1.539078,1.529528,1.56047,1.64069,1.638016,1.716326,1.557796,1.492856,1.561998,1.477958,1.476812,1.48025,1.52036
51035,1.375964,1.429444,1.628084,1.593322,1.561998,1.561616,1.58148,1.6235,1.568492,1.52991,1.64451,1.50699,1.539078,1.529528,1.56047,1.64069,1.638016,1.716326,1.557796,1.492856,1.561998,1.477958,1.476812,1.48025,1.52036
51036,1.375964,1.429444,1.628084,1.593322,1.561998,1.561616,1.58148,1.6235,1.568492,1.52991,1.64451,1.50699,1.539078,1.529528,1.56047,1.64069,1.638016,1.716326,1.557796,1.492856,1.561998,1.477958,1.476812,1.48025,1.52036
51037,1.375964,1.429444,1.628084,1.593322,1.561998,1.561616,1.58148,1.6235,1.568492,1.52991,1.64451,1.50699,1.539078,1.529528,1.56047,1.64069,1.638016,1.716326,1.557796,1.492856,1.561998,1.477958,1.476812,1.48025,1.52036
51041,1.375964,1.429444,1.628084,1.593322,1.561998,1.561616,1.58148,1.6235,1.568492,1.52991,1.64451,1.50699,1.539078,1.529528,1.56047,1.64069,1.638016,1.716326,1.557796,1.492856,1.561998,1.477958,1.476812,1.48025,1.52036
51043,1.375964,1.429444,1.628084,1.593322,1.561998,1.561616,1.58148,1.6235,1.568492,1.52991,1.64451,1.50699,1.539078,1.529528,1.56047,1.64069,1.638016,1.716326,1.557796,1.492856,1.561998,1.477958,1.476812,1.48025,1.52036
51045,1.375964,1.429444,1.628084,1.593322,1.561998,1.561616,1.58148,1.6235,1.568492,1.52991,1.64451,1.50699,1.539078,1.529528,1.56047,1.64069,1.638016,1.716326,1.557796,1.492856,1.561998,1.477958,1.476812,1.48025,1.52036
51047,1.375964,1.429444,1.628084,1.593322,1.561998,1.561616,1.58148,1.6235,1.568492,1.52991,1.64451,1.50699,1.539078,1.529528,1.56047,1.64069,1.638016,1.716326,1.557796,1.492856,1.561998,1.477958,1.476812,1.48025,1.52036
51049,1.375964,1.429444,1.628084,1.593322,1.561998,1.561616,1.58148,1.6235,1.568492,1.52991,1.64451,1.50699,1.539078,1.529528,1.56047,1.64069,1.638016,1.716326,1.557796,1.492856,1.561998,1.477958,1.476812,1.48025,1.52036
51051,1.375964,1.429444,1.628084,1.593322,1.561998,1.561616,1.58148,1.6235,1.568492,1.52991,1.64451,1.50699,1.539078,1.529528,1.56047,1.64069,1.638016,1.716326,1.557796,1.492856,1.561998,1.477958,1.476812,1.48025,1.52036
51053,1.375964,1.429444,1.628084,1.593322,1.561998,1.561616,1.58148,1.6235,1.568492,1.52991,1.64451,1.50699,1.539078,1.529528,1.56047,1.64069,1.638016,1.716326,1.557796,1.492856,1.561998,1.477958,1.476812,1.48025,1.52036
51057,1.375964,1.429444,1.628084,1.593322,1.561998,1.561616,1.58148,1.6235,1.568492,1.52991,1.64451,1.50699,1.539078,1.529528,1.56047,1.64069,1.638016,1.716326,1.557796,1.492856,1.561998,1.477958,1.476812,1.48025,1.52036
51059,1.375964,1.429444,1.628084,1.593322,1.561998,1.561616,1.58148,1.6235,1.568492,1.52991,1.64451,1.50699,1.539078,1.529528,1.56047,1.64069,1.638016,1.716326,1.557796,1.492856,1.561998,1.477958,1.476812,1.48025,1.52036
51061,1.375964,1.429444,1.628084,1.593322,1.561998,1.561616,1.58148,1.6235,1.568492,1.52991,1.64451,1.50699,1.539078,1.529528,1.56047,1.64069,1.638016,1.716326,1.557796,1.492856,1.561998,1.477958,1.476812,1.48025,1.52036
51063,1.375964,1.429444,1.628084,1.593322,1.561998,1.561616,1.58148,1.6235,1.568492,1.52991,1.64451,1.50699,1.539078,1.529528,1.56047,1.64069,1.638016,1.716326,1.557796,1.492856,1.561998,1.477958,1.476812,1.48025,1.52036
51065,1.375964,1.429444,1.628084,1.593322,1.561998,1.561616,1.58148,1.6235,1.568492,1.52991,1.64451,1.50699,1.539078,1.529528,1.56047,1.64069,1.638016,1.716326,1.557796,1.492856,1.561998,1.477958,1.476812,1.48025,1.52036
51067,1.375964,1.429444,1.628084,1.593322,1.561998,1.561616,1.58148,1.6235,1.568492,1.52991,1.64451,1.50699,1.539078,1.529528,1.56047,1.64069,1.638016,1.716326,1.557796,1.492856,1.561998,1.477958,1.476812,1.48025,1.52036
51069,1.375964,1.429444,1.628084,1.593322,1.561998,1.561616,1.58148,1.6235,1.568492,1.52991,1.64451,1.50699,1.539078,1.529528,1.56047,1.64069,1.638016,1.716326,1.557796,1.492856,1.561998,1.477958,1.476812,1.48025,1.52036
51071,1.375964,1.429444,1.628084,1.593322,1.561998,1.561616,1.58148,1.6235,1.568492,1.52991,1.64451,1.50699,1.539078,1.529528,1.56047,1.64069,1.638016,1.716326,1.557796,1.492856,1.561998,1.477958,1.476812,1.48025,1.52036
51073,1.375964,1.429444,1.628084,1.593322,1.561998,1.561616,1.58148,1.6235,1.568492,1.52991,1.64451,1.50699,1.539078,1.529528,1.56047,1.64069,1.638016,1.716326,1.557796,1.492856,1.561998,1.477958,1.476812,1.48025,1.52036
51075,1.375964,1.429444,1.628084,1.593322,1.561998,1.561616,1.58148,1.6235,1.568492,1.52991,1.64451,1.50699,1.539078,1.529528,1.56047,1.64069,1.638016,1.716326,1.557796,1.492856,1.561998,1.477958,1.476812,1.48025,1.52036
51077,1.375964,1.429444,1.628084,1.593322,1.561998,1.561616,1.58148,1.6235,1.568492,1.52991,1.64451,1.50699,1.539078,1.529528,1.56047,1.64069,1.638016,1.716326,1.557796,1.492856,1.561998,1.477958,1.476812,1.48025,1.52036
51079,1.375964,1.429444,1.628084,1.593322,1.561998,1.561616,1.58148,1.6235,1.568492,1.52991,1.64451,1.50699,1.539078,1.529528,1.56047,1.64069,1.638016,1.716326,1.557796,1.492856,1.561998,1.477958,1.476812,1.48025,1.52036
51081,1.375964,1.429444,1.628084,1.593322,1.561998,1.561616,1.58148,1.6235,1.568492,1.52991,1.64451,1.50699,1.539078,1.529528,1.56047,1.64069,1.638016,1.716326,1.557796,1.492856,1.561998,1.477958,1.476812,1.48025,1.52036
51083,1.375964,1.429444,1.628084,1.593322,1.561998,1.561616,1.58148,1.6235,1.568492,1.52991,1.64451,1.50699,1.539078,1.529528,1.56047,1.64069,1.638016,1.716326,1.557796,1.492856,1.561998,1.477958,1.476812,1.48025,1.52036
51085,1.375964,1.429444,1.628084,1.593322,1.561998,1.561616,1.58148,1.6235,1.568492,1.52991,1.64451,1.50699,1.539078,1.529528,1.56047,1.64069,1.638016,1.716326,1.557796,1.492856,1.561998,1.477958,1.476812,1.48025,1.52036
51087,1.375964,1.429444,1.628084,1.593322,1.561998,1.561616,1.58148,1.6235,1.568492,1.52991,1.64451,1.50699,1.539078,1.529528,1.56047,1.64069,1.638016,1.716326,1.557796,1.492856,1.561998,1.477958,1.476812,1.48025,1.52036
51089,1.375964,1.429444,1.628084,1.593322,1.561998,1.561616,1.58148,1.6235,1.568492,1.52991,1.64451,1.50699,1.539078,1.529528,1.56047,1.64069,1.638016,1.716326,1.557796,1.492856,1.561998,1.477958,1.476812,1.48025,1.52036
51091,1.375964,1.429444,1.628084,1.593322,1.561998,1.561616,1.58148,1.6235,1.568492,1.52991,1.64451,1.50699,1.539078,1.529528,1.56047,1.64069,1.638016,1.716326,1.557796,1.492856,1.561998,1.477958,1.476812,1.48025,1.52036
51093,1.375964,1.429444,1.628084,1.593322,1.561998,1.561616,1.58148,1.6235,1.568492,1.52991,1.64451,1.50699,1.539078,1.529528,1.56047,1.64069,1.638016,1.716326,1.557796,1.492856,1.561998,1.477958,1.476812,1.48025,1.52036
51095,1.375964,1.429444,1.628084,1.593322,1.561998,1.561616,1.58148,1.6235,1.568492,1.52991,1.64451,1.50699,1.539078,1.529528,1.56047,1.64069,1.638016,1.716326,1.557796,1.492856,1.561998,1.477958,1.476812,1.48025,1.52036
51097,1.375964,1.429444,1.628084,1.593322,1.561998,1.561616,1.58148,1.6235,1.568492,1.52991,1.64451,1.50699,1.539078,1.529528,1.56047,1.64069,1.638016,1.716326,1.557796,1.492856,1.561998,1.477958,1.476812,1.48025,1.52036
51099,1.375964,1.429444,1.628084,1.593322,1.561998,1.561616,1.58148,1.6235,1.568492,1.52991,1.64451,1.50699,1.539078,1.529528,1.56047,1.64069,1.638016,1.716326,1.557796,1.492856,1.561998,1.477958,1.476812,1.48025,1.52036
51101,1.375964,1.429444,1.628084,1.593322,1.561998,1.561616,1.58148,1.6235,1.568492,1.52991,1.64451,1.50699,1.539078,1.529528,1.56047,1.64069,1.638016,1.716326,1.557796,1.492856,1.561998,1.477958,1.476812,1.48025,1.52036
51103,1.375964,1.429444,1.628084,1.593322,1.561998,1.561616,1.58148,1.6235,1.568492,1.52991,1.64451,1.50699,1.539078,1.529528,1.56047,1.64069,1.638016,1.716326,1.557796,1.492856,1.561998,1.477958,1.476812,1.48025,1.52036
51105,1.375964,1.429444,1.628084,1.593322,1.561998,1.561616,1.58148,1.6235,1.568492,1.52991,1.64451,1.50699,1.539078,1.529528,1.56047,1.64069,1.638016,1.716326,1.557796,1.492856,1.561998,1.477958,1.476812,1.48025,1.52036
51107,1.375964,1.429444,1.628084,1.593322,1.561998,1.561616,1.58148,1.6235,1.568492,1.52991,1.64451,1.50699,1.539078,1.529528,1.56047,1.64069,1.638016,1.716326,1.557796,1.492856,1.561998,1.477958,1.476812,1.48025,1.52036
51109,1.375964,1.429444,1.628084,1.593322,1.561998,1.561616,1.58148,1.6235,1.568492,1.52991,1.64451,1.50699,1.539078,1.529528,1.56047,1.64069,1.638016,1.716326,1.557796,1.492856,1.561998,1.477958,1.476812,1.48025,1.52036
51111,1.375964,1.429444,1.628084,1.593322,1.561998,1.561616,1.58148,1.6235,1.568492,1.52991,1.64451,1.50699,1.539078,1.529528,1.56047,1.64069,1.638016,1.716326,1.557796,1.492856,1.561998,1.477958,1.476812,1.48025,1.52036
51113,1.375964,1.429444,1.628084,1.593322,1.561998,1.561616,1.58148,1.6235,1.568492,1.52991,1.64451,1.50699,1.539078,1.529528,1.56047,1.64069,1.638016,1.716326,1.557796,1.492856,1.561998,1.477958,1.476812,1.48025,1.52036
51115,1.375964,1.429444,1.628084,1.593322,1.561998,1.561616,1.58148,1.6235,1.568492,1.52991,1.64451,1.50699,1.539078,1.529528,1.56047,1.64069,1.638016,1.716326,1.557796,1.492856,1.561998,1.477958,1.476812,1.48025,1.52036
51117,1.375964,1.429444,1.628084,1.593322,1.561998,1.561616,1.58148,1.6235,1.568492,1.52991,1.64451,1.50699,1.539078,1.529528,1.56047,1.64069,1.638016,1.716326,1.557796,1.492856,1.561998,1.477958,1.476812,1.48025,1.52036
51119,1.375964,1.429444,1.628084,1.593322,1.561998,1.561616,1.58148,1.6235,1.568492,1.52991,1.64451,1.50699,1.539078,1.529528,1.56047,1.64069,1.638016,1.716326,1.557796,1.492856,1.561998,1.477958,1.476812,1.48025,1.52036
51121,1.375964,1.429444,1.628084,1.593322,1.561998,1.561616,1.58148,1.6235,1.568492,1.52991,1.64451,1.50699,1.539078,1.529528,1.56047,1.64069,1.638016,1.716326,1.557796,1.492856,1.561998,1.477958,1.476812,1.48025,1.52036
51125,1.375964,1.429444,1.628084,1.593322,1.561998,1.561616,1.58148,1.6235,1.568492,1.52991,1.64451,1.50699,1.539078,1.529528,1.56047,1.64069,1.638016,1.716326,1.557796,1.492856,1.561998,1.477958,1.476812,1.48025,1.52036
51127,1.375964,1.429444,1.628084,1.593322,1.561998,1.561616,1.58148,1.6235,1.568492,1.52991,1.64451,1.50699,1.539078,1.529528,1.56047,1.64069,1.638016,1.716326,1.557796,1.492856,1.561998,1.477958,1.476812,1.48025,1.52036
51131,1.375964,1.429444,1.628084,1.593322,1.561998,1.561616,1.58148,1.6235,1.568492,1.52991,1.64451,1.50699,1.539078,1.529528,1.56047,1.64069,1.638016,1.716326,1.557796,1.492856,1.561998,1.477958,1.476812,1.48025,1.52036
51133,1.375964,1.429444,1.628084,1.593322,1.561998,1.561616,1.58148,1.6235,1.568492,1.52991,1.64451,1.50699,1.539078,1.529528,1.56047,1.64069,1.638016,1.716326,1.557796,1.492856,1.561998,1.477958,1.476812,1.48025,1.52036
51135,1.375964,1.429444,1.628084,1.593322,1.561998,1.561616,1.58148,1.6235,1.568492,1.52991,1.64451,1.50699,1.539078,1.529528,1.56047,1.64069,1.638016,1.716326,1.557796,1.492856,1.561998,1.477958,1.476812,1.48025,1.52036
51137,1.375964,1.429444,1.628084,1.593322,1.561998,1.561616,1.58148,1.6235,1.568492,1.52991,1.64451,1.50699,1.539078,1.529528,1.56047,1.64069,1.638016,1.716326,1.557796,1.492856,1.561998,1.477958,1.476812,1.48025,1.52036
51139,1.375964,1.429444,1.628084,1.593322,1.561998,1.561616,1.58148,1.6235,1.568492,1.52991,1.64451,1.50699,1.539078,1.529528,1.56047,1.64069,1.638016,1.716326,1.557796,1.492856,1.561998,1.477958,1.476812,1.48025,1.52036
51141,1.375964,1.429444,1.628084,1.593322,1.561998,1.561616,1.58148,1.6235,1.568492,1.52991,1.64451,1.50699,1.539078,1.529528,1.56047,1.64069,1.638016,1.716326,1.557796,1.492856,1.561998,1.477958,1.476812,1.48025,1.52036
51143,1.375964,1.429444,1.628084,1.593322,1.561998,1.561616,1.58148,1.6235,1.568492,1.52991,1.64451,1.50699,1.539078,1.529528,1.56047,1.64069,1.638016,1.716326,1.557796,1.492856,1.561998,1.477958,1.476812,1.48025,1.52036
51145,1.375964,1.429444,1.628084,1.593322,1.561998,1.561616,1.58148,1.6235,1.568492,1.52991,1.64451,1.50699,1.539078,1.529528,1.56047,1.64069,1.638016,1.716326,1.557796,1.492856,1.561998,1.477958,1.476812,1.48025,1.52036
51147,1.375964,1.429444,1.628084,1.593322,1.561998,1.561616,1.58148,1.6235,1.568492,1.52991,1.64451,1.50699,1.539078,1.529528,1.56047,1.64069,1.638016,1.716326,1.557796,1.492856,1.561998,1.477958,1.476812,1.48025,1.52036
51149,1.375964,1.429444,1.628084,1.593322,1.561998,1.561616,1.58148,1.6235,1.568492,1.52991,1.64451,1.50699,1.539078,1.529528,1.56047,1.64069,1.638016,1.716326,1.557796,1.492856,1.561998,1.477958,1.476812,1.48025,1.52036
51153,1.375964,1.429444,1.628084,1.593322,1.561998,1.561616,1.58148,1.6235,1.568492,1.52991,1.64451,1.50699,1.539078,1.529528,1.56047,1.64069,1.638016,1.716326,1.557796,1.492856,1.561998,1.477958,1.476812,1.48025,1.52036
51155,1.375964,1.429444,1.628084,1.593322,1.561998,1.561616,1.58148,1.6235,1.568492,1.52991,1.64451,1.50699,1.539078,1.529528,1.56047,1.64069,1.638016,1.716326,1.557796,1.492856,1.561998,1.477958,1.476812,1.48025,1.52036
51157,1.375964,1.429444,1.628084,1.593322,1.561998,1.561616,1.58148,1.6235,1.568492,1.52991,1.64451,1.50699,1.539078,1.529528,1.56047,1.64069,1.638016,1.716326,1.557796,1.492856,1.561998,1.477958,1.476812,1.48025,1.52036
51159,1.375964,1.429444,1.628084,1.593322,1.561998,1.561616,1.58148,1.6235,1.568492,1.52991,1.64451,1.50699,1.539078,1.529528,1.56047,1.64069,1.638016,1.716326,1.557796,1.492856,1.561998,1.477958,1.476812,1.48025,1.52036
51161,1.375964,1.429444,1.628084,1.593322,1.561998,1.561616,1.58148,1.6235,1.568492,1.52991,1.64451,1.50699,1.539078,1.529528,1.56047,1.64069,1.638016,1.716326,1.557796,1.492856,1.561998,1.477958,1.476812,1.48025,1.52036
51163,1.375964,1.429444,1.628084,1.593322,1.561998,1.561616,1.58148,1.6235,1.568492,1.52991,1.64451,1.50699,1.539078,1.529528,1.56047,1.64069,1.638016,1.716326,1.557796,1.492856,1.561998,1.477958,1.476812,1.48025,1.52036
51165,1.375964,1.429444,1.628084,1.593322,1.561998,1.561616,1.58148,1.6235,1.568492,1.52991,1.64451,1.50699,1.539078,1.529528,1.56047,1.64069,1.638016,1.716326,1.557796,1.492856,1.561998,1.477958,1.476812,1.48025,1.52036
51167,1.375964,1.429444,1.628084,1.593322,1.561998,1.561616,1.58148,1.6235,1.568492,1.52991,1.64451,1.50699,1.539078,1.529528,1.56047,1.64069,1.638016,1.716326,1.557796,1.492856,1.561998,1.477958,1.476812,1.48025,1.52036
51169,1.375964,1.429444,1.628084,1.593322,1.561998,1.561616,1.58148,1.6235,1.568492,1.52991,1.64451,1.50699,1.539078,1.529528,1.56047,1.64069,1.638016,1.716326,1.557796,1.492856,1.561998,1.477958,1.476812,1.48025,1.52036
51171,1.375964,1.429444,1.628084,1.593322,1.561998,1.561616,1.58148,1.6235,1.568492,1.52991,1.64451,1.50699,1.539078,1.529528,1.56047,1.64069,1.638016,1.716326,1.557796,1.492856,1.561998,1.477958,1.476812,1.48025,1.52036
51173,1.375964,1.429444,1.628084,1.593322,1.561998,1.561616,1.58148,1.6235,1.568492,1.52991,1.64451,1.50699,1.539078,1.529528,1.56047,1.64069,1.638016,1.716326,1.557796,1.492856,1.561998,1.477958,1.476812,1.48025,1.52036
51175,1.375964,1.429444,1.628084,1.593322,1.561998,1.561616,1.58148,1.6235,1.568492,1.52991,1.64451,1.50699,1.539078,1.529528,1.56047,1.64069,1.638016,1.716326,1.557796,1.492856,1.561998,1.477958,1.476812,1.48025,1.52036
51177,1.375964,1.429444,1.628084,1.593322,1.561998,1.561616,1.58148,1.6235,1.568492,1.52991,1.64451,1.50699,1.539078,1.529528,1.56047,1.64069,1.638016,1.716326,1.557796,1.492856,1.561998,1.477958,1.476812,1.48025,1.52036
51179,1.375964,1.429444,1.628084,1.593322,1.561998,1.561616,1.58148,1.6235,1.568492,1.52991,1.64451,1.50699,1.539078,1.529528,1.56047,1.64069,1.638016,1.716326,1.557796,1.492856,1.561998,1.477958,1.476812,1.48025,1.52036
51181,1.375964,1.429444,1.628084,1.593322,1.561998,1.561616,1.58148,1.6235,1.568492,1.52991,1.64451,1.50699,1.539078,1.529528,1.56047,1.64069,1.638016,1.716326,1.557796,1.492856,1.561998,1.477958,1.476812,1.48025,1.52036
51183,1.375964,1.429444,1.628084,1.593322,1.561998,1.561616,1.58148,1.6235,1.568492,1.52991,1.64451,1.50699,1.539078,1.529528,1.56047,1.64069,1.638016,1.716326,1.557796,1.492856,1.561998,1.477958,1.476812,1.48025,1.52036
51185,1.375964,1.429444,1.628084,1.593322,1.561998,1.561616,1.58148,1.6235,1.568492,1.52991,1.64451,1.50699,1.539078,1.529528,1.56047,1.64069,1.638016,1.716326,1.557796,1.492856,1.561998,1.477958,1.476812,1.48025,1.52036
51187,1.375964,1.429444,1.628084,1.593322,1.561998,1.561616,1.58148,1.6235,1.568492,1.52991,1.64451,1.50699,1.539078,1.529528,1.56047,1.64069,1.638016,1.716326,1.557796,1.492856,1.561998,1.477958,1.476812,1.48025,1.52036
51191,1.375964,1.429444,1.628084,1.593322,1.561998,1.561616,1.58148,1.6235,1.568492,1.52991,1.64451,1.50699,1.539078,1.529528,1.56047,1.64069,1.638016,1.716326,1.557796,1.492856,1.561998,1.477958,1.476812,1.48025,1.52036
51193,1.375964,1.429444,1.628084,1.593322,1.561998,1.561616,1.58148,1.6235,1.568492,1.52991,1.64451,1.50699,1.539078,1.529528,1.56047,1.64069,1.638016,1.716326,1.557796,1.492856,1.561998,1.477958,1.476812,1.48025,1.52036
51195,1.375964,1.429444,1.628084,1.593322,1.561998,1.561616,1.58148,1.6235,1.568492,1.52991,1.64451,1.50699,1.539078,1.529528,1.56047,1.64069,1.638016,1.716326,1.557796,1.492856,1.561998,1.477958,1.476812,1.48025,1.52036
51197,1.375964,1.429444,1.628084,1.593322,1.561998,1.561616,1.58148,1.6235,1.568492,1.52991,1.64451,1.50699,1.539078,1.529528,1.56047,1.64069,1.638016,1.716326,1.557796,1.492856,1.561998,1.477958,1.476812,1.48025,1.52036
51199,1.375964,1.429444,1.628084,1.593322,1.561998,1.561616,1.58148,1.6235,1.568492,1.52991,1.64451,1.50699,1.539078,1.529528,1.56047,1.64069,1.638016,1.716326,1.557796,1.492856,1.561998,1.477958,1.476812,1.48025,1.52036
51510,1.375964,1.429444,1.628084,1.593322,1.561998,1.561616,1.58148,1.6235,1.568492,1.52991,1.64451,1.50699,1.539078,1.529528,1.56047,1.64069,1.638016,1.716326,1.557796,1.492856,1.561998,1.477958,1.476812,1.48025,1.52036
51520,1.375964,1.429444,1.628084,1.593322,1.561998,1.561616,1.58148,1.6235,1.568492,1.52991,1.64451,1.50699,1.539078,1.529528,1.56047,1.64069,1.638016,1.716326,1.557796,1.492856,1.561998,1.477958,1.476812,1.48025,1.52036
51530,1.375964,1.429444,1.628084,1.593322,1.561998,1.561616,1.58148,1.6235,1.568492,1.52991,1.64451,1.50699,1.539078,1.529528,1.56047,1.64069,1.638016,1.716326,1.557796,1.492856,1.561998,1.477958,1.476812,1.48025,1.52036
51540,1.375964,1.429444,1.628084,1.593322,1.561998,1.561616,1.58148,1.6235,1.568492,1.52991,1.64451,1.50699,1.539078,1.529528,1.56047,1.64069,1.638016,1.716326,1.557796,1.492856,1.561998,1.477958,1.476812,1.48025,1.52036
51550,1.375964,1.429444,1.628084,1.593322,1.561998,1.561616,1.58148,1.6235,1.568492,1.52991,1.64451,1.50699,1.539078,1.529528,1.56047,1.64069,1.638016,1.716326,1.557796,1.492856,1.561998,1.477958,1.476812,1.48025,1.52036
51570,1.375964,1.429444,1.628084,1.593322,1.561998,1.561616,1.58148,1.6235,1.568492,1.52991,1.64451,1.50699,1.539078,1.529528,1.56047,1.64069,1.638016,1.716326,1.557796,1.492856,1.561998,1.477958,1.476812,1.48025,1.52036
51580,1.375964,1.429444,1.628084,1.593322,1.561998,1.561616,1.58148,1.6235,1.568492,1.52991,1.64451,1.50699,1.539078,1.529528,1.56047,1.64069,1.638016,1.716326,1.557796,1.492856,1.561998,1.477958,1.476812,1.48025,1.52036
51590,1.375964,1.429444,1.628084,1.593322,1.561998,1.561616,1.58148,1.6235,1.568492,1.52991,1.64451,1.50699,1.539078,1.529528,1.56047,1.64069,1.638016,1.716326,1.557796,1.492856,1.561998,1.477958,1.476812,1.48025,1.52036
51595,1.375964,1.429444,1.628084,1.593322,1.561998,1.561616,1.58148,1.6235,1.568492,1.52991,1.64451,1.50699,1.539078,1.529528,1.56047,1.64069,1.638016,1.716326,1.557796,1.492856,1.561998,1.477958,1.476812,1.48025,1.52036
51600,1.375964,1.429444,1.628084,1.593322,1.561998,1.561616,1.58148,1.6235,1.568492,1.52991,1.64451,1.50699,1.539078,1.529528,1.56047,1.64069,1.638016,1.716326,1.557796,1.492856,1.561998,1.477958,1.476812,1.48025,1.52036
51610,1.375964,1.429444,1.628084,1.593322,1.561998,1.561616,1.58148,1.6235,1.568492,1.52991,1.64451,1.50699,1.539078,1.529528,1.56047,1.64069,1.638016,1.716326,1.557796,1.492856,1.561998,1.477958,1.476812,1.48025,1.52036
51620,1.375964,1.429444,1.628084,1.593322,1.561998,1.561616,1.58148,1.6235,1.568492,1.52991,1.64451,1.50699,1.539078,1.529528,1.56047,1.64069,1.638016,1.716326,1.557796,1.492856,1.561998,1.477958,1.476812,1.48025,1.52036
51630,1.375964,1.429444,1.628084,1.593322,1.561998,1.561616,1.58148,1.6235,1.568492,1.52991,1.64451,1.50699,1.539078,1.529528,1.56047,1.64069,1.638016,1.716326,1.557796,1.492856,1.561998,1.477958,1.476812,1.48025,1.52036
51640,1.375964,1.429444,1.628084,1.593322,1.561998,1.561616,1.58148,1.6235,1.568492,1.52991,1.64451,1.50699,1.539078,1.529528,1.56047,1.64069,1.638016,1.716326,1.557796,1.492856,1.561998,1.477958,1.476812,1.48025,1.52036
51650,1.375964,1.429444,1.628084,1.593322,1.561998,1.561616,1.58148,1.6235,1.568492,1.52991,1.64451,1.50699,1.539078,1.529528,1.56047,1.64069,1.638016,1.716326,1.557796,1.492856,1.561998,1.477958,1.476812,1.48025,1.52036
51660,1.375964,1.429444,1.628084,1.593322,1.561998,1.561616,1.58148,1.6235,1.568492,1.52991,1.64451,1.50699,1.539078,1.529528,1.56047,1.64069,1.638016,1.716326,1.557796,1.492856,1.561998,1.477958,1.476812,1.48025,1.52036
51670,1.375964,1.429444,1.628084,1.593322,1.561998,1.561616,1.58148,1.6235,1.568492,1.52991,1.64451,1.50699,1.539078,1.529528,1.56047,1.64069,1.638016,1.716326,1.557796,1.492856,1.561998,1.477958,1.476812,1.48025,1.52036
51678,1.375964,1.429444,1.628084,1.593322,1.561998,1.561616,1.58148,1.6235,1.568492,1.52991,1.64451,1.50699,1.539078,1.529528,1.56047,1.64069,1.638016,1.716326,1.557796,1.492856,1.561998,1.477958,1.476812,1.48025,1.52036
51680,1.375964,1.429444,1.628084,1.593322,1.561998,1.561616,1.58148,1.6235,1.568492,1.52991,1.64451,1.50699,1.539078,1.529528,1.56047,1.64069,1.638016,1.716326,1.557796,1.492856,1.561998,1.477958,1.476812,1.48025,1.52036
51683,1.375964,1.429444,1.628084,1.593322,1.561998,1.561616,1.58148,1.6235,1.568492,1.52991,1.64451,1.50699,1.539078,1.529528,1.56047,1.64069,1.638016,1.716326,1.557796,1.492856,1.561998,1.477958,1.476812,1.48025,1.52036
51685,1.375964,1.429444,1.628084,1.593322,1.561998,1.561616,1.58148,1.6235,1.568492,1.52991,1.64451,1.50699,1.539078,1.529528,1.56047,1.64069,1.638016,1.716326,1.557796,1.492856,1.561998,1.477958,1.476812,1.48025,1.52036
51690,1.375964,1.429444,1.628084,1.593322,1.561998,1.561616,1.58148,1.6235,1.568492,1.52991,1.64451,1.50699,1.539078,1.529528,1.56047,1.64069,1.638016,1.716326,1.557796,1.492856,1.561998,1.477958,1.476812,1.48025,1.52036
51700,1.375964,1.429444,1.628084,1.593322,1.561998,1.561616,1.58148,1.6235,1.568492,1.52991,1.64451,1.50699,1.539078,1.529528,1.56047,1.64069,1.638016,1.716326,1.557796,1.492856,1.561998,1.477958,1.476812,1.48025,1.52036
51710,1.375964,1.429444,1.628084,1.593322,1.561998,1.561616,1.58148,1.6235,1.568492,1.52991,1.64451,1.50699,1.539078,1.529528,1.56047,1.64069,1.638016,1.716326,1.557796,1.492856,1.561998,1.477958,1.476812,1.48025,1.52036
51720,1.375964,1.429444,1.628084,1.593322,1.561998,1.561616,1.58148,1.6235,1.568492,1.52991,1.64451,1.50699,1.539078,1.529528,1.56047,1.64069,1.638016,1.716326,1.557796,1.492856,1.561998,1.477958,1.476812,1.48025,1.52036
51730,1.375964,1.429444,1.628084,1.593322,1.561998,1.561616,1.58148,1.6235,1.568492,1.52991,1.64451,1.50699,1.539078,1.529528,1.56047,1.64069,1.638016,1.716326,1.557796,1.492856,1.561998,1.477958,1.476812,1.48025,1.52036
51735,1.375964,1.429444,1.628084,1.593322,1.561998,1.561616,1.58148,1.6235,1.568492,1.52991,1.64451,1.50699,1.539078,1.529528,1.56047,1.64069,1.638016,1.716326,1.557796,1.492856,1.561998,1.477958,1.476812,1.48025,1.52036
51740,1.375964,1.429444,1.628084,1.593322,1.561998,1.561616,1.58148,1.6235,1.568492,1.52991,1.64451,1.50699,1.539078,1.529528,1.56047,1.64069,1.638016,1.716326,1.557796,1.492856,1.561998,1.477958,1.476812,1.48025,1.52036
51750,1.375964,1.429444,1.628084,1.593322,1.561998,1.561616,1.58148,1.6235,1.568492,1.52991,1.64451,1.50699,1.539078,1.529528,1.56047,1.64069,1.638016,1.716326,1.557796,1.492856,1.561998,1.477958,1.476812,1.48025,1.52036
51760,1.375964,1.429444,1.628084,1.593322,1.561998,1.561616,1.58148,1.6235,1.568492,1.52991,1.64451,1.50699,1.539078,1.529528,1.56047,1.64069,1.638016,1.716326,1.557796,1.492856,1.561998,1.477958,1.476812,1.48025,1.52036
51770,1.375964,1.429444,1.628084,1.593322,1.561998,1.561616,1.58148,1.6235,1.568492,1.52991,1.64451,1.50699,1.539078,1.529528,1.56047,1.64069,1.638016,1.716326,1.557796,1.492856,1.561998,1.477958,1.476812,1.48025,1.52036
51775,1.375964,1.429444,1.628084,1.593322,1.561998,1.561616,1.58148,1.6235,1.568492,1.52991,1.64451,1.50699,1.539078,1.529528,1.56047,1.64069,1.638016,1.716326,1.557796,1.492856,1.561998,1.477958,1.476812,1.48025,1.52036
51790,1.375964,1.429444,1.628084,1.593322,1.561998,1.561616,1.58148,1.6235,1.568492,1.52991,1.64451,1.50699,1.539078,1.529528,1.56047,1.64069,1.638016,1.716326,1.557796,1.492856,1.561998,1.477958,1.476812,1.48025,1.52036
51800,1.375964,1.429444,1.628084,1.593322,1.561998,1.561616,1.58148,1.6235,1.568492,1.52991,1.64451,1.50699,1.539078,1.529528,1.56047,1.64069,1.638016,1.716326,1.557796,1.492856,1.561998,1.477958,1.476812,1.48025,1.52036
51810,1.375964,1.429444,1.628084,1.593322,1.561998,1.561616,1.58148,1.6235,1.568492,1.52991,1.64451,1.50699,1.539078,1.529528,1.56047,1.64069,1.638016,1.716326,1.557796,1.492856,1.561998,1.477958,1.476812,1.48025,1.52036
51820,1.375964,1.429444,1.628084,1.593322,1.561998,1.561616,1.58148,1.6235,1.568492,1.52991,1.64451,1.50699,1.539078,1.529528,1.56047,1.64069,1.638016,1.716326,1.557796,1.492856,1.561998,1.477958,1.476812,1.48025,1.52036
51830,1.375964,1.429444,1.628084,1.593322,1.561998,1.561616,1.58148,1.6235,1.568492,1.52991,1.64451,1.50699,1.539078,1.529528,1.56047,1.64069,1.638016,1.716326,1.557796,1.492856,1.561998,1.477958,1.476812,1.48025,1.52036
51840,1.375964,1.429444,1.628084,1.593322,1.561998,1.561616,1.58148,1.6235,1.568492,1.52991,1.64451,1.50699,1.539078,1.529528,1.56047,1.64069,1.638016,1.716326,1.557796,1.492856,1.561998,1.477958,1.476812,1.48025,1.52036
53001,1.375964,1.429444,1.628084,1.593322,1.561998,1.561616,1.58148,1.6235,1.568492,1.52991,1.64451,1.50699,1.539078,1.529528,1.56047,1.64069,1.638016,1.716326,1.557796,1.492856,1.561998,1.477958,1.476812,1.48025,1.52036
53003,1.375964,1.429444,1.628084,1.593322,1.561998,1.561616,1.58148,1.6235,1.568492,1.52991,1.64451,1.50699,1.539078,1.529528,1.56047,1.64069,1.638016,1.716326,1.557796,1.492856,1.561998,1.477958,1.476812,1.48025,1.52036
53005,1.375964,1.429444,1.628084,1.593322,1.561998,1.561616,1.58148,1.6235,1.568492,1.52991,1.64451,1.50699,1.539078,1.529528,1.56047,1.64069,1.638016,1.716326,1.557796,1.492856,1.561998,1.477958,1.476812,1.48025,1.52036
53007,1.375964,1.429444,1.628084,1.593322,1.561998,1.561616,1.58148,1.6235,1.568492,1.52991,1.64451,1.50699,1.539078,1.529528,1.56047,1.64069,1.638016,1.716326,1.557796,1.492856,1.561998,1.477958,1.476812,1.48025,1.52036
53009,1.375964,1.429444,1.628084,1.593322,1.561998,1.561616,1.58148,1.6235,1.568492,1.52991,1.64451,1.50699,1.539078,1.529528,1.56047,1.64069,1.638016,1.716326,1.557796,1.492856,1.561998,1.477958,1.476812,1.48025,1.52036
53011,1.375964,1.429444,1.628084,1.593322,1.561998,1.561616,1.58148,1.6235,1.568492,1.52991,1.64451,1.50699,1.539078,1.529528,1.56047,1.64069,1.638016,1.716326,1.557796,1.492856,1.561998,1.477958,1.476812,1.48025,1.52036
53013,1.375964,1.429444,1.628084,1.593322,1.561998,1.561616,1.58148,1.6235,1.568492,1.52991,1.64451,1.50699,1.539078,1.529528,1.56047,1.64069,1.638016,1.716326,1.557796,1.492856,1.561998,1.477958,1.476812,1.48025,1.52036
53015,1.375964,1.429444,1.628084,1.593322,1.561998,1.561616,1.58148,1.6235,1.568492,1.52991,1.64451,1.50699,1.539078,1.529528,1.56047,1.64069,1.638016,1.716326,1.557796,1.492856,1.561998,1.477958,1.476812,1.48025,1.52036
53017,1.375964,1.429444,1.628084,1.593322,1.561998,1.561616,1.58148,1.6235,1.568492,1.52991,1.64451,1.50699,1.539078,1.529528,1.56047,1.64069,1.638016,1.716326,1.557796,1.492856,1.561998,1.477958,1.476812,1.48025,1.52036
53019,1.375964,1.429444,1.628084,1.593322,1.561998,1.561616,1.58148,1.6235,1.568492,1.52991,1.64451,1.50699,1.539078,1.529528,1.56047,1.64069,1.638016,1.716326,1.557796,1.492856,1.561998,1.477958,1.476812,1.48025,1.52036
53021,1.375964,1.429444,1.628084,1.593322,1.561998,1.561616,1.58148,1.6235,1.568492,1.52991,1.64451,1.50699,1.539078,1.529528,1.56047,1.64069,1.638016,1.716326,1.557796,1.492856,1.561998,1.477958,1.476812,1.48025,1.52036
53023,1.375964,1.429444,1.628084,1.593322,1.561998,1.561616,1.58148,1.6235,1.568492,1.52991,1.64451,1.50699,1.539078,1.529528,1.56047,1.64069,1.638016,1.716326,1.557796,1.492856,1.561998,1.477958,1.476812,1.48025,1.52036
53025,1.375964,1.429444,1.628084,1.593322,1.561998,1.561616,1.58148,1.6235,1.568492,1.52991,1.64451,1.50699,1.539078,1.529528,1.56047,1.64069,1.638016,1.716326,1.557796,1.492856,1.561998,1.477958,1.476812,1.48025,1.52036
53027,1.375964,1.429444,1.628084,1.593322,1.561998,1.561616,1.58148,1.6235,1.568492,1.52991,1.64451,1.50699,1.539078,1.529528,1.56047,1.64069,1.638016,1.716326,1.557796,1.492856,1.561998,1.477958,1.476812,1.48025,1.52036
53029,1.375964,1.429444,1.628084,1.593322,1.561998,1.561616,1.58148,1.6235,1.568492,1.52991,1.64451,1.50699,1.539078,1.529528,1.56047,1.64069,1.638016,1.716326,1.557796,1.492856,1.561998,1.477958,1.476812,1.48025,1.52036
53031,1.375964,1.429444,1.628084,1.593322,1.561998,1.561616,1.58148,1.6235,1.568492,1.52991,1.64451,1.50699,1.539078,1.529528,1.56047,1.64069,1.638016,1.716326,1.557796,1.492856,1.561998,1.477958,1.476812,1.48025,1.52036
53033,1.375964,1.429444,1.628084,1.593322,1.561998,1.561616,1.58148,1.6235,1.568492,1.52991,1.64451,1.50699,1.539078,1.529528,1.56047,1.64069,1.638016,1.716326,1.557796,1.492856,1.561998,1.477958,1.476812,1.48025,1.52036
53035,1.375964,1.429444,1.628084,1.593322,1.561998,1.561616,1.58148,1.6235,1.568492,1.52991,1.64451,1.50699,1.539078,1.529528,1.56047,1.64069,1.638016,1.716326,1.557796,1.492856,1.561998,1.477958,1.476812,1.48025,1.52036
53037,1.375964,1.429444,1.628084,1.593322,1.561998,1.561616,1.58148,1.6235,1.568492,1.52991,1.64451,1.50699,1.539078,1.529528,1.56047,1.64069,1.638016,1.716326,1.557796,1.492856,1.561998,1.477958,1.476812,1.48025,1.52036
53039,1.375964,1.429444,1.628084,1.593322,1.561998,1.561616,1.58148,1.6235,1.568492,1.52991,1.64451,1.50699,1.539078,1.529528,1.56047,1.64069,1.638016,1.716326,1.557796,1.492856,1.561998,1.477958,1.476812,1.48025,1.52036
53041,1.375964,1.429444,1.628084,1.593322,1.561998,1.561616,1.58148,1.6235,1.568492,1.52991,1.64451,1.50699,1.539078,1.529528,1.56047,1.64069,1.638016,1.716326,1.557796,1.492856,1.561998,1.477958,1.476812,1.48025,1.52036
53043,1.375964,1.429444,1.628084,1.593322,1.561998,1.561616,1.58148,1.6235,1.568492,1.52991,1.64451,1.50699,1.539078,1.529528,1.56047,1.64069,1.638016,1.716326,1.557796,1.492856,1.561998,1.477958,1.476812,1.48025,1.52036
53045,1.375964,1.429444,1.628084,1.593322,1.561998,1.561616,1.58148,1.6235,1.568492,1.52991,1.64451,1.50699,1.539078,1.529528,1.56047,1.64069,1.638016,1.716326,1.557796,1.492856,1.561998,1.477958,1.476812,1.48025,1.52036
53047,1.375964,1.429444,1.628084,1.593322,1.561998,1.561616,1.58148,1.6235,1.568492,1.52991,1.64451,1.50699,1.539078,1.529528,1.56047,1.64069,1.638016,1.716326,1.557796,1.492856,1.561998,1.477958,1.476812,1.48025,1.52036
53049,1.375964,1.429444,1.628084,1.593322,1.561998,1.561616,1.58148,1.6235,1.568492,1.52991,1.64451,1.50699,1.539078,1.529528,1.56047,1.64069,1.638016,1.716326,1.557796,1.492856,1.561998,1.477958,1.476812,1.48025,1.52036
53051,1.375964,1.429444,1.628084,1.593322,1.561998,1.561616,1.58148,1.6235,1.568492,1.52991,1.64451,1.50699,1.539078,1.529528,1.56047,1.64069,1.638016,1.716326,1.557796,1.492856,1.561998,1.477958,1.476812,1.48025,1.52036
53053,1.375964,1.429444,1.628084,1.593322,1.561998,1.561616,1.58148,1.6235,1.568492,1.52991,1.64451,1.50699,1.539078,1.529528,1.56047,1.64069,1.638016,1.716326,1.557796,1.492856,1.561998,1.477958,1.476812,1.48025,1.52036
53055,1.375964,1.429444,1.628084,1.593322,1.561998,1.561616,1.58148,1.6235,1.568492,1.52991,1.64451,1.50699,1.539078,1.529528,1.56047,1.64069,1.638016,1.716326,1.557796,1.492856,1.561998,1.477958,1.476812,1.48025,1.52036
53057,1.375964,1.429444,1.628084,1.593322,1.561998,1.561616,1.58148,1.6235,1.568492,1.52991,1.64451,1.50699,1.539078,1.529528,1.56047,1.64069,1.638016,1.716326,1.557796,1.492856,1.561998,1.477958,1.476812,1.48025,1.52036
53059,1.375964,1.429444,1.628084,1.593322,1.561998,1.561616,1.58148,1.6235,1.568492,1.52991,1.64451,1.50699,1.539078,1.529528,1.56047,1.64069,1.638016,1.716326,1.557796,1.492856,1.561998,1.477958,1.476812,1.48025,1.52036
53061,1.375964,1.429444,1.628084,1.593322,1.561998,1.561616,1.58148,1.6235,1.568492,1.52991,1.64451,1.50699,1.539078,1.529528,1.56047,1.64069,1.638016,1.716326,1.557796,1.492856,1.561998,1.477958,1.476812,1.48025,1.52036
53063,1.375964,1.429444,1.628084,1.593322,1.561998,1.561616,1.58148,1.6235,1.568492,1.52991,1.64451,1.50699,1.539078,1.529528,1.56047,1.64069,1.638016,1.716326,1.557796,1.492856,1.561998,1.477958,1.476812,1.48025,1.52036
53065,1.375964,1.429444,1.628084,1.593322,1.561998,1.561616,1.58148,1.6235,1.568492,1.52991,1.64451,1.50699,1.539078,1.529528,1.56047,1.64069,1.638016,1.716326,1.557796,1.492856,1.561998,1.477958,1.476812,1.48025,1.52036
53067,1.375964,1.429444,1.628084,1.593322,1.561998,1.561616,1.58148,1.6235,1.568492,1.52991,1.64451,1.50699,1.539078,1.529528,1.56047,1.64069,1.638016,1.716326,1.557796,1.492856,1.561998,1.477958,1.476812,1.48025,1.52036
53069,1.375964,1.429444,1.628084,1.593322,1.561998,1.561616,1.58148,1.6235,1.568492,1.52991,1.64451,1.50699,1.539078,1.529528,1.56047,1.64069,1.638016,1.716326,1.557796,1.492856,1.561998,1.477958,1.476812,1.48025,1.52036
53071,1.375964,1.429444,1.628084,1.593322,1.561998,1.561616,1.58148,1.6235,1.568492,1.52991,1.64451,1.50699,1.539078,1.529528,1.56047,1.64069,1.638016,1.716326,1.557796,1.492856,1.561998,1.477958,1.476812,1.48025,1.52036
53073,1.375964,1.429444,1.628084,1.593322,1.561998,1.561616,1.58148,1.6235,1.568492,1.52991,1.64451,1.50699,1.539078,1.529528,1.56047,1.64069,1.638016,1.716326,1.557796,1.492856,1.561998,1.477958,1.476812,1.48025,1.52036
53075,1.375964,1.429444,1.628084,1.593322,1.561998,1.561616,1.58148,1.6235,1.568492,1.52991,1.64451,1.50699,1.539078,1.529528,1.56047,1.64069,1.638016,1.716326,1.557796,1.492856,1.561998,1.477958,1.476812,1.48025,1.52036
53077,1.375964,1.429444,1.628084,1.593322,1.561998,1.561616,1.58148,1.6235,1.568492,1.52991,1.64451,1.50699,1.539078,1.529528,1.56047,1.64069,1.638016,1.716326,1.557796,1.492856,1.561998,1.477958,1.476812,1.48025,1.52036
54001,1.375964,1.429444,1.628084,1.593322,1.561998,1.561616,1.58148,1.6235,1.568492,1.52991,1.64451,1.50699,1.539078,1.529528,1.56047,1.64069,1.638016,1.716326,1.557796,1.492856,1.561998,1.477958,1.476812,1.48025,1.52036
54003,1.375964,1.429444,1.628084,1.593322,1.561998,1.561616,1.58148,1.6235,1.568492,1.52991,1.64451,1.50699,1.539078,1.529528,1.56047,1.64069,1.638016,1.716326,1.557796,1.492856,1.561998,1.477958,1.476812,1.48025,1.52036
54005,1.375964,1.429444,1.628084,1.593322,1.561998,1.561616,1.58148,1.6235,1.568492,1.52991,1.64451,1.50699,1.539078,1.529528,1.56047,1.64069,1.638016,1.716326,1.557796,1.492856,1.561998,1.477958,1.476812,1.48025,1.52036
54007,1.375964,1.429444,1.628084,1.593322,1.561998,1.561616,1.58148,1.6235,1.568492,1.52991,1.64451,1.50699,1.539078,1.529528,1.56047,1.64069,1.638016,1.716326,1.557796,1.492856,1.561998,1.477958,1.476812,1.48025,1.52036
54009,1.375964,1.429444,1.628084,1.593322,1.561998,1.561616,1.58148,1.6235,1.568492,1.52991,1.64451,1.50699,1.539078,1.529528,1.56047,1.64069,1.638016,1.716326,1.557796,1.492856,1.561998,1.477958,1.476812,1.48025,1.52036
54011,1.375964,1.429444,1.628084,1.593322,1.561998,1.561616,1.58148,1.6235,1.568492,1.52991,1.64451,1.50699,1.539078,1.529528,1.56047,1.64069,1.638016,1.716326,1.557796,1.492856,1.561998,1.477958,1.476812,1.48025,1.52036
54013,1.375964,1.429444,1.628084,1.593322,1.561998,1.561616,1.58148,1.6235,1.568492,1.52991,1.64451,1.50699,1.539078,1.529528,1.56047,1.64069,1.638016,1.716326,1.557796,1.492856,1.561998,1.477958,1.476812,1.48025,1.52036
54015,1.375964,1.429444,1.628084,1.593322,1.561998,1.561616,1.58148,1.6235,1.568492,1.52991,1.64451,1.50699,1.539078,1.529528,1.56047,1.64069,1.638016,1.716326,1.557796,1.492856,1.561998,1.477958,1.476812,1.48025,1.52036
54017,1.375964,1.429444,1.628084,1.593322,1.561998,1.561616,1.58148,1.6235,1.568492,1.52991,1.64451,1.50699,1.539078,1.529528,1.56047,1.64069,1.638016,1.716326,1.557796,1.492856,1.561998,1.477958,1.476812,1.48025,1.52036
54019,1.375964,1.429444,1.628084,1.593322,1.561998,1.561616,1.58148,1.6235,1.568492,1.52991,1.64451,1.50699,1.539078,1.529528,1.56047,1.64069,1.638016,1.716326,1.557796,1.492856,1.561998,1.477958,1.476812,1.48025,1.52036
54021,1.375964,1.429444,1.628084,1.593322,1.561998,1.561616,1.58148,1.6235,1.568492,1.52991,1.64451,1.50699,1.539078,1.529528,1.56047,1.64069,1.638016,1.716326,1.557796,1.492856,1.561998,1.477958,1.476812,1.48025,1.52036
54023,1.375964,1.429444,1.628084,1.593322,1.561998,1.561616,1.58148,1.6235,1.568492,1.52991,1.64451,1.50699,1.539078,1.529528,1.56047,1.64069,1.638016,1.716326,1.557796,1.492856,1.561998,1.477958,1.476812,1.48025,1.52036
54025,1.375964,1.429444,1.628084,1.593322,1.561998,1.561616,1.58148,1.6235,1.568492,1.52991,1.64451,1.50699,1.539078,1.529528,1.56047,1.64069,1.638016,1.716326,1.557796,1.492856,1.561998,1.477958,1.476812,1.48025,1.52036
54027,1.375964,1.429444,1.628084,1.593322,1.561998,1.561616,1.58148,1.6235,1.568492,1.52991,1.64451,1.50699,1.539078,1.529528,1.56047,1.64069,1.638016,1.716326,1.557796,1.492856,1.561998,1.477958,1.476812,1.48025,1.52036
54029,1.375964,1.429444,1.628084,1.593322,1.561998,1.561616,1.58148,1.6235,1.568492,1.52991,1.64451,1.50699,1.539078,1.529528,1.56047,1.64069,1.638016,1.716326,1.557796,1.492856,1.561998,1.477958,1.476812,1.48025,1.52036
54031,1.375964,1.429444,1.628084,1.593322,1.561998,1.561616,1.58148,1.6235,1.568492,1.52991,1.64451,1.50699,1.539078,1.529528,1.56047,1.64069,1.638016,1.716326,1.557796,1.492856,1.561998,1.477958,1.476812,1.48025,1.52036
54033,1.375964,1.429444,1.628084,1.593322,1.561998,1.561616,1.58148,1.6235,1.568492,1.52991,1.64451,1.50699,1.539078,1.529528,1.56047,1.64069,1.638016,1.716326,1.557796,1.492856,1.561998,1.477958,1.476812,1.48025,1.52036
54035,1.375964,1.429444,1.628084,1.593322,1.561998,1.561616,1.58148,1.6235,1.568492,1.52991,1.64451,1.50699,1.539078,1.529528,1.56047,1.64069,1.638016,1.716326,1.557796,1.492856,1.561998,1.477958,1.476812,1.48025,1.52036
54037,1.375964,1.429444,1.628084,1.593322,1.561998,1.561616,1.58148,1.6235,1.568492,1.52991,1.64451,1.50699,1.539078,1.529528,1.56047,1.64069,1.638016,1.716326,1.557796,1.492856,1.561998,1.477958,1.476812,1.48025,1.52036
54039,1.375964,1.429444,1.628084,1.593322,1.561998,1.561616,1.58148,1.6235,1.568492,1.52991,1.64451,1.50699,1.539078,1.529528,1.56047,1.64069,1.638016,1.716326,1.557796,1.492856,1.561998,1.477958,1.476812,1.48025,1.52036
54041,1.375964,1.429444,1.628084,1.593322,1.561998,1.561616,1.58148,1.6235,1.568492,1.52991,1.64451,1.50699,1.539078,1.529528,1.56047,1.64069,1.638016,1.716326,1.557796,1.492856,1.561998,1.477958,1.476812,1.48025,1.52036
54043,1.375964,1.429444,1.628084,1.593322,1.561998,1.561616,1.58148,1.6235,1.568492,1.52991,1.64451,1.50699,1.539078,1.529528,1.56047,1.64069,1.638016,1.716326,1.557796,1.492856,1.561998,1.477958,1.476812,1.48025,1.52036
54045,1.375964,1.429444,1.628084,1.593322,1.561998,1.561616,1.58148,1.6235,1.568492,1.52991,1.64451,1.50699,1.539078,1.529528,1.56047,1.64069,1.638016,1.716326,1.557796,1.492856,1.561998,1.477958,1.476812,1.48025,1.52036
54047,1.375964,1.429444,1.628084,1.593322,1.561998,1.561616,1.58148,1.6235,1.568492,1.52991,1.64451,1.50699,1.539078,1.529528,1.56047,1.64069,1.638016,1.716326,1.557796,1.492856,1.561998,1.477958,1.476812,1.48025,1.52036
54049,1.375964,1.429444,1.628084,1.593322,1.561998,1.561616,1.58148,1.6235,1.568492,1.52991,1.64451,1.50699,1.539078,1.529528,1.56047,1.64069,1.638016,1.716326,1.557796,1.492856,1.561998,1.477958,1.476812,1.48025,1.52036
54051,1.375964,1.429444,1.628084,1.593322,1.561998,1.561616,1.58148,1.6235,1.568492,1.52991,1.64451,1.50699,1.539078,1.529528,1.56047,1.64069,1.638016,1.716326,1.557796,1.492856,1.561998,1.477958,1.476812,1.48025,1.52036
54053,1.375964,1.429444,1.628084,1.593322,1.561998,1.561616,1.58148,1.6235,1.568492,1.52991,1.64451,1.50699,1.539078,1.529528,1.56047,1.64069,1.638016,1.716326,1.557796,1.492856,1.561998,1.477958,1.476812,1.48025,1.52036
54055,1.375964,1.429444,1.628084,1.593322,1.561998,1.561616,1.58148,1.6235,1.568492,1.52991,1.64451,1.50699,1.539078,1.529528,1.56047,1.64069,1.638016,1.716326,1.557796,1.492856,1.561998,1.477958,1.476812,1.48025,1.52036
54057,1.375964,1.429444,1.628084,1.593322,1.561998,1.561616,1.58148,1.6235,1.568492,1.52991,1.64451,1.50699,1.539078,1.529528,1.56047,1.64069,1.638016,1.716326,1.557796,1.492856,1.561998,1.477958,1.476812,1.48025,1.52036
54059,1.375964,1.429444,1.628084,1.593322,1.561998,1.561616,1.58148,1.6235,1.568492,1.52991,1.64451,1.50699,1.539078,1.529528,1.56047,1.64069,1.638016,1.716326,1.557796,1.492856,1.561998,1.477958,1.476812,1.48025,1.52036
54061,1.375964,1.429444,1.628084,1.593322,1.561998,1.561616,1.58148,1.6235,1.568492,1.52991,1.64451,1.50699,1.539078,1.529528,1.56047,1.64069,1.638016,1.716326,1.557796,1.492856,1.561998,1.477958,1.476812,1.48025,1.52036
54063,1.375964,1.429444,1.628084,1.593322,1.561998,1.561616,1.58148,1.6235,1.568492,1.52991,1.64451,1.50699,1.539078,1.529528,1.56047,1.64069,1.638016,1.716326,1.557796,1.492856,1.561998,1.477958,1.476812,1.48025,1.52036
54065,1.375964,1.429444,1.628084,1.593322,1.561998,1.561616,1.58148,1.6235,1.568492,1.52991,1.64451,1.50699,1.539078,1.529528,1.56047,1.64069,1.638016,1.716326,1.557796,1.492856,1.561998,1.477958,1.476812,1.48025,1.52036
54067,1.375964,1.429444,1.628084,1.593322,1.561998,1.561616,1.58148,1.6235,1.568492,1.52991,1.64451,1.50699,1.539078,1.529528,1.56047,1.64069,1.638016,1.716326,1.557796,1.492856,1.561998,1.477958,1.476812,1.48025,1.52036
54069,1.375964,1.429444,1.628084,1.593322,1.561998,1.561616,1.58148,1.6235,1.568492,1.52991,1.64451,1.50699,1.539078,1.529528,1.56047,1.64069,1.638016,1.716326,1.557796,1.492856,1.561998,1.477958,1.476812,1.48025,1.52036
54071,1.375964,1.429444,1.628084,1.593322,1.561998,1.561616,1.58148,1.6235,1.568492,1.52991,1.64451,1.50699,1.539078,1.529528,1.56047,1.64069,1.638016,1.716326,1.557796,1.492856,1.561998,1.477958,1.476812,1.48025,1.52036
54073,1.375964,1.429444,1.628084,1.593322,1.561998,1.561616,1.58148,1.6235,1.568492,1.52991,1.64451,1.50699,1.539078,1.529528,1.56047,1.64069,1.638016,1.716326,1.557796,1.492856,1.561998,1.477958,1.476812,1.48025,1.52036
54075,1.375964,1.429444,1.628084,1.593322,1.561998,1.561616,1.58148,1.6235,1.568492,1.52991,1.64451,1.50699,1.539078,1.529528,1.56047,1.64069,1.638016,1.716326,1.557796,1.492856,1.561998,1.477958,1.476812,1.48025,1.52036
54077,1.375964,1.429444,1.628084,1.593322,1.561998,1.561616,1.58148,1.6235,1.568492,1.52991,1.64451,1.50699,1.539078,1.529528,1.56047,1.64069,1.638016,1.716326,1.557796,1.492856,1.561998,1.477958,1.476812,1.48025,1.52036
54079,1.375964,1.429444,1.628084,1.593322,1.561998,1.561616,1.58148,1.6235,1.568492,1.52991,1.64451,1.50699,1.539078,1.529528,1.56047,1.64069,1.638016,1.716326,1.557796,1.492856,1.561998,1.477958,1.476812,1.48025,1.52036
54081,1.375964,1.429444,1.628084,1.593322,1.561998,1.561616,1.58148,1.6235,1.568492,1.52991,1.64451,1.50699,1.539078,1.529528,1.56047,1.64069,1.638016,1.716326,1.557796,1.492856,1.561998,1.477958,1.476812,1.48025,1.52036
54083,1.375964,1.429444,1.628084,1.593322,1.561998,1.561616,1.58148,1.6235,1.568492,1.52991,1.64451,1.50699,1.539078,1.529528,1.56047,1.64069,1.638016,1.716326,1.557796,1.492856,1.561998,1.477958,1.476812,1.48025,1.52036
54085,1.375964,1.429444,1.628084,1.593322,1.561998,1.561616,1.58148,1.6235,1.568492,1.52991,1.64451,1.50699,1.539078,1.529528,1.56047,1.64069,1.638016,1.716326,1.557796,1.492856,1.561998,1.477958,1.476812,1.48025,1.52036
54087,1.375964,1.429444,1.628084,1.593322,1.561998,1.561616,1.58148,1.6235,1.568492,1.52991,1.64451,1.50699,1.539078,1.529528,1.56047,1.64069,1.638016,1.716326,1.557796,1.492856,1.561998,1.477958,1.476812,1.48025,1.52036
54089,1.375964,1.429444,1.628084,1.593322,1.561998,1.561616,1.58148,1.6235,1.568492,1.52991,1.64451,1.50699,1.539078,1.529528,1.56047,1.64069,1.638016,1.716326,1.557796,1.492856,1.561998,1.477958,1.476812,1.48025,1.52036
54091,1.375964,1.429444,1.628084,1.593322,1.561998,1.561616,1.58148,1.6235,1.568492,1.52991,1.64451,1.50699,1.539078,1.529528,1.56047,1.64069,1.638016,1.716326,1.557796,1.492856,1.561998,1.477958,1.476812,1.48025,1.52036
54093,1.375964,1.429444,1.628084,1.593322,1.561998,1.561616,1.58148,1.6235,1.568492,1.52991,1.64451,1.50699,1.539078,1.529528,1.56047,1.64069,1.638016,1.716326,1.557796,1.492856,1.561998,1.477958,1.476812,1.48025,1.52036
54095,1.375964,1.429444,1.628084,1.593322,1.561998,1.561616,1.58148,1.6235,1.568492,1.52991,1.64451,1.50699,1.539078,1.529528,1.56047,1.64069,1.638016,1.716326,1.557796,1.492856,1.561998,1.477958,1.476812,1.48025,1.52036
54097,1.375964,1.429444,1.628084,1.593322,1.561998,1.561616,1.58148,1.6235,1.568492,1.52991,1.64451,1.50699,1.539078,1.529528,1.56047,1.64069,1.638016,1.716326,1.557796,1.492856,1.561998,1.477958,1.476812,1.48025,1.52036
54099,1.375964,1.429444,1.628084,1.593322,1.561998,1.561616,1.58148,1.6235,1.568492,1.52991,1.64451,1.50699,1.539078,1.529528,1.56047,1.64069,1.638016,1.716326,1.557796,1.492856,1.561998,1.477958,1.476812,1.48025,1.52036
54101,1.375964,1.429444,1.628084,1.593322,1.561998,1.561616,1.58148,1.6235,1.568492,1.52991,1.64451,1.50699,1.539078,1.529528,1.56047,1.64069,1.638016,1.716326,1.557796,1.492856,1.561998,1.477958,1.476812,1.48025,1.52036
54103,1.375964,1.429444,1.628084,1.593322,1.561998,1.561616,1.58148,1.6235,1.568492,1.52991,1.64451,1.50699,1.539078,1.529528,1.56047,1.64069,1.638016,1.716326,1.557796,1.492856,1.561998,1.477958,1.476812,1.48025,1.52036
54105,1.375964,1.429444,1.628084,1.593322,1.561998,1.561616,1.58148,1.6235,1.568492,1.52991,1.64451,1.50699,1.539078,1.529528,1.56047,1.64069,1.638016,1.716326,1.557796,1.492856,1.561998,1.477958,1.476812,1.48025,1.52036
54107,1.375964,1.429444,1.628084,1.593322,1.561998,1.561616,1.58148,1.6235,1.568492,1.52991,1.64451,1.50699,1.539078,1.529528,1.56047,1.64069,1.638016,1.716326,1.557796,1.492856,1.561998,1.477958,1.476812,1.48025,1.52036
54109,1.375964,1.429444,1.628084,1.593322,1.561998,1.561616,1.58148,1.6235,1.568492,1.52991,1.64451,1.50699,1.539078,1.529528,1.56047,1.64069,1.638016,1.716326,1.557796,1.492856,1.561998,1.477958,1.476812,1.48025,1.52036
55001,1.375964,1.429444,1.628084,1.593322,1.561998,1.561616,1.58148,1.6235,1.568492,1.52991,1.64451,1.50699,1.539078,1.529528,1.56047,1.64069,1.638016,1.716326,1.557796,1.492856,1.561998,1.477958,1.476812,1.48025,1.52036
55003,1.375964,1.429444,1.628084,1.593322,1.561998,1.561616,1.58148,1.6235,1.568492,1.52991,1.64451,1.50699,1.539078,1.529528,1.56047,1.64069,1.638016,1.716326,1.557796,1.492856,1.561998,1.477958,1.476812,1.48025,1.52036
55005,1.375964,1.429444,1.628084,1.593322,1.561998,1.561616,1.58148,1.6235,1.568492,1.52991,1.64451,1.50699,1.539078,1.529528,1.56047,1.64069,1.638016,1.716326,1.557796,1.492856,1.561998,1.477958,1.476812,1.48025,1.52036
55007,1.375964,1.429444,1.628084,1.593322,1.561998,1.561616,1.58148,1.6235,1.568492,1.52991,1.64451,1.50699,1.539078,1.529528,1.56047,1.64069,1.638016,1.716326,1.557796,1.492856,1.561998,1.477958,1.476812,1.48025,1.52036
55009,1.375964,1.429444,1.628084,1.593322,1.561998,1.561616,1.58148,1.6235,1.568492,1.52991,1.64451,1.50699,1.539078,1.529528,1.56047,1.64069,1.638016,1.716326,1.557796,1.492856,1.561998,1.477958,1.476812,1.48025,1.52036
55011,1.375964,1.429444,1.628084,1.593322,1.561998,1.561616,1.58148,1.6235,1.568492,1.52991,1.64451,1.50699,1.539078,1.529528,1.56047,1.64069,1.638016,1.716326,1.557796,1.492856,1.561998,1.477958,1.476812,1.48025,1.52036
55013,1.375964,1.429444,1.628084,1.593322,1.561998,1.561616,1.58148,1.6235,1.568492,1.52991,1.64451,1.50699,1.539078,1.529528,1.56047,1.64069,1.638016,1.716326,1.557796,1.492856,1.561998,1.477958,1.476812,1.48025,1.52036
55015,1.375964,1.429444,1.628084,1.593322,1.561998,1.561616,1.58148,1.6235,1.568492,1.52991,1.64451,1.50699,1.539078,1.529528,1.56047,1.64069,1.638016,1.716326,1.557796,1.492856,1.561998,1.477958,1.476812,1.48025,1.52036
55017,1.375964,1.429444,1.628084,1.593322,1.561998,1.561616,1.58148,1.6235,1.568492,1.52991,1.64451,1.50699,1.539078,1.529528,1.56047,1.64069,1.638016,1.716326,1.557796,1.492856,1.561998,1.477958,1.476812,1.48025,1.52036
55019,1.375964,1.429444,1.628084,1.593322,1.561998,1.561616,1.58148,1.6235,1.568492,1.52991,1.64451,1.50699,1.539078,1.529528,1.56047,1.64069,1.638016,1.716326,1.557796,1.492856,1.561998,1.477958,1.476812,1.48025,1.52036
55021,1.375964,1.429444,1.628084,1.593322,1.561998,1.561616,1.58148,1.6235,1.568492,1.52991,1.64451,1.50699,1.539078,1.529528,1.56047,1.64069,1.638016,1.716326,1.557796,1.492856,1.561998,1.477958,1.476812,1.48025,1.52036
55023,1.375964,1.429444,1.628084,1.593322,1.561998,1.561616,1.58148,1.6235,1.568492,1.52991,1.64451,1.50699,1.539078,1.529528,1.56047,1.64069,1.638016,1.716326,1.557796,1.492856,1.561998,1.477958,1.476812,1.48025,1.52036
55025,1.375964,1.429444,1.628084,1.593322,1.561998,1.561616,1.58148,1.6235,1.568492,1.52991,1.64451,1.50699,1.539078,1.529528,1.56047,1.64069,1.638016,1.716326,1.557796,1.492856,1.561998,1.477958,1.476812,1.48025,1.52036
55027,1.375964,1.429444,1.628084,1.593322,1.561998,1.561616,1.58148,1.6235,1.568492,1.52991,1.64451,1.50699,1.539078,1.529528,1.56047,1.64069,1.638016,1.716326,1.557796,1.492856,1.561998,1.477958,1.476812,1.48025,1.52036
55029,1.375964,1.429444,1.628084,1.593322,1.561998,1.561616,1.58148,1.6235,1.568492,1.52991,1.64451,1.50699,1.539078,1.529528,1.56047,1.64069,1.638016,1.716326,1.557796,1.492856,1.561998,1.477958,1.476812,1.48025,1.52036
55031,1.375964,1.429444,1.628084,1.593322,1.561998,1.561616,1.58148,1.6235,1.568492,1.52991,1.64451,1.50699,1.539078,1.529528,1.56047,1.64069,1.638016,1.716326,1.557796,1.492856,1.561998,1.477958,1.476812,1.48025,1.52036
55033,1.375964,1.429444,1.628084,1.593322,1.561998,1.561616,1.58148,1.6235,1.568492,1.52991,1.64451,1.50699,1.539078,1.529528,1.56047,1.64069,1.638016,1.716326,1.557796,1.492856,1.561998,1.477958,1.476812,1.48025,1.52036
55035,1.375964,1.429444,1.628084,1.593322,1.561998,1.561616,1.58148,1.6235,1.568492,1.52991,1.64451,1.50699,1.539078,1.529528,1.56047,1.64069,1.638016,1.716326,1.557796,1.492856,1.561998,1.477958,1.476812,1.48025,1.52036
55037,1.375964,1.429444,1.628084,1.593322,1.561998,1.561616,1.58148,1.6235,1.568492,1.52991,1.64451,1.50699,1.539078,1.529528,1.56047,1.64069,1.638016,1.716326,1.557796,1.492856,1.561998,1.477958,1.476812,1.48025,1.52036
55039,1.375964,1.429444,1.628084,1.593322,1.561998,1.561616,1.58148,1.6235,1.568492,1.52991,1.64451,1.50699,1.539078,1.529528,1.56047,1.64069,1.638016,1.716326,1.557796,1.492856,1.561998,1.477958,1.476812,1.48025,1.52036
55041,1.375964,1.429444,1.628084,1.593322,1.561998,1.561616,1.58148,1.6235,1.568492,1.52991,1.64451,1.50699,1.539078,1.529528,1.56047,1.64069,1.638016,1.716326,1.557796,1.492856,1.561998,1.477958,1.476812,1.48025,1.52036
55043,1.375964,1.429444,1.628084,1.593322,1.561998,1.561616,1.58148,1.6235,1.568492,1.52991,1.64451,1.50699,1.539078,1.529528,1.56047,1.64069,1.638016,1.716326,1.557796,1.492856,1.561998,1.477958,1.476812,1.48025,1.52036
55045,1.375964,1.429444,1.628084,1.593322,1.561998,1.561616,1.58148,1.6235,1.568492,1.52991,1.64451,1.50699,1.539078,1.529528,1.56047,1.64069,1.638016,1.716326,1.557796,1.492856,1.561998,1.477958,1.476812,1.48025,1.52036
55047,1.375964,1.429444,1.628084,1.593322,1.561998,1.561616,1.58148,1.6235,1.568492,1.52991,1.64451,1.50699,1.539078,1.529528,1.56047,1.64069,1.638016,1.716326,1.557796,1.492856,1.561998,1.477958,1.476812,1.48025,1.52036
55049,1.375964,1.429444,1.628084,1.593322,1.561998,1.561616,1.58148,1.6235,1.568492,1.52991,1.64451,1.50699,1.539078,1.529528,1.56047,1.64069,1.638016,1.716326,1.557796,1.492856,1.561998,1.477958,1.476812,1.48025,1.52036
55051,1.375964,1.429444,1.628084,1.593322,1.561998,1.561616,1.58148,1.6235,1.568492,1.52991,1.64451,1.50699,1.539078,1.529528,1.56047,1.64069,1.638016,1.716326,1.557796,1.492856,1.561998,1.477958,1.476812,1.48025,1.52036
55053,1.375964,1.429444,1.628084,1.593322,1.561998,1.561616,1.58148,1.6235,1.568492,1.52991,1.64451,1.50699,1.539078,1.529528,1.56047,1.64069,1.638016,1.716326,1.557796,1.492856,1.561998,1.477958,1.476812,1.48025,1.52036
55055,1.375964,1.429444,1.628084,1.593322,1.561998,1.561616,1.58148,1.6235,1.568492,1.52991,1.64451,1.50699,1.539078,1.529528,1.56047,1.64069,1.638016,1.716326,1.557796,1.492856,1.561998,1.477958,1.476812,1.48025,1.52036
55057,1.375964,1.429444,1.628084,1.593322,1.561998,1.561616,1.58148,1.6235,1.568492,1.52991,1.64451,1.50699,1.539078,1.529528,1.56047,1.64069,1.638016,1.716326,1.557796,1.492856,1.561998,1.477958,1.476812,1.48025,1.52036
55059,1.375964,1.429444,1.628084,1.593322,1.561998,1.561616,1.58148,1.6235,1.568492,1.52991,1.64451,1.50699,1.539078,1.529528,1.56047,1.64069,1.638016,1.716326,1.557796,1.492856,1.561998,1.477958,1.476812,1.48025,1.52036
55061,1.375964,1.429444,1.628084,1.593322,1.561998,1.561616,1.58148,1.6235,1.568492,1.52991,1.64451,1.50699,1.539078,1.529528,1.56047,1.64069,1.638016,1.716326,1.557796,1.492856,1.561998,1.477958,1.476812,1.48025,1.52036
55063,1.375964,1.429444,1.628084,1.593322,1.561998,1.561616,1.58148,1.6235,1.568492,1.52991,1.64451,1.50699,1.539078,1.529528,1.56047,1.64069,1.638016,1.716326,1.557796,1.492856,1.561998,1.477958,1.476812,1.48025,1.52036
55065,1.375964,1.429444,1.628084,1.593322,1.561998,1.561616,1.58148,1.6235,1.568492,1.52991,1.64451,1.50699,1.539078,1.529528,1.56047,1.64069,1.638016,1.716326,1.557796,1.492856,1.561998,1.477958,1.476812,1.48025,1.52036
55067,1.375964,1.429444,1.628084,1.593322,1.561998,1.561616,1.58148,1.6235,1.568492,1.52991,1.64451,1.50699,1.539078,1.529528,1.56047,1.64069,1.638016,1.716326,1.557796,1.492856,1.561998,1.477958,1.476812,1.48025,1.52036
55069,1.375964,1.429444,1.628084,1.593322,1.561998,1.561616,1.58148,1.6235,1.568492,1.52991,1.64451,1.50699,1.539078,1.529528,1.56047,1.64069,1.638016,1.716326,1.557796,1.492856,1.561998,1.477958,1.476812,1.48025,1.52036
55071,1.375964,1.429444,1.628084,1.593322,1.561998,1.561616,1.58148,1.6235,1.568492,1.52991,1.64451,1.50699,1.539078,1.529528,1.56047,1.64069,1.638016,1.716326,1.557796,1.492856,1.561998,1.477958,1.476812,1.48025,1.52036
55073,1.375964,1.429444,1.628084,1.593322,1.561998,1.561616,1.58148,1.6235,1.568492,1.52991,1.64451,1.50699,1.539078,1.529528,1.56047,1.64069,1.638016,1.716326,1.557796,1.492856,1.561998,1.477958,1.476812,1.48025,1.52036
55075,1.375964,1.429444,1.628084,1.593322,1.561998,1.561616,1.58148,1.6235,1.568492,1.52991,1.64451,1.50699,1.539078,1.529528,1.56047,1.64069,1.638016,1.716326,1.557796,1.492856,1.561998,1.477958,1.476812,1.48025,1.52036
55077,1.375964,1.429444,1.628084,1.593322,1.561998,1.561616,1.58148,1.6235,1.568492,1.52991,1.64451,1.50699,1.539078,1.529528,1.56047,1.64069,1.638016,1.716326,1.557796,1.492856,1.561998,1.477958,1.476812,1.48025,1.52036
55078,1.375964,1.429444,1.628084,1.593322,1.561998,1.561616,1.58148,1.6235,1.568492,1.52991,1.64451,1.50699,1.539078,1.529528,1.56047,1.64069,1.638016,1.716326,1.557796,1.492856,1.561998,1.477958,1.476812,1.48025,1.52036
55079,1.375964,1.429444,1.628084,1.593322,1.561998,1.561616,1.58148,1.6235,1.568492,1.52991,1.64451,1.50699,1.539078,1.529528,1.56047,1.64069,1.638016,1.716326,1.557796,1.492856,1.561998,1.477958,1.476812,1.48025,1.52036
55081,1.375964,1.429444,1.628084,1.593322,1.561998,1.561616,1.58148,1.6235,1.568492,1.52991,1.64451,1.50699,1.539078,1.529528,1.56047,1.64069,1.638016,1.716326,1.557796,1.492856,1.561998,1.477958,1.476812,1.48025,1.52036
55083,1.375964,1.429444,1.628084,1.593322,1.561998,1.561616,1.58148,1.6235,1.568492,1.52991,1.64451,1.50699,1.539078,1.529528,1.56047,1.64069,1.638016,1.716326,1.557796,1.492856,1.561998,1.477958,1.476812,1.48025,1.52036
55085,1.375964,1.429444,1.628084,1.593322,1.561998,1.561616,1.58148,1.6235,1.568492,1.52991,1.64451,1.50699,1.539078,1.529528,1.56047,1.64069,1.638016,1.716326,1.557796,1.492856,1.561998,1.477958,1.476812,1.48025,1.52036
55087,1.375964,1.429444,1.628084,1.593322,1.561998,1.561616,1.58148,1.6235,1.568492,1.52991,1.64451,1.50699,1.539078,1.529528,1.56047,1.64069,1.638016,1.716326,1.557796,1.492856,1.561998,1.477958,1.476812,1.48025,1.52036
55089,1.375964,1.429444,1.628084,1.593322,1.561998,1.561616,1.58148,1.6235,1.568492,1.52991,1.64451,1.50699,1.539078,1.529528,1.56047,1.64069,1.638016,1.716326,1.557796,1.492856,1.561998,1.477958,1.476812,1.48025,1.52036
55091,1.375964,1.429444,1.628084,1.593322,1.561998,1.561616,1.58148,1.6235,1.568492,1.52991,1.64451,1.50699,1.539078,1.529528,1.56047,1.64069,1.638016,1.716326,1.557796,1.492856,1.561998,1.477958,1.476812,1.48025,1.52036
55093,1.375964,1.429444,1.628084,1.593322,1.561998,1.561616,1.58148,1.6235,1.568492,1.52991,1.64451,1.50699,1.539078,1.529528,1.56047,1.64069,1.638016,1.716326,1.557796,1.492856,1.561998,1.477958,1.476812,1.48025,1.52036
55095,1.375964,1.429444,1.628084,1.593322,1.561998,1.561616,1.58148,1.6235,1.568492,1.52991,1.64451,1.50699,1.539078,1.529528,1.56047,1.64069,1.638016,1.716326,1.557796,1.492856,1.561998,1.477958,1.476812,1.48025,1.52036
55097,1.375964,1.429444,1.628084,1.593322,1.561998,1.561616,1.58148,1.6235,1.568492,1.52991,1.64451,1.50699,1.539078,1.529528,1.56047,1.64069,1.638016,1.716326,1.557796,1.492856,1.561998,1.477958,1.476812,1.48025,1.52036
55099,1.375964,1.429444,1.628084,1.593322,1.561998,1.561616,1.58148,1.6235,1.568492,1.52991,1.64451,1.50699,1.539078,1.529528,1.56047,1.64069,1.638016,1.716326,1.557796,1.492856,1.561998,1.477958,1.476812,1.48025,1.52036
55101,1.375964,1.429444,1.628084,1.593322,1.561998,1.561616,1.58148,1.6235,1.568492,1.52991,1.64451,1.50699,1.539078,1.529528,1.56047,1.64069,1.638016,1.716326,1.557796,1.492856,1.561998,1.477958,1.476812,1.48025,1.52036
55103,1.375964,1.429444,1.628084,1.593322,1.561998,1.561616,1.58148,1.6235,1.568492,1.52991,1.64451,1.50699,1.539078,1.529528,1.56047,1.64069,1.638016,1.716326,1.557796,1.492856,1.561998,1.477958,1.476812,1.48025,1.52036
55105,1.375964,1.429444,1.628084,1.593322,1.561998,1.561616,1.58148,1.6235,1.568492,1.52991,1.64451,1.50699,1.539078,1.529528,1.56047,1.64069,1.638016,1.716326,1.557796,1.492856,1.561998,1.477958,1.476812,1.48025,1.52036
55107,1.375964,1.429444,1.628084,1.593322,1.561998,1.561616,1.58148,1.6235,1.568492,1.52991,1.64451,1.50699,1.539078,1.529528,1.56047,1.64069,1.638016,1.716326,1.557796,1.492856,1.561998,1.477958,1.476812,1.48025,1.52036
55109,1.375964,1.429444,1.628084,1.593322,1.561998,1.561616,1.58148,1.6235,1.568492,1.52991,1.64451,1.50699,1.539078,1.529528,1.56047,1.64069,1.638016,1.716326,1.557796,1.492856,1.561998,1.477958,1.476812,1.48025,1.52036
55111,1.375964,1.429444,1.628084,1.593322,1.561998,1.561616,1.58148,1.6235,1.568492,1.52991,1.64451,1.50699,1.539078,1.529528,1.56047,1.64069,1.638016,1.716326,1.557796,1.492856,1.561998,1.477958,1.476812,1.48025,1.52036
55113,1.375964,1.429444,1.628084,1.593322,1.561998,1.561616,1.58148,1.6235,1.568492,1.52991,1.64451,1.50699,1.539078,1.529528,1.56047,1.64069,1.638016,1.716326,1.557796,1.492856,1.561998,1.477958,1.476812,1.48025,1.52036
55115,1.375964,1.429444,1.628084,1.593322,1.561998,1.561616,1.58148,1.6235,1.568492,1.52991,1.64451,1.50699,1.539078,1.529528,1.56047,1.64069,1.638016,1.716326,1.557796,1.492856,1.561998,1.477958,1.476812,1.48025,1.52036
55117,1.375964,1.429444,1.628084,1.593322,1.561998,1.561616,1.58148,1.6235,1.568492,1.52991,1.64451,1.50699,1.539078,1.529528,1.56047,1.64069,1.638016,1.716326,1.557796,1.492856,1.561998,1.477958,1.476812,1.48025,1.52036
55119,1.375964,1.429444,1.628084,1.593322,1.561998,1.561616,1.58148,1.6235,1.568492,1.52991,1.64451,1.50699,1.539078,1.529528,1.56047,1.64069,1.638016,1.716326,1.557796,1.492856,1.561998,1.477958,1.476812,1.48025,1.52036
55121,1.375964,1.429444,1.628084,1.593322,1.561998,1.561616,1.58148,1.6235,1.568492,1.52991,1.64451,1.50699,1.539078,1.529528,1.56047,1.64069,1.638016,1.716326,1.557796,1.492856,1.561998,1.477958,1.476812,1.48025,1.52036
55123,1.375964,1.429444,1.628084,1.593322,1.561998,1.561616,1.58148,1.6235,1.568492,1.52991,1.64451,1.50699,1.539078,1.529528,1.56047,1.64069,1.638016,1.716326,1.557796,1.492856,1.561998,1.477958,1.476812,1.48025,1.52036
55125,1.375964,1.429444,1.628084,1.593322,1.561998,1.561616,1.58148,1.6235,1.568492,1.52991,1.64451,1.50699,1.539078,1.529528,1.56047,1.64069,1.638016,1.716326,1.557796,1.492856,1.561998,1.477958,1.476812,1.48025,1.52036
55127,1.375964,1.429444,1.628084,1.593322,1.561998,1.561616,1.58148,1.6235,1.568492,1.52991,1.64451,1.50699,1.539078,1.529528,1.56047,1.64069,1.638016,1.716326,1.557796,1.492856,1.561998,1.477958,1.476812,1.48025,1.52036
55129,1.375964,1.429444,1.628084,1.593322,1.561998,1.561616,1.58148,1.6235,1.568492,1.52991,1.64451,1.50699,1.539078,1.529528,1.56047,1.64069,1.638016,1.716326,1.557796,1.492856,1.561998,1.477958,1.476812,1.48025,1.52036
55131,1.375964,1.429444,1.628084,1.593322,1.561998,1.561616,1.58148,1.6235,1.568492,1.52991,1.64451,1.50699,1.539078,1.529528,1.56047,1.64069,1.638016,1.716326,1.557796,1.492856,1.561998,1.477958,1.476812,1.48025,1.52036
55133,1.375964,1.429444,1.628084,1.593322,1.561998,1.561616,1.58148,1.6235,1.568492,1.52991,1.64451,1.50699,1.539078,1.529528,1.56047,1.64069,1.638016,1.716326,1.557796,1.492856,1.561998,1.477958,1.476812,1.48025,1.52036
55135,1.375964,1.429444,1.628084,1.593322,1.561998,1.561616,1.58148,1.6235,1.568492,1.52991,1.64451,1.50699,1.539078,1.529528,1.56047,1.64069,1.638016,1.716326,1.557796,1.492856,1.561998,1.477958,1.476812,1.48025,1.52036
55137,1.375964,1.429444,1.628084,1.593322,1.561998,1.561616,1.58148,1.6235,1.568492,1.52991,1.64451,1.50699,1.539078,1.529528,1.56047,1.64069,1.638016,1.716326,1.557796,1.492856,1.561998,1.477958,1.476812,1.48025,1.52036
55139,1.375964,1.429444,1.628084,1.593322,1.561998,1.561616,1.58148,1.6235,1.568492,1.52991,1.64451,1.50699,1.539078,1.529528,1.56047,1.64069,1.638016,1.716326,1.557796,1.492856,1.561998,1.477958,1.476812,1.48025,1.52036
55141,1.375964,1.429444,1.628084,1.593322,1.561998,1.561616,1.58148,1.6235,1.568492,1.52991,1.64451,1.50699,1.539078,1.529528,1.56047,1.64069,1.638016,1.716326,1.557796,1.492856,1.561998,1.477958,1.476812,1.48025,1.52036
56001,1.375964,1.429444,1.628084,1.593322,1.561998,1.561616,1.58148,1.6235,1.568492,1.52991,1.64451,1.50699,1.539078,1.529528,1.56047,1.64069,1.638016,1.716326,1.557796,1.492856,1.561998,1.477958,1.476812,1.48025,1.52036
56003,1.375964,1.429444,1.628084,1.593322,1.561998,1.561616,1.58148,1.6235,1.568492,1.52991,1.64451,1.50699,1.539078,1.529528,1.56047,1.64069,1.638016,1.716326,1.557796,1.492856,1.561998,1.477958,1.476812,1.48025,1.52036
56005,1.375964,1.429444,1.628084,1.593322,1.561998,1.561616,1.58148,1.6235,1.568492,1.52991,1.64451,1.50699,1.539078,1.529528,1.56047,1.64069,1.638016,1.716326,1.557796,1.492856,1.561998,1.477958,1.476812,1.48025,1.52036
56007,1.375964,1.429444,1.628084,1.593322,1.561998,1.561616,1.58148,1.6235,1.568492,1.52991,1.64451,1.50699,1.539078,1.529528,1.56047,1.64069,1.638016,1.716326,1.557796,1.492856,1.561998,1.477958,1.476812,1.48025,1.52036
56009,1.375964,1.429444,1.628084,1.593322,1.561998,1.561616,1.58148,1.6235,1.568492,1.52991,1.64451,1.50699,1.539078,1.529528,1.56047,1.64069,1.638016,1.716326,1.557796,1.492856,1.561998,1.477958,1.476812,1.48025,1.52036
56011,1.375964,1.429444,1.628084,1.593322,1.561998,1.561616,1.58148,1.6235,1.568492,1.52991,1.64451,1.50699,1.539078,1.529528,1.56047,1.64069,1.638016,1.716326,1.557796,1.492856,1.561998,1.477958,1.476812,1.48025,1.52036
56013,1.375964,1.429444,1.628084,1.593322,1.561998,1.561616,1.58148,1.6235,1.568492,1.52991,1.64451,1.50699,1.539078,1.529528,1.56047,1.64069,1.638016,1.716326,1.557796,1.492856,1.561998,1.477958,1.476812,1.48025,1.52036
56015,1.375964,1.429444,1.628084,1.593322,1.561998,1.561616,1.58148,1.6235,1.568492,1.52991,1.64451,1.50699,1.539078,1.529528,1.56047,1.64069,1.638016,1.716326,1.557796,1.492856,1.561998,1.477958,1.476812,1.48025,1.52036
56017,1.375964,1.429444,1.628084,1.593322,1.561998,1.561616,1.58148,1.6235,1.568492,1.52991,1.64451,1.50699,1.539078,1.529528,1.56047,1.64069,1.638016,1.716326,1.557796,1.492856,1.561998,1.477958,1.476812,1.48025,1.52036
56019,1.375964,1.429444,1.628084,1.593322,1.561998,1.561616,1.58148,1.6235,1.568492,1.52991,1.64451,1.50699,1.539078,1.529528,1.56047,1.64069,1.638016,1.716326,1.557796,1.492856,1.561998,1.477958,1.476812,1.48025,1.52036
56021,1.375964,1.429444,1.628084,1.593322,1.561998,1.561616,1.58148,1.6235,1.568492,1.52991,1.64451,1.50699,1.539078,1.529528,1.56047,1.64069,1.638016,1.716326,1.557796,1.492856,1.561998,1.477958,1.476812,1.48025,1.52036
56023,1.375964,1.429444,1.628084,1.593322,1.561998,1.561616,1.58148,1.6235,1.568492,1.52991,1.64451,1.50699,1.539078,1.529528,1.56047,1.64069,1.638016,1.716326,1.557796,1.492856,1.561998,1.477958,1.476812,1.48025,1.52036
56025,1.375964,1.429444,1.628084,1.593322,1.561998,1.561616,1.58148,1.6235,1.568492,1.52991,1.64451,1.50699,1.539078,1.529528,1.56047,1.64069,1.638016,1.716326,1.557796,1.492856,1.561998,1.477958,1.476812,1.48025,1.52036
56027,1.375964,1.429444,1.628084,1.593322,1.561998,1.561616,1.58148,1.6235,1.568492,1.52991,1.64451,1.50699,1.539078,1.529528,1.56047,1.64069,1.638016,1.716326,1.557796,1.492856,1.561998,1.477958,1.476812,1.48025,1.52036
56029,1.375964,1.429444,1.628084,1.593322,1.561998,1.561616,1.58148,1.6235,1.568492,1.52991,1.64451,1.50699,1.539078,1.529528,1.56047,1.64069,1.638016,1.716326,1.557796,1.492856,1.561998,1.477958,1.476812,1.48025,1.52036
56031,1.375964,1.429444,1.628084,1.593322,1.561998,1.561616,1.58148,1.6235,1.568492,1.52991,1.64451,1.50699,1.539078,1.529528,1.56047,1.64069,1.638016,1.716326,1.557796,1.492856,1.561998,1.477958,1.476812,1.48025,1.52036
56033,1.375964,1.429444,1.628084,1.593322,1.561998,1.561616,1.58148,1.6235,1.568492,1.52991,1.64451,1.50699,1.539078,1.529528,1.56047,1.64069,1.638016,1.716326,1.557796,1.492856,1.561998,1.477958,1.476812,1.48025,1.52036
56035,1.375964,1.429444,1.628084,1.593322,1.561998,1.561616,1.58148,1.6235,1.568492,1.52991,1.64451,1.50699,1.539078,1.529528,1.56047,1.64069,1.638016,1.716326,1.557796,1.492856,1.561998,1.477958,1.476812,1.48025,1.52036
56037,1.375964,1.429444,1.628084,1.593322,1.561998,1.561616,1.58148,1.6235,1.568492,1.52991,1.64451,1.50699,1.539078,1.529528,1.56047,1.64069,1.638016,1.716326,1.557796,1.492856,1.561998,1.477958,1.476812,1.48025,1.52036
56039,1.375964,1.429444,1.628084,1.593322,1.561998,1.561616,1.58148,1.6235,1.568492,1.52991,1.64451,1.50699,1.539078,1.529528,1.56047,1.64069,1.638016,1.716326,1.557796,1.492856,1.561998,1.477958,1.476812,1.48025,1.52036
56041,1.375964,1.429444,1.628084,1.593322,1.561998,1.561616,1.58148,1.6235,1.568492,1.52991,1.64451,1.50699,1.539078,1.529528,1.56047,1.64069,1.638016,1.716326,1.557796,1.492856,1.561998,1.477958,1.476812,1.48025,1.52036
56043,1.375964,1.429444,1.628084,1.593322,1.561998,1.561616,1.58148,1.6235,1.568492,1.52991,1.64451,1.50699,1.539078,1.529528,1.56047,1.64069,1.638016,1.716326,1.557796,1.492856,1.561998,1.477958,1.476812,1.48025,1.52036
56045,1.375964,1.429444,1.628084,1.593322,1.561998,1.561616,1.58148,1.6235,1.568492,1.52991,1.64451,1.50699,1.539078,1.529528,1.56047,1.64069,1.638016,1.716326,1.557796,1.492856,1.561998,1.477958,1.476812,1.48025,1.52036